#usda 1.0
(
    defaultPrim = "ShakerLid"
    metersPerUnit = 1
    upAxis = "Z"
    doc = "Cocktail shaker physics asset. Meters. PhysX SDF collision. Metallic PBR material (StainlessSteel; Aluminum alternate under Looks)."
)

def Xform "ShakerLid" (
    prepend apiSchemas = ["PhysicsRigidBodyAPI", "PhysicsMassAPI"]
)
{
    bool physics:rigidBodyEnabled = 1
    float physics:mass = 0.1776
    point3f physics:centerOfMass = (0, 0, 0)
    float3 physics:diagonalInertia = (0.00018023, 0.00018023, 0.00026513)
    quatf physics:principalAxes = (1, 0, 0, 0)
    def Scope "Looks"
    {
        def Material "StainlessSteel"
        {
            token outputs:surface.connect = </ShakerLid/Looks/StainlessSteel/Shader.outputs:surface>
            def Shader "Shader"
            {
                uniform token info:id = "UsdPreviewSurface"
                color3f inputs:diffuseColor = (0.56, 0.57, 0.577)
                float inputs:metallic = 1
                float inputs:roughness = 0.32
                token outputs:surface
            }
        }
        def Material "Aluminum"
        {
            token outputs:surface.connect = </ShakerLid/Looks/Aluminum/Shader.outputs:surface>
            def Shader "Shader"
            {
                uniform token info:id = "UsdPreviewSurface"
                color3f inputs:diffuseColor = (0.912, 0.914, 0.92)
                float inputs:metallic = 1
                float inputs:roughness = 0.28
                token outputs:surface
            }
        }
    }
    def Mesh "Geom" (
        prepend apiSchemas = ["PhysicsCollisionAPI", "PhysicsMeshCollisionAPI", "PhysxCollisionAPI", "PhysxSDFMeshCollisionAPI", "MaterialBindingAPI"]
    )
    {
        rel material:binding = </ShakerLid/Looks/StainlessSteel>
        bool physics:collisionEnabled = 1
        uniform token physics:approximation = "sdf"
        float physxCollision:contactOffset = 0.002
        float physxCollision:restOffset = 0.0005
        int physxSDFMeshCollision:sdfResolution = 256
        float3[] extent = [(-0.045978, -0.045994, -0.02635), (0.046, 0.045994, 0.03165)]
        int[] faceVertexCounts = [3, 3, 3, 3, 3, 3, 3, 3, 3, 3, 3, 3, 3, 3, 3, 3, 3, 3, 3, 3, 3, 3, 3, 3, 3, 3, 3, 3, 3, 3, 3, 3, 3, 3, 3, 3, 3, 3, 3, 3, 3, 3, 3, 3, 3, 3, 3, 3, 3, 3, 3, 3, 3, 3, 3, 3, 3, 3, 3, 3, 3, 3, 3, 3, 3, 3, 3, 3, 3, 3, 3, 3, 3, 3, 3, 3, 3, 3, 3, 3, 3, 3, 3, 3, 3, 3, 3, 3, 3, 3, 3, 3, 3, 3, 3, 3, 3, 3, 3, 3, 3, 3, 3, 3, 3, 3, 3, 3, 3, 3, 3, 3, 3, 3, 3, 3, 3, 3, 3, 3, 3, 3, 3, 3, 3, 3, 3, 3, 3, 3, 3, 3, 3, 3, 3, 3, 3, 3, 3, 3, 3, 3, 3, 3, 3, 3, 3, 3, 3, 3, 3, 3, 3, 3, 3, 3, 3, 3, 3, 3, 3, 3, 3, 3, 3, 3, 3, 3, 3, 3, 3, 3, 3, 3, 3, 3, 3, 3, 3, 3, 3, 3, 3, 3, 3, 3, 3, 3, 3, 3, 3, 3, 3, 3, 3, 3, 3, 3, 3, 3, 3, 3, 3, 3, 3, 3, 3, 3, 3, 3, 3, 3, 3, 3, 3, 3, 3, 3, 3, 3, 3, 3, 3, 3, 3, 3, 3, 3, 3, 3, 3, 3, 3, 3, 3, 3, 3, 3, 3, 3, 3, 3, 3, 3, 3, 3, 3, 3, 3, 3, 3, 3, 3, 3, 3, 3, 3, 3, 3, 3, 3, 3, 3, 3, 3, 3, 3, 3, 3, 3, 3, 3, 3, 3, 3, 3, 3, 3, 3, 3, 3, 3, 3, 3, 3, 3, 3, 3, 3, 3, 3, 3, 3, 3, 3, 3, 3, 3, 3, 3, 3, 3, 3, 3, 3, 3, 3, 3, 3, 3, 3, 3, 3, 3, 3, 3, 3, 3, 3, 3, 3, 3, 3, 3, 3, 3, 3, 3, 3, 3, 3, 3, 3, 3, 3, 3, 3, 3, 3, 3, 3, 3, 3, 3, 3, 3, 3, 3, 3, 3, 3, 3, 3, 3, 3, 3, 3, 3, 3, 3, 3, 3, 3, 3, 3, 3, 3, 3, 3, 3, 3, 3, 3, 3, 3, 3, 3, 3, 3, 3, 3, 3, 3, 3, 3, 3, 3, 3, 3, 3, 3, 3, 3, 3, 3, 3, 3, 3, 3, 3, 3, 3, 3, 3, 3, 3, 3, 3, 3, 3, 3, 3, 3, 3, 3, 3, 3, 3, 3, 3, 3, 3, 3, 3, 3, 3, 3, 3, 3, 3, 3, 3, 3, 3, 3, 3, 3, 3, 3, 3, 3, 3, 3, 3, 3, 3, 3, 3, 3, 3, 3, 3, 3, 3, 3, 3, 3, 3, 3, 3, 3, 3, 3, 3, 3, 3, 3, 3, 3, 3, 3, 3, 3, 3, 3, 3, 3, 3, 3, 3, 3, 3, 3, 3, 3, 3, 3, 3, 3, 3, 3, 3, 3, 3, 3, 3, 3, 3, 3, 3, 3, 3, 3, 3, 3, 3, 3, 3, 3, 3, 3, 3, 3, 3, 3, 3, 3, 3, 3, 3, 3, 3, 3, 3, 3, 3, 3, 3, 3, 3, 3, 3, 3, 3, 3, 3, 3, 3, 3, 3, 3, 3, 3, 3, 3, 3, 3, 3, 3, 3, 3, 3, 3, 3, 3, 3, 3, 3, 3, 3, 3, 3, 3, 3, 3, 3, 3, 3, 3, 3, 3, 3, 3, 3, 3, 3, 3, 3, 3, 3, 3, 3, 3, 3, 3, 3, 3, 3, 3, 3, 3, 3, 3, 3, 3, 3, 3, 3, 3, 3, 3, 3, 3, 3, 3, 3, 3, 3, 3, 3, 3, 3, 3, 3, 3, 3, 3, 3, 3, 3, 3, 3, 3, 3, 3, 3, 3, 3, 3, 3, 3, 3, 3, 3, 3, 3, 3, 3, 3, 3, 3, 3, 3, 3, 3, 3, 3, 3, 3, 3, 3, 3, 3, 3, 3, 3, 3, 3, 3, 3, 3, 3, 3, 3, 3, 3, 3, 3, 3, 3, 3, 3, 3, 3, 3, 3, 3, 3, 3, 3, 3, 3, 3, 3, 3, 3, 3, 3, 3, 3, 3, 3, 3, 3, 3, 3, 3, 3, 3, 3, 3, 3, 3, 3, 3, 3, 3, 3, 3, 3, 3, 3, 3, 3, 3, 3, 3, 3, 3, 3, 3, 3, 3, 3, 3, 3, 3, 3, 3, 3, 3, 3, 3, 3, 3, 3, 3, 3, 3, 3, 3, 3, 3, 3, 3, 3, 3, 3, 3, 3, 3, 3, 3, 3, 3, 3, 3, 3, 3, 3, 3, 3, 3, 3, 3, 3, 3, 3, 3, 3, 3, 3, 3, 3, 3, 3, 3, 3, 3, 3, 3, 3, 3, 3, 3, 3, 3, 3, 3, 3, 3, 3, 3, 3, 3, 3, 3, 3, 3, 3, 3, 3, 3, 3, 3, 3, 3, 3, 3, 3, 3, 3, 3, 3, 3, 3, 3, 3, 3, 3, 3, 3, 3, 3, 3, 3, 3, 3, 3, 3, 3, 3, 3, 3, 3, 3, 3, 3, 3, 3, 3, 3, 3, 3, 3, 3, 3, 3, 3, 3, 3, 3, 3, 3, 3, 3, 3, 3, 3, 3, 3, 3, 3, 3, 3, 3, 3, 3, 3, 3, 3, 3, 3, 3, 3, 3, 3, 3, 3, 3, 3, 3, 3, 3, 3, 3, 3, 3, 3, 3, 3, 3, 3, 3, 3, 3, 3, 3, 3, 3, 3, 3, 3, 3, 3, 3, 3, 3, 3, 3, 3, 3, 3, 3, 3, 3, 3, 3, 3, 3, 3, 3, 3, 3, 3, 3, 3, 3, 3, 3, 3, 3, 3, 3, 3, 3, 3, 3, 3, 3, 3, 3, 3, 3, 3, 3, 3, 3, 3, 3, 3, 3, 3, 3, 3, 3, 3, 3, 3, 3, 3, 3, 3, 3, 3, 3, 3, 3, 3, 3, 3, 3, 3, 3, 3, 3, 3, 3, 3, 3, 3, 3, 3, 3, 3, 3, 3, 3, 3, 3, 3, 3, 3, 3, 3, 3, 3, 3, 3, 3, 3, 3, 3, 3, 3, 3, 3, 3, 3, 3, 3, 3, 3, 3, 3, 3, 3, 3, 3, 3, 3, 3, 3, 3, 3, 3, 3, 3, 3, 3, 3, 3, 3, 3, 3, 3, 3, 3, 3, 3, 3, 3, 3, 3, 3, 3, 3, 3, 3, 3, 3, 3, 3, 3, 3, 3, 3, 3, 3, 3, 3, 3, 3, 3, 3, 3, 3, 3, 3, 3, 3, 3, 3, 3, 3, 3, 3, 3, 3, 3, 3, 3, 3, 3, 3, 3, 3, 3, 3, 3, 3, 3, 3, 3, 3, 3, 3, 3, 3, 3, 3, 3, 3, 3, 3, 3, 3, 3, 3, 3, 3, 3, 3, 3, 3, 3, 3, 3, 3, 3, 3, 3, 3, 3, 3, 3, 3, 3, 3, 3, 3, 3, 3, 3, 3, 3, 3, 3, 3, 3, 3, 3, 3, 3, 3, 3, 3, 3, 3, 3, 3, 3, 3, 3, 3, 3, 3, 3, 3, 3, 3, 3, 3, 3, 3, 3, 3, 3, 3, 3, 3, 3, 3, 3, 3, 3, 3, 3, 3, 3, 3, 3, 3, 3, 3, 3, 3, 3, 3, 3, 3, 3, 3, 3, 3, 3, 3, 3, 3, 3, 3, 3, 3, 3, 3, 3, 3, 3, 3, 3, 3, 3, 3, 3, 3, 3, 3, 3, 3, 3, 3, 3, 3, 3, 3, 3, 3, 3, 3, 3, 3, 3, 3, 3, 3, 3, 3, 3, 3, 3, 3, 3, 3, 3, 3, 3, 3, 3, 3, 3, 3, 3, 3, 3, 3, 3, 3, 3, 3, 3, 3, 3, 3, 3, 3, 3, 3, 3, 3, 3, 3, 3, 3, 3, 3, 3, 3, 3, 3, 3, 3, 3, 3, 3, 3, 3, 3, 3, 3, 3, 3, 3, 3, 3, 3, 3, 3, 3, 3, 3, 3, 3, 3, 3, 3, 3, 3, 3, 3, 3, 3, 3, 3, 3, 3, 3, 3, 3, 3, 3, 3, 3, 3, 3, 3, 3, 3, 3, 3, 3, 3, 3, 3, 3, 3, 3, 3, 3, 3, 3, 3, 3, 3, 3, 3, 3, 3, 3, 3, 3, 3, 3, 3, 3, 3, 3, 3, 3, 3, 3, 3, 3, 3, 3, 3, 3, 3, 3, 3, 3, 3, 3, 3, 3, 3, 3, 3, 3, 3, 3, 3, 3, 3, 3, 3, 3, 3, 3, 3, 3, 3, 3, 3, 3, 3, 3, 3, 3, 3, 3, 3, 3, 3, 3, 3, 3, 3, 3, 3, 3, 3, 3, 3, 3, 3, 3, 3, 3, 3, 3, 3, 3, 3, 3, 3, 3, 3, 3, 3, 3, 3, 3, 3, 3, 3, 3, 3, 3, 3, 3, 3, 3, 3, 3, 3, 3, 3, 3, 3, 3, 3, 3, 3, 3, 3, 3, 3, 3, 3, 3, 3, 3, 3, 3, 3, 3, 3, 3, 3, 3, 3, 3, 3, 3, 3, 3, 3, 3, 3, 3, 3, 3, 3, 3, 3, 3, 3, 3, 3, 3, 3, 3, 3, 3, 3, 3, 3, 3, 3, 3, 3, 3, 3, 3, 3, 3, 3, 3, 3, 3, 3, 3, 3, 3, 3, 3, 3, 3, 3, 3, 3, 3, 3, 3, 3, 3, 3, 3, 3, 3, 3, 3, 3, 3, 3, 3, 3, 3, 3, 3, 3, 3, 3, 3, 3, 3, 3, 3, 3, 3, 3, 3, 3, 3, 3, 3, 3, 3, 3, 3, 3, 3, 3, 3, 3, 3, 3, 3, 3, 3, 3, 3, 3, 3, 3, 3, 3, 3, 3, 3, 3, 3, 3, 3, 3, 3, 3, 3, 3, 3, 3, 3, 3, 3, 3, 3, 3, 3, 3, 3, 3, 3, 3, 3, 3, 3, 3, 3, 3, 3, 3, 3, 3, 3, 3, 3, 3, 3, 3, 3, 3, 3, 3, 3, 3, 3, 3, 3, 3, 3, 3, 3, 3, 3, 3, 3, 3, 3, 3, 3, 3, 3, 3, 3, 3, 3, 3, 3, 3, 3, 3, 3, 3, 3, 3, 3, 3, 3, 3, 3, 3, 3, 3, 3, 3, 3, 3, 3, 3, 3, 3, 3, 3, 3, 3, 3, 3, 3, 3, 3, 3, 3, 3, 3, 3, 3, 3, 3, 3, 3, 3, 3, 3, 3, 3, 3, 3, 3, 3, 3, 3, 3, 3, 3, 3, 3, 3, 3, 3, 3, 3, 3, 3, 3, 3, 3, 3, 3, 3, 3, 3, 3, 3, 3, 3, 3, 3, 3, 3, 3, 3, 3, 3, 3, 3, 3, 3, 3, 3, 3, 3, 3, 3, 3, 3, 3, 3, 3, 3, 3, 3, 3, 3, 3, 3, 3, 3, 3, 3, 3, 3, 3, 3, 3, 3, 3, 3, 3, 3, 3, 3, 3, 3, 3, 3, 3, 3, 3, 3, 3, 3, 3, 3, 3, 3, 3, 3, 3, 3, 3, 3, 3, 3, 3, 3, 3, 3, 3, 3, 3, 3, 3, 3, 3, 3, 3, 3, 3, 3, 3, 3, 3, 3, 3, 3, 3, 3, 3, 3, 3, 3, 3, 3, 3, 3, 3, 3, 3, 3, 3, 3, 3, 3, 3, 3, 3, 3, 3, 3, 3, 3, 3, 3, 3, 3, 3, 3, 3, 3, 3, 3, 3, 3, 3, 3, 3, 3, 3, 3, 3, 3, 3, 3, 3, 3, 3, 3, 3, 3, 3, 3, 3, 3, 3, 3, 3, 3, 3, 3, 3, 3, 3, 3, 3, 3, 3, 3, 3, 3, 3, 3, 3, 3, 3, 3, 3, 3, 3, 3, 3, 3, 3, 3, 3, 3, 3, 3, 3, 3, 3, 3, 3, 3, 3, 3, 3, 3, 3, 3, 3, 3, 3, 3, 3, 3, 3, 3, 3, 3, 3, 3, 3, 3, 3, 3, 3, 3, 3, 3, 3, 3, 3, 3, 3, 3, 3, 3, 3, 3, 3, 3, 3, 3, 3, 3, 3, 3, 3, 3, 3, 3, 3, 3, 3, 3, 3, 3, 3, 3, 3, 3, 3, 3, 3, 3, 3, 3, 3, 3, 3, 3, 3, 3, 3, 3, 3, 3, 3, 3, 3, 3, 3, 3, 3, 3, 3, 3, 3, 3, 3, 3, 3, 3, 3, 3, 3, 3, 3, 3, 3, 3, 3, 3, 3, 3, 3, 3, 3, 3, 3, 3, 3, 3, 3, 3, 3, 3, 3, 3, 3, 3, 3, 3, 3, 3, 3, 3, 3, 3, 3, 3, 3, 3, 3, 3, 3, 3, 3, 3, 3, 3, 3, 3, 3, 3, 3, 3, 3, 3, 3, 3, 3, 3, 3, 3, 3, 3, 3, 3, 3, 3, 3, 3, 3, 3, 3, 3, 3, 3, 3, 3, 3, 3, 3, 3, 3, 3, 3, 3, 3, 3, 3, 3, 3, 3, 3, 3, 3, 3, 3, 3, 3, 3, 3, 3, 3, 3, 3, 3, 3, 3, 3, 3, 3, 3, 3, 3, 3, 3, 3, 3, 3, 3, 3, 3, 3, 3, 3, 3, 3, 3, 3, 3, 3, 3, 3, 3, 3, 3, 3, 3, 3, 3, 3, 3, 3, 3, 3, 3, 3, 3, 3, 3, 3, 3, 3, 3, 3, 3, 3, 3, 3, 3, 3, 3, 3, 3, 3, 3, 3, 3, 3, 3, 3, 3, 3, 3, 3, 3, 3, 3, 3, 3, 3, 3, 3, 3, 3, 3, 3, 3, 3, 3, 3, 3, 3, 3, 3, 3, 3, 3, 3, 3, 3, 3, 3, 3, 3, 3, 3, 3, 3, 3, 3, 3, 3, 3, 3, 3, 3, 3, 3, 3, 3, 3, 3, 3, 3, 3, 3, 3, 3, 3, 3, 3, 3, 3, 3, 3, 3, 3, 3, 3, 3, 3, 3, 3, 3, 3, 3, 3, 3, 3, 3, 3, 3, 3, 3, 3, 3, 3, 3, 3, 3, 3, 3, 3, 3, 3, 3, 3, 3, 3, 3, 3, 3, 3, 3, 3, 3, 3, 3, 3, 3, 3, 3, 3, 3, 3, 3, 3, 3, 3, 3, 3, 3, 3, 3, 3, 3, 3, 3, 3, 3, 3, 3, 3, 3, 3, 3, 3, 3, 3, 3, 3, 3, 3, 3, 3, 3, 3, 3, 3, 3, 3, 3, 3, 3, 3, 3, 3, 3, 3, 3, 3, 3, 3, 3, 3, 3, 3, 3, 3, 3, 3, 3, 3, 3, 3, 3, 3, 3, 3, 3, 3, 3, 3, 3, 3, 3, 3, 3, 3, 3, 3, 3, 3, 3, 3, 3, 3, 3, 3, 3, 3, 3, 3, 3, 3, 3, 3, 3, 3, 3, 3, 3, 3, 3, 3, 3, 3, 3, 3, 3, 3, 3, 3, 3, 3, 3, 3, 3, 3, 3, 3, 3, 3, 3, 3, 3, 3, 3, 3, 3, 3, 3, 3, 3, 3, 3, 3, 3, 3, 3, 3, 3, 3, 3, 3, 3, 3, 3, 3, 3, 3, 3, 3, 3, 3, 3, 3, 3, 3, 3, 3, 3, 3, 3, 3, 3, 3, 3, 3, 3, 3, 3, 3, 3, 3, 3, 3, 3, 3, 3, 3, 3, 3, 3, 3, 3, 3, 3, 3, 3, 3, 3, 3, 3, 3, 3, 3, 3, 3, 3, 3, 3, 3, 3, 3, 3, 3, 3, 3, 3, 3, 3, 3, 3, 3, 3, 3, 3, 3, 3, 3, 3, 3, 3, 3, 3, 3, 3, 3, 3, 3, 3, 3, 3, 3, 3, 3, 3, 3, 3, 3, 3, 3, 3, 3, 3, 3, 3, 3, 3, 3, 3, 3, 3, 3, 3, 3, 3, 3, 3, 3, 3, 3, 3, 3, 3, 3, 3, 3, 3, 3, 3, 3, 3, 3, 3, 3, 3, 3, 3, 3, 3, 3, 3, 3, 3, 3, 3, 3, 3, 3, 3, 3, 3, 3, 3, 3, 3, 3, 3, 3, 3, 3, 3, 3, 3, 3, 3, 3, 3, 3, 3, 3, 3, 3, 3, 3, 3, 3, 3, 3, 3, 3, 3, 3, 3, 3, 3, 3, 3, 3, 3, 3, 3, 3, 3, 3, 3, 3, 3, 3, 3, 3, 3, 3, 3, 3, 3, 3, 3, 3, 3, 3, 3, 3, 3, 3, 3, 3, 3, 3, 3, 3, 3, 3, 3, 3, 3, 3, 3, 3, 3, 3, 3, 3, 3, 3, 3, 3, 3, 3, 3, 3, 3, 3, 3, 3, 3, 3, 3, 3, 3, 3, 3, 3, 3, 3, 3, 3, 3, 3, 3, 3, 3, 3, 3, 3, 3, 3, 3, 3, 3, 3, 3, 3, 3, 3, 3, 3, 3, 3, 3, 3, 3, 3, 3, 3, 3, 3, 3, 3, 3, 3, 3, 3, 3, 3, 3, 3, 3, 3, 3, 3, 3, 3, 3, 3, 3, 3, 3, 3, 3, 3, 3, 3, 3, 3, 3, 3, 3, 3, 3, 3, 3, 3, 3, 3, 3, 3, 3, 3, 3, 3, 3, 3, 3, 3, 3, 3, 3, 3, 3, 3, 3, 3, 3, 3, 3, 3, 3, 3, 3, 3, 3, 3, 3, 3, 3, 3, 3, 3, 3, 3, 3, 3, 3, 3, 3, 3, 3, 3, 3, 3, 3, 3, 3, 3, 3, 3, 3, 3, 3, 3, 3, 3, 3, 3, 3, 3, 3, 3, 3, 3, 3, 3, 3, 3, 3, 3, 3, 3, 3, 3, 3, 3, 3, 3, 3, 3, 3, 3, 3, 3, 3, 3, 3, 3, 3, 3, 3, 3, 3, 3, 3, 3, 3, 3, 3, 3, 3, 3, 3, 3, 3, 3, 3, 3, 3, 3, 3, 3, 3, 3, 3, 3, 3, 3, 3, 3, 3, 3, 3, 3, 3, 3, 3, 3, 3, 3, 3, 3, 3, 3, 3, 3, 3, 3, 3, 3, 3, 3, 3, 3, 3, 3, 3, 3, 3, 3, 3, 3, 3, 3, 3, 3, 3, 3, 3, 3, 3, 3, 3, 3, 3, 3, 3, 3, 3, 3, 3, 3, 3, 3, 3, 3, 3, 3, 3, 3, 3, 3, 3, 3, 3, 3, 3, 3, 3, 3, 3, 3, 3, 3, 3, 3, 3, 3, 3, 3, 3, 3, 3, 3, 3, 3, 3, 3, 3, 3, 3, 3, 3, 3, 3, 3, 3, 3, 3, 3, 3, 3, 3, 3, 3, 3, 3, 3, 3, 3, 3, 3, 3, 3, 3, 3, 3, 3, 3, 3, 3, 3, 3, 3, 3, 3, 3, 3, 3, 3, 3, 3, 3, 3, 3, 3, 3, 3, 3, 3, 3, 3, 3, 3, 3, 3, 3, 3, 3, 3, 3, 3, 3, 3, 3, 3, 3, 3, 3, 3, 3, 3, 3, 3, 3, 3, 3, 3, 3, 3, 3, 3, 3, 3, 3, 3, 3, 3, 3, 3, 3, 3, 3, 3, 3, 3, 3, 3, 3, 3, 3, 3, 3, 3, 3, 3, 3, 3, 3, 3, 3, 3, 3, 3, 3, 3, 3, 3, 3, 3, 3, 3, 3, 3, 3, 3, 3, 3, 3, 3, 3, 3, 3, 3, 3, 3, 3, 3, 3, 3, 3, 3, 3, 3, 3, 3, 3, 3, 3, 3, 3, 3, 3, 3, 3, 3, 3, 3, 3, 3, 3, 3, 3, 3, 3, 3, 3, 3, 3, 3, 3, 3, 3, 3, 3, 3, 3, 3, 3, 3, 3, 3, 3, 3, 3, 3, 3, 3, 3, 3, 3, 3, 3, 3, 3, 3, 3, 3, 3, 3, 3, 3, 3, 3, 3, 3, 3, 3, 3, 3, 3, 3, 3, 3, 3, 3, 3, 3, 3, 3, 3, 3, 3, 3, 3, 3, 3, 3, 3, 3, 3, 3, 3, 3, 3, 3, 3, 3, 3, 3, 3, 3, 3, 3, 3, 3, 3, 3, 3, 3, 3, 3, 3, 3, 3, 3, 3, 3, 3, 3, 3, 3, 3, 3, 3, 3, 3, 3, 3, 3, 3, 3, 3, 3, 3, 3, 3, 3, 3, 3, 3, 3, 3, 3, 3, 3, 3, 3, 3, 3, 3, 3, 3, 3, 3, 3, 3, 3, 3, 3, 3, 3, 3, 3, 3, 3, 3, 3, 3, 3, 3, 3, 3, 3, 3, 3, 3, 3, 3, 3, 3, 3, 3, 3, 3, 3, 3, 3, 3, 3, 3, 3, 3, 3, 3, 3, 3, 3, 3, 3, 3, 3, 3, 3, 3, 3, 3, 3, 3, 3, 3, 3, 3, 3, 3, 3, 3, 3, 3, 3, 3, 3, 3, 3, 3, 3, 3, 3, 3, 3, 3, 3, 3, 3, 3, 3, 3, 3, 3, 3, 3, 3, 3, 3, 3, 3, 3, 3, 3, 3, 3, 3, 3, 3, 3, 3, 3, 3, 3, 3, 3, 3, 3, 3, 3, 3, 3, 3, 3, 3, 3, 3, 3, 3, 3, 3, 3, 3, 3, 3, 3, 3, 3, 3, 3, 3, 3, 3, 3, 3, 3, 3, 3, 3, 3, 3, 3, 3, 3, 3, 3, 3, 3, 3, 3, 3, 3, 3, 3, 3, 3, 3, 3, 3, 3, 3, 3, 3, 3, 3, 3, 3, 3, 3, 3, 3, 3, 3, 3, 3, 3, 3, 3, 3, 3, 3, 3, 3, 3, 3, 3, 3, 3, 3, 3, 3, 3, 3, 3, 3, 3, 3, 3, 3, 3, 3, 3, 3, 3, 3, 3, 3, 3, 3, 3, 3, 3, 3, 3, 3, 3, 3, 3, 3, 3, 3, 3, 3, 3, 3, 3, 3, 3, 3, 3, 3, 3, 3, 3, 3, 3, 3, 3, 3, 3, 3, 3, 3, 3, 3, 3, 3, 3, 3, 3, 3, 3, 3, 3, 3, 3, 3, 3, 3, 3, 3, 3, 3, 3, 3, 3, 3, 3, 3, 3, 3, 3, 3, 3, 3, 3, 3, 3, 3, 3, 3, 3, 3, 3, 3, 3, 3, 3, 3, 3, 3, 3, 3, 3, 3, 3, 3, 3, 3, 3, 3, 3, 3, 3, 3, 3, 3, 3, 3, 3, 3, 3, 3, 3, 3, 3, 3, 3, 3, 3, 3, 3, 3, 3, 3, 3, 3, 3, 3, 3, 3, 3, 3, 3, 3, 3, 3, 3, 3, 3, 3, 3, 3, 3, 3, 3, 3, 3, 3, 3, 3, 3, 3, 3, 3, 3, 3, 3, 3, 3, 3, 3, 3, 3, 3, 3, 3, 3, 3, 3, 3, 3, 3, 3, 3, 3, 3, 3, 3, 3, 3, 3, 3, 3, 3, 3, 3, 3, 3, 3, 3, 3, 3, 3, 3, 3, 3, 3, 3, 3, 3, 3, 3, 3]
        int[] faceVertexIndices = [0, 1, 2, 2, 1, 3, 2, 3, 4, 4, 3, 5, 4, 5, 6, 6, 5, 7, 6, 7, 8, 8, 7, 9, 8, 9, 10, 10, 9, 11, 10, 11, 12, 12, 11, 13, 12, 13, 14, 14, 13, 15, 14, 15, 16, 16, 15, 17, 16, 17, 18, 18, 17, 19, 18, 19, 20, 20, 19, 21, 20, 21, 22, 22, 21, 23, 22, 23, 24, 24, 23, 25, 24, 25, 26, 26, 25, 27, 26, 27, 28, 28, 27, 29, 28, 29, 30, 30, 29, 31, 30, 31, 32, 32, 31, 33, 32, 33, 34, 34, 33, 35, 34, 35, 36, 36, 35, 37, 36, 37, 38, 38, 37, 39, 38, 39, 40, 40, 39, 41, 40, 41, 42, 42, 41, 43, 42, 43, 44, 44, 43, 45, 44, 45, 46, 46, 45, 47, 46, 47, 48, 48, 47, 49, 48, 49, 50, 50, 49, 51, 50, 51, 52, 52, 51, 53, 52, 53, 54, 54, 53, 55, 54, 55, 56, 56, 55, 57, 56, 57, 58, 58, 57, 59, 58, 59, 60, 60, 59, 61, 60, 61, 62, 62, 61, 63, 62, 63, 64, 64, 63, 65, 64, 65, 66, 66, 65, 67, 66, 67, 68, 68, 67, 69, 68, 69, 70, 70, 69, 71, 70, 71, 0, 0, 71, 1, 72, 73, 74, 74, 73, 75, 74, 75, 76, 76, 75, 77, 76, 77, 78, 78, 77, 79, 78, 79, 80, 80, 79, 81, 80, 81, 82, 82, 81, 83, 82, 83, 84, 84, 83, 85, 84, 85, 86, 86, 85, 87, 86, 87, 88, 88, 87, 89, 88, 89, 90, 90, 89, 91, 90, 91, 92, 92, 91, 93, 92, 93, 94, 94, 93, 95, 94, 95, 96, 96, 95, 97, 96, 97, 98, 98, 97, 99, 98, 99, 100, 100, 99, 101, 100, 101, 102, 102, 101, 103, 102, 103, 104, 104, 103, 105, 104, 105, 106, 106, 105, 107, 106, 107, 108, 108, 107, 109, 108, 109, 110, 110, 109, 111, 110, 111, 112, 112, 111, 113, 112, 113, 114, 114, 113, 115, 114, 115, 116, 116, 115, 117, 116, 117, 118, 118, 117, 119, 118, 119, 120, 120, 119, 121, 120, 121, 122, 122, 121, 123, 122, 123, 124, 124, 123, 125, 124, 125, 126, 126, 125, 127, 126, 127, 128, 128, 127, 129, 128, 129, 130, 130, 129, 131, 130, 131, 132, 132, 131, 133, 132, 133, 134, 134, 133, 135, 134, 135, 136, 136, 135, 137, 136, 137, 138, 138, 137, 139, 138, 139, 140, 140, 139, 141, 140, 141, 142, 142, 141, 143, 142, 143, 72, 72, 143, 73, 144, 145, 146, 146, 145, 147, 146, 147, 148, 148, 147, 149, 148, 149, 150, 150, 149, 151, 150, 151, 152, 152, 151, 153, 152, 153, 154, 154, 153, 155, 154, 155, 156, 156, 155, 157, 156, 157, 158, 158, 157, 159, 158, 159, 160, 160, 159, 161, 160, 161, 162, 162, 161, 163, 162, 163, 164, 164, 163, 165, 164, 165, 166, 166, 165, 167, 166, 167, 168, 168, 167, 169, 168, 169, 170, 170, 169, 171, 170, 171, 172, 172, 171, 173, 172, 173, 174, 174, 173, 175, 174, 175, 176, 176, 175, 177, 176, 177, 178, 178, 177, 179, 178, 179, 180, 180, 179, 181, 180, 181, 182, 182, 181, 183, 182, 183, 184, 184, 183, 185, 184, 185, 186, 186, 185, 187, 186, 187, 188, 188, 187, 189, 188, 189, 190, 190, 189, 191, 190, 191, 192, 192, 191, 193, 192, 193, 194, 194, 193, 195, 194, 195, 196, 196, 195, 197, 196, 197, 198, 198, 197, 199, 198, 199, 200, 200, 199, 201, 200, 201, 202, 202, 201, 203, 202, 203, 204, 204, 203, 205, 204, 205, 206, 206, 205, 207, 206, 207, 208, 208, 207, 209, 208, 209, 210, 210, 209, 211, 210, 211, 212, 212, 211, 213, 212, 213, 214, 214, 213, 215, 214, 215, 144, 144, 215, 145, 216, 217, 218, 218, 217, 219, 218, 219, 220, 220, 219, 221, 220, 221, 222, 222, 221, 223, 222, 223, 224, 224, 223, 225, 224, 225, 226, 226, 225, 227, 226, 227, 228, 228, 227, 229, 228, 229, 230, 230, 229, 231, 230, 231, 232, 232, 231, 233, 232, 233, 234, 234, 233, 235, 234, 235, 236, 236, 235, 237, 236, 237, 238, 238, 237, 239, 238, 239, 240, 240, 239, 241, 240, 241, 242, 242, 241, 243, 242, 243, 244, 244, 243, 245, 244, 245, 246, 246, 245, 247, 246, 247, 248, 248, 247, 249, 248, 249, 250, 250, 249, 251, 250, 251, 252, 252, 251, 253, 252, 253, 254, 254, 253, 255, 254, 255, 256, 256, 255, 257, 256, 257, 258, 258, 257, 259, 258, 259, 260, 260, 259, 261, 260, 261, 262, 262, 261, 263, 262, 263, 264, 264, 263, 265, 264, 265, 266, 266, 265, 267, 266, 267, 268, 268, 267, 269, 268, 269, 270, 270, 269, 271, 270, 271, 272, 272, 271, 273, 272, 273, 274, 274, 273, 275, 274, 275, 276, 276, 275, 277, 276, 277, 278, 278, 277, 279, 278, 279, 280, 280, 279, 281, 280, 281, 282, 282, 281, 283, 282, 283, 284, 284, 283, 285, 284, 285, 286, 286, 285, 287, 286, 287, 216, 216, 287, 217, 288, 289, 290, 290, 289, 291, 290, 291, 292, 292, 291, 293, 292, 293, 294, 294, 293, 295, 294, 295, 296, 296, 295, 297, 296, 297, 298, 298, 297, 299, 298, 299, 300, 300, 299, 301, 300, 301, 302, 302, 301, 303, 302, 303, 304, 304, 303, 305, 304, 305, 306, 306, 305, 307, 306, 307, 308, 308, 307, 309, 308, 309, 310, 310, 309, 311, 310, 311, 312, 312, 311, 313, 312, 313, 314, 314, 313, 315, 314, 315, 316, 316, 315, 317, 316, 317, 318, 318, 317, 319, 318, 319, 320, 320, 319, 321, 320, 321, 322, 322, 321, 323, 322, 323, 324, 324, 323, 325, 324, 325, 326, 326, 325, 327, 326, 327, 328, 328, 327, 329, 328, 329, 330, 330, 329, 331, 330, 331, 332, 332, 331, 333, 332, 333, 334, 334, 333, 335, 334, 335, 336, 336, 335, 337, 336, 337, 338, 338, 337, 339, 338, 339, 340, 340, 339, 341, 340, 341, 342, 342, 341, 343, 342, 343, 344, 344, 343, 345, 344, 345, 346, 346, 345, 347, 346, 347, 348, 348, 347, 349, 348, 349, 350, 350, 349, 351, 350, 351, 352, 352, 351, 353, 352, 353, 354, 354, 353, 355, 354, 355, 356, 356, 355, 357, 356, 357, 358, 358, 357, 359, 358, 359, 288, 288, 359, 289, 360, 361, 362, 362, 361, 363, 362, 363, 364, 364, 363, 365, 364, 365, 366, 366, 365, 367, 366, 367, 368, 368, 367, 369, 368, 369, 370, 370, 369, 371, 370, 371, 372, 372, 371, 373, 372, 373, 374, 374, 373, 375, 374, 375, 376, 376, 375, 377, 376, 377, 378, 378, 377, 379, 378, 379, 380, 380, 379, 381, 380, 381, 382, 382, 381, 383, 382, 383, 384, 384, 383, 385, 384, 385, 386, 386, 385, 387, 386, 387, 388, 388, 387, 389, 388, 389, 390, 390, 389, 391, 390, 391, 392, 392, 391, 393, 392, 393, 394, 394, 393, 395, 394, 395, 396, 396, 395, 397, 396, 397, 398, 398, 397, 399, 398, 399, 400, 400, 399, 401, 400, 401, 402, 402, 401, 403, 402, 403, 404, 404, 403, 405, 404, 405, 406, 406, 405, 407, 406, 407, 408, 408, 407, 409, 408, 409, 410, 410, 409, 411, 410, 411, 412, 412, 411, 413, 412, 413, 414, 414, 413, 415, 414, 415, 416, 416, 415, 417, 416, 417, 418, 418, 417, 419, 418, 419, 420, 420, 419, 421, 420, 421, 422, 422, 421, 423, 422, 423, 424, 424, 423, 425, 424, 425, 426, 426, 425, 427, 426, 427, 428, 428, 427, 429, 428, 429, 430, 430, 429, 431, 430, 431, 360, 360, 431, 361, 432, 433, 434, 434, 433, 435, 434, 435, 436, 436, 435, 437, 436, 437, 438, 438, 437, 439, 438, 439, 440, 440, 439, 441, 440, 441, 442, 442, 441, 443, 442, 443, 444, 444, 443, 445, 444, 445, 446, 446, 445, 447, 446, 447, 448, 448, 447, 449, 448, 449, 450, 450, 449, 451, 450, 451, 452, 452, 451, 453, 452, 453, 454, 454, 453, 455, 454, 455, 456, 456, 455, 457, 456, 457, 458, 458, 457, 459, 458, 459, 460, 460, 459, 461, 460, 461, 462, 462, 461, 463, 462, 463, 464, 464, 463, 465, 464, 465, 466, 466, 465, 467, 466, 467, 468, 468, 467, 469, 468, 469, 470, 470, 469, 471, 470, 471, 472, 472, 471, 473, 472, 473, 474, 474, 473, 475, 474, 475, 476, 476, 475, 477, 476, 477, 478, 478, 477, 479, 478, 479, 480, 480, 479, 481, 480, 481, 482, 482, 481, 483, 482, 483, 484, 484, 483, 485, 484, 485, 486, 486, 485, 487, 486, 487, 488, 488, 487, 489, 488, 489, 490, 490, 489, 491, 490, 491, 492, 492, 491, 493, 492, 493, 494, 494, 493, 495, 494, 495, 496, 496, 495, 497, 496, 497, 498, 498, 497, 499, 498, 499, 500, 500, 499, 501, 500, 501, 502, 502, 501, 503, 502, 503, 432, 432, 503, 433, 504, 505, 506, 506, 505, 507, 506, 507, 508, 508, 507, 509, 508, 509, 510, 510, 509, 511, 510, 511, 512, 512, 511, 513, 512, 513, 514, 514, 513, 515, 514, 515, 516, 516, 515, 517, 516, 517, 518, 518, 517, 519, 518, 519, 520, 520, 519, 521, 520, 521, 522, 522, 521, 523, 522, 523, 524, 524, 523, 525, 524, 525, 526, 526, 525, 527, 526, 527, 528, 528, 527, 529, 528, 529, 530, 530, 529, 531, 530, 531, 532, 532, 531, 533, 532, 533, 534, 534, 533, 535, 534, 535, 536, 536, 535, 537, 536, 537, 538, 538, 537, 539, 538, 539, 540, 540, 539, 541, 540, 541, 542, 542, 541, 543, 542, 543, 544, 544, 543, 545, 544, 545, 546, 546, 545, 547, 546, 547, 548, 548, 547, 549, 548, 549, 550, 550, 549, 551, 550, 551, 552, 552, 551, 553, 552, 553, 554, 554, 553, 555, 554, 555, 556, 556, 555, 557, 556, 557, 558, 558, 557, 559, 558, 559, 560, 560, 559, 561, 560, 561, 562, 562, 561, 563, 562, 563, 564, 564, 563, 565, 564, 565, 566, 566, 565, 567, 566, 567, 568, 568, 567, 569, 568, 569, 570, 570, 569, 571, 570, 571, 572, 572, 571, 573, 572, 573, 574, 574, 573, 575, 574, 575, 504, 504, 575, 505, 576, 577, 578, 578, 577, 579, 578, 579, 580, 580, 579, 581, 580, 581, 582, 582, 581, 583, 582, 583, 584, 584, 583, 585, 584, 585, 586, 586, 585, 587, 586, 587, 588, 588, 587, 589, 588, 589, 590, 590, 589, 591, 590, 591, 592, 592, 591, 593, 592, 593, 594, 594, 593, 595, 594, 595, 596, 596, 595, 597, 596, 597, 598, 598, 597, 599, 598, 599, 600, 600, 599, 601, 600, 601, 602, 602, 601, 603, 602, 603, 604, 604, 603, 605, 604, 605, 606, 606, 605, 607, 606, 607, 608, 608, 607, 609, 608, 609, 610, 610, 609, 611, 610, 611, 612, 612, 611, 613, 612, 613, 614, 614, 613, 615, 614, 615, 616, 616, 615, 617, 616, 617, 618, 618, 617, 619, 618, 619, 620, 620, 619, 621, 620, 621, 622, 622, 621, 623, 622, 623, 624, 624, 623, 625, 624, 625, 626, 626, 625, 627, 626, 627, 628, 628, 627, 629, 628, 629, 630, 630, 629, 631, 630, 631, 632, 632, 631, 633, 632, 633, 634, 634, 633, 635, 634, 635, 636, 636, 635, 637, 636, 637, 638, 638, 637, 639, 638, 639, 640, 640, 639, 641, 640, 641, 642, 642, 641, 643, 642, 643, 644, 644, 643, 645, 644, 645, 646, 646, 645, 647, 646, 647, 576, 576, 647, 577, 648, 649, 650, 650, 649, 651, 650, 651, 652, 652, 651, 653, 652, 653, 654, 654, 653, 655, 654, 655, 656, 656, 655, 657, 656, 657, 658, 658, 657, 659, 658, 659, 660, 660, 659, 661, 660, 661, 662, 662, 661, 663, 662, 663, 664, 664, 663, 665, 664, 665, 666, 666, 665, 667, 666, 667, 668, 668, 667, 669, 668, 669, 670, 670, 669, 671, 670, 671, 672, 672, 671, 673, 672, 673, 674, 674, 673, 675, 674, 675, 676, 676, 675, 677, 676, 677, 678, 678, 677, 679, 678, 679, 680, 680, 679, 681, 680, 681, 682, 682, 681, 683, 682, 683, 684, 684, 683, 685, 684, 685, 686, 686, 685, 687, 686, 687, 688, 688, 687, 689, 688, 689, 690, 690, 689, 691, 690, 691, 692, 692, 691, 693, 692, 693, 694, 694, 693, 695, 694, 695, 696, 696, 695, 697, 696, 697, 698, 698, 697, 699, 698, 699, 700, 700, 699, 701, 700, 701, 702, 702, 701, 703, 702, 703, 704, 704, 703, 705, 704, 705, 706, 706, 705, 707, 706, 707, 708, 708, 707, 709, 708, 709, 710, 710, 709, 711, 710, 711, 712, 712, 711, 713, 712, 713, 714, 714, 713, 715, 714, 715, 716, 716, 715, 717, 716, 717, 718, 718, 717, 719, 718, 719, 648, 648, 719, 649, 720, 721, 722, 722, 721, 723, 722, 723, 724, 724, 723, 725, 724, 725, 726, 726, 725, 727, 726, 727, 728, 728, 727, 729, 728, 729, 730, 730, 729, 731, 730, 731, 732, 732, 731, 733, 732, 733, 734, 734, 733, 735, 734, 735, 736, 736, 735, 737, 736, 737, 738, 738, 737, 739, 738, 739, 740, 740, 739, 741, 740, 741, 742, 742, 741, 743, 742, 743, 744, 744, 743, 745, 744, 745, 746, 746, 745, 747, 746, 747, 748, 748, 747, 749, 748, 749, 750, 750, 749, 751, 750, 751, 752, 752, 751, 753, 752, 753, 754, 754, 753, 755, 754, 755, 756, 756, 755, 757, 756, 757, 758, 758, 757, 759, 758, 759, 760, 760, 759, 761, 760, 761, 762, 762, 761, 763, 762, 763, 764, 764, 763, 765, 764, 765, 766, 766, 765, 767, 766, 767, 768, 768, 767, 769, 768, 769, 770, 770, 769, 771, 770, 771, 772, 772, 771, 773, 772, 773, 774, 774, 773, 775, 774, 775, 776, 776, 775, 777, 776, 777, 778, 778, 777, 779, 778, 779, 780, 780, 779, 781, 780, 781, 782, 782, 781, 783, 782, 783, 784, 784, 783, 785, 784, 785, 786, 786, 785, 787, 786, 787, 788, 788, 787, 789, 788, 789, 790, 790, 789, 791, 790, 791, 720, 720, 791, 721, 792, 793, 794, 794, 793, 795, 794, 795, 796, 796, 795, 797, 796, 797, 798, 798, 797, 799, 798, 799, 800, 800, 799, 801, 800, 801, 802, 802, 801, 803, 802, 803, 804, 804, 803, 805, 804, 805, 806, 806, 805, 807, 806, 807, 808, 808, 807, 809, 808, 809, 810, 810, 809, 811, 810, 811, 812, 812, 811, 813, 812, 813, 814, 814, 813, 815, 814, 815, 816, 816, 815, 817, 816, 817, 818, 818, 817, 819, 818, 819, 820, 820, 819, 821, 820, 821, 822, 822, 821, 823, 822, 823, 824, 824, 823, 825, 824, 825, 826, 826, 825, 827, 826, 827, 828, 828, 827, 829, 828, 829, 830, 830, 829, 831, 830, 831, 832, 832, 831, 833, 832, 833, 834, 834, 833, 835, 834, 835, 836, 836, 835, 837, 836, 837, 838, 838, 837, 839, 838, 839, 840, 840, 839, 841, 840, 841, 842, 842, 841, 843, 842, 843, 844, 844, 843, 845, 844, 845, 846, 846, 845, 847, 846, 847, 848, 848, 847, 849, 848, 849, 850, 850, 849, 851, 850, 851, 852, 852, 851, 853, 852, 853, 854, 854, 853, 855, 854, 855, 856, 856, 855, 857, 856, 857, 858, 858, 857, 859, 858, 859, 860, 860, 859, 861, 860, 861, 862, 862, 861, 863, 862, 863, 792, 792, 863, 793, 864, 865, 866, 866, 865, 867, 866, 867, 868, 868, 867, 869, 868, 869, 870, 870, 869, 871, 870, 871, 872, 872, 871, 873, 872, 873, 874, 874, 873, 875, 874, 875, 876, 876, 875, 877, 876, 877, 878, 878, 877, 879, 878, 879, 880, 880, 879, 881, 880, 881, 882, 882, 881, 883, 882, 883, 884, 884, 883, 885, 884, 885, 886, 886, 885, 887, 886, 887, 888, 888, 887, 889, 888, 889, 890, 890, 889, 891, 890, 891, 892, 892, 891, 893, 892, 893, 894, 894, 893, 895, 894, 895, 896, 896, 895, 897, 896, 897, 898, 898, 897, 899, 898, 899, 900, 900, 899, 901, 900, 901, 902, 902, 901, 903, 902, 903, 904, 904, 903, 905, 904, 905, 906, 906, 905, 907, 906, 907, 908, 908, 907, 909, 908, 909, 910, 910, 909, 911, 910, 911, 912, 912, 911, 913, 912, 913, 914, 914, 913, 915, 914, 915, 916, 916, 915, 917, 916, 917, 918, 918, 917, 919, 918, 919, 920, 920, 919, 921, 920, 921, 922, 922, 921, 923, 922, 923, 924, 924, 923, 925, 924, 925, 926, 926, 925, 927, 926, 927, 928, 928, 927, 929, 928, 929, 930, 930, 929, 931, 930, 931, 932, 932, 931, 933, 932, 933, 934, 934, 933, 935, 934, 935, 864, 864, 935, 865, 936, 144, 937, 937, 144, 146, 937, 146, 148, 144, 936, 214, 214, 936, 938, 214, 938, 212, 212, 938, 210, 210, 938, 939, 210, 939, 208, 208, 939, 222, 208, 222, 206, 206, 222, 224, 206, 224, 204, 204, 224, 226, 204, 226, 202, 202, 226, 228, 202, 228, 200, 200, 228, 230, 200, 230, 198, 198, 230, 232, 198, 232, 196, 196, 232, 234, 196, 234, 194, 194, 234, 236, 194, 236, 192, 192, 236, 238, 192, 238, 190, 190, 238, 240, 190, 240, 188, 188, 240, 242, 188, 242, 186, 186, 242, 244, 186, 244, 718, 718, 244, 246, 718, 246, 248, 939, 940, 222, 222, 940, 220, 220, 940, 218, 218, 940, 941, 218, 941, 216, 216, 941, 942, 216, 942, 286, 286, 942, 284, 284, 942, 943, 284, 943, 282, 282, 943, 944, 282, 944, 280, 280, 944, 278, 278, 944, 945, 278, 945, 276, 276, 945, 274, 274, 945, 946, 274, 946, 576, 576, 946, 646, 646, 946, 947, 646, 947, 644, 644, 947, 948, 644, 948, 642, 642, 948, 640, 640, 948, 949, 640, 949, 638, 638, 949, 636, 636, 949, 950, 636, 950, 634, 634, 950, 951, 634, 951, 632, 632, 951, 630, 630, 951, 952, 630, 952, 628, 628, 952, 354, 628, 354, 626, 626, 354, 356, 626, 356, 624, 624, 356, 358, 624, 358, 622, 622, 358, 288, 622, 288, 620, 620, 288, 290, 620, 290, 618, 618, 290, 292, 618, 292, 616, 616, 292, 294, 616, 294, 614, 614, 294, 296, 614, 296, 612, 612, 296, 298, 612, 298, 610, 610, 298, 300, 610, 300, 608, 608, 300, 302, 608, 302, 606, 606, 302, 304, 606, 304, 708, 708, 304, 706, 706, 304, 306, 706, 306, 704, 704, 306, 308, 704, 308, 310, 952, 953, 354, 354, 953, 352, 352, 953, 954, 352, 954, 350, 350, 954, 348, 348, 954, 955, 348, 955, 346, 346, 955, 344, 344, 955, 956, 344, 956, 342, 342, 956, 957, 342, 957, 340, 340, 957, 338, 338, 957, 958, 338, 958, 336, 336, 958, 959, 336, 959, 334, 334, 959, 564, 334, 564, 566, 564, 959, 562, 562, 959, 960, 562, 960, 560, 560, 960, 961, 560, 961, 558, 558, 961, 556, 556, 961, 962, 556, 962, 554, 554, 962, 963, 554, 963, 552, 552, 963, 550, 550, 963, 964, 550, 964, 548, 548, 964, 965, 548, 965, 546, 546, 965, 544, 544, 965, 966, 544, 966, 414, 414, 966, 412, 412, 966, 967, 412, 967, 410, 410, 967, 408, 408, 967, 968, 408, 968, 406, 406, 968, 969, 406, 969, 404, 404, 969, 402, 402, 969, 970, 402, 970, 400, 400, 970, 398, 398, 970, 971, 398, 971, 396, 396, 971, 972, 396, 972, 394, 394, 972, 480, 394, 480, 482, 972, 973, 480, 480, 973, 478, 478, 973, 476, 476, 973, 974, 476, 974, 474, 474, 974, 975, 474, 975, 472, 472, 975, 470, 470, 975, 976, 470, 976, 468, 468, 976, 466, 466, 976, 977, 466, 977, 464, 464, 977, 978, 464, 978, 462, 462, 978, 460, 460, 978, 979, 460, 979, 906, 906, 979, 904, 904, 979, 980, 904, 980, 902, 902, 980, 981, 902, 981, 900, 900, 981, 898, 898, 981, 982, 898, 982, 896, 896, 982, 894, 894, 982, 983, 894, 983, 892, 892, 983, 984, 892, 984, 890, 890, 984, 888, 888, 984, 985, 888, 985, 886, 886, 985, 36, 886, 36, 884, 884, 36, 38, 884, 38, 40, 986, 812, 985, 985, 812, 814, 985, 814, 816, 986, 987, 812, 812, 987, 988, 812, 988, 989, 989, 990, 812, 812, 990, 991, 812, 991, 992, 992, 993, 812, 812, 993, 994, 812, 994, 995, 995, 996, 812, 812, 996, 810, 810, 996, 808, 808, 996, 997, 808, 997, 806, 806, 997, 804, 804, 997, 998, 804, 998, 802, 802, 998, 999, 802, 999, 96, 96, 999, 94, 94, 999, 1000, 94, 1000, 92, 92, 1000, 1001, 92, 1001, 1002, 1002, 1003, 92, 92, 1003, 1004, 92, 1004, 1005, 1005, 1006, 92, 92, 1006, 1007, 92, 1007, 90, 90, 1007, 88, 88, 1007, 86, 86, 1007, 84, 84, 1007, 82, 82, 1007, 80, 80, 1007, 78, 78, 1007, 76, 76, 1007, 740, 76, 740, 74, 74, 740, 742, 74, 742, 72, 72, 742, 744, 72, 744, 142, 142, 744, 140, 140, 744, 138, 138, 744, 136, 136, 744, 134, 134, 744, 132, 132, 744, 746, 132, 746, 748, 1007, 1008, 740, 740, 1008, 1009, 740, 1009, 1010, 1011, 722, 1010, 1010, 722, 724, 1010, 724, 726, 1012, 790, 1011, 1011, 790, 720, 1011, 720, 722, 1013, 154, 1012, 1012, 154, 156, 1012, 156, 790, 790, 156, 158, 790, 158, 788, 788, 158, 160, 788, 160, 786, 786, 160, 162, 786, 162, 784, 784, 162, 164, 784, 164, 782, 782, 164, 166, 782, 166, 780, 780, 166, 168, 780, 168, 778, 778, 168, 170, 778, 170, 776, 776, 170, 172, 776, 172, 774, 774, 172, 174, 774, 174, 772, 772, 174, 176, 772, 176, 770, 770, 176, 178, 770, 178, 768, 768, 178, 652, 768, 652, 766, 766, 652, 654, 766, 654, 764, 764, 654, 656, 764, 656, 762, 762, 656, 658, 762, 658, 760, 760, 658, 660, 760, 660, 128, 128, 660, 662, 128, 662, 664, 1014, 150, 1013, 1013, 150, 152, 1013, 152, 154, 150, 1014, 148, 148, 1014, 937, 868, 674, 866, 866, 674, 676, 866, 676, 864, 864, 676, 678, 864, 678, 934, 934, 678, 680, 934, 680, 932, 932, 680, 682, 932, 682, 930, 930, 682, 928, 928, 682, 438, 928, 438, 926, 926, 438, 440, 926, 440, 924, 924, 440, 442, 924, 442, 922, 922, 442, 444, 922, 444, 920, 920, 444, 446, 920, 446, 918, 918, 446, 448, 918, 448, 916, 916, 448, 450, 916, 450, 914, 914, 450, 452, 914, 452, 912, 912, 452, 454, 912, 454, 910, 910, 454, 456, 910, 456, 908, 908, 456, 458, 908, 458, 906, 906, 458, 460, 674, 868, 672, 672, 868, 870, 672, 870, 670, 670, 870, 128, 670, 128, 668, 668, 128, 666, 666, 128, 664, 870, 872, 128, 128, 872, 874, 128, 874, 876, 876, 878, 128, 128, 878, 880, 128, 880, 882, 882, 884, 128, 128, 884, 126, 126, 884, 58, 126, 58, 124, 124, 58, 60, 124, 60, 122, 122, 60, 62, 122, 62, 848, 848, 62, 846, 846, 62, 64, 846, 64, 844, 844, 64, 66, 844, 66, 842, 842, 66, 68, 842, 68, 840, 840, 68, 70, 840, 70, 838, 838, 70, 0, 838, 0, 836, 836, 0, 2, 836, 2, 834, 834, 2, 4, 834, 4, 832, 832, 4, 6, 832, 6, 830, 830, 6, 8, 830, 8, 10, 796, 104, 794, 794, 104, 106, 794, 106, 792, 792, 106, 108, 792, 108, 862, 862, 108, 110, 862, 110, 860, 860, 110, 112, 860, 112, 858, 858, 112, 114, 858, 114, 856, 856, 114, 116, 856, 116, 854, 854, 116, 118, 854, 118, 852, 852, 118, 120, 852, 120, 850, 850, 120, 122, 850, 122, 848, 104, 796, 102, 102, 796, 798, 102, 798, 100, 100, 798, 800, 100, 800, 98, 98, 800, 802, 98, 802, 96, 816, 818, 985, 985, 818, 20, 985, 20, 22, 818, 820, 20, 20, 820, 822, 20, 822, 824, 824, 826, 20, 20, 826, 828, 20, 828, 830, 726, 728, 1010, 1010, 728, 730, 1010, 730, 732, 732, 734, 1010, 1010, 734, 736, 1010, 736, 738, 738, 740, 1010, 748, 750, 132, 132, 750, 752, 132, 752, 754, 754, 756, 132, 132, 756, 130, 130, 756, 758, 130, 758, 128, 128, 758, 760, 652, 180, 650, 650, 180, 182, 650, 182, 648, 648, 182, 184, 648, 184, 718, 718, 184, 186, 438, 682, 436, 436, 682, 684, 436, 684, 434, 434, 684, 686, 434, 686, 432, 432, 686, 688, 432, 688, 502, 502, 688, 372, 502, 372, 374, 372, 688, 370, 370, 688, 690, 370, 690, 368, 368, 690, 692, 368, 692, 366, 366, 692, 694, 366, 694, 364, 364, 694, 522, 364, 522, 524, 522, 694, 520, 520, 694, 696, 520, 696, 518, 518, 696, 698, 518, 698, 516, 516, 698, 700, 516, 700, 514, 514, 700, 312, 514, 312, 314, 700, 702, 312, 312, 702, 310, 310, 702, 704, 606, 708, 604, 604, 708, 710, 604, 710, 602, 602, 710, 712, 602, 712, 600, 600, 712, 714, 600, 714, 598, 598, 714, 252, 598, 252, 596, 596, 252, 254, 596, 254, 594, 594, 254, 256, 594, 256, 592, 592, 256, 258, 592, 258, 590, 590, 258, 260, 590, 260, 588, 588, 260, 262, 588, 262, 586, 586, 262, 264, 586, 264, 584, 584, 264, 266, 584, 266, 582, 582, 266, 268, 582, 268, 580, 580, 268, 270, 580, 270, 578, 578, 270, 272, 578, 272, 576, 576, 272, 274, 252, 714, 250, 250, 714, 716, 250, 716, 248, 248, 716, 718, 508, 320, 506, 506, 320, 322, 506, 322, 504, 504, 322, 324, 504, 324, 574, 574, 324, 326, 574, 326, 572, 572, 326, 328, 572, 328, 570, 570, 328, 330, 570, 330, 568, 568, 330, 332, 568, 332, 566, 566, 332, 334, 320, 508, 318, 318, 508, 510, 318, 510, 316, 316, 510, 512, 316, 512, 314, 314, 512, 514, 364, 524, 362, 362, 524, 526, 362, 526, 360, 360, 526, 528, 360, 528, 430, 430, 528, 530, 430, 530, 428, 428, 530, 532, 428, 532, 426, 426, 532, 534, 426, 534, 424, 424, 534, 536, 424, 536, 422, 422, 536, 538, 422, 538, 420, 420, 538, 540, 420, 540, 418, 418, 540, 542, 418, 542, 416, 416, 542, 544, 416, 544, 414, 394, 482, 392, 392, 482, 484, 392, 484, 390, 390, 484, 486, 390, 486, 388, 388, 486, 488, 388, 488, 386, 386, 488, 490, 386, 490, 384, 384, 490, 492, 384, 492, 382, 382, 492, 494, 382, 494, 380, 380, 494, 496, 380, 496, 378, 378, 496, 498, 378, 498, 376, 376, 498, 500, 376, 500, 374, 374, 500, 502, 178, 180, 652, 10, 12, 830, 830, 12, 14, 830, 14, 16, 16, 18, 830, 830, 18, 20, 22, 24, 985, 985, 24, 26, 985, 26, 28, 28, 30, 985, 985, 30, 32, 985, 32, 34, 34, 36, 985, 40, 42, 884, 884, 42, 44, 884, 44, 46, 46, 48, 884, 884, 48, 50, 884, 50, 52, 52, 54, 884, 884, 54, 56, 884, 56, 58, 1015, 149, 1016, 1016, 149, 147, 1016, 147, 145, 1017, 153, 1015, 1015, 153, 151, 1015, 151, 149, 153, 1017, 155, 155, 1017, 1018, 155, 1018, 157, 157, 1018, 791, 157, 791, 789, 1018, 1019, 791, 791, 1019, 721, 721, 1019, 723, 723, 1019, 1020, 723, 1020, 725, 725, 1020, 1021, 725, 1021, 727, 727, 1021, 729, 729, 1021, 1022, 729, 1022, 731, 731, 1022, 733, 733, 1022, 1023, 733, 1023, 735, 735, 1023, 1024, 735, 1024, 737, 737, 1024, 739, 739, 1024, 1025, 739, 1025, 77, 77, 1025, 79, 79, 1025, 1026, 79, 1026, 81, 81, 1026, 1027, 81, 1027, 83, 83, 1027, 85, 85, 1027, 1028, 85, 1028, 87, 87, 1028, 89, 89, 1028, 1029, 89, 1029, 91, 91, 1029, 93, 93, 1029, 1030, 93, 1030, 95, 95, 1030, 1031, 95, 1031, 97, 97, 1031, 803, 97, 803, 801, 1031, 1032, 803, 803, 1032, 805, 805, 1032, 807, 807, 1032, 1033, 807, 1033, 809, 809, 1033, 1034, 809, 1034, 811, 811, 1034, 813, 813, 1034, 1035, 813, 1035, 1036, 1036, 1037, 813, 813, 1037, 815, 815, 1037, 1038, 815, 1038, 1039, 1039, 1040, 815, 815, 1040, 1041, 815, 1041, 1042, 1042, 1043, 815, 815, 1043, 1044, 815, 1044, 817, 817, 1044, 819, 819, 1044, 21, 819, 21, 821, 821, 21, 19, 821, 19, 823, 823, 19, 17, 823, 17, 825, 825, 17, 15, 825, 15, 827, 827, 15, 13, 827, 13, 829, 829, 13, 11, 829, 11, 831, 831, 11, 9, 831, 9, 833, 833, 9, 7, 833, 7, 835, 835, 7, 5, 835, 5, 837, 837, 5, 3, 837, 3, 839, 839, 3, 1, 839, 1, 841, 841, 1, 71, 841, 71, 843, 843, 71, 69, 843, 69, 845, 845, 69, 67, 845, 67, 671, 671, 67, 65, 671, 65, 673, 673, 65, 63, 673, 63, 675, 675, 63, 61, 675, 61, 677, 677, 61, 59, 677, 59, 865, 865, 59, 867, 867, 59, 57, 867, 57, 869, 869, 57, 55, 869, 55, 871, 871, 55, 53, 871, 53, 873, 873, 53, 51, 873, 51, 875, 875, 51, 49, 875, 49, 877, 877, 49, 47, 877, 47, 879, 879, 47, 45, 879, 45, 881, 881, 45, 43, 881, 43, 883, 883, 43, 41, 883, 41, 885, 885, 41, 39, 885, 39, 887, 887, 39, 37, 887, 37, 1044, 1044, 37, 35, 1044, 35, 33, 1044, 1045, 887, 887, 1045, 889, 889, 1045, 891, 891, 1045, 1046, 891, 1046, 893, 893, 1046, 1047, 893, 1047, 895, 895, 1047, 897, 897, 1047, 1048, 897, 1048, 899, 899, 1048, 901, 901, 1048, 1049, 901, 1049, 903, 903, 1049, 1050, 903, 1050, 905, 905, 1050, 907, 907, 1050, 1051, 907, 1051, 461, 461, 1051, 463, 463, 1051, 1052, 463, 1052, 465, 465, 1052, 1053, 465, 1053, 467, 467, 1053, 469, 469, 1053, 1054, 469, 1054, 471, 471, 1054, 473, 473, 1054, 1055, 473, 1055, 475, 475, 1055, 477, 477, 1055, 1056, 477, 1056, 479, 479, 1056, 1057, 479, 1057, 481, 481, 1057, 395, 481, 395, 393, 1057, 1058, 395, 395, 1058, 397, 397, 1058, 399, 399, 1058, 1059, 399, 1059, 401, 401, 1059, 1060, 401, 1060, 403, 403, 1060, 405, 405, 1060, 1061, 405, 1061, 407, 407, 1061, 409, 409, 1061, 1062, 409, 1062, 411, 411, 1062, 1063, 411, 1063, 413, 413, 1063, 415, 415, 1063, 1064, 415, 1064, 545, 545, 1064, 547, 547, 1064, 1065, 547, 1065, 549, 549, 1065, 1066, 549, 1066, 551, 551, 1066, 553, 553, 1066, 1067, 553, 1067, 555, 555, 1067, 557, 557, 1067, 1068, 557, 1068, 559, 559, 1068, 561, 561, 1068, 1069, 561, 1069, 563, 563, 1069, 1070, 563, 1070, 565, 565, 1070, 335, 565, 335, 333, 1070, 1071, 335, 335, 1071, 337, 337, 1071, 339, 339, 1071, 1072, 339, 1072, 341, 341, 1072, 1073, 341, 1073, 343, 343, 1073, 345, 345, 1073, 1074, 345, 1074, 347, 347, 1074, 349, 349, 1074, 1075, 349, 1075, 351, 351, 1075, 1076, 351, 1076, 353, 353, 1076, 355, 355, 1076, 1077, 355, 1077, 629, 629, 1077, 631, 631, 1077, 1078, 631, 1078, 633, 633, 1078, 1079, 633, 1079, 635, 635, 1079, 637, 637, 1079, 1080, 637, 1080, 639, 639, 1080, 641, 641, 1080, 1081, 641, 1081, 643, 643, 1081, 645, 645, 1081, 1082, 645, 1082, 647, 647, 1082, 1083, 647, 1083, 577, 577, 1083, 275, 577, 275, 579, 579, 275, 273, 579, 273, 581, 581, 273, 271, 581, 271, 583, 583, 271, 269, 583, 269, 585, 585, 269, 267, 585, 267, 587, 587, 267, 265, 587, 265, 589, 589, 265, 263, 589, 263, 591, 591, 263, 261, 591, 261, 593, 593, 261, 259, 593, 259, 595, 595, 259, 257, 595, 257, 597, 597, 257, 255, 597, 255, 599, 599, 255, 253, 599, 253, 713, 713, 253, 251, 713, 251, 715, 715, 251, 249, 715, 249, 717, 717, 249, 247, 717, 247, 719, 719, 247, 245, 719, 245, 187, 187, 245, 189, 189, 245, 243, 189, 243, 191, 191, 243, 241, 191, 241, 193, 193, 241, 239, 193, 239, 195, 195, 239, 237, 195, 237, 197, 197, 237, 235, 197, 235, 199, 199, 235, 233, 199, 233, 201, 201, 233, 231, 201, 231, 203, 203, 231, 229, 203, 229, 205, 205, 229, 227, 205, 227, 207, 207, 227, 225, 207, 225, 209, 209, 225, 223, 209, 223, 1084, 1084, 223, 1085, 1085, 223, 221, 1085, 221, 219, 1083, 1086, 275, 275, 1086, 277, 277, 1086, 279, 279, 1086, 1087, 279, 1087, 281, 281, 1087, 1088, 281, 1088, 283, 283, 1088, 285, 285, 1088, 1089, 285, 1089, 287, 287, 1089, 217, 217, 1089, 1090, 217, 1090, 219, 219, 1090, 1085, 209, 1084, 211, 211, 1084, 1091, 211, 1091, 213, 213, 1091, 1092, 213, 1092, 215, 215, 1092, 145, 145, 1092, 1016, 865, 935, 677, 677, 935, 679, 679, 935, 933, 679, 933, 681, 681, 933, 931, 681, 931, 683, 683, 931, 929, 683, 929, 439, 439, 929, 441, 441, 929, 927, 441, 927, 443, 443, 927, 925, 443, 925, 445, 445, 925, 923, 445, 923, 447, 447, 923, 921, 447, 921, 449, 449, 921, 919, 449, 919, 451, 451, 919, 917, 451, 917, 453, 453, 917, 915, 453, 915, 455, 455, 915, 913, 455, 913, 457, 457, 913, 911, 457, 911, 459, 459, 911, 909, 459, 909, 461, 461, 909, 907, 793, 105, 795, 795, 105, 103, 795, 103, 797, 797, 103, 101, 797, 101, 799, 799, 101, 99, 799, 99, 801, 801, 99, 97, 105, 793, 107, 107, 793, 863, 107, 863, 109, 109, 863, 861, 109, 861, 111, 111, 861, 859, 111, 859, 113, 113, 859, 857, 113, 857, 115, 115, 857, 855, 115, 855, 117, 117, 855, 853, 117, 853, 119, 119, 853, 667, 119, 667, 121, 121, 667, 665, 121, 665, 123, 123, 665, 663, 123, 663, 125, 125, 663, 661, 125, 661, 127, 127, 661, 761, 127, 761, 759, 853, 851, 667, 667, 851, 849, 667, 849, 669, 669, 849, 847, 669, 847, 671, 671, 847, 845, 157, 789, 159, 159, 789, 787, 159, 787, 161, 161, 787, 785, 161, 785, 163, 163, 785, 783, 163, 783, 165, 165, 783, 781, 165, 781, 167, 167, 781, 779, 167, 779, 169, 169, 779, 777, 169, 777, 171, 171, 777, 775, 171, 775, 173, 173, 775, 773, 173, 773, 175, 175, 773, 771, 175, 771, 177, 177, 771, 769, 177, 769, 179, 179, 769, 655, 179, 655, 181, 181, 655, 653, 181, 653, 183, 183, 653, 651, 183, 651, 185, 185, 651, 649, 185, 649, 187, 187, 649, 719, 769, 767, 655, 655, 767, 657, 657, 767, 765, 657, 765, 659, 659, 765, 763, 659, 763, 661, 661, 763, 761, 127, 759, 129, 129, 759, 757, 129, 757, 131, 131, 757, 755, 131, 755, 133, 133, 755, 753, 133, 753, 135, 135, 753, 751, 135, 751, 137, 137, 751, 749, 137, 749, 139, 139, 749, 747, 139, 747, 141, 141, 747, 745, 141, 745, 143, 143, 745, 743, 143, 743, 73, 73, 743, 741, 73, 741, 75, 75, 741, 739, 75, 739, 77, 599, 713, 601, 601, 713, 711, 601, 711, 603, 603, 711, 709, 603, 709, 605, 605, 709, 707, 605, 707, 607, 607, 707, 305, 607, 305, 609, 609, 305, 303, 609, 303, 611, 611, 303, 301, 611, 301, 613, 613, 301, 299, 613, 299, 615, 615, 299, 297, 615, 297, 617, 617, 297, 295, 617, 295, 619, 619, 295, 293, 619, 293, 621, 621, 293, 291, 621, 291, 623, 623, 291, 289, 623, 289, 625, 625, 289, 359, 625, 359, 627, 627, 359, 357, 627, 357, 629, 629, 357, 355, 305, 707, 307, 307, 707, 705, 307, 705, 309, 309, 705, 311, 311, 705, 703, 311, 703, 313, 313, 703, 515, 313, 515, 513, 515, 703, 517, 517, 703, 701, 517, 701, 519, 519, 701, 699, 519, 699, 521, 521, 699, 697, 521, 697, 523, 523, 697, 365, 523, 365, 363, 365, 697, 367, 367, 697, 695, 367, 695, 369, 369, 695, 693, 369, 693, 371, 371, 693, 691, 371, 691, 373, 373, 691, 503, 373, 503, 501, 503, 691, 433, 433, 691, 689, 433, 689, 435, 435, 689, 687, 435, 687, 437, 437, 687, 685, 437, 685, 439, 439, 685, 683, 505, 321, 507, 507, 321, 319, 507, 319, 509, 509, 319, 317, 509, 317, 511, 511, 317, 315, 511, 315, 513, 513, 315, 313, 321, 505, 323, 323, 505, 575, 323, 575, 325, 325, 575, 573, 325, 573, 327, 327, 573, 571, 327, 571, 329, 329, 571, 569, 329, 569, 331, 331, 569, 567, 331, 567, 333, 333, 567, 565, 545, 543, 415, 415, 543, 417, 417, 543, 541, 417, 541, 419, 419, 541, 539, 419, 539, 421, 421, 539, 537, 421, 537, 423, 423, 537, 535, 423, 535, 425, 425, 535, 533, 425, 533, 427, 427, 533, 531, 427, 531, 429, 429, 531, 529, 429, 529, 431, 431, 529, 527, 431, 527, 361, 361, 527, 525, 361, 525, 363, 363, 525, 523, 373, 501, 375, 375, 501, 499, 375, 499, 377, 377, 499, 497, 377, 497, 379, 379, 497, 495, 379, 495, 381, 381, 495, 493, 381, 493, 383, 383, 493, 491, 383, 491, 385, 385, 491, 489, 385, 489, 387, 387, 489, 487, 387, 487, 389, 389, 487, 485, 389, 485, 391, 391, 485, 483, 391, 483, 393, 393, 483, 481, 33, 31, 1044, 1044, 31, 29, 1044, 29, 27, 27, 25, 1044, 1044, 25, 23, 1044, 23, 21, 1093, 1055, 1094, 1094, 1055, 1054, 1094, 1054, 1095, 1095, 1054, 1053, 1095, 1053, 1096, 1096, 1053, 1052, 1096, 1052, 1097, 1097, 1052, 1051, 1097, 1051, 1098, 1098, 1051, 1050, 1098, 1050, 1099, 1099, 1050, 1049, 1099, 1049, 1100, 1100, 1049, 1048, 1100, 1048, 1101, 1101, 1048, 1047, 1101, 1047, 1102, 1102, 1047, 1046, 1102, 1046, 1103, 1103, 1046, 1045, 1103, 1045, 1104, 1104, 1045, 1044, 1104, 1044, 1105, 1105, 1044, 1043, 1105, 1043, 1106, 1106, 1043, 1042, 1106, 1042, 1107, 1107, 1042, 1041, 1107, 1041, 1108, 1108, 1041, 1040, 1108, 1040, 1109, 1109, 1040, 1039, 1109, 1039, 1110, 1110, 1039, 1038, 1110, 1038, 1111, 1111, 1038, 1037, 1111, 1037, 1112, 1112, 1037, 1036, 1112, 1036, 1113, 1113, 1036, 1035, 1113, 1035, 1114, 1114, 1035, 1034, 1114, 1034, 1115, 1115, 1034, 1033, 1115, 1033, 1116, 1116, 1033, 1032, 1116, 1032, 1117, 1117, 1032, 1031, 1117, 1031, 1118, 1118, 1031, 1030, 1118, 1030, 1119, 1119, 1030, 1029, 1119, 1029, 1120, 1120, 1029, 1028, 1120, 1028, 1121, 1121, 1028, 1027, 1121, 1027, 1122, 1122, 1027, 1026, 1122, 1026, 1123, 1123, 1026, 1025, 1123, 1025, 1124, 1124, 1025, 1024, 1124, 1024, 1125, 1125, 1024, 1023, 1125, 1023, 1126, 1126, 1023, 1022, 1126, 1022, 1127, 1127, 1022, 1021, 1127, 1021, 1128, 1128, 1021, 1020, 1128, 1020, 1129, 1129, 1020, 1019, 1129, 1019, 1130, 1130, 1019, 1018, 1130, 1018, 1131, 1131, 1018, 1017, 1131, 1017, 1132, 1132, 1017, 1015, 1132, 1015, 1133, 1133, 1015, 1016, 1133, 1016, 1134, 1134, 1016, 1092, 1134, 1092, 1135, 1135, 1092, 1091, 1135, 1091, 1136, 1136, 1091, 1084, 1136, 1084, 1137, 1137, 1084, 1085, 1137, 1085, 1138, 1138, 1085, 1090, 1138, 1090, 1139, 1139, 1090, 1089, 1139, 1089, 1140, 1140, 1089, 1088, 1140, 1088, 1141, 1141, 1088, 1087, 1141, 1087, 1142, 1142, 1087, 1086, 1142, 1086, 1143, 1143, 1086, 1083, 1143, 1083, 1144, 1144, 1083, 1082, 1144, 1082, 1145, 1145, 1082, 1081, 1145, 1081, 1146, 1146, 1081, 1080, 1146, 1080, 1147, 1147, 1080, 1079, 1147, 1079, 1148, 1148, 1079, 1078, 1148, 1078, 1149, 1149, 1078, 1077, 1149, 1077, 1150, 1150, 1077, 1076, 1150, 1076, 1151, 1151, 1076, 1075, 1151, 1075, 1152, 1152, 1075, 1074, 1152, 1074, 1153, 1153, 1074, 1073, 1153, 1073, 1154, 1154, 1073, 1072, 1154, 1072, 1155, 1155, 1072, 1071, 1155, 1071, 1156, 1156, 1071, 1070, 1156, 1070, 1157, 1157, 1070, 1069, 1157, 1069, 1158, 1158, 1069, 1068, 1158, 1068, 1159, 1159, 1068, 1067, 1159, 1067, 1160, 1160, 1067, 1066, 1160, 1066, 1161, 1161, 1066, 1065, 1161, 1065, 1162, 1162, 1065, 1064, 1162, 1064, 1163, 1163, 1064, 1063, 1163, 1063, 1164, 1164, 1063, 1062, 1164, 1062, 1165, 1165, 1062, 1061, 1165, 1061, 1166, 1166, 1061, 1060, 1166, 1060, 1167, 1167, 1060, 1059, 1167, 1059, 1168, 1168, 1059, 1058, 1168, 1058, 1169, 1169, 1058, 1057, 1169, 1057, 1170, 1170, 1057, 1056, 1170, 1056, 1093, 1093, 1056, 1055, 1171, 1172, 1173, 1173, 1172, 1174, 1173, 1174, 1175, 1172, 1171, 1176, 1176, 1171, 1177, 1176, 1177, 1178, 1178, 1177, 1179, 1178, 1179, 1180, 1180, 1179, 1181, 1180, 1181, 1182, 1182, 1181, 1183, 1182, 1183, 1184, 1184, 1183, 1185, 1184, 1185, 1186, 1186, 1185, 1187, 1186, 1187, 1188, 1188, 1187, 1189, 1188, 1189, 1190, 1190, 1189, 1191, 1190, 1191, 1192, 1192, 1191, 1193, 1192, 1193, 1194, 1194, 1193, 1195, 1194, 1195, 1196, 1196, 1195, 1197, 1196, 1197, 1198, 1198, 1197, 1199, 1198, 1199, 1200, 1200, 1199, 1201, 1200, 1201, 1202, 1202, 1201, 1203, 1202, 1203, 1204, 1204, 1203, 1205, 1204, 1205, 1206, 1206, 1205, 1207, 1206, 1207, 1208, 1208, 1207, 1209, 1208, 1209, 1210, 1210, 1209, 1211, 1210, 1211, 1212, 1212, 1211, 1213, 1212, 1213, 1214, 1214, 1213, 1215, 1214, 1215, 1216, 1216, 1215, 1217, 1216, 1217, 1218, 1218, 1217, 1219, 1218, 1219, 1220, 1220, 1219, 1221, 1220, 1221, 1222, 1222, 1221, 1223, 1222, 1223, 1224, 1224, 1223, 1225, 1224, 1225, 1226, 1226, 1225, 1227, 1226, 1227, 1228, 1228, 1227, 1229, 1228, 1229, 1230, 1230, 1229, 1231, 1230, 1231, 1232, 1232, 1231, 1233, 1232, 1233, 1234, 1234, 1233, 1235, 1234, 1235, 1236, 1236, 1235, 1237, 1236, 1237, 1238, 1238, 1237, 1239, 1238, 1239, 1240, 1240, 1239, 1241, 1240, 1241, 1242, 1242, 1241, 1243, 1242, 1243, 1244, 1244, 1243, 1245, 1244, 1245, 1246, 1246, 1245, 1247, 1246, 1247, 1248, 1248, 1247, 1249, 1248, 1249, 1250, 1250, 1249, 1251, 1250, 1251, 1252, 1252, 1251, 1253, 1252, 1253, 1254, 1254, 1253, 1255, 1254, 1255, 1256, 1256, 1255, 1257, 1256, 1257, 1258, 1258, 1257, 1259, 1258, 1259, 1260, 1260, 1259, 1261, 1260, 1261, 1262, 1262, 1261, 1263, 1262, 1263, 1264, 1264, 1263, 1265, 1264, 1265, 1266, 1266, 1265, 1267, 1266, 1267, 1268, 1268, 1267, 1269, 1268, 1269, 1270, 1270, 1269, 1271, 1270, 1271, 1272, 1272, 1271, 1273, 1273, 1271, 1274, 1273, 1274, 1275, 1275, 1274, 1276, 1275, 1276, 1277, 1277, 1276, 1278, 1277, 1278, 1279, 1279, 1278, 1280, 1279, 1280, 1281, 1281, 1280, 1282, 1281, 1282, 1283, 1283, 1282, 1284, 1283, 1284, 1285, 1285, 1284, 1286, 1285, 1286, 1287, 1287, 1286, 1288, 1287, 1288, 1289, 1289, 1288, 1290, 1289, 1290, 1291, 1291, 1290, 1292, 1291, 1292, 1293, 1293, 1292, 1294, 1293, 1294, 1295, 1295, 1294, 1296, 1295, 1296, 1297, 1297, 1296, 1298, 1297, 1298, 1299, 1299, 1298, 1300, 1299, 1300, 1301, 1301, 1300, 1302, 1301, 1302, 1303, 1303, 1302, 1304, 1303, 1304, 1305, 1305, 1304, 1306, 1305, 1306, 1307, 1307, 1306, 1308, 1307, 1308, 1309, 1309, 1308, 1310, 1309, 1310, 1311, 1311, 1310, 1312, 1311, 1312, 1313, 1313, 1312, 1314, 1313, 1314, 1315, 1315, 1314, 1316, 1315, 1316, 1317, 1317, 1316, 1318, 1317, 1318, 1319, 1319, 1318, 1320, 1319, 1320, 1321, 1321, 1320, 1322, 1321, 1322, 1323, 1323, 1322, 1324, 1323, 1324, 1325, 1325, 1324, 1326, 1325, 1326, 1327, 1327, 1326, 1328, 1327, 1328, 1329, 1329, 1328, 1330, 1329, 1330, 1331, 1331, 1330, 1332, 1331, 1332, 1333, 1333, 1332, 1334, 1333, 1334, 1335, 1335, 1334, 1336, 1335, 1336, 1337, 1337, 1336, 1338, 1337, 1338, 1339, 1339, 1338, 1340, 1339, 1340, 1341, 1341, 1340, 1342, 1341, 1342, 1343, 1343, 1342, 1344, 1343, 1344, 1345, 1345, 1344, 1346, 1345, 1346, 1347, 1347, 1346, 1348, 1347, 1348, 1349, 1349, 1348, 1350, 1349, 1350, 1351, 1351, 1350, 1352, 1351, 1352, 1353, 1353, 1352, 1354, 1353, 1354, 1355, 1355, 1354, 1356, 1355, 1356, 1357, 1357, 1356, 1358, 1357, 1358, 1359, 1359, 1358, 1360, 1359, 1360, 1361, 1361, 1360, 1362, 1361, 1362, 1363, 1363, 1362, 1364, 1363, 1364, 1365, 1365, 1364, 1366, 1365, 1366, 1367, 1367, 1366, 1368, 1367, 1368, 1369, 1369, 1368, 1370, 1369, 1370, 1175, 1175, 1370, 1173, 1172, 1371, 1174, 1174, 1371, 1372, 1174, 1372, 1175, 1175, 1372, 1373, 1175, 1373, 1369, 1369, 1373, 1374, 1369, 1374, 1367, 1367, 1374, 1375, 1367, 1375, 1365, 1365, 1375, 1376, 1365, 1376, 1363, 1363, 1376, 1377, 1363, 1377, 1361, 1361, 1377, 1378, 1361, 1378, 1359, 1359, 1378, 1379, 1359, 1379, 1357, 1357, 1379, 1380, 1357, 1380, 1355, 1355, 1380, 1381, 1355, 1381, 1353, 1353, 1381, 1382, 1353, 1382, 1351, 1351, 1382, 1383, 1351, 1383, 1349, 1349, 1383, 1384, 1349, 1384, 1347, 1347, 1384, 1385, 1347, 1385, 1345, 1345, 1385, 1386, 1345, 1386, 1343, 1343, 1386, 1387, 1343, 1387, 1341, 1341, 1387, 1388, 1341, 1388, 1339, 1339, 1388, 1389, 1339, 1389, 1337, 1337, 1389, 1390, 1337, 1390, 1335, 1335, 1390, 1391, 1335, 1391, 1333, 1333, 1391, 1392, 1333, 1392, 1331, 1331, 1392, 1393, 1331, 1393, 1329, 1329, 1393, 1394, 1329, 1394, 1327, 1327, 1394, 1395, 1327, 1395, 1325, 1325, 1395, 1396, 1325, 1396, 1323, 1323, 1396, 1397, 1323, 1397, 1321, 1321, 1397, 1398, 1321, 1398, 1319, 1319, 1398, 1399, 1319, 1399, 1317, 1317, 1399, 1400, 1317, 1400, 1315, 1315, 1400, 1401, 1315, 1401, 1313, 1313, 1401, 1402, 1313, 1402, 1311, 1311, 1402, 1403, 1311, 1403, 1309, 1309, 1403, 1404, 1309, 1404, 1307, 1307, 1404, 1405, 1307, 1405, 1305, 1305, 1405, 1406, 1305, 1406, 1303, 1303, 1406, 1407, 1303, 1407, 1301, 1301, 1407, 1408, 1301, 1408, 1299, 1299, 1408, 1409, 1299, 1409, 1297, 1297, 1409, 1410, 1297, 1410, 1295, 1295, 1410, 1411, 1295, 1411, 1293, 1293, 1411, 1412, 1293, 1412, 1291, 1291, 1412, 1413, 1291, 1413, 1289, 1289, 1413, 1414, 1289, 1414, 1287, 1287, 1414, 1415, 1287, 1415, 1285, 1285, 1415, 1416, 1285, 1416, 1283, 1283, 1416, 1417, 1283, 1417, 1281, 1281, 1417, 1418, 1281, 1418, 1279, 1279, 1418, 1419, 1279, 1419, 1277, 1277, 1419, 1420, 1277, 1420, 1275, 1275, 1420, 1421, 1275, 1421, 1273, 1273, 1421, 1422, 1273, 1422, 1272, 1272, 1422, 1423, 1272, 1423, 1270, 1270, 1423, 1424, 1270, 1424, 1268, 1268, 1424, 1425, 1268, 1425, 1266, 1266, 1425, 1426, 1266, 1426, 1264, 1264, 1426, 1427, 1264, 1427, 1262, 1262, 1427, 1428, 1262, 1428, 1260, 1260, 1428, 1429, 1260, 1429, 1258, 1258, 1429, 1430, 1258, 1430, 1256, 1256, 1430, 1431, 1256, 1431, 1254, 1254, 1431, 1432, 1254, 1432, 1252, 1252, 1432, 1433, 1252, 1433, 1250, 1250, 1433, 1434, 1250, 1434, 1248, 1248, 1434, 1435, 1248, 1435, 1246, 1246, 1435, 1436, 1246, 1436, 1244, 1244, 1436, 1437, 1244, 1437, 1242, 1242, 1437, 1438, 1242, 1438, 1240, 1240, 1438, 1439, 1240, 1439, 1238, 1238, 1439, 1440, 1238, 1440, 1236, 1236, 1440, 1441, 1236, 1441, 1234, 1234, 1441, 1442, 1234, 1442, 1232, 1232, 1442, 1443, 1232, 1443, 1230, 1230, 1443, 1444, 1230, 1444, 1228, 1228, 1444, 1445, 1228, 1445, 1226, 1226, 1445, 1446, 1226, 1446, 1224, 1224, 1446, 1447, 1224, 1447, 1222, 1222, 1447, 1448, 1222, 1448, 1220, 1220, 1448, 1449, 1220, 1449, 1218, 1218, 1449, 1450, 1218, 1450, 1216, 1216, 1450, 1451, 1216, 1451, 1214, 1214, 1451, 1452, 1214, 1452, 1212, 1212, 1452, 1453, 1212, 1453, 1210, 1210, 1453, 1454, 1210, 1454, 1208, 1208, 1454, 1455, 1208, 1455, 1206, 1206, 1455, 1456, 1206, 1456, 1204, 1204, 1456, 1457, 1204, 1457, 1202, 1202, 1457, 1458, 1202, 1458, 1200, 1200, 1458, 1459, 1200, 1459, 1198, 1198, 1459, 1460, 1198, 1460, 1196, 1196, 1460, 1461, 1196, 1461, 1194, 1194, 1461, 1462, 1194, 1462, 1192, 1192, 1462, 1463, 1192, 1463, 1190, 1190, 1463, 1464, 1190, 1464, 1188, 1188, 1464, 1465, 1188, 1465, 1186, 1186, 1465, 1466, 1186, 1466, 1184, 1184, 1466, 1467, 1184, 1467, 1182, 1182, 1467, 1468, 1182, 1468, 1180, 1180, 1468, 1469, 1180, 1469, 1178, 1178, 1469, 1470, 1178, 1470, 1176, 1176, 1470, 1471, 1176, 1471, 1172, 1172, 1471, 1371, 1372, 1371, 1472, 1472, 1371, 1471, 1472, 1471, 1473, 1473, 1471, 1470, 1473, 1470, 1474, 1474, 1470, 1469, 1474, 1469, 1475, 1475, 1469, 1468, 1475, 1468, 1476, 1476, 1468, 1467, 1476, 1467, 1466, 1476, 1466, 1477, 1477, 1466, 1465, 1477, 1465, 1478, 1478, 1465, 1464, 1478, 1464, 1479, 1479, 1464, 1463, 1479, 1463, 1462, 1479, 1462, 1480, 1480, 1462, 1461, 1480, 1461, 1481, 1481, 1461, 1460, 1481, 1460, 1482, 1482, 1460, 1459, 1482, 1459, 1483, 1483, 1459, 1458, 1483, 1458, 1457, 1483, 1457, 1484, 1484, 1457, 1456, 1484, 1456, 1485, 1485, 1456, 1455, 1485, 1455, 1486, 1486, 1455, 1454, 1486, 1454, 1453, 1486, 1453, 1487, 1487, 1453, 1452, 1487, 1452, 1488, 1488, 1452, 1451, 1488, 1451, 1489, 1489, 1451, 1450, 1489, 1450, 1490, 1490, 1450, 1449, 1490, 1449, 1448, 1490, 1448, 1491, 1491, 1448, 1447, 1491, 1447, 1492, 1492, 1447, 1446, 1492, 1446, 1493, 1493, 1446, 1445, 1493, 1445, 1494, 1494, 1445, 1444, 1494, 1444, 1443, 1494, 1443, 1495, 1495, 1443, 1442, 1495, 1442, 1496, 1496, 1442, 1441, 1496, 1441, 1497, 1497, 1441, 1440, 1497, 1440, 1439, 1497, 1439, 1498, 1498, 1439, 1438, 1498, 1438, 1499, 1499, 1438, 1437, 1499, 1437, 1500, 1500, 1437, 1436, 1500, 1436, 1501, 1501, 1436, 1435, 1501, 1435, 1434, 1501, 1434, 1502, 1502, 1434, 1433, 1502, 1433, 1503, 1503, 1433, 1432, 1503, 1432, 1504, 1504, 1432, 1431, 1504, 1431, 1430, 1504, 1430, 1505, 1505, 1430, 1429, 1505, 1429, 1506, 1506, 1429, 1428, 1506, 1428, 1507, 1507, 1428, 1427, 1507, 1427, 1508, 1508, 1427, 1426, 1508, 1426, 1425, 1508, 1425, 1509, 1509, 1425, 1424, 1509, 1424, 1510, 1510, 1424, 1423, 1510, 1423, 1511, 1511, 1423, 1422, 1511, 1422, 1421, 1511, 1421, 1512, 1512, 1421, 1420, 1512, 1420, 1513, 1513, 1420, 1419, 1513, 1419, 1514, 1514, 1419, 1418, 1514, 1418, 1515, 1515, 1418, 1417, 1515, 1417, 1416, 1515, 1416, 1516, 1516, 1416, 1415, 1516, 1415, 1517, 1517, 1415, 1414, 1517, 1414, 1518, 1518, 1414, 1413, 1518, 1413, 1519, 1519, 1413, 1412, 1519, 1412, 1411, 1519, 1411, 1520, 1520, 1411, 1410, 1520, 1410, 1521, 1521, 1410, 1409, 1521, 1409, 1522, 1522, 1409, 1408, 1522, 1408, 1407, 1522, 1407, 1523, 1523, 1407, 1406, 1523, 1406, 1524, 1524, 1406, 1405, 1524, 1405, 1525, 1525, 1405, 1404, 1525, 1404, 1526, 1526, 1404, 1403, 1526, 1403, 1402, 1526, 1402, 1527, 1527, 1402, 1401, 1527, 1401, 1528, 1528, 1401, 1400, 1528, 1400, 1529, 1529, 1400, 1399, 1529, 1399, 1398, 1529, 1398, 1530, 1530, 1398, 1397, 1530, 1397, 1531, 1531, 1397, 1396, 1531, 1396, 1532, 1532, 1396, 1395, 1532, 1395, 1533, 1533, 1395, 1394, 1533, 1394, 1393, 1533, 1393, 1534, 1534, 1393, 1392, 1534, 1392, 1535, 1535, 1392, 1391, 1535, 1391, 1536, 1536, 1391, 1390, 1536, 1390, 1537, 1537, 1390, 1389, 1537, 1389, 1388, 1537, 1388, 1538, 1538, 1388, 1387, 1538, 1387, 1539, 1539, 1387, 1386, 1539, 1386, 1540, 1540, 1386, 1385, 1540, 1385, 1384, 1540, 1384, 1541, 1541, 1384, 1383, 1541, 1383, 1542, 1542, 1383, 1382, 1542, 1382, 1543, 1543, 1382, 1381, 1543, 1381, 1544, 1544, 1381, 1380, 1544, 1380, 1379, 1544, 1379, 1545, 1545, 1379, 1378, 1545, 1378, 1546, 1546, 1378, 1377, 1546, 1377, 1547, 1547, 1377, 1376, 1547, 1376, 1375, 1547, 1375, 1548, 1548, 1375, 1374, 1548, 1374, 1549, 1549, 1374, 1373, 1549, 1373, 1550, 1550, 1373, 1372, 1550, 1372, 1472, 1473, 1551, 1472, 1472, 1551, 1552, 1472, 1552, 1550, 1550, 1552, 1553, 1550, 1553, 1549, 1549, 1553, 1554, 1549, 1554, 1548, 1548, 1554, 1555, 1548, 1555, 1547, 1547, 1555, 1556, 1547, 1556, 1546, 1546, 1556, 1557, 1546, 1557, 1545, 1545, 1557, 1558, 1545, 1558, 1544, 1544, 1558, 1559, 1544, 1559, 1543, 1543, 1559, 1560, 1543, 1560, 1542, 1542, 1560, 1561, 1542, 1561, 1541, 1541, 1561, 1562, 1541, 1562, 1540, 1540, 1562, 1563, 1540, 1563, 1539, 1539, 1563, 1564, 1539, 1564, 1538, 1538, 1564, 1565, 1538, 1565, 1537, 1537, 1565, 1566, 1537, 1566, 1536, 1536, 1566, 1567, 1536, 1567, 1535, 1535, 1567, 1568, 1535, 1568, 1534, 1534, 1568, 1569, 1534, 1569, 1533, 1533, 1569, 1570, 1533, 1570, 1532, 1532, 1570, 1571, 1532, 1571, 1531, 1531, 1571, 1572, 1531, 1572, 1530, 1530, 1572, 1573, 1530, 1573, 1529, 1529, 1573, 1574, 1529, 1574, 1528, 1528, 1574, 1575, 1528, 1575, 1527, 1527, 1575, 1576, 1527, 1576, 1526, 1526, 1576, 1577, 1526, 1577, 1525, 1525, 1577, 1578, 1525, 1578, 1524, 1524, 1578, 1579, 1524, 1579, 1523, 1523, 1579, 1580, 1523, 1580, 1522, 1522, 1580, 1581, 1522, 1581, 1521, 1521, 1581, 1582, 1521, 1582, 1520, 1520, 1582, 1583, 1520, 1583, 1519, 1519, 1583, 1584, 1519, 1584, 1518, 1518, 1584, 1585, 1518, 1585, 1517, 1517, 1585, 1586, 1517, 1586, 1516, 1516, 1586, 1587, 1516, 1587, 1515, 1515, 1587, 1588, 1515, 1588, 1514, 1514, 1588, 1589, 1514, 1589, 1513, 1513, 1589, 1590, 1513, 1590, 1512, 1512, 1590, 1591, 1512, 1591, 1511, 1511, 1591, 1592, 1511, 1592, 1510, 1510, 1592, 1593, 1510, 1593, 1509, 1509, 1593, 1594, 1509, 1594, 1508, 1508, 1594, 1595, 1508, 1595, 1507, 1507, 1595, 1596, 1507, 1596, 1506, 1506, 1596, 1597, 1506, 1597, 1505, 1505, 1597, 1598, 1505, 1598, 1504, 1504, 1598, 1599, 1504, 1599, 1503, 1503, 1599, 1600, 1503, 1600, 1502, 1502, 1600, 1601, 1502, 1601, 1501, 1501, 1601, 1602, 1501, 1602, 1500, 1500, 1602, 1603, 1500, 1603, 1499, 1499, 1603, 1604, 1499, 1604, 1498, 1498, 1604, 1605, 1498, 1605, 1497, 1497, 1605, 1606, 1497, 1606, 1496, 1496, 1606, 1607, 1496, 1607, 1495, 1495, 1607, 1608, 1495, 1608, 1494, 1494, 1608, 1609, 1494, 1609, 1493, 1493, 1609, 1610, 1493, 1610, 1492, 1492, 1610, 1611, 1492, 1611, 1491, 1491, 1611, 1612, 1491, 1612, 1490, 1490, 1612, 1613, 1490, 1613, 1489, 1489, 1613, 1614, 1489, 1614, 1488, 1488, 1614, 1615, 1488, 1615, 1487, 1487, 1615, 1616, 1487, 1616, 1486, 1486, 1616, 1617, 1486, 1617, 1485, 1485, 1617, 1618, 1485, 1618, 1484, 1484, 1618, 1619, 1484, 1619, 1483, 1483, 1619, 1620, 1483, 1620, 1482, 1482, 1620, 1621, 1482, 1621, 1481, 1481, 1621, 1622, 1481, 1622, 1480, 1480, 1622, 1623, 1480, 1623, 1479, 1479, 1623, 1624, 1479, 1624, 1478, 1478, 1624, 1625, 1478, 1625, 1477, 1477, 1625, 1626, 1477, 1626, 1476, 1476, 1626, 1627, 1476, 1627, 1475, 1475, 1627, 1628, 1475, 1628, 1474, 1474, 1628, 1629, 1474, 1629, 1473, 1473, 1629, 1551, 1552, 1551, 1630, 1630, 1551, 1629, 1630, 1629, 1631, 1631, 1629, 1628, 1631, 1628, 1632, 1632, 1628, 1627, 1632, 1627, 1633, 1633, 1627, 1626, 1633, 1626, 1634, 1634, 1626, 1625, 1634, 1625, 1635, 1635, 1625, 1624, 1635, 1624, 1636, 1636, 1624, 1623, 1636, 1623, 1637, 1637, 1623, 1622, 1637, 1622, 1638, 1638, 1622, 1621, 1638, 1621, 1639, 1639, 1621, 1620, 1639, 1620, 1640, 1640, 1620, 1619, 1640, 1619, 1641, 1641, 1619, 1618, 1641, 1618, 1642, 1642, 1618, 1617, 1642, 1617, 1643, 1643, 1617, 1616, 1643, 1616, 1644, 1644, 1616, 1615, 1644, 1615, 1645, 1645, 1615, 1614, 1645, 1614, 1646, 1646, 1614, 1613, 1646, 1613, 1647, 1647, 1613, 1612, 1647, 1612, 1648, 1648, 1612, 1611, 1648, 1611, 1649, 1649, 1611, 1610, 1649, 1610, 1650, 1650, 1610, 1609, 1650, 1609, 1651, 1651, 1609, 1608, 1651, 1608, 1652, 1652, 1608, 1607, 1652, 1607, 1653, 1653, 1607, 1606, 1653, 1606, 1654, 1654, 1606, 1605, 1654, 1605, 1655, 1655, 1605, 1604, 1655, 1604, 1656, 1656, 1604, 1603, 1656, 1603, 1657, 1657, 1603, 1602, 1657, 1602, 1658, 1658, 1602, 1601, 1658, 1601, 1659, 1659, 1601, 1600, 1659, 1600, 1660, 1660, 1600, 1599, 1660, 1599, 1661, 1661, 1599, 1598, 1661, 1598, 1662, 1662, 1598, 1597, 1662, 1597, 1663, 1663, 1597, 1596, 1663, 1596, 1664, 1664, 1596, 1595, 1664, 1595, 1665, 1665, 1595, 1594, 1665, 1594, 1666, 1666, 1594, 1593, 1666, 1593, 1667, 1667, 1593, 1592, 1667, 1592, 1668, 1668, 1592, 1591, 1668, 1591, 1669, 1669, 1591, 1590, 1669, 1590, 1670, 1670, 1590, 1589, 1670, 1589, 1671, 1671, 1589, 1588, 1671, 1588, 1672, 1672, 1588, 1587, 1672, 1587, 1673, 1673, 1587, 1586, 1673, 1586, 1674, 1674, 1586, 1585, 1674, 1585, 1675, 1675, 1585, 1584, 1675, 1584, 1676, 1676, 1584, 1583, 1676, 1583, 1677, 1677, 1583, 1582, 1677, 1582, 1678, 1678, 1582, 1581, 1678, 1581, 1679, 1679, 1581, 1580, 1679, 1580, 1680, 1680, 1580, 1579, 1680, 1579, 1681, 1681, 1579, 1578, 1681, 1578, 1682, 1682, 1578, 1577, 1682, 1577, 1683, 1683, 1577, 1576, 1683, 1576, 1684, 1684, 1576, 1575, 1684, 1575, 1685, 1685, 1575, 1574, 1685, 1574, 1686, 1686, 1574, 1573, 1686, 1573, 1687, 1687, 1573, 1572, 1687, 1572, 1688, 1688, 1572, 1571, 1688, 1571, 1689, 1689, 1571, 1570, 1689, 1570, 1690, 1690, 1570, 1569, 1690, 1569, 1691, 1691, 1569, 1568, 1691, 1568, 1692, 1692, 1568, 1567, 1692, 1567, 1693, 1693, 1567, 1566, 1693, 1566, 1694, 1694, 1566, 1565, 1694, 1565, 1695, 1695, 1565, 1564, 1695, 1564, 1696, 1696, 1564, 1563, 1696, 1563, 1697, 1697, 1563, 1562, 1697, 1562, 1698, 1698, 1562, 1561, 1698, 1561, 1699, 1699, 1561, 1560, 1699, 1560, 1700, 1700, 1560, 1559, 1700, 1559, 1701, 1701, 1559, 1558, 1701, 1558, 1702, 1702, 1558, 1557, 1702, 1557, 1703, 1703, 1557, 1556, 1703, 1556, 1704, 1704, 1556, 1555, 1704, 1555, 1705, 1705, 1555, 1554, 1705, 1554, 1706, 1706, 1554, 1553, 1706, 1553, 1707, 1707, 1553, 1552, 1707, 1552, 1630, 1631, 1093, 1630, 1630, 1093, 1094, 1630, 1094, 1707, 1707, 1094, 1095, 1707, 1095, 1706, 1706, 1095, 1096, 1706, 1096, 1705, 1705, 1096, 1097, 1705, 1097, 1704, 1704, 1097, 1098, 1704, 1098, 1703, 1703, 1098, 1099, 1703, 1099, 1702, 1702, 1099, 1100, 1702, 1100, 1701, 1701, 1100, 1101, 1701, 1101, 1700, 1700, 1101, 1102, 1700, 1102, 1699, 1699, 1102, 1103, 1699, 1103, 1698, 1698, 1103, 1104, 1698, 1104, 1697, 1697, 1104, 1105, 1697, 1105, 1696, 1696, 1105, 1106, 1696, 1106, 1695, 1695, 1106, 1107, 1695, 1107, 1694, 1694, 1107, 1108, 1694, 1108, 1693, 1693, 1108, 1109, 1693, 1109, 1692, 1692, 1109, 1110, 1692, 1110, 1691, 1691, 1110, 1111, 1691, 1111, 1690, 1690, 1111, 1112, 1690, 1112, 1689, 1689, 1112, 1113, 1689, 1113, 1688, 1688, 1113, 1114, 1688, 1114, 1687, 1687, 1114, 1115, 1687, 1115, 1686, 1686, 1115, 1116, 1686, 1116, 1685, 1685, 1116, 1117, 1685, 1117, 1684, 1684, 1117, 1118, 1684, 1118, 1683, 1683, 1118, 1119, 1683, 1119, 1682, 1682, 1119, 1120, 1682, 1120, 1681, 1681, 1120, 1121, 1681, 1121, 1680, 1680, 1121, 1122, 1680, 1122, 1679, 1679, 1122, 1123, 1679, 1123, 1678, 1678, 1123, 1124, 1678, 1124, 1677, 1677, 1124, 1125, 1677, 1125, 1676, 1676, 1125, 1126, 1676, 1126, 1675, 1675, 1126, 1127, 1675, 1127, 1674, 1674, 1127, 1128, 1674, 1128, 1673, 1673, 1128, 1129, 1673, 1129, 1672, 1672, 1129, 1130, 1672, 1130, 1671, 1671, 1130, 1131, 1671, 1131, 1670, 1670, 1131, 1132, 1670, 1132, 1669, 1669, 1132, 1133, 1669, 1133, 1668, 1668, 1133, 1134, 1668, 1134, 1667, 1667, 1134, 1135, 1667, 1135, 1666, 1666, 1135, 1136, 1666, 1136, 1665, 1665, 1136, 1137, 1665, 1137, 1664, 1664, 1137, 1138, 1664, 1138, 1663, 1663, 1138, 1139, 1663, 1139, 1662, 1662, 1139, 1140, 1662, 1140, 1661, 1661, 1140, 1141, 1661, 1141, 1660, 1660, 1141, 1142, 1660, 1142, 1659, 1659, 1142, 1143, 1659, 1143, 1658, 1658, 1143, 1144, 1658, 1144, 1657, 1657, 1144, 1145, 1657, 1145, 1656, 1656, 1145, 1146, 1656, 1146, 1655, 1655, 1146, 1147, 1655, 1147, 1654, 1654, 1147, 1148, 1654, 1148, 1653, 1653, 1148, 1149, 1653, 1149, 1652, 1652, 1149, 1150, 1652, 1150, 1651, 1651, 1150, 1151, 1651, 1151, 1650, 1650, 1151, 1152, 1650, 1152, 1649, 1649, 1152, 1153, 1649, 1153, 1648, 1648, 1153, 1154, 1648, 1154, 1647, 1647, 1154, 1155, 1647, 1155, 1646, 1646, 1155, 1156, 1646, 1156, 1645, 1645, 1156, 1157, 1645, 1157, 1644, 1644, 1157, 1158, 1644, 1158, 1643, 1643, 1158, 1159, 1643, 1159, 1642, 1642, 1159, 1160, 1642, 1160, 1641, 1641, 1160, 1161, 1641, 1161, 1640, 1640, 1161, 1162, 1640, 1162, 1639, 1639, 1162, 1163, 1639, 1163, 1638, 1638, 1163, 1164, 1638, 1164, 1637, 1637, 1164, 1165, 1637, 1165, 1636, 1636, 1165, 1166, 1636, 1166, 1635, 1635, 1166, 1167, 1635, 1167, 1634, 1634, 1167, 1168, 1634, 1168, 1633, 1633, 1168, 1169, 1633, 1169, 1632, 1632, 1169, 1170, 1632, 1170, 1631, 1631, 1170, 1093, 1014, 1708, 937, 937, 1708, 1709, 937, 1709, 936, 936, 1709, 1710, 936, 1710, 938, 938, 1710, 1711, 938, 1711, 1712, 1708, 1014, 1713, 1713, 1014, 1013, 1713, 1013, 1714, 1714, 1013, 1715, 1715, 1013, 1012, 1715, 1012, 1716, 1716, 1012, 1011, 1716, 1011, 1717, 1717, 1011, 1010, 1717, 1010, 1718, 1718, 1010, 1009, 1718, 1009, 1719, 1719, 1009, 1720, 1720, 1009, 1008, 1720, 1008, 1721, 1721, 1008, 1007, 1721, 1007, 1722, 1722, 1007, 1006, 1722, 1006, 1723, 1723, 1006, 1005, 1723, 1005, 1724, 1724, 1005, 1725, 1725, 1005, 1004, 1725, 1004, 1726, 1726, 1004, 1003, 1726, 1003, 1727, 1727, 1003, 1002, 1727, 1002, 1728, 1728, 1002, 1001, 1728, 1001, 1729, 1729, 1001, 1730, 1730, 1001, 1000, 1730, 1000, 1731, 1731, 1000, 999, 1731, 999, 1732, 1732, 999, 998, 1732, 998, 1733, 1733, 998, 997, 1733, 997, 1734, 1734, 997, 1735, 1735, 997, 996, 1735, 996, 1736, 1736, 996, 995, 1736, 995, 1737, 1737, 995, 994, 1737, 994, 1738, 1738, 994, 993, 1738, 993, 1739, 1739, 993, 1740, 1740, 993, 992, 1740, 992, 1741, 1741, 992, 991, 1741, 991, 1742, 1742, 991, 990, 1742, 990, 1743, 1743, 990, 989, 1743, 989, 1744, 1744, 989, 1745, 1745, 989, 988, 1745, 988, 1746, 1746, 988, 987, 1746, 987, 1747, 1747, 987, 986, 1747, 986, 1748, 1748, 986, 985, 1748, 985, 1749, 1749, 985, 1750, 1750, 985, 984, 1750, 984, 1751, 1751, 984, 983, 1751, 983, 1752, 1752, 983, 982, 1752, 982, 1753, 1753, 982, 981, 1753, 981, 1754, 1754, 981, 1755, 1755, 981, 980, 1755, 980, 1756, 1756, 980, 979, 1756, 979, 1757, 1757, 979, 978, 1757, 978, 1758, 1758, 978, 977, 1758, 977, 1759, 1759, 977, 1760, 1760, 977, 976, 1760, 976, 1761, 1761, 976, 975, 1761, 975, 1762, 1762, 975, 974, 1762, 974, 1763, 1763, 974, 1764, 1764, 974, 973, 1764, 973, 1765, 1765, 973, 972, 1765, 972, 1766, 1766, 972, 971, 1766, 971, 1767, 1767, 971, 970, 1767, 970, 1768, 1768, 970, 1769, 1769, 970, 969, 1769, 969, 1770, 1770, 969, 968, 1770, 968, 1771, 1771, 968, 967, 1771, 967, 1772, 1772, 967, 966, 1772, 966, 1773, 1773, 966, 1774, 1774, 966, 965, 1774, 965, 1775, 1775, 965, 964, 1775, 964, 1776, 1776, 964, 963, 1776, 963, 1777, 1777, 963, 962, 1777, 962, 1778, 1778, 962, 1779, 1779, 962, 961, 1779, 961, 1780, 1780, 961, 960, 1780, 960, 1781, 1781, 960, 959, 1781, 959, 1782, 1782, 959, 958, 1782, 958, 1783, 1783, 958, 1784, 1784, 958, 957, 1784, 957, 1785, 1785, 957, 956, 1785, 956, 1786, 1786, 956, 955, 1786, 955, 1787, 1787, 955, 954, 1787, 954, 1788, 1788, 954, 1789, 1789, 954, 953, 1789, 953, 1790, 1790, 953, 952, 1790, 952, 1791, 1791, 952, 951, 1791, 951, 1792, 1792, 951, 950, 1792, 950, 1793, 1793, 950, 1794, 1794, 950, 949, 1794, 949, 1795, 1795, 949, 948, 1795, 948, 1796, 1796, 948, 947, 1796, 947, 1797, 1797, 947, 946, 1797, 946, 1798, 1798, 946, 1799, 1799, 946, 945, 1799, 945, 1800, 1800, 945, 944, 1800, 944, 1801, 1801, 944, 943, 1801, 943, 1802, 1802, 943, 942, 1802, 942, 1803, 1803, 942, 1804, 1804, 942, 941, 1804, 941, 1805, 1805, 941, 940, 1805, 940, 1806, 1806, 940, 939, 1806, 939, 1712, 1712, 939, 938, 1762, 1173, 1761, 1761, 1173, 1370, 1761, 1370, 1760, 1760, 1370, 1368, 1760, 1368, 1759, 1759, 1368, 1366, 1759, 1366, 1758, 1758, 1366, 1364, 1758, 1364, 1757, 1757, 1364, 1362, 1757, 1362, 1756, 1756, 1362, 1360, 1756, 1360, 1755, 1755, 1360, 1358, 1755, 1358, 1754, 1754, 1358, 1356, 1754, 1356, 1753, 1753, 1356, 1354, 1753, 1354, 1752, 1752, 1354, 1352, 1752, 1352, 1751, 1751, 1352, 1350, 1751, 1350, 1750, 1750, 1350, 1348, 1750, 1348, 1749, 1749, 1348, 1346, 1749, 1346, 1748, 1748, 1346, 1344, 1748, 1344, 1747, 1747, 1344, 1342, 1747, 1342, 1746, 1746, 1342, 1340, 1746, 1340, 1745, 1745, 1340, 1338, 1745, 1338, 1744, 1744, 1338, 1336, 1744, 1336, 1743, 1743, 1336, 1334, 1743, 1334, 1742, 1742, 1334, 1332, 1742, 1332, 1741, 1741, 1332, 1330, 1741, 1330, 1740, 1740, 1330, 1328, 1740, 1328, 1739, 1739, 1328, 1326, 1739, 1326, 1738, 1738, 1326, 1324, 1738, 1324, 1737, 1737, 1324, 1322, 1737, 1322, 1736, 1736, 1322, 1320, 1736, 1320, 1735, 1735, 1320, 1318, 1735, 1318, 1734, 1734, 1318, 1316, 1734, 1316, 1733, 1733, 1316, 1314, 1733, 1314, 1732, 1732, 1314, 1312, 1732, 1312, 1731, 1731, 1312, 1310, 1731, 1310, 1730, 1730, 1310, 1308, 1730, 1308, 1729, 1729, 1308, 1306, 1729, 1306, 1728, 1728, 1306, 1304, 1728, 1304, 1727, 1727, 1304, 1302, 1727, 1302, 1726, 1726, 1302, 1300, 1726, 1300, 1725, 1725, 1300, 1298, 1725, 1298, 1724, 1724, 1298, 1296, 1724, 1296, 1723, 1723, 1296, 1294, 1723, 1294, 1722, 1722, 1294, 1292, 1722, 1292, 1721, 1721, 1292, 1290, 1721, 1290, 1720, 1720, 1290, 1288, 1720, 1288, 1719, 1719, 1288, 1286, 1719, 1286, 1718, 1718, 1286, 1284, 1718, 1284, 1717, 1717, 1284, 1282, 1717, 1282, 1716, 1716, 1282, 1280, 1716, 1280, 1715, 1715, 1280, 1278, 1715, 1278, 1714, 1714, 1278, 1276, 1714, 1276, 1713, 1713, 1276, 1274, 1713, 1274, 1708, 1708, 1274, 1271, 1708, 1271, 1709, 1709, 1271, 1269, 1709, 1269, 1710, 1710, 1269, 1267, 1710, 1267, 1711, 1711, 1267, 1265, 1711, 1265, 1712, 1712, 1265, 1263, 1712, 1263, 1806, 1806, 1263, 1261, 1806, 1261, 1805, 1805, 1261, 1259, 1805, 1259, 1804, 1804, 1259, 1257, 1804, 1257, 1803, 1803, 1257, 1255, 1803, 1255, 1802, 1802, 1255, 1253, 1802, 1253, 1801, 1801, 1253, 1251, 1801, 1251, 1800, 1800, 1251, 1249, 1800, 1249, 1799, 1799, 1249, 1247, 1799, 1247, 1798, 1798, 1247, 1245, 1798, 1245, 1797, 1797, 1245, 1243, 1797, 1243, 1796, 1796, 1243, 1241, 1796, 1241, 1795, 1795, 1241, 1239, 1795, 1239, 1794, 1794, 1239, 1237, 1794, 1237, 1793, 1793, 1237, 1235, 1793, 1235, 1792, 1792, 1235, 1233, 1792, 1233, 1791, 1791, 1233, 1231, 1791, 1231, 1790, 1790, 1231, 1229, 1790, 1229, 1789, 1789, 1229, 1227, 1789, 1227, 1788, 1788, 1227, 1225, 1788, 1225, 1787, 1787, 1225, 1223, 1787, 1223, 1786, 1786, 1223, 1221, 1786, 1221, 1785, 1785, 1221, 1219, 1785, 1219, 1784, 1784, 1219, 1217, 1784, 1217, 1783, 1783, 1217, 1215, 1783, 1215, 1782, 1782, 1215, 1213, 1782, 1213, 1781, 1781, 1213, 1211, 1781, 1211, 1780, 1780, 1211, 1209, 1780, 1209, 1779, 1779, 1209, 1207, 1779, 1207, 1778, 1778, 1207, 1205, 1778, 1205, 1777, 1777, 1205, 1203, 1777, 1203, 1776, 1776, 1203, 1201, 1776, 1201, 1775, 1775, 1201, 1199, 1775, 1199, 1774, 1774, 1199, 1197, 1774, 1197, 1773, 1773, 1197, 1195, 1773, 1195, 1772, 1772, 1195, 1193, 1772, 1193, 1771, 1771, 1193, 1191, 1771, 1191, 1770, 1770, 1191, 1189, 1770, 1189, 1769, 1769, 1189, 1187, 1769, 1187, 1768, 1768, 1187, 1185, 1768, 1185, 1767, 1767, 1185, 1183, 1767, 1183, 1766, 1766, 1183, 1181, 1766, 1181, 1765, 1765, 1181, 1179, 1765, 1179, 1764, 1764, 1179, 1177, 1764, 1177, 1763, 1763, 1177, 1171, 1763, 1171, 1762, 1762, 1171, 1173]
        point3f[] points = [(0.00653, -0.014375, 0.01915), (0.00653, -0.014375, 0.02015), (0.0065, -0.014722, 0.01915), (0.0065, -0.014722, 0.02015), (0.00653, -0.01507, 0.01915), (0.00653, -0.01507, 0.02015), (0.006621, -0.015406, 0.01915), (0.006621, -0.015406, 0.02015), (0.006768, -0.015722, 0.01915), (0.006768, -0.015722, 0.02015), (0.006968, -0.016008, 0.01915), (0.006968, -0.016008, 0.02015), (0.007214, -0.016255, 0.01915), (0.007214, -0.016255, 0.02015), (0.0075, -0.016454, 0.01915), (0.0075, -0.016454, 0.02015), (0.007816, -0.016602, 0.01915), (0.007816, -0.016602, 0.02015), (0.008153, -0.016692, 0.01915), (0.008153, -0.016692, 0.02015), (0.0085, -0.016722, 0.01915), (0.0085, -0.016722, 0.02015), (0.008847, -0.016692, 0.01915), (0.008847, -0.016692, 0.02015), (0.009184, -0.016602, 0.01915), (0.009184, -0.016602, 0.02015), (0.0095, -0.016454, 0.01915), (0.0095, -0.016454, 0.02015), (0.009786, -0.016255, 0.01915), (0.009786, -0.016255, 0.02015), (0.010032, -0.016008, 0.01915), (0.010032, -0.016008, 0.02015), (0.010232, -0.015722, 0.01915), (0.010232, -0.015722, 0.02015), (0.010379, -0.015406, 0.01915), (0.010379, -0.015406, 0.02015), (0.01047, -0.01507, 0.01915), (0.01047, -0.01507, 0.02015), (0.0105, -0.014722, 0.01915), (0.0105, -0.014722, 0.02015), (0.01047, -0.014375, 0.01915), (0.01047, -0.014375, 0.02015), (0.010379, -0.014038, 0.01915), (0.010379, -0.014038, 0.02015), (0.010232, -0.013722, 0.01915), (0.010232, -0.013722, 0.02015), (0.010032, -0.013437, 0.01915), (0.010032, -0.013437, 0.02015), (0.009786, -0.01319, 0.01915), (0.009786, -0.01319, 0.02015), (0.0095, -0.01299, 0.01915), (0.0095, -0.01299, 0.02015), (0.009184, -0.012843, 0.01915), (0.009184, -0.012843, 0.02015), (0.008847, -0.012753, 0.01915), (0.008847, -0.012753, 0.02015), (0.0085, -0.012722, 0.01915), (0.0085, -0.012722, 0.02015), (0.008153, -0.012753, 0.01915), (0.008153, -0.012753, 0.02015), (0.007816, -0.012843, 0.01915), (0.007816, -0.012843, 0.02015), (0.0075, -0.01299, 0.01915), (0.0075, -0.01299, 0.02015), (0.007214, -0.01319, 0.01915), (0.007214, -0.01319, 0.02015), (0.006968, -0.013437, 0.01915), (0.006968, -0.013437, 0.02015), (0.006768, -0.013722, 0.01915), (0.006768, -0.013722, 0.02015), (0.006621, -0.014038, 0.01915), (0.006621, -0.014038, 0.02015), (-0.01047, -0.014375, 0.01915), (-0.01047, -0.014375, 0.02015), (-0.0105, -0.014722, 0.01915), (-0.0105, -0.014722, 0.02015), (-0.01047, -0.01507, 0.01915), (-0.01047, -0.01507, 0.02015), (-0.010379, -0.015406, 0.01915), (-0.010379, -0.015406, 0.02015), (-0.010232, -0.015722, 0.01915), (-0.010232, -0.015722, 0.02015), (-0.010032, -0.016008, 0.01915), (-0.010032, -0.016008, 0.02015), (-0.009786, -0.016255, 0.01915), (-0.009786, -0.016255, 0.02015), (-0.0095, -0.016454, 0.01915), (-0.0095, -0.016454, 0.02015), (-0.009184, -0.016602, 0.01915), (-0.009184, -0.016602, 0.02015), (-0.008847, -0.016692, 0.01915), (-0.008847, -0.016692, 0.02015), (-0.0085, -0.016722, 0.01915), (-0.0085, -0.016722, 0.02015), (-0.008153, -0.016692, 0.01915), (-0.008153, -0.016692, 0.02015), (-0.007816, -0.016602, 0.01915), (-0.007816, -0.016602, 0.02015), (-0.0075, -0.016454, 0.01915), (-0.0075, -0.016454, 0.02015), (-0.007214, -0.016255, 0.01915), (-0.007214, -0.016255, 0.02015), (-0.006968, -0.016008, 0.01915), (-0.006968, -0.016008, 0.02015), (-0.006768, -0.015722, 0.01915), (-0.006768, -0.015722, 0.02015), (-0.006621, -0.015406, 0.01915), (-0.006621, -0.015406, 0.02015), (-0.00653, -0.01507, 0.01915), (-0.00653, -0.01507, 0.02015), (-0.0065, -0.014722, 0.01915), (-0.0065, -0.014722, 0.02015), (-0.00653, -0.014375, 0.01915), (-0.00653, -0.014375, 0.02015), (-0.006621, -0.014038, 0.01915), (-0.006621, -0.014038, 0.02015), (-0.006768, -0.013722, 0.01915), (-0.006768, -0.013722, 0.02015), (-0.006968, -0.013437, 0.01915), (-0.006968, -0.013437, 0.02015), (-0.007214, -0.01319, 0.01915), (-0.007214, -0.01319, 0.02015), (-0.0075, -0.01299, 0.01915), (-0.0075, -0.01299, 0.02015), (-0.007816, -0.012843, 0.01915), (-0.007816, -0.012843, 0.02015), (-0.008153, -0.012753, 0.01915), (-0.008153, -0.012753, 0.02015), (-0.0085, -0.012722, 0.01915), (-0.0085, -0.012722, 0.02015), (-0.008847, -0.012753, 0.01915), (-0.008847, -0.012753, 0.02015), (-0.009184, -0.012843, 0.01915), (-0.009184, -0.012843, 0.02015), (-0.0095, -0.01299, 0.01915), (-0.0095, -0.01299, 0.02015), (-0.009786, -0.01319, 0.01915), (-0.009786, -0.01319, 0.02015), (-0.010032, -0.013437, 0.01915), (-0.010032, -0.013437, 0.02015), (-0.010232, -0.013722, 0.01915), (-0.010232, -0.013722, 0.02015), (-0.010379, -0.014038, 0.01915), (-0.010379, -0.014038, 0.02015), (-0.01897, 0.000347, 0.01915), (-0.01897, 0.000347, 0.02015), (-0.019, 0, 0.01915), (-0.019, 0, 0.02015), (-0.01897, -0.000347, 0.01915), (-0.01897, -0.000347, 0.02015), (-0.018879, -0.000684, 0.01915), (-0.018879, -0.000684, 0.02015), (-0.018732, -0.001, 0.01915), (-0.018732, -0.001, 0.02015), (-0.018532, -0.001286, 0.01915), (-0.018532, -0.001286, 0.02015), (-0.018286, -0.001532, 0.01915), (-0.018286, -0.001532, 0.02015), (-0.018, -0.001732, 0.01915), (-0.018, -0.001732, 0.02015), (-0.017684, -0.001879, 0.01915), (-0.017684, -0.001879, 0.02015), (-0.017347, -0.00197, 0.01915), (-0.017347, -0.00197, 0.02015), (-0.017, -0.002, 0.01915), (-0.017, -0.002, 0.02015), (-0.016653, -0.00197, 0.01915), (-0.016653, -0.00197, 0.02015), (-0.016316, -0.001879, 0.01915), (-0.016316, -0.001879, 0.02015), (-0.016, -0.001732, 0.01915), (-0.016, -0.001732, 0.02015), (-0.015714, -0.001532, 0.01915), (-0.015714, -0.001532, 0.02015), (-0.015468, -0.001286, 0.01915), (-0.015468, -0.001286, 0.02015), (-0.015268, -0.001, 0.01915), (-0.015268, -0.001, 0.02015), (-0.015121, -0.000684, 0.01915), (-0.015121, -0.000684, 0.02015), (-0.01503, -0.000347, 0.01915), (-0.01503, -0.000347, 0.02015), (-0.015, 0, 0.01915), (-0.015, 0, 0.02015), (-0.01503, 0.000347, 0.01915), (-0.01503, 0.000347, 0.02015), (-0.015121, 0.000684, 0.01915), (-0.015121, 0.000684, 0.02015), (-0.015268, 0.001, 0.01915), (-0.015268, 0.001, 0.02015), (-0.015468, 0.001286, 0.01915), (-0.015468, 0.001286, 0.02015), (-0.015714, 0.001532, 0.01915), (-0.015714, 0.001532, 0.02015), (-0.016, 0.001732, 0.01915), (-0.016, 0.001732, 0.02015), (-0.016316, 0.001879, 0.01915), (-0.016316, 0.001879, 0.02015), (-0.016653, 0.00197, 0.01915), (-0.016653, 0.00197, 0.02015), (-0.017, 0.002, 0.01915), (-0.017, 0.002, 0.02015), (-0.017347, 0.00197, 0.01915), (-0.017347, 0.00197, 0.02015), (-0.017684, 0.001879, 0.01915), (-0.017684, 0.001879, 0.02015), (-0.018, 0.001732, 0.01915), (-0.018, 0.001732, 0.02015), (-0.018286, 0.001532, 0.01915), (-0.018286, 0.001532, 0.02015), (-0.018532, 0.001286, 0.01915), (-0.018532, 0.001286, 0.02015), (-0.018732, 0.001, 0.01915), (-0.018732, 0.001, 0.02015), (-0.018879, 0.000684, 0.01915), (-0.018879, 0.000684, 0.02015), (-0.016692, 0.008847, 0.01915), (-0.016692, 0.008847, 0.02015), (-0.016722, 0.0085, 0.01915), (-0.016722, 0.0085, 0.02015), (-0.016692, 0.008153, 0.01915), (-0.016692, 0.008153, 0.02015), (-0.016602, 0.007816, 0.01915), (-0.016602, 0.007816, 0.02015), (-0.016454, 0.0075, 0.01915), (-0.016454, 0.0075, 0.02015), (-0.016255, 0.007214, 0.01915), (-0.016255, 0.007214, 0.02015), (-0.016008, 0.006968, 0.01915), (-0.016008, 0.006968, 0.02015), (-0.015722, 0.006768, 0.01915), (-0.015722, 0.006768, 0.02015), (-0.015406, 0.006621, 0.01915), (-0.015406, 0.006621, 0.02015), (-0.01507, 0.00653, 0.01915), (-0.01507, 0.00653, 0.02015), (-0.014722, 0.0065, 0.01915), (-0.014722, 0.0065, 0.02015), (-0.014375, 0.00653, 0.01915), (-0.014375, 0.00653, 0.02015), (-0.014038, 0.006621, 0.01915), (-0.014038, 0.006621, 0.02015), (-0.013722, 0.006768, 0.01915), (-0.013722, 0.006768, 0.02015), (-0.013437, 0.006968, 0.01915), (-0.013437, 0.006968, 0.02015), (-0.01319, 0.007214, 0.01915), (-0.01319, 0.007214, 0.02015), (-0.01299, 0.0075, 0.01915), (-0.01299, 0.0075, 0.02015), (-0.012843, 0.007816, 0.01915), (-0.012843, 0.007816, 0.02015), (-0.012753, 0.008153, 0.01915), (-0.012753, 0.008153, 0.02015), (-0.012722, 0.0085, 0.01915), (-0.012722, 0.0085, 0.02015), (-0.012753, 0.008847, 0.01915), (-0.012753, 0.008847, 0.02015), (-0.012843, 0.009184, 0.01915), (-0.012843, 0.009184, 0.02015), (-0.01299, 0.0095, 0.01915), (-0.01299, 0.0095, 0.02015), (-0.01319, 0.009786, 0.01915), (-0.01319, 0.009786, 0.02015), (-0.013437, 0.010032, 0.01915), (-0.013437, 0.010032, 0.02015), (-0.013722, 0.010232, 0.01915), (-0.013722, 0.010232, 0.02015), (-0.014038, 0.010379, 0.01915), (-0.014038, 0.010379, 0.02015), (-0.014375, 0.01047, 0.01915), (-0.014375, 0.01047, 0.02015), (-0.014722, 0.0105, 0.01915), (-0.014722, 0.0105, 0.02015), (-0.01507, 0.01047, 0.01915), (-0.01507, 0.01047, 0.02015), (-0.015406, 0.010379, 0.01915), (-0.015406, 0.010379, 0.02015), (-0.015722, 0.010232, 0.01915), (-0.015722, 0.010232, 0.02015), (-0.016008, 0.010032, 0.01915), (-0.016008, 0.010032, 0.02015), (-0.016255, 0.009786, 0.01915), (-0.016255, 0.009786, 0.02015), (-0.016454, 0.0095, 0.01915), (-0.016454, 0.0095, 0.02015), (-0.016602, 0.009184, 0.01915), (-0.016602, 0.009184, 0.02015), (-0.00197, 0.017347, 0.01915), (-0.00197, 0.017347, 0.02015), (-0.002, 0.017, 0.01915), (-0.002, 0.017, 0.02015), (-0.00197, 0.016653, 0.01915), (-0.00197, 0.016653, 0.02015), (-0.001879, 0.016316, 0.01915), (-0.001879, 0.016316, 0.02015), (-0.001732, 0.016, 0.01915), (-0.001732, 0.016, 0.02015), (-0.001532, 0.015714, 0.01915), (-0.001532, 0.015714, 0.02015), (-0.001286, 0.015468, 0.01915), (-0.001286, 0.015468, 0.02015), (-0.001, 0.015268, 0.01915), (-0.001, 0.015268, 0.02015), (-0.000684, 0.015121, 0.01915), (-0.000684, 0.015121, 0.02015), (-0.000347, 0.01503, 0.01915), (-0.000347, 0.01503, 0.02015), (0, 0.015, 0.01915), (0, 0.015, 0.02015), (0.000347, 0.01503, 0.01915), (0.000347, 0.01503, 0.02015), (0.000684, 0.015121, 0.01915), (0.000684, 0.015121, 0.02015), (0.001, 0.015268, 0.01915), (0.001, 0.015268, 0.02015), (0.001286, 0.015468, 0.01915), (0.001286, 0.015468, 0.02015), (0.001532, 0.015714, 0.01915), (0.001532, 0.015714, 0.02015), (0.001732, 0.016, 0.01915), (0.001732, 0.016, 0.02015), (0.001879, 0.016316, 0.01915), (0.001879, 0.016316, 0.02015), (0.00197, 0.016653, 0.01915), (0.00197, 0.016653, 0.02015), (0.002, 0.017, 0.01915), (0.002, 0.017, 0.02015), (0.00197, 0.017347, 0.01915), (0.00197, 0.017347, 0.02015), (0.001879, 0.017684, 0.01915), (0.001879, 0.017684, 0.02015), (0.001732, 0.018, 0.01915), (0.001732, 0.018, 0.02015), (0.001532, 0.018286, 0.01915), (0.001532, 0.018286, 0.02015), (0.001286, 0.018532, 0.01915), (0.001286, 0.018532, 0.02015), (0.001, 0.018732, 0.01915), (0.001, 0.018732, 0.02015), (0.000684, 0.018879, 0.01915), (0.000684, 0.018879, 0.02015), (0.000347, 0.01897, 0.01915), (0.000347, 0.01897, 0.02015), (0, 0.019, 0.01915), (0, 0.019, 0.02015), (-0.000347, 0.01897, 0.01915), (-0.000347, 0.01897, 0.02015), (-0.000684, 0.018879, 0.01915), (-0.000684, 0.018879, 0.02015), (-0.001, 0.018732, 0.01915), (-0.001, 0.018732, 0.02015), (-0.001286, 0.018532, 0.01915), (-0.001286, 0.018532, 0.02015), (-0.001532, 0.018286, 0.01915), (-0.001532, 0.018286, 0.02015), (-0.001732, 0.018, 0.01915), (-0.001732, 0.018, 0.02015), (-0.001879, 0.017684, 0.01915), (-0.001879, 0.017684, 0.02015), (0.012753, 0.008847, 0.01915), (0.012753, 0.008847, 0.02015), (0.012722, 0.0085, 0.01915), (0.012722, 0.0085, 0.02015), (0.012753, 0.008153, 0.01915), (0.012753, 0.008153, 0.02015), (0.012843, 0.007816, 0.01915), (0.012843, 0.007816, 0.02015), (0.01299, 0.0075, 0.01915), (0.01299, 0.0075, 0.02015), (0.01319, 0.007214, 0.01915), (0.01319, 0.007214, 0.02015), (0.013437, 0.006968, 0.01915), (0.013437, 0.006968, 0.02015), (0.013722, 0.006768, 0.01915), (0.013722, 0.006768, 0.02015), (0.014038, 0.006621, 0.01915), (0.014038, 0.006621, 0.02015), (0.014375, 0.00653, 0.01915), (0.014375, 0.00653, 0.02015), (0.014722, 0.0065, 0.01915), (0.014722, 0.0065, 0.02015), (0.01507, 0.00653, 0.01915), (0.01507, 0.00653, 0.02015), (0.015406, 0.006621, 0.01915), (0.015406, 0.006621, 0.02015), (0.015722, 0.006768, 0.01915), (0.015722, 0.006768, 0.02015), (0.016008, 0.006968, 0.01915), (0.016008, 0.006968, 0.02015), (0.016255, 0.007214, 0.01915), (0.016255, 0.007214, 0.02015), (0.016454, 0.0075, 0.01915), (0.016454, 0.0075, 0.02015), (0.016602, 0.007816, 0.01915), (0.016602, 0.007816, 0.02015), (0.016692, 0.008153, 0.01915), (0.016692, 0.008153, 0.02015), (0.016722, 0.0085, 0.01915), (0.016722, 0.0085, 0.02015), (0.016692, 0.008847, 0.01915), (0.016692, 0.008847, 0.02015), (0.016602, 0.009184, 0.01915), (0.016602, 0.009184, 0.02015), (0.016454, 0.0095, 0.01915), (0.016454, 0.0095, 0.02015), (0.016255, 0.009786, 0.01915), (0.016255, 0.009786, 0.02015), (0.016008, 0.010032, 0.01915), (0.016008, 0.010032, 0.02015), (0.015722, 0.010232, 0.01915), (0.015722, 0.010232, 0.02015), (0.015406, 0.010379, 0.01915), (0.015406, 0.010379, 0.02015), (0.01507, 0.01047, 0.01915), (0.01507, 0.01047, 0.02015), (0.014722, 0.0105, 0.01915), (0.014722, 0.0105, 0.02015), (0.014375, 0.01047, 0.01915), (0.014375, 0.01047, 0.02015), (0.014038, 0.010379, 0.01915), (0.014038, 0.010379, 0.02015), (0.013722, 0.010232, 0.01915), (0.013722, 0.010232, 0.02015), (0.013437, 0.010032, 0.01915), (0.013437, 0.010032, 0.02015), (0.01319, 0.009786, 0.01915), (0.01319, 0.009786, 0.02015), (0.01299, 0.0095, 0.01915), (0.01299, 0.0095, 0.02015), (0.012843, 0.009184, 0.01915), (0.012843, 0.009184, 0.02015), (0.01503, 0.000347, 0.01915), (0.01503, 0.000347, 0.02015), (0.015, -0, 0.01915), (0.015, 0, 0.02015), (0.01503, -0.000347, 0.01915), (0.01503, -0.000347, 0.02015), (0.015121, -0.000684, 0.01915), (0.015121, -0.000684, 0.02015), (0.015268, -0.001, 0.01915), (0.015268, -0.001, 0.02015), (0.015468, -0.001286, 0.01915), (0.015468, -0.001286, 0.02015), (0.015714, -0.001532, 0.01915), (0.015714, -0.001532, 0.02015), (0.016, -0.001732, 0.01915), (0.016, -0.001732, 0.02015), (0.016316, -0.001879, 0.01915), (0.016316, -0.001879, 0.02015), (0.016653, -0.00197, 0.01915), (0.016653, -0.00197, 0.02015), (0.017, -0.002, 0.01915), (0.017, -0.002, 0.02015), (0.017347, -0.00197, 0.01915), (0.017347, -0.00197, 0.02015), (0.017684, -0.001879, 0.01915), (0.017684, -0.001879, 0.02015), (0.018, -0.001732, 0.01915), (0.018, -0.001732, 0.02015), (0.018286, -0.001532, 0.01915), (0.018286, -0.001532, 0.02015), (0.018532, -0.001286, 0.01915), (0.018532, -0.001286, 0.02015), (0.018732, -0.001, 0.01915), (0.018732, -0.001, 0.02015), (0.018879, -0.000684, 0.01915), (0.018879, -0.000684, 0.02015), (0.01897, -0.000347, 0.01915), (0.01897, -0.000347, 0.02015), (0.019, 0, 0.01915), (0.019, 0, 0.02015), (0.01897, 0.000347, 0.01915), (0.01897, 0.000347, 0.02015), (0.018879, 0.000684, 0.01915), (0.018879, 0.000684, 0.02015), (0.018732, 0.001, 0.01915), (0.018732, 0.001, 0.02015), (0.018532, 0.001286, 0.01915), (0.018532, 0.001286, 0.02015), (0.018286, 0.001532, 0.01915), (0.018286, 0.001532, 0.02015), (0.018, 0.001732, 0.01915), (0.018, 0.001732, 0.02015), (0.017684, 0.001879, 0.01915), (0.017684, 0.001879, 0.02015), (0.017347, 0.00197, 0.01915), (0.017347, 0.00197, 0.02015), (0.017, 0.002, 0.01915), (0.017, 0.002, 0.02015), (0.016653, 0.00197, 0.01915), (0.016653, 0.00197, 0.02015), (0.016316, 0.001879, 0.01915), (0.016316, 0.001879, 0.02015), (0.016, 0.001732, 0.01915), (0.016, 0.001732, 0.02015), (0.015714, 0.001532, 0.01915), (0.015714, 0.001532, 0.02015), (0.015468, 0.001286, 0.01915), (0.015468, 0.001286, 0.02015), (0.015268, 0.001, 0.01915), (0.015268, 0.001, 0.02015), (0.015121, 0.000684, 0.01915), (0.015121, 0.000684, 0.02015), (0.00653, 0.01507, 0.01915), (0.00653, 0.01507, 0.02015), (0.0065, 0.014722, 0.01915), (0.0065, 0.014722, 0.02015), (0.00653, 0.014375, 0.01915), (0.00653, 0.014375, 0.02015), (0.006621, 0.014038, 0.01915), (0.006621, 0.014038, 0.02015), (0.006768, 0.013722, 0.01915), (0.006768, 0.013722, 0.02015), (0.006968, 0.013437, 0.01915), (0.006968, 0.013437, 0.02015), (0.007214, 0.01319, 0.01915), (0.007214, 0.01319, 0.02015), (0.0075, 0.01299, 0.01915), (0.0075, 0.01299, 0.02015), (0.007816, 0.012843, 0.01915), (0.007816, 0.012843, 0.02015), (0.008153, 0.012753, 0.01915), (0.008153, 0.012753, 0.02015), (0.0085, 0.012722, 0.01915), (0.0085, 0.012722, 0.02015), (0.008847, 0.012753, 0.01915), (0.008847, 0.012753, 0.02015), (0.009184, 0.012843, 0.01915), (0.009184, 0.012843, 0.02015), (0.0095, 0.01299, 0.01915), (0.0095, 0.01299, 0.02015), (0.009786, 0.01319, 0.01915), (0.009786, 0.01319, 0.02015), (0.010032, 0.013437, 0.01915), (0.010032, 0.013437, 0.02015), (0.010232, 0.013722, 0.01915), (0.010232, 0.013722, 0.02015), (0.010379, 0.014038, 0.01915), (0.010379, 0.014038, 0.02015), (0.01047, 0.014375, 0.01915), (0.01047, 0.014375, 0.02015), (0.0105, 0.014722, 0.01915), (0.0105, 0.014722, 0.02015), (0.01047, 0.01507, 0.01915), (0.01047, 0.01507, 0.02015), (0.010379, 0.015406, 0.01915), (0.010379, 0.015406, 0.02015), (0.010232, 0.015722, 0.01915), (0.010232, 0.015722, 0.02015), (0.010032, 0.016008, 0.01915), (0.010032, 0.016008, 0.02015), (0.009786, 0.016255, 0.01915), (0.009786, 0.016255, 0.02015), (0.0095, 0.016454, 0.01915), (0.0095, 0.016454, 0.02015), (0.009184, 0.016602, 0.01915), (0.009184, 0.016602, 0.02015), (0.008847, 0.016692, 0.01915), (0.008847, 0.016692, 0.02015), (0.0085, 0.016722, 0.01915), (0.0085, 0.016722, 0.02015), (0.008153, 0.016692, 0.01915), (0.008153, 0.016692, 0.02015), (0.007816, 0.016602, 0.01915), (0.007816, 0.016602, 0.02015), (0.0075, 0.016454, 0.01915), (0.0075, 0.016454, 0.02015), (0.007214, 0.016255, 0.01915), (0.007214, 0.016255, 0.02015), (0.006968, 0.016008, 0.01915), (0.006968, 0.016008, 0.02015), (0.006768, 0.015722, 0.01915), (0.006768, 0.015722, 0.02015), (0.006621, 0.015406, 0.01915), (0.006621, 0.015406, 0.02015), (-0.01047, 0.01507, 0.01915), (-0.01047, 0.01507, 0.02015), (-0.0105, 0.014722, 0.01915), (-0.0105, 0.014722, 0.02015), (-0.01047, 0.014375, 0.01915), (-0.01047, 0.014375, 0.02015), (-0.010379, 0.014038, 0.01915), (-0.010379, 0.014038, 0.02015), (-0.010232, 0.013722, 0.01915), (-0.010232, 0.013722, 0.02015), (-0.010032, 0.013437, 0.01915), (-0.010032, 0.013437, 0.02015), (-0.009786, 0.01319, 0.01915), (-0.009786, 0.01319, 0.02015), (-0.0095, 0.01299, 0.01915), (-0.0095, 0.01299, 0.02015), (-0.009184, 0.012843, 0.01915), (-0.009184, 0.012843, 0.02015), (-0.008847, 0.012753, 0.01915), (-0.008847, 0.012753, 0.02015), (-0.0085, 0.012722, 0.01915), (-0.0085, 0.012722, 0.02015), (-0.008153, 0.012753, 0.01915), (-0.008153, 0.012753, 0.02015), (-0.007816, 0.012843, 0.01915), (-0.007816, 0.012843, 0.02015), (-0.0075, 0.01299, 0.01915), (-0.0075, 0.01299, 0.02015), (-0.007214, 0.01319, 0.01915), (-0.007214, 0.01319, 0.02015), (-0.006968, 0.013437, 0.01915), (-0.006968, 0.013437, 0.02015), (-0.006768, 0.013722, 0.01915), (-0.006768, 0.013722, 0.02015), (-0.006621, 0.014038, 0.01915), (-0.006621, 0.014038, 0.02015), (-0.00653, 0.014375, 0.01915), (-0.00653, 0.014375, 0.02015), (-0.0065, 0.014722, 0.01915), (-0.0065, 0.014722, 0.02015), (-0.00653, 0.01507, 0.01915), (-0.00653, 0.01507, 0.02015), (-0.006621, 0.015406, 0.01915), (-0.006621, 0.015406, 0.02015), (-0.006768, 0.015722, 0.01915), (-0.006768, 0.015722, 0.02015), (-0.006968, 0.016008, 0.01915), (-0.006968, 0.016008, 0.02015), (-0.007214, 0.016255, 0.01915), (-0.007214, 0.016255, 0.02015), (-0.0075, 0.016454, 0.01915), (-0.0075, 0.016454, 0.02015), (-0.007816, 0.016602, 0.01915), (-0.007816, 0.016602, 0.02015), (-0.008153, 0.016692, 0.01915), (-0.008153, 0.016692, 0.02015), (-0.0085, 0.016722, 0.01915), (-0.0085, 0.016722, 0.02015), (-0.008847, 0.016692, 0.01915), (-0.008847, 0.016692, 0.02015), (-0.009184, 0.016602, 0.01915), (-0.009184, 0.016602, 0.02015), (-0.0095, 0.016454, 0.01915), (-0.0095, 0.016454, 0.02015), (-0.009786, 0.016255, 0.01915), (-0.009786, 0.016255, 0.02015), (-0.010032, 0.016008, 0.01915), (-0.010032, 0.016008, 0.02015), (-0.010232, 0.015722, 0.01915), (-0.010232, 0.015722, 0.02015), (-0.010379, 0.015406, 0.01915), (-0.010379, 0.015406, 0.02015), (-0.00197, 0.000347, 0.01915), (-0.00197, 0.000347, 0.02015), (-0.002, -0, 0.01915), (-0.002, 0, 0.02015), (-0.00197, -0.000347, 0.01915), (-0.00197, -0.000347, 0.02015), (-0.001879, -0.000684, 0.01915), (-0.001879, -0.000684, 0.02015), (-0.001732, -0.001, 0.01915), (-0.001732, -0.001, 0.02015), (-0.001532, -0.001286, 0.01915), (-0.001532, -0.001286, 0.02015), (-0.001286, -0.001532, 0.01915), (-0.001286, -0.001532, 0.02015), (-0.001, -0.001732, 0.01915), (-0.001, -0.001732, 0.02015), (-0.000684, -0.001879, 0.01915), (-0.000684, -0.001879, 0.02015), (-0.000347, -0.00197, 0.01915), (-0.000347, -0.00197, 0.02015), (0, -0.002, 0.01915), (0, -0.002, 0.02015), (0.000347, -0.00197, 0.01915), (0.000347, -0.00197, 0.02015), (0.000684, -0.001879, 0.01915), (0.000684, -0.001879, 0.02015), (0.001, -0.001732, 0.01915), (0.001, -0.001732, 0.02015), (0.001286, -0.001532, 0.01915), (0.001286, -0.001532, 0.02015), (0.001532, -0.001286, 0.01915), (0.001532, -0.001286, 0.02015), (0.001732, -0.001, 0.01915), (0.001732, -0.001, 0.02015), (0.001879, -0.000684, 0.01915), (0.001879, -0.000684, 0.02015), (0.00197, -0.000347, 0.01915), (0.00197, -0.000347, 0.02015), (0.002, 0, 0.01915), (0.002, 0, 0.02015), (0.00197, 0.000347, 0.01915), (0.00197, 0.000347, 0.02015), (0.001879, 0.000684, 0.01915), (0.001879, 0.000684, 0.02015), (0.001732, 0.001, 0.01915), (0.001732, 0.001, 0.02015), (0.001532, 0.001286, 0.01915), (0.001532, 0.001286, 0.02015), (0.001286, 0.001532, 0.01915), (0.001286, 0.001532, 0.02015), (0.001, 0.001732, 0.01915), (0.001, 0.001732, 0.02015), (0.000684, 0.001879, 0.01915), (0.000684, 0.001879, 0.02015), (0.000347, 0.00197, 0.01915), (0.000347, 0.00197, 0.02015), (0, 0.002, 0.01915), (0, 0.002, 0.02015), (-0.000347, 0.00197, 0.01915), (-0.000347, 0.00197, 0.02015), (-0.000684, 0.001879, 0.01915), (-0.000684, 0.001879, 0.02015), (-0.001, 0.001732, 0.01915), (-0.001, 0.001732, 0.02015), (-0.001286, 0.001532, 0.01915), (-0.001286, 0.001532, 0.02015), (-0.001532, 0.001286, 0.01915), (-0.001532, 0.001286, 0.02015), (-0.001732, 0.001, 0.01915), (-0.001732, 0.001, 0.02015), (-0.001879, 0.000684, 0.01915), (-0.001879, 0.000684, 0.02015), (-0.016692, -0.008153, 0.01915), (-0.016692, -0.008153, 0.02015), (-0.016722, -0.0085, 0.01915), (-0.016722, -0.0085, 0.02015), (-0.016692, -0.008847, 0.01915), (-0.016692, -0.008847, 0.02015), (-0.016602, -0.009184, 0.01915), (-0.016602, -0.009184, 0.02015), (-0.016454, -0.0095, 0.01915), (-0.016454, -0.0095, 0.02015), (-0.016255, -0.009786, 0.01915), (-0.016255, -0.009786, 0.02015), (-0.016008, -0.010032, 0.01915), (-0.016008, -0.010032, 0.02015), (-0.015722, -0.010232, 0.01915), (-0.015722, -0.010232, 0.02015), (-0.015406, -0.010379, 0.01915), (-0.015406, -0.010379, 0.02015), (-0.01507, -0.01047, 0.01915), (-0.01507, -0.01047, 0.02015), (-0.014722, -0.0105, 0.01915), (-0.014722, -0.0105, 0.02015), (-0.014375, -0.01047, 0.01915), (-0.014375, -0.01047, 0.02015), (-0.014038, -0.010379, 0.01915), (-0.014038, -0.010379, 0.02015), (-0.013722, -0.010232, 0.01915), (-0.013722, -0.010232, 0.02015), (-0.013437, -0.010032, 0.01915), (-0.013437, -0.010032, 0.02015), (-0.01319, -0.009786, 0.01915), (-0.01319, -0.009786, 0.02015), (-0.01299, -0.0095, 0.01915), (-0.01299, -0.0095, 0.02015), (-0.012843, -0.009184, 0.01915), (-0.012843, -0.009184, 0.02015), (-0.012753, -0.008847, 0.01915), (-0.012753, -0.008847, 0.02015), (-0.012722, -0.0085, 0.01915), (-0.012722, -0.0085, 0.02015), (-0.012753, -0.008153, 0.01915), (-0.012753, -0.008153, 0.02015), (-0.012843, -0.007816, 0.01915), (-0.012843, -0.007816, 0.02015), (-0.01299, -0.0075, 0.01915), (-0.01299, -0.0075, 0.02015), (-0.01319, -0.007214, 0.01915), (-0.01319, -0.007214, 0.02015), (-0.013437, -0.006968, 0.01915), (-0.013437, -0.006968, 0.02015), (-0.013722, -0.006768, 0.01915), (-0.013722, -0.006768, 0.02015), (-0.014038, -0.006621, 0.01915), (-0.014038, -0.006621, 0.02015), (-0.014375, -0.00653, 0.01915), (-0.014375, -0.00653, 0.02015), (-0.014722, -0.0065, 0.01915), (-0.014722, -0.0065, 0.02015), (-0.01507, -0.00653, 0.01915), (-0.01507, -0.00653, 0.02015), (-0.015406, -0.006621, 0.01915), (-0.015406, -0.006621, 0.02015), (-0.015722, -0.006768, 0.01915), (-0.015722, -0.006768, 0.02015), (-0.016008, -0.006968, 0.01915), (-0.016008, -0.006968, 0.02015), (-0.016255, -0.007214, 0.01915), (-0.016255, -0.007214, 0.02015), (-0.016454, -0.0075, 0.01915), (-0.016454, -0.0075, 0.02015), (-0.016602, -0.007816, 0.01915), (-0.016602, -0.007816, 0.02015), (-0.00197, -0.016653, 0.01915), (-0.00197, -0.016653, 0.02015), (-0.002, -0.017, 0.01915), (-0.002, -0.017, 0.02015), (-0.00197, -0.017347, 0.01915), (-0.00197, -0.017347, 0.02015), (-0.001879, -0.017684, 0.01915), (-0.001879, -0.017684, 0.02015), (-0.001732, -0.018, 0.01915), (-0.001732, -0.018, 0.02015), (-0.001532, -0.018286, 0.01915), (-0.001532, -0.018286, 0.02015), (-0.001286, -0.018532, 0.01915), (-0.001286, -0.018532, 0.02015), (-0.001, -0.018732, 0.01915), (-0.001, -0.018732, 0.02015), (-0.000684, -0.018879, 0.01915), (-0.000684, -0.018879, 0.02015), (-0.000347, -0.01897, 0.01915), (-0.000347, -0.01897, 0.02015), (-0, -0.019, 0.01915), (-0, -0.019, 0.02015), (0.000347, -0.01897, 0.01915), (0.000347, -0.01897, 0.02015), (0.000684, -0.018879, 0.01915), (0.000684, -0.018879, 0.02015), (0.001, -0.018732, 0.01915), (0.001, -0.018732, 0.02015), (0.001286, -0.018532, 0.01915), (0.001286, -0.018532, 0.02015), (0.001532, -0.018286, 0.01915), (0.001532, -0.018286, 0.02015), (0.001732, -0.018, 0.01915), (0.001732, -0.018, 0.02015), (0.001879, -0.017684, 0.01915), (0.001879, -0.017684, 0.02015), (0.00197, -0.017347, 0.01915), (0.00197, -0.017347, 0.02015), (0.002, -0.017, 0.01915), (0.002, -0.017, 0.02015), (0.00197, -0.016653, 0.01915), (0.00197, -0.016653, 0.02015), (0.001879, -0.016316, 0.01915), (0.001879, -0.016316, 0.02015), (0.001732, -0.016, 0.01915), (0.001732, -0.016, 0.02015), (0.001532, -0.015714, 0.01915), (0.001532, -0.015714, 0.02015), (0.001286, -0.015468, 0.01915), (0.001286, -0.015468, 0.02015), (0.001, -0.015268, 0.01915), (0.001, -0.015268, 0.02015), (0.000684, -0.015121, 0.01915), (0.000684, -0.015121, 0.02015), (0.000347, -0.01503, 0.01915), (0.000347, -0.01503, 0.02015), (-0, -0.015, 0.01915), (-0, -0.015, 0.02015), (-0.000347, -0.01503, 0.01915), (-0.000347, -0.01503, 0.02015), (-0.000684, -0.015121, 0.01915), (-0.000684, -0.015121, 0.02015), (-0.001, -0.015268, 0.01915), (-0.001, -0.015268, 0.02015), (-0.001286, -0.015468, 0.01915), (-0.001286, -0.015468, 0.02015), (-0.001532, -0.015714, 0.01915), (-0.001532, -0.015714, 0.02015), (-0.001732, -0.016, 0.01915), (-0.001732, -0.016, 0.02015), (-0.001879, -0.016316, 0.01915), (-0.001879, -0.016316, 0.02015), (0.012753, -0.008153, 0.01915), (0.012753, -0.008153, 0.02015), (0.012722, -0.0085, 0.01915), (0.012722, -0.0085, 0.02015), (0.012753, -0.008847, 0.01915), (0.012753, -0.008847, 0.02015), (0.012843, -0.009184, 0.01915), (0.012843, -0.009184, 0.02015), (0.01299, -0.0095, 0.01915), (0.01299, -0.0095, 0.02015), (0.01319, -0.009786, 0.01915), (0.01319, -0.009786, 0.02015), (0.013437, -0.010032, 0.01915), (0.013437, -0.010032, 0.02015), (0.013722, -0.010232, 0.01915), (0.013722, -0.010232, 0.02015), (0.014038, -0.010379, 0.01915), (0.014038, -0.010379, 0.02015), (0.014375, -0.01047, 0.01915), (0.014375, -0.01047, 0.02015), (0.014722, -0.0105, 0.01915), (0.014722, -0.0105, 0.02015), (0.01507, -0.01047, 0.01915), (0.01507, -0.01047, 0.02015), (0.015406, -0.010379, 0.01915), (0.015406, -0.010379, 0.02015), (0.015722, -0.010232, 0.01915), (0.015722, -0.010232, 0.02015), (0.016008, -0.010032, 0.01915), (0.016008, -0.010032, 0.02015), (0.016255, -0.009786, 0.01915), (0.016255, -0.009786, 0.02015), (0.016454, -0.0095, 0.01915), (0.016454, -0.0095, 0.02015), (0.016602, -0.009184, 0.01915), (0.016602, -0.009184, 0.02015), (0.016692, -0.008847, 0.01915), (0.016692, -0.008847, 0.02015), (0.016722, -0.0085, 0.01915), (0.016722, -0.0085, 0.02015), (0.016692, -0.008153, 0.01915), (0.016692, -0.008153, 0.02015), (0.016602, -0.007816, 0.01915), (0.016602, -0.007816, 0.02015), (0.016454, -0.0075, 0.01915), (0.016454, -0.0075, 0.02015), (0.016255, -0.007214, 0.01915), (0.016255, -0.007214, 0.02015), (0.016008, -0.006968, 0.01915), (0.016008, -0.006968, 0.02015), (0.015722, -0.006768, 0.01915), (0.015722, -0.006768, 0.02015), (0.015406, -0.006621, 0.01915), (0.015406, -0.006621, 0.02015), (0.01507, -0.00653, 0.01915), (0.01507, -0.00653, 0.02015), (0.014722, -0.0065, 0.01915), (0.014722, -0.0065, 0.02015), (0.014375, -0.00653, 0.01915), (0.014375, -0.00653, 0.02015), (0.014038, -0.006621, 0.01915), (0.014038, -0.006621, 0.02015), (0.013722, -0.006768, 0.01915), (0.013722, -0.006768, 0.02015), (0.013437, -0.006968, 0.01915), (0.013437, -0.006968, 0.02015), (0.01319, -0.007214, 0.01915), (0.01319, -0.007214, 0.02015), (0.01299, -0.0075, 0.01915), (0.01299, -0.0075, 0.02015), (0.012843, -0.007816, 0.01915), (0.012843, -0.007816, 0.02015), (-0.028093, 0.002239, 0.01915), (-0.028182, -0, 0.01915), (-0.027826, 0.004464, 0.01915), (-0.027383, 0.006661, 0.01915), (-0.026768, 0.008815, 0.01915), (-0.025983, 0.010914, 0.01915), (-0.025033, 0.012944, 0.01915), (-0.023926, 0.014892, 0.01915), (-0.022667, 0.016746, 0.01915), (-0.021265, 0.018494, 0.01915), (-0.019729, 0.020125, 0.01915), (-0.018067, 0.021629, 0.01915), (-0.016292, 0.022996, 0.01915), (-0.014413, 0.024217, 0.01915), (-0.012444, 0.025286, 0.01915), (-0.010395, 0.026195, 0.01915), (-0.008281, 0.026938, 0.01915), (-0.006115, 0.02751, 0.01915), (-0.00391, 0.027909, 0.01915), (-0.00168, 0.028132, 0.01915), (0.00056, 0.028176, 0.01915), (0.002797, 0.028043, 0.01915), (0.005016, 0.027732, 0.01915), (0.007204, 0.027246, 0.01915), (0.009346, 0.026587, 0.01915), (0.011428, 0.025761, 0.01915), (0.013439, 0.024771, 0.01915), (0.015365, 0.023625, 0.01915), (0.017193, 0.02233, 0.01915), (0.018913, 0.020893, 0.01915), (0.020513, 0.019324, 0.01915), (0.021983, 0.017634, 0.01915), (0.023315, 0.015831, 0.01915), (0.024499, 0.013929, 0.01915), (0.025528, 0.011938, 0.01915), (0.026396, 0.009872, 0.01915), (0.027097, 0.007744, 0.01915), (0.027627, 0.005567, 0.01915), (0.027982, 0.003354, 0.01915), (0.02816, 0.00112, 0.01915), (0.02816, -0.00112, 0.01915), (0.027982, -0.003354, 0.01915), (0.027627, -0.005567, 0.01915), (0.027097, -0.007744, 0.01915), (0.026396, -0.009872, 0.01915), (0.025528, -0.011938, 0.01915), (0.024499, -0.013929, 0.01915), (0.023315, -0.015831, 0.01915), (0.021983, -0.017634, 0.01915), (0.020513, -0.019324, 0.01915), (0.018913, -0.020893, 0.01915), (0.017193, -0.02233, 0.01915), (0.015365, -0.023625, 0.01915), (0.013439, -0.024771, 0.01915), (0.011428, -0.025761, 0.01915), (0.009346, -0.026587, 0.01915), (0.007204, -0.027246, 0.01915), (0.005016, -0.027732, 0.01915), (0.002797, -0.028043, 0.01915), (0.00056, -0.028176, 0.01915), (-0.00168, -0.028132, 0.01915), (-0.00391, -0.027909, 0.01915), (-0.006115, -0.02751, 0.01915), (-0.008281, -0.026938, 0.01915), (-0.010395, -0.026195, 0.01915), (-0.012444, -0.025286, 0.01915), (-0.014413, -0.024217, 0.01915), (-0.016292, -0.022996, 0.01915), (-0.018067, -0.021629, 0.01915), (-0.019729, -0.020125, 0.01915), (-0.021265, -0.018494, 0.01915), (-0.022667, -0.016746, 0.01915), (-0.023926, -0.014892, 0.01915), (-0.025033, -0.012944, 0.01915), (-0.025983, -0.010914, 0.01915), (-0.026768, -0.008815, 0.01915), (-0.027383, -0.006661, 0.01915), (-0.027826, -0.004464, 0.01915), (-0.028093, -0.002239, 0.01915), (-0.027504, -0.00222, 0.02015), (-0.027594, 0, 0.02015), (-0.027237, -0.004426, 0.02015), (-0.026792, -0.006604, 0.02015), (-0.026174, -0.008738, 0.02015), (-0.025386, -0.010816, 0.02015), (-0.024433, -0.012824, 0.02015), (-0.023322, -0.014748, 0.02015), (-0.02206, -0.016577, 0.02015), (-0.020654, -0.018298, 0.02015), (-0.019115, -0.019901, 0.02015), (-0.017452, -0.021374, 0.02015), (-0.015675, -0.022709, 0.02015), (-0.013797, -0.023897, 0.02015), (-0.011829, -0.02493, 0.02015), (-0.009785, -0.025801, 0.02015), (-0.007677, -0.026505, 0.02015), (-0.00552, -0.027036, 0.02015), (-0.003326, -0.027393, 0.02015), (-0.001111, -0.027572, 0.02015), (0.001111, -0.027572, 0.02015), (0.003326, -0.027393, 0.02015), (0.00552, -0.027036, 0.02015), (0.007677, -0.026505, 0.02015), (0.009785, -0.025801, 0.02015), (0.011829, -0.02493, 0.02015), (0.013797, -0.023897, 0.02015), (0.015675, -0.022709, 0.02015), (0.017452, -0.021374, 0.02015), (0.019115, -0.019901, 0.02015), (0.020654, -0.018298, 0.02015), (0.02206, -0.016577, 0.02015), (0.023322, -0.014748, 0.02015), (0.024433, -0.012824, 0.02015), (0.025386, -0.010816, 0.02015), (0.026174, -0.008738, 0.02015), (0.026792, -0.006604, 0.02015), (0.027237, -0.004426, 0.02015), (0.027504, -0.00222, 0.02015), (0.027594, 0, 0.02015), (0.027504, 0.00222, 0.02015), (0.027237, 0.004426, 0.02015), (0.026792, 0.006604, 0.02015), (0.026174, 0.008738, 0.02015), (0.025386, 0.010816, 0.02015), (0.024433, 0.012824, 0.02015), (0.023322, 0.014748, 0.02015), (0.02206, 0.016577, 0.02015), (0.020654, 0.018298, 0.02015), (0.019115, 0.019901, 0.02015), (0.017452, 0.021374, 0.02015), (0.015675, 0.022709, 0.02015), (0.013797, 0.023897, 0.02015), (0.011829, 0.02493, 0.02015), (0.009785, 0.025801, 0.02015), (0.007677, 0.026505, 0.02015), (0.00552, 0.027036, 0.02015), (0.003326, 0.027393, 0.02015), (0.001111, 0.027572, 0.02015), (-0.001111, 0.027572, 0.02015), (-0.003326, 0.027393, 0.02015), (-0.00552, 0.027036, 0.02015), (-0.007677, 0.026505, 0.02015), (-0.009785, 0.025801, 0.02015), (-0.011829, 0.02493, 0.02015), (-0.013797, 0.023897, 0.02015), (-0.015675, 0.022709, 0.02015), (-0.017452, 0.021374, 0.02015), (-0.019115, 0.019901, 0.02015), (-0.026792, 0.006604, 0.02015), (-0.026174, 0.008738, 0.02015), (-0.020654, 0.018298, 0.02015), (-0.02206, 0.016577, 0.02015), (-0.023322, 0.014748, 0.02015), (-0.024433, 0.012824, 0.02015), (-0.025386, 0.010816, 0.02015), (-0.027237, 0.004426, 0.02015), (-0.027504, 0.00222, 0.02015), (0.027211, 0.002197, 0.02065), (0.0273, 0, 0.02065), (0.027211, -0.002197, 0.02065), (0.026946, -0.004379, 0.02065), (0.026507, -0.006533, 0.02065), (0.025895, -0.008645, 0.02065), (0.025115, -0.010701, 0.02065), (0.024173, -0.012687, 0.02065), (0.023074, -0.014591, 0.02065), (0.021825, -0.0164, 0.02065), (0.020434, -0.018103, 0.02065), (0.018911, -0.019689, 0.02065), (0.017266, -0.021147, 0.02065), (0.015508, -0.022467, 0.02065), (0.01365, -0.023642, 0.02065), (0.011703, -0.024664, 0.02065), (0.009681, -0.025526, 0.02065), (0.007595, -0.026222, 0.02065), (0.005461, -0.026748, 0.02065), (0.003291, -0.027101, 0.02065), (0.001099, -0.027278, 0.02065), (-0.001099, -0.027278, 0.02065), (-0.003291, -0.027101, 0.02065), (-0.005461, -0.026748, 0.02065), (-0.007595, -0.026222, 0.02065), (-0.009681, -0.025526, 0.02065), (-0.011703, -0.024664, 0.02065), (-0.01365, -0.023642, 0.02065), (-0.015508, -0.022467, 0.02065), (-0.017266, -0.021147, 0.02065), (-0.018911, -0.019689, 0.02065), (-0.020434, -0.018103, 0.02065), (-0.021825, -0.0164, 0.02065), (-0.023074, -0.014591, 0.02065), (-0.024173, -0.012687, 0.02065), (-0.025115, -0.010701, 0.02065), (-0.025895, -0.008645, 0.02065), (-0.026507, -0.006533, 0.02065), (-0.026946, -0.004379, 0.02065), (-0.027211, -0.002197, 0.02065), (-0.0273, 0, 0.02065), (-0.027211, 0.002197, 0.02065), (-0.026946, 0.004379, 0.02065), (-0.026507, 0.006533, 0.02065), (-0.025895, 0.008645, 0.02065), (-0.025115, 0.010701, 0.02065), (-0.024173, 0.012687, 0.02065), (-0.023074, 0.014591, 0.02065), (-0.021825, 0.0164, 0.02065), (-0.020434, 0.018103, 0.02065), (-0.018911, 0.019689, 0.02065), (-0.017266, 0.021147, 0.02065), (-0.015508, 0.022467, 0.02065), (-0.01365, 0.023642, 0.02065), (-0.011703, 0.024664, 0.02065), (-0.009681, 0.025526, 0.02065), (-0.007595, 0.026222, 0.02065), (-0.005461, 0.026748, 0.02065), (-0.003291, 0.027101, 0.02065), (-0.001099, 0.027278, 0.02065), (0.001099, 0.027278, 0.02065), (0.003291, 0.027101, 0.02065), (0.005461, 0.026748, 0.02065), (0.007595, 0.026222, 0.02065), (0.009681, 0.025526, 0.02065), (0.011703, 0.024664, 0.02065), (0.01365, 0.023642, 0.02065), (0.015508, 0.022467, 0.02065), (0.017266, 0.021147, 0.02065), (0.018911, 0.019689, 0.02065), (0.020434, 0.018103, 0.02065), (0.021825, 0.0164, 0.02065), (0.023074, 0.014591, 0.02065), (0.024173, 0.012687, 0.02065), (0.025115, 0.010701, 0.02065), (0.025895, 0.008645, 0.02065), (0.026507, 0.006533, 0.02065), (0.026946, 0.004379, 0.02065), (0.044261, 0.002813, -0.02635), (0.045911, 0.00286, -0.02635), (0.04435, 0, -0.02635), (0.046, 0, -0.02635), (0.045911, -0.00286, -0.02635), (0.045644, 0.005709, -0.02635), (0.043993, 0.005614, -0.02635), (0.045201, 0.008535, -0.02635), (0.043549, 0.008393, -0.02635), (0.044583, 0.011329, -0.02635), (0.042929, 0.011138, -0.02635), (0.043793, 0.014079, -0.02635), (0.042136, 0.013839, -0.02635), (0.042833, 0.016774, -0.02635), (0.041173, 0.016483, -0.02635), (0.041707, 0.019404, -0.02635), (0.040045, 0.019061, -0.02635), (0.04042, 0.02196, -0.02635), (0.038755, 0.021563, -0.02635), (0.038976, 0.02443, -0.02635), (0.03731, 0.023977, -0.02635), (0.037382, 0.026806, -0.02635), (0.035714, 0.026295, -0.02635), (0.035643, 0.029078, -0.02635), (0.033974, 0.028508, -0.02635), (0.033767, 0.031238, -0.02635), (0.032098, 0.030605, -0.02635), (0.031759, 0.033277, -0.02635), (0.030092, 0.032579, -0.02635), (0.029629, 0.035187, -0.02635), (0.027965, 0.034422, -0.02635), (0.027384, 0.036961, -0.02635), (0.025726, 0.036126, -0.02635), (0.025033, 0.038592, -0.02635), (0.023382, 0.037685, -0.02635), (0.022586, 0.040073, -0.02635), (0.020945, 0.039092, -0.02635), (0.020051, 0.0414, -0.02635), (0.018424, 0.040342, -0.02635), (0.017438, 0.042567, -0.02635), (0.015828, 0.041429, -0.02635), (0.014758, 0.043568, -0.02635), (0.013168, 0.04235, -0.02635), (0.012021, 0.044402, -0.02635), (0.010456, 0.0431, -0.02635), (0.009237, 0.045063, -0.02635), (0.007701, 0.043676, -0.02635), (0.006418, 0.04555, -0.02635), (0.004916, 0.044077, -0.02635), (0.003573, 0.045861, -0.02635), (0.00211, 0.0443, -0.02635), (0.000715, 0.045994, -0.02635), (-0.000704, 0.044344, -0.02635), (-0.002145, 0.04595, -0.02635), (-0.003515, 0.044211, -0.02635), (-0.004998, 0.045728, -0.02635), (-0.006312, 0.043899, -0.02635), (-0.007831, 0.045328, -0.02635), (-0.009083, 0.04341, -0.02635), (-0.010634, 0.044754, -0.02635), (-0.011818, 0.042746, -0.02635), (-0.013396, 0.044006, -0.02635), (-0.014505, 0.041911, -0.02635), (-0.016106, 0.043088, -0.02635), (-0.017134, 0.040906, -0.02635), (-0.018753, 0.042004, -0.02635), (-0.019694, 0.039737, -0.02635), (-0.021329, 0.040757, -0.02635), (-0.022175, 0.038408, -0.02635), (-0.023821, 0.039352, -0.02635), (-0.024566, 0.036924, -0.02635), (-0.026221, 0.037795, -0.02635), (-0.026859, 0.035292, -0.02635), (-0.02852, 0.036091, -0.02635), (-0.029043, 0.033517, -0.02635), (-0.030709, 0.034248, -0.02635), (-0.03111, 0.031608, -0.02635), (-0.032779, 0.032273, -0.02635), (-0.033052, 0.029571, -0.02635), (-0.034722, 0.030173, -0.02635), (-0.034861, 0.027415, -0.02635), (-0.036531, 0.027956, -0.02635), (-0.03653, 0.025149, -0.02635), (-0.038198, 0.025631, -0.02635), (-0.038052, 0.022782, -0.02635), (-0.039717, 0.023206, -0.02635), (-0.03942, 0.020322, -0.02635), (-0.041083, 0.020692, -0.02635), (-0.040629, 0.017781, -0.02635), (-0.04229, 0.018098, -0.02635), (-0.041675, 0.015169, -0.02635), (-0.043334, 0.015434, -0.02635), (-0.042554, 0.012495, -0.02635), (-0.044209, 0.01271, -0.02635), (-0.04326, 0.009771, -0.02635), (-0.044914, 0.009937, -0.02635), (-0.043793, 0.007007, -0.02635), (-0.045445, 0.007125, -0.02635), (-0.044149, 0.004216, -0.02635), (-0.0458, 0.004286, -0.02635), (-0.044328, 0.001407, -0.02635), (-0.045978, 0.001431, -0.02635), (-0.045978, -0.001431, -0.02635), (-0.044328, -0.001407, -0.02635), (-0.0458, -0.004286, -0.02635), (-0.044149, -0.004216, -0.02635), (-0.045445, -0.007125, -0.02635), (-0.043793, -0.007007, -0.02635), (-0.044914, -0.009937, -0.02635), (-0.04326, -0.009771, -0.02635), (-0.044209, -0.01271, -0.02635), (-0.042554, -0.012495, -0.02635), (-0.043334, -0.015434, -0.02635), (-0.041675, -0.015169, -0.02635), (-0.04229, -0.018098, -0.02635), (-0.040629, -0.017781, -0.02635), (-0.041083, -0.020692, -0.02635), (-0.03942, -0.020322, -0.02635), (-0.039717, -0.023206, -0.02635), (-0.038052, -0.022782, -0.02635), (-0.038198, -0.025631, -0.02635), (-0.03653, -0.025149, -0.02635), (-0.036531, -0.027956, -0.02635), (-0.034861, -0.027415, -0.02635), (-0.034722, -0.030173, -0.02635), (-0.033052, -0.029571, -0.02635), (-0.032779, -0.032273, -0.02635), (-0.03111, -0.031608, -0.02635), (-0.030709, -0.034248, -0.02635), (-0.029043, -0.033517, -0.02635), (-0.02852, -0.036091, -0.02635), (-0.026859, -0.035292, -0.02635), (-0.026221, -0.037795, -0.02635), (-0.024566, -0.036924, -0.02635), (-0.023821, -0.039352, -0.02635), (-0.022175, -0.038408, -0.02635), (-0.021329, -0.040757, -0.02635), (-0.019694, -0.039737, -0.02635), (-0.018753, -0.042004, -0.02635), (-0.017134, -0.040906, -0.02635), (-0.016106, -0.043088, -0.02635), (-0.014505, -0.041911, -0.02635), (-0.013396, -0.044006, -0.02635), (-0.011818, -0.042746, -0.02635), (-0.010634, -0.044754, -0.02635), (-0.009083, -0.04341, -0.02635), (-0.007831, -0.045328, -0.02635), (-0.006312, -0.043899, -0.02635), (-0.004998, -0.045728, -0.02635), (-0.003515, -0.044211, -0.02635), (-0.002145, -0.04595, -0.02635), (-0.000704, -0.044344, -0.02635), (0.000715, -0.045994, -0.02635), (0.00211, -0.0443, -0.02635), (0.003573, -0.045861, -0.02635), (0.004916, -0.044077, -0.02635), (0.006418, -0.04555, -0.02635), (0.007701, -0.043676, -0.02635), (0.009237, -0.045063, -0.02635), (0.010456, -0.0431, -0.02635), (0.012021, -0.044402, -0.02635), (0.013168, -0.04235, -0.02635), (0.014758, -0.043568, -0.02635), (0.015828, -0.041429, -0.02635), (0.017438, -0.042567, -0.02635), (0.018424, -0.040342, -0.02635), (0.020051, -0.0414, -0.02635), (0.020945, -0.039092, -0.02635), (0.022586, -0.040073, -0.02635), (0.023382, -0.037685, -0.02635), (0.025033, -0.038592, -0.02635), (0.025726, -0.036126, -0.02635), (0.027384, -0.036961, -0.02635), (0.027965, -0.034422, -0.02635), (0.029629, -0.035187, -0.02635), (0.030092, -0.032579, -0.02635), (0.031759, -0.033277, -0.02635), (0.032098, -0.030605, -0.02635), (0.033767, -0.031238, -0.02635), (0.033974, -0.028508, -0.02635), (0.035643, -0.029078, -0.02635), (0.035714, -0.026295, -0.02635), (0.037382, -0.026806, -0.02635), (0.03731, -0.023977, -0.02635), (0.038976, -0.02443, -0.02635), (0.038755, -0.021563, -0.02635), (0.04042, -0.02196, -0.02635), (0.040045, -0.019061, -0.02635), (0.041707, -0.019404, -0.02635), (0.041173, -0.016483, -0.02635), (0.042833, -0.016774, -0.02635), (0.042136, -0.013839, -0.02635), (0.043793, -0.014079, -0.02635), (0.042929, -0.011138, -0.02635), (0.044583, -0.011329, -0.02635), (0.043549, -0.008393, -0.02635), (0.045201, -0.008535, -0.02635), (0.043993, -0.005614, -0.02635), (0.045644, -0.005709, -0.02635), (0.044261, -0.002813, -0.02635), (0.046, 0, -0.00835), (0.045911, -0.00286, -0.00835), (0.045644, -0.005709, -0.00835), (0.045201, -0.008535, -0.00835), (0.044583, -0.011329, -0.00835), (0.043793, -0.014079, -0.00835), (0.042833, -0.016774, -0.00835), (0.041707, -0.019404, -0.00835), (0.04042, -0.02196, -0.00835), (0.038976, -0.02443, -0.00835), (0.037382, -0.026806, -0.00835), (0.035643, -0.029078, -0.00835), (0.033767, -0.031238, -0.00835), (0.031759, -0.033277, -0.00835), (0.029629, -0.035187, -0.00835), (0.027384, -0.036961, -0.00835), (0.025033, -0.038592, -0.00835), (0.022586, -0.040073, -0.00835), (0.020051, -0.0414, -0.00835), (0.017438, -0.042567, -0.00835), (0.014758, -0.043568, -0.00835), (0.012021, -0.044402, -0.00835), (0.009237, -0.045063, -0.00835), (0.006418, -0.04555, -0.00835), (0.003573, -0.045861, -0.00835), (0.000715, -0.045994, -0.00835), (-0.002145, -0.04595, -0.00835), (-0.004998, -0.045728, -0.00835), (-0.007831, -0.045328, -0.00835), (-0.010634, -0.044754, -0.00835), (-0.013396, -0.044006, -0.00835), (-0.016106, -0.043088, -0.00835), (-0.018753, -0.042004, -0.00835), (-0.021329, -0.040757, -0.00835), (-0.023821, -0.039352, -0.00835), (-0.026221, -0.037795, -0.00835), (-0.02852, -0.036091, -0.00835), (-0.030709, -0.034248, -0.00835), (-0.032779, -0.032273, -0.00835), (-0.034722, -0.030173, -0.00835), (-0.036531, -0.027956, -0.00835), (-0.038198, -0.025631, -0.00835), (-0.039717, -0.023206, -0.00835), (-0.041083, -0.020692, -0.00835), (-0.04229, -0.018098, -0.00835), (-0.043334, -0.015434, -0.00835), (-0.044209, -0.01271, -0.00835), (-0.044914, -0.009937, -0.00835), (-0.045445, -0.007125, -0.00835), (-0.0458, -0.004286, -0.00835), (-0.045978, -0.001431, -0.00835), (-0.045978, 0.001431, -0.00835), (-0.0458, 0.004286, -0.00835), (-0.045445, 0.007125, -0.00835), (-0.044914, 0.009937, -0.00835), (-0.044209, 0.01271, -0.00835), (-0.043334, 0.015434, -0.00835), (-0.04229, 0.018098, -0.00835), (-0.041083, 0.020692, -0.00835), (-0.039717, 0.023206, -0.00835), (-0.038198, 0.025631, -0.00835), (-0.036531, 0.027956, -0.00835), (-0.034722, 0.030173, -0.00835), (-0.032779, 0.032273, -0.00835), (-0.030709, 0.034248, -0.00835), (-0.02852, 0.036091, -0.00835), (-0.026221, 0.037795, -0.00835), (-0.023821, 0.039352, -0.00835), (-0.021329, 0.040757, -0.00835), (-0.018753, 0.042004, -0.00835), (-0.016106, 0.043088, -0.00835), (-0.013396, 0.044006, -0.00835), (-0.010634, 0.044754, -0.00835), (-0.007831, 0.045328, -0.00835), (-0.004998, 0.045728, -0.00835), (-0.002145, 0.04595, -0.00835), (0.000715, 0.045994, -0.00835), (0.003573, 0.045861, -0.00835), (0.006418, 0.04555, -0.00835), (0.009237, 0.045063, -0.00835), (0.012021, 0.044402, -0.00835), (0.014758, 0.043568, -0.00835), (0.017438, 0.042567, -0.00835), (0.020051, 0.0414, -0.00835), (0.022586, 0.040073, -0.00835), (0.025033, 0.038592, -0.00835), (0.027384, 0.036961, -0.00835), (0.029629, 0.035187, -0.00835), (0.031759, 0.033277, -0.00835), (0.033767, 0.031238, -0.00835), (0.035643, 0.029078, -0.00835), (0.037382, 0.026806, -0.00835), (0.038976, 0.02443, -0.00835), (0.04042, 0.02196, -0.00835), (0.041707, 0.019404, -0.00835), (0.042833, 0.016774, -0.00835), (0.043793, 0.014079, -0.00835), (0.044583, 0.011329, -0.00835), (0.045201, 0.008535, -0.00835), (0.045644, 0.005709, -0.00835), (0.045911, 0.00286, -0.00835), (0.0285, 0, 0.02065), (0.02841, 0.002264, 0.02065), (0.02814, 0.004514, 0.02065), (0.027693, 0.006736, 0.02065), (0.02707, 0.008915, 0.02065), (0.026276, 0.011037, 0.02065), (0.025316, 0.01309, 0.02065), (0.024196, 0.01506, 0.02065), (0.022923, 0.016935, 0.02065), (0.021505, 0.018702, 0.02065), (0.019951, 0.020352, 0.02065), (0.018271, 0.021873, 0.02065), (0.016476, 0.023255, 0.02065), (0.014576, 0.024491, 0.02065), (0.012584, 0.025571, 0.02065), (0.010513, 0.02649, 0.02065), (0.008375, 0.027242, 0.02065), (0.006184, 0.027821, 0.02065), (0.003954, 0.028224, 0.02065), (0.001699, 0.028449, 0.02065), (-0.000567, 0.028494, 0.02065), (-0.002829, 0.028359, 0.02065), (-0.005073, 0.028045, 0.02065), (-0.007285, 0.027553, 0.02065), (-0.009451, 0.026887, 0.02065), (-0.011557, 0.026051, 0.02065), (-0.013591, 0.025051, 0.02065), (-0.015538, 0.023892, 0.02065), (-0.017387, 0.022582, 0.02065), (-0.019126, 0.021129, 0.02065), (-0.020745, 0.019543, 0.02065), (-0.022232, 0.017833, 0.02065), (-0.023578, 0.01601, 0.02065), (-0.024776, 0.014086, 0.02065), (-0.025816, 0.012073, 0.02065), (-0.026694, 0.009984, 0.02065), (-0.027403, 0.007831, 0.02065), (-0.027938, 0.00563, 0.02065), (-0.028297, 0.003392, 0.02065), (-0.028477, 0.001133, 0.02065), (-0.028477, -0.001133, 0.02065), (-0.028297, -0.003392, 0.02065), (-0.027938, -0.00563, 0.02065), (-0.027403, -0.007831, 0.02065), (-0.026694, -0.009984, 0.02065), (-0.025816, -0.012073, 0.02065), (-0.024776, -0.014086, 0.02065), (-0.023578, -0.01601, 0.02065), (-0.022232, -0.017833, 0.02065), (-0.020745, -0.019543, 0.02065), (-0.019126, -0.021129, 0.02065), (-0.017387, -0.022582, 0.02065), (-0.015538, -0.023892, 0.02065), (-0.013591, -0.025051, 0.02065), (-0.011557, -0.026051, 0.02065), (-0.009451, -0.026887, 0.02065), (-0.007285, -0.027553, 0.02065), (-0.005073, -0.028045, 0.02065), (-0.002829, -0.028359, 0.02065), (-0.000567, -0.028494, 0.02065), (0.001699, -0.028449, 0.02065), (0.003954, -0.028224, 0.02065), (0.006184, -0.027821, 0.02065), (0.008375, -0.027242, 0.02065), (0.010513, -0.02649, 0.02065), (0.012584, -0.025571, 0.02065), (0.014576, -0.024491, 0.02065), (0.016476, -0.023255, 0.02065), (0.018271, -0.021873, 0.02065), (0.019951, -0.020352, 0.02065), (0.021505, -0.018702, 0.02065), (0.022923, -0.016935, 0.02065), (0.024196, -0.01506, 0.02065), (0.025316, -0.01309, 0.02065), (0.026276, -0.011037, 0.02065), (0.02707, -0.008915, 0.02065), (0.027693, -0.006736, 0.02065), (0.02814, -0.004514, 0.02065), (0.02841, -0.002264, 0.02065), (0.0285, 0, 0.03165), (0.02841, -0.002264, 0.03165), (0.02814, -0.004514, 0.03165), (0.027693, -0.006736, 0.03165), (0.02707, -0.008915, 0.03165), (0.026276, -0.011037, 0.03165), (0.025316, -0.01309, 0.03165), (0.024196, -0.01506, 0.03165), (0.022923, -0.016935, 0.03165), (0.021505, -0.018702, 0.03165), (0.019951, -0.020352, 0.03165), (0.018271, -0.021873, 0.03165), (0.016476, -0.023255, 0.03165), (0.014576, -0.024491, 0.03165), (0.012584, -0.025571, 0.03165), (0.010513, -0.02649, 0.03165), (0.008375, -0.027242, 0.03165), (0.006184, -0.027821, 0.03165), (0.003954, -0.028224, 0.03165), (0.001699, -0.028449, 0.03165), (-0.000567, -0.028494, 0.03165), (-0.002829, -0.028359, 0.03165), (-0.005073, -0.028045, 0.03165), (-0.007285, -0.027553, 0.03165), (-0.009451, -0.026887, 0.03165), (-0.011557, -0.026051, 0.03165), (-0.013591, -0.025051, 0.03165), (-0.015538, -0.023892, 0.03165), (-0.017387, -0.022582, 0.03165), (-0.019126, -0.021129, 0.03165), (-0.020745, -0.019543, 0.03165), (-0.022232, -0.017833, 0.03165), (-0.023578, -0.01601, 0.03165), (-0.024776, -0.014086, 0.03165), (-0.025816, -0.012073, 0.03165), (-0.026694, -0.009984, 0.03165), (-0.027403, -0.007831, 0.03165), (-0.027938, -0.00563, 0.03165), (-0.028297, -0.003392, 0.03165), (-0.028477, -0.001133, 0.03165), (-0.028477, 0.001133, 0.03165), (-0.028297, 0.003392, 0.03165), (-0.027938, 0.00563, 0.03165), (-0.027403, 0.007831, 0.03165), (-0.026694, 0.009984, 0.03165), (-0.025816, 0.012073, 0.03165), (-0.024776, 0.014086, 0.03165), (-0.023578, 0.01601, 0.03165), (-0.022232, 0.017833, 0.03165), (-0.020745, 0.019543, 0.03165), (-0.019126, 0.021129, 0.03165), (-0.017387, 0.022582, 0.03165), (-0.015538, 0.023892, 0.03165), (-0.013591, 0.025051, 0.03165), (-0.011557, 0.026051, 0.03165), (-0.009451, 0.026887, 0.03165), (-0.007285, 0.027553, 0.03165), (-0.005073, 0.028045, 0.03165), (-0.002829, 0.028359, 0.03165), (-0.000567, 0.028494, 0.03165), (0.001699, 0.028449, 0.03165), (0.003954, 0.028224, 0.03165), (0.006184, 0.027821, 0.03165), (0.008375, 0.027242, 0.03165), (0.010513, 0.02649, 0.03165), (0.012584, 0.025571, 0.03165), (0.014576, 0.024491, 0.03165), (0.016476, 0.023255, 0.03165), (0.018271, 0.021873, 0.03165), (0.019951, 0.020352, 0.03165), (0.021505, 0.018702, 0.03165), (0.022923, 0.016935, 0.03165), (0.024196, 0.01506, 0.03165), (0.025316, 0.01309, 0.03165), (0.026276, 0.011037, 0.03165), (0.02707, 0.008915, 0.03165), (0.027693, 0.006736, 0.03165), (0.02814, 0.004514, 0.03165), (0.02841, 0.002264, 0.03165), (0.0273, 0, 0.03165), (0.027211, 0.002197, 0.03165), (0.026946, 0.004379, 0.03165), (0.026507, 0.006533, 0.03165), (0.025895, 0.008645, 0.03165), (0.025115, 0.010701, 0.03165), (0.024173, 0.012687, 0.03165), (0.023074, 0.014591, 0.03165), (0.021825, 0.0164, 0.03165), (0.020434, 0.018103, 0.03165), (0.018911, 0.019689, 0.03165), (0.017266, 0.021147, 0.03165), (0.015508, 0.022467, 0.03165), (0.01365, 0.023642, 0.03165), (0.011703, 0.024664, 0.03165), (0.009681, 0.025526, 0.03165), (0.007595, 0.026222, 0.03165), (0.005461, 0.026748, 0.03165), (0.003291, 0.027101, 0.03165), (0.001099, 0.027278, 0.03165), (-0.001099, 0.027278, 0.03165), (-0.003291, 0.027101, 0.03165), (-0.005461, 0.026748, 0.03165), (-0.007595, 0.026222, 0.03165), (-0.009681, 0.025526, 0.03165), (-0.011703, 0.024664, 0.03165), (-0.01365, 0.023642, 0.03165), (-0.015508, 0.022467, 0.03165), (-0.017266, 0.021147, 0.03165), (-0.018911, 0.019689, 0.03165), (-0.020434, 0.018103, 0.03165), (-0.021825, 0.0164, 0.03165), (-0.023074, 0.014591, 0.03165), (-0.024173, 0.012687, 0.03165), (-0.025115, 0.010701, 0.03165), (-0.025895, 0.008645, 0.03165), (-0.026507, 0.006533, 0.03165), (-0.026946, 0.004379, 0.03165), (-0.027211, 0.002197, 0.03165), (-0.0273, 0, 0.03165), (-0.027211, -0.002197, 0.03165), (-0.026946, -0.004379, 0.03165), (-0.026507, -0.006533, 0.03165), (-0.025895, -0.008645, 0.03165), (-0.025115, -0.010701, 0.03165), (-0.024173, -0.012687, 0.03165), (-0.023074, -0.014591, 0.03165), (-0.021825, -0.0164, 0.03165), (-0.020434, -0.018103, 0.03165), (-0.018911, -0.019689, 0.03165), (-0.017266, -0.021147, 0.03165), (-0.015508, -0.022467, 0.03165), (-0.01365, -0.023642, 0.03165), (-0.011703, -0.024664, 0.03165), (-0.009681, -0.025526, 0.03165), (-0.007595, -0.026222, 0.03165), (-0.005461, -0.026748, 0.03165), (-0.003291, -0.027101, 0.03165), (-0.001099, -0.027278, 0.03165), (0.001099, -0.027278, 0.03165), (0.003291, -0.027101, 0.03165), (0.005461, -0.026748, 0.03165), (0.007595, -0.026222, 0.03165), (0.009681, -0.025526, 0.03165), (0.011703, -0.024664, 0.03165), (0.01365, -0.023642, 0.03165), (0.015508, -0.022467, 0.03165), (0.017266, -0.021147, 0.03165), (0.018911, -0.019689, 0.03165), (0.020434, -0.018103, 0.03165), (0.021825, -0.0164, 0.03165), (0.023074, -0.014591, 0.03165), (0.024173, -0.012687, 0.03165), (0.025115, -0.010701, 0.03165), (0.025895, -0.008645, 0.03165), (0.026507, -0.006533, 0.03165), (0.026946, -0.004379, 0.03165), (0.027211, -0.002197, 0.03165), (-0.044328, -0.001407, -0.00835), (-0.044328, 0.001407, -0.00835), (-0.044149, 0.004216, -0.00835), (-0.043793, 0.007007, -0.00835), (-0.04326, 0.009771, -0.00835), (-0.044149, -0.004216, -0.00835), (-0.043793, -0.007007, -0.00835), (-0.04326, -0.009771, -0.00835), (-0.042554, -0.012495, -0.00835), (-0.041675, -0.015169, -0.00835), (-0.040629, -0.017781, -0.00835), (-0.03942, -0.020322, -0.00835), (-0.038052, -0.022782, -0.00835), (-0.03653, -0.025149, -0.00835), (-0.034861, -0.027415, -0.00835), (-0.033052, -0.029571, -0.00835), (-0.03111, -0.031608, -0.00835), (-0.029043, -0.033517, -0.00835), (-0.026859, -0.035292, -0.00835), (-0.024566, -0.036924, -0.00835), (-0.022175, -0.038408, -0.00835), (-0.019694, -0.039737, -0.00835), (-0.017134, -0.040906, -0.00835), (-0.014505, -0.041911, -0.00835), (-0.011818, -0.042746, -0.00835), (-0.009083, -0.04341, -0.00835), (-0.006312, -0.043899, -0.00835), (-0.003515, -0.044211, -0.00835), (-0.000704, -0.044344, -0.00835), (0.00211, -0.0443, -0.00835), (0.004916, -0.044077, -0.00835), (0.007701, -0.043676, -0.00835), (0.010456, -0.0431, -0.00835), (0.013168, -0.04235, -0.00835), (0.015828, -0.041429, -0.00835), (0.018424, -0.040342, -0.00835), (0.020945, -0.039092, -0.00835), (0.023382, -0.037685, -0.00835), (0.025726, -0.036126, -0.00835), (0.027965, -0.034422, -0.00835), (0.030092, -0.032579, -0.00835), (0.032098, -0.030605, -0.00835), (0.033974, -0.028508, -0.00835), (0.035714, -0.026295, -0.00835), (0.03731, -0.023977, -0.00835), (0.038755, -0.021563, -0.00835), (0.040045, -0.019061, -0.00835), (0.041173, -0.016483, -0.00835), (0.042136, -0.013839, -0.00835), (0.042929, -0.011138, -0.00835), (0.043549, -0.008393, -0.00835), (0.043993, -0.005614, -0.00835), (0.044261, -0.002813, -0.00835), (0.04435, 0, -0.00835), (0.044261, 0.002813, -0.00835), (0.043993, 0.005614, -0.00835), (0.043549, 0.008393, -0.00835), (0.042929, 0.011138, -0.00835), (0.042136, 0.013839, -0.00835), (0.041173, 0.016483, -0.00835), (0.040045, 0.019061, -0.00835), (0.038755, 0.021563, -0.00835), (0.03731, 0.023977, -0.00835), (0.035714, 0.026295, -0.00835), (0.033974, 0.028508, -0.00835), (0.032098, 0.030605, -0.00835), (0.030092, 0.032579, -0.00835), (0.027965, 0.034422, -0.00835), (0.025726, 0.036126, -0.00835), (0.023382, 0.037685, -0.00835), (0.020945, 0.039092, -0.00835), (0.018424, 0.040342, -0.00835), (0.015828, 0.041429, -0.00835), (0.013168, 0.04235, -0.00835), (0.010456, 0.0431, -0.00835), (0.007701, 0.043676, -0.00835), (0.004916, 0.044077, -0.00835), (0.00211, 0.0443, -0.00835), (-0.000704, 0.044344, -0.00835), (-0.003515, 0.044211, -0.00835), (-0.006312, 0.043899, -0.00835), (-0.009083, 0.04341, -0.00835), (-0.011818, 0.042746, -0.00835), (-0.014505, 0.041911, -0.00835), (-0.017134, 0.040906, -0.00835), (-0.019694, 0.039737, -0.00835), (-0.022175, 0.038408, -0.00835), (-0.024566, 0.036924, -0.00835), (-0.026859, 0.035292, -0.00835), (-0.029043, 0.033517, -0.00835), (-0.03111, 0.031608, -0.00835), (-0.033052, 0.029571, -0.00835), (-0.034861, 0.027415, -0.00835), (-0.03653, 0.025149, -0.00835), (-0.038052, 0.022782, -0.00835), (-0.03942, 0.020322, -0.00835), (-0.040629, 0.017781, -0.00835), (-0.041675, 0.015169, -0.00835), (-0.042554, 0.012495, -0.00835)]
        uniform bool doubleSided = 1
    }
}
