# env combined mesh, meters, Z-up
o base_plate
v 0.154000 -0.350000 -0.025000
v 0.152494 -0.353127 -0.025000
v 0.149110 -0.353900 -0.025000
v 0.146396 -0.351736 -0.025000
v 0.146396 -0.348264 -0.025000
v 0.149110 -0.346100 -0.025000
v 0.152494 -0.346873 -0.025000
v 0.154000 -0.350000 -0.015000
v 0.152494 -0.346873 -0.015000
v 0.149110 -0.346100 -0.015000
v 0.146396 -0.348264 -0.015000
v 0.146396 -0.351736 -0.015000
v 0.149110 -0.353900 -0.015000
v 0.152494 -0.353127 -0.015000
v 0.146396 -0.348264 -0.025000
v 0.146396 -0.348264 -0.015000
v 0.254000 -0.350000 -0.025000
v 0.252494 -0.353127 -0.025000
v 0.249110 -0.353900 -0.025000
v 0.246396 -0.351736 -0.025000
v 0.246396 -0.348264 -0.025000
v 0.249110 -0.346100 -0.025000
v 0.252494 -0.346873 -0.025000
v 0.254000 -0.350000 -0.015000
v 0.252494 -0.346873 -0.015000
v 0.249110 -0.346100 -0.015000
v 0.246396 -0.348264 -0.015000
v 0.246396 -0.351736 -0.015000
v 0.249110 -0.353900 -0.015000
v 0.252494 -0.353127 -0.015000
v 0.246396 -0.348264 -0.025000
v 0.246396 -0.348264 -0.015000
v 0.354000 -0.350000 -0.025000
v 0.352494 -0.353127 -0.025000
v 0.349110 -0.353900 -0.025000
v 0.346396 -0.351736 -0.025000
v 0.346396 -0.348264 -0.025000
v 0.349110 -0.346100 -0.025000
v 0.352494 -0.346873 -0.025000
v 0.354000 -0.350000 -0.015000
v 0.352494 -0.346873 -0.015000
v 0.349110 -0.346100 -0.015000
v 0.346396 -0.348264 -0.015000
v 0.346396 -0.351736 -0.015000
v 0.349110 -0.353900 -0.015000
v 0.352494 -0.353127 -0.015000
v 0.346396 -0.348264 -0.025000
v 0.346396 -0.348264 -0.015000
v 0.450000 -0.450000 -0.015000
v -0.750000 -0.450000 -0.015000
v -0.750000 -0.450000 -0.025000
v 0.450000 -0.450000 -0.025000
v -0.750000 -0.450000 -0.015000
v -0.750000 0.450000 -0.015000
v -0.750000 0.450000 -0.025000
v -0.750000 -0.450000 -0.025000
v -0.750000 0.450000 -0.015000
v 0.450000 0.450000 -0.015000
v 0.450000 0.450000 -0.025000
v -0.750000 0.450000 -0.025000
v 0.450000 0.450000 -0.015000
v 0.450000 -0.450000 -0.015000
v 0.450000 -0.450000 -0.025000
v 0.450000 0.450000 -0.025000
v -0.646000 0.350000 -0.025000
v -0.647506 0.346873 -0.025000
v -0.650890 0.346100 -0.025000
v -0.653604 0.348264 -0.025000
v -0.653604 0.351736 -0.025000
v -0.650890 0.353900 -0.025000
v -0.647506 0.353127 -0.025000
v -0.646000 0.350000 -0.015000
v -0.647506 0.353127 -0.015000
v -0.650890 0.353900 -0.015000
v -0.653604 0.351736 -0.015000
v -0.653604 0.348264 -0.015000
v -0.650890 0.346100 -0.015000
v -0.647506 0.346873 -0.015000
v -0.653604 0.351736 -0.025000
v -0.653604 0.351736 -0.015000
v -0.546000 0.350000 -0.025000
v -0.547506 0.346873 -0.025000
v -0.550890 0.346100 -0.025000
v -0.553604 0.348264 -0.025000
v -0.553604 0.351736 -0.025000
v -0.550890 0.353900 -0.025000
v -0.547506 0.353127 -0.025000
v -0.546000 0.350000 -0.015000
v -0.547506 0.353127 -0.015000
v -0.550890 0.353900 -0.015000
v -0.553604 0.351736 -0.015000
v -0.553604 0.348264 -0.015000
v -0.550890 0.346100 -0.015000
v -0.547506 0.346873 -0.015000
v -0.553604 0.351736 -0.025000
v -0.553604 0.351736 -0.015000
v -0.446000 0.350000 -0.025000
v -0.447506 0.346873 -0.025000
v -0.450890 0.346100 -0.025000
v -0.453604 0.348264 -0.025000
v -0.453604 0.351736 -0.025000
v -0.450890 0.353900 -0.025000
v -0.447506 0.353127 -0.025000
v -0.446000 0.350000 -0.015000
v -0.447506 0.353127 -0.015000
v -0.450890 0.353900 -0.015000
v -0.453604 0.351736 -0.015000
v -0.453604 0.348264 -0.015000
v -0.450890 0.346100 -0.015000
v -0.447506 0.346873 -0.015000
v -0.453604 0.351736 -0.025000
v -0.453604 0.351736 -0.015000
v -0.346000 0.350000 -0.025000
v -0.347506 0.346873 -0.025000
v -0.350890 0.346100 -0.025000
v -0.353604 0.348264 -0.025000
v -0.353604 0.351736 -0.025000
v -0.350890 0.353900 -0.025000
v -0.347506 0.353127 -0.025000
v -0.346000 0.350000 -0.015000
v -0.347506 0.353127 -0.015000
v -0.350890 0.353900 -0.015000
v -0.353604 0.351736 -0.015000
v -0.353604 0.348264 -0.015000
v -0.350890 0.346100 -0.015000
v -0.347506 0.346873 -0.015000
v -0.353604 0.351736 -0.025000
v -0.353604 0.351736 -0.015000
v -0.246000 0.350000 -0.025000
v -0.247506 0.346873 -0.025000
v -0.250890 0.346100 -0.025000
v -0.253604 0.348264 -0.025000
v -0.253604 0.351736 -0.025000
v -0.250890 0.353900 -0.025000
v -0.247506 0.353127 -0.025000
v -0.246000 0.350000 -0.015000
v -0.247506 0.353127 -0.015000
v -0.250890 0.353900 -0.015000
v -0.253604 0.351736 -0.015000
v -0.253604 0.348264 -0.015000
v -0.250890 0.346100 -0.015000
v -0.247506 0.346873 -0.015000
v -0.253604 0.351736 -0.025000
v -0.253604 0.351736 -0.015000
v -0.146000 0.350000 -0.025000
v -0.147506 0.346873 -0.025000
v -0.150890 0.346100 -0.025000
v -0.153604 0.348264 -0.025000
v -0.153604 0.351736 -0.025000
v -0.150890 0.353900 -0.025000
v -0.147506 0.353127 -0.025000
v -0.146000 0.350000 -0.015000
v -0.147506 0.353127 -0.015000
v -0.150890 0.353900 -0.015000
v -0.153604 0.351736 -0.015000
v -0.153604 0.348264 -0.015000
v -0.150890 0.346100 -0.015000
v -0.147506 0.346873 -0.015000
v -0.153604 0.351736 -0.025000
v -0.153604 0.351736 -0.015000
v -0.046000 0.350000 -0.025000
v -0.047506 0.346873 -0.025000
v -0.050890 0.346100 -0.025000
v -0.053604 0.348264 -0.025000
v -0.053604 0.351736 -0.025000
v -0.050890 0.353900 -0.025000
v -0.047506 0.353127 -0.025000
v -0.046000 0.350000 -0.015000
v -0.047506 0.353127 -0.015000
v -0.050890 0.353900 -0.015000
v -0.053604 0.351736 -0.015000
v -0.053604 0.348264 -0.015000
v -0.050890 0.346100 -0.015000
v -0.047506 0.346873 -0.015000
v -0.053604 0.351736 -0.025000
v -0.053604 0.351736 -0.015000
v 0.054000 0.350000 -0.025000
v 0.052494 0.346873 -0.025000
v 0.049110 0.346100 -0.025000
v 0.046396 0.348264 -0.025000
v 0.046396 0.351736 -0.025000
v 0.049110 0.353900 -0.025000
v 0.052494 0.353127 -0.025000
v 0.054000 0.350000 -0.015000
v 0.052494 0.353127 -0.015000
v 0.049110 0.353900 -0.015000
v 0.046396 0.351736 -0.015000
v 0.046396 0.348264 -0.015000
v 0.049110 0.346100 -0.015000
v 0.052494 0.346873 -0.015000
v 0.046396 0.351736 -0.025000
v 0.046396 0.351736 -0.015000
v 0.154000 0.350000 -0.025000
v 0.152494 0.346873 -0.025000
v 0.149110 0.346100 -0.025000
v 0.146396 0.348264 -0.025000
v 0.146396 0.351736 -0.025000
v 0.149110 0.353900 -0.025000
v 0.152494 0.353127 -0.025000
v 0.154000 0.350000 -0.015000
v 0.152494 0.353127 -0.015000
v 0.149110 0.353900 -0.015000
v 0.146396 0.351736 -0.015000
v 0.146396 0.348264 -0.015000
v 0.149110 0.346100 -0.015000
v 0.152494 0.346873 -0.015000
v 0.146396 0.351736 -0.025000
v 0.146396 0.351736 -0.015000
v 0.254000 0.350000 -0.025000
v 0.252494 0.346873 -0.025000
v 0.249110 0.346100 -0.025000
v 0.246396 0.348264 -0.025000
v 0.246396 0.351736 -0.025000
v 0.249110 0.353900 -0.025000
v 0.252494 0.353127 -0.025000
v 0.254000 0.350000 -0.015000
v 0.252494 0.353127 -0.015000
v 0.249110 0.353900 -0.015000
v 0.246396 0.351736 -0.015000
v 0.246396 0.348264 -0.015000
v 0.249110 0.346100 -0.015000
v 0.252494 0.346873 -0.015000
v 0.246396 0.351736 -0.025000
v 0.246396 0.351736 -0.015000
v 0.354000 0.350000 -0.025000
v 0.352494 0.346873 -0.025000
v 0.349110 0.346100 -0.025000
v 0.346396 0.348264 -0.025000
v 0.346396 0.351736 -0.025000
v 0.349110 0.353900 -0.025000
v 0.352494 0.353127 -0.025000
v 0.354000 0.350000 -0.015000
v 0.352494 0.353127 -0.015000
v 0.349110 0.353900 -0.015000
v 0.346396 0.351736 -0.015000
v 0.346396 0.348264 -0.015000
v 0.349110 0.346100 -0.015000
v 0.352494 0.346873 -0.015000
v 0.346396 0.351736 -0.025000
v 0.346396 0.351736 -0.015000
v -0.646000 0.250000 -0.025000
v -0.647506 0.246873 -0.025000
v -0.650890 0.246100 -0.025000
v -0.653604 0.248264 -0.025000
v -0.653604 0.251736 -0.025000
v -0.650890 0.253900 -0.025000
v -0.647506 0.253127 -0.025000
v -0.646000 0.250000 -0.015000
v -0.647506 0.253127 -0.015000
v -0.650890 0.253900 -0.015000
v -0.653604 0.251736 -0.015000
v -0.653604 0.248264 -0.015000
v -0.650890 0.246100 -0.015000
v -0.647506 0.246873 -0.015000
v -0.653604 0.251736 -0.025000
v -0.653604 0.251736 -0.015000
v -0.546000 0.250000 -0.025000
v -0.547506 0.246873 -0.025000
v -0.550890 0.246100 -0.025000
v -0.553604 0.248264 -0.025000
v -0.553604 0.251736 -0.025000
v -0.550890 0.253900 -0.025000
v -0.547506 0.253127 -0.025000
v -0.546000 0.250000 -0.015000
v -0.547506 0.253127 -0.015000
v -0.550890 0.253900 -0.015000
v -0.553604 0.251736 -0.015000
v -0.553604 0.248264 -0.015000
v -0.550890 0.246100 -0.015000
v -0.547506 0.246873 -0.015000
v -0.553604 0.251736 -0.025000
v -0.553604 0.251736 -0.015000
v -0.446000 0.250000 -0.025000
v -0.447506 0.246873 -0.025000
v -0.450890 0.246100 -0.025000
v -0.453604 0.248264 -0.025000
v -0.453604 0.251736 -0.025000
v -0.450890 0.253900 -0.025000
v -0.447506 0.253127 -0.025000
v -0.446000 0.250000 -0.015000
v -0.447506 0.253127 -0.015000
v -0.450890 0.253900 -0.015000
v -0.453604 0.251736 -0.015000
v -0.453604 0.248264 -0.015000
v -0.450890 0.246100 -0.015000
v -0.447506 0.246873 -0.015000
v -0.453604 0.251736 -0.025000
v -0.453604 0.251736 -0.015000
v -0.346000 0.250000 -0.025000
v -0.347506 0.246873 -0.025000
v -0.350890 0.246100 -0.025000
v -0.353604 0.248264 -0.025000
v -0.353604 0.251736 -0.025000
v -0.350890 0.253900 -0.025000
v -0.347506 0.253127 -0.025000
v -0.346000 0.250000 -0.015000
v -0.347506 0.253127 -0.015000
v -0.350890 0.253900 -0.015000
v -0.353604 0.251736 -0.015000
v -0.353604 0.248264 -0.015000
v -0.350890 0.246100 -0.015000
v -0.347506 0.246873 -0.015000
v -0.353604 0.251736 -0.025000
v -0.353604 0.251736 -0.015000
v -0.246000 0.250000 -0.025000
v -0.247506 0.246873 -0.025000
v -0.250890 0.246100 -0.025000
v -0.253604 0.248264 -0.025000
v -0.253604 0.251736 -0.025000
v -0.250890 0.253900 -0.025000
v -0.247506 0.253127 -0.025000
v -0.246000 0.250000 -0.015000
v -0.247506 0.253127 -0.015000
v -0.250890 0.253900 -0.015000
v -0.253604 0.251736 -0.015000
v -0.253604 0.248264 -0.015000
v -0.250890 0.246100 -0.015000
v -0.247506 0.246873 -0.015000
v -0.253604 0.251736 -0.025000
v -0.253604 0.251736 -0.015000
v -0.146000 0.250000 -0.025000
v -0.147506 0.246873 -0.025000
v -0.150890 0.246100 -0.025000
v -0.153604 0.248264 -0.025000
v -0.153604 0.251736 -0.025000
v -0.150890 0.253900 -0.025000
v -0.147506 0.253127 -0.025000
v -0.146000 0.250000 -0.015000
v -0.147506 0.253127 -0.015000
v -0.150890 0.253900 -0.015000
v -0.153604 0.251736 -0.015000
v -0.153604 0.248264 -0.015000
v -0.150890 0.246100 -0.015000
v -0.147506 0.246873 -0.015000
v -0.153604 0.251736 -0.025000
v -0.153604 0.251736 -0.015000
v -0.046000 0.250000 -0.025000
v -0.047506 0.246873 -0.025000
v -0.050890 0.246100 -0.025000
v -0.053604 0.248264 -0.025000
v -0.053604 0.251736 -0.025000
v -0.050890 0.253900 -0.025000
v -0.047506 0.253127 -0.025000
v -0.046000 0.250000 -0.015000
v -0.047506 0.253127 -0.015000
v -0.050890 0.253900 -0.015000
v -0.053604 0.251736 -0.015000
v -0.053604 0.248264 -0.015000
v -0.050890 0.246100 -0.015000
v -0.047506 0.246873 -0.015000
v -0.053604 0.251736 -0.025000
v -0.053604 0.251736 -0.015000
v 0.054000 0.250000 -0.025000
v 0.052494 0.246873 -0.025000
v 0.049110 0.246100 -0.025000
v 0.046396 0.248264 -0.025000
v 0.046396 0.251736 -0.025000
v 0.049110 0.253900 -0.025000
v 0.052494 0.253127 -0.025000
v 0.054000 0.250000 -0.015000
v 0.052494 0.253127 -0.015000
v 0.049110 0.253900 -0.015000
v 0.046396 0.251736 -0.015000
v 0.046396 0.248264 -0.015000
v 0.049110 0.246100 -0.015000
v 0.052494 0.246873 -0.015000
v 0.046396 0.251736 -0.025000
v 0.046396 0.251736 -0.015000
v 0.154000 0.250000 -0.025000
v 0.152494 0.246873 -0.025000
v 0.149110 0.246100 -0.025000
v 0.146396 0.248264 -0.025000
v 0.146396 0.251736 -0.025000
v 0.149110 0.253900 -0.025000
v 0.152494 0.253127 -0.025000
v 0.154000 0.250000 -0.015000
v 0.152494 0.253127 -0.015000
v 0.149110 0.253900 -0.015000
v 0.146396 0.251736 -0.015000
v 0.146396 0.248264 -0.015000
v 0.149110 0.246100 -0.015000
v 0.152494 0.246873 -0.015000
v 0.146396 0.251736 -0.025000
v 0.146396 0.251736 -0.015000
v 0.254000 0.250000 -0.025000
v 0.252494 0.246873 -0.025000
v 0.249110 0.246100 -0.025000
v 0.246396 0.248264 -0.025000
v 0.246396 0.251736 -0.025000
v 0.249110 0.253900 -0.025000
v 0.252494 0.253127 -0.025000
v 0.254000 0.250000 -0.015000
v 0.252494 0.253127 -0.015000
v 0.249110 0.253900 -0.015000
v 0.246396 0.251736 -0.015000
v 0.246396 0.248264 -0.015000
v 0.249110 0.246100 -0.015000
v 0.252494 0.246873 -0.015000
v 0.246396 0.251736 -0.025000
v 0.246396 0.251736 -0.015000
v 0.354000 0.250000 -0.025000
v 0.352494 0.246873 -0.025000
v 0.349110 0.246100 -0.025000
v 0.346396 0.248264 -0.025000
v 0.346396 0.251736 -0.025000
v 0.349110 0.253900 -0.025000
v 0.352494 0.253127 -0.025000
v 0.354000 0.250000 -0.015000
v 0.352494 0.253127 -0.015000
v 0.349110 0.253900 -0.015000
v 0.346396 0.251736 -0.015000
v 0.346396 0.248264 -0.015000
v 0.349110 0.246100 -0.015000
v 0.352494 0.246873 -0.015000
v 0.346396 0.251736 -0.025000
v 0.346396 0.251736 -0.015000
v -0.646000 0.150000 -0.025000
v -0.647506 0.146873 -0.025000
v -0.650890 0.146100 -0.025000
v -0.653604 0.148264 -0.025000
v -0.653604 0.151736 -0.025000
v -0.650890 0.153900 -0.025000
v -0.647506 0.153127 -0.025000
v -0.646000 0.150000 -0.015000
v -0.647506 0.153127 -0.015000
v -0.650890 0.153900 -0.015000
v -0.653604 0.151736 -0.015000
v -0.653604 0.148264 -0.015000
v -0.650890 0.146100 -0.015000
v -0.647506 0.146873 -0.015000
v -0.653604 0.151736 -0.025000
v -0.653604 0.151736 -0.015000
v -0.546000 0.150000 -0.025000
v -0.547506 0.146873 -0.025000
v -0.550890 0.146100 -0.025000
v -0.553604 0.148264 -0.025000
v -0.553604 0.151736 -0.025000
v -0.550890 0.153900 -0.025000
v -0.547506 0.153127 -0.025000
v -0.546000 0.150000 -0.015000
v -0.547506 0.153127 -0.015000
v -0.550890 0.153900 -0.015000
v -0.553604 0.151736 -0.015000
v -0.553604 0.148264 -0.015000
v -0.550890 0.146100 -0.015000
v -0.547506 0.146873 -0.015000
v -0.553604 0.151736 -0.025000
v -0.553604 0.151736 -0.015000
v -0.446000 0.150000 -0.025000
v -0.447506 0.146873 -0.025000
v -0.450890 0.146100 -0.025000
v -0.453604 0.148264 -0.025000
v -0.453604 0.151736 -0.025000
v -0.450890 0.153900 -0.025000
v -0.447506 0.153127 -0.025000
v -0.446000 0.150000 -0.015000
v -0.447506 0.153127 -0.015000
v -0.450890 0.153900 -0.015000
v -0.453604 0.151736 -0.015000
v -0.453604 0.148264 -0.015000
v -0.450890 0.146100 -0.015000
v -0.447506 0.146873 -0.015000
v -0.453604 0.151736 -0.025000
v -0.453604 0.151736 -0.015000
v -0.346000 0.150000 -0.025000
v -0.347506 0.146873 -0.025000
v -0.350890 0.146100 -0.025000
v -0.353604 0.148264 -0.025000
v -0.353604 0.151736 -0.025000
v -0.350890 0.153900 -0.025000
v -0.347506 0.153127 -0.025000
v -0.346000 0.150000 -0.015000
v -0.347506 0.153127 -0.015000
v -0.350890 0.153900 -0.015000
v -0.353604 0.151736 -0.015000
v -0.353604 0.148264 -0.015000
v -0.350890 0.146100 -0.015000
v -0.347506 0.146873 -0.015000
v -0.353604 0.151736 -0.025000
v -0.353604 0.151736 -0.015000
v -0.246000 0.150000 -0.025000
v -0.247506 0.146873 -0.025000
v -0.250890 0.146100 -0.025000
v -0.253604 0.148264 -0.025000
v -0.253604 0.151736 -0.025000
v -0.250890 0.153900 -0.025000
v -0.247506 0.153127 -0.025000
v -0.246000 0.150000 -0.015000
v -0.247506 0.153127 -0.015000
v -0.250890 0.153900 -0.015000
v -0.253604 0.151736 -0.015000
v -0.253604 0.148264 -0.015000
v -0.250890 0.146100 -0.015000
v -0.247506 0.146873 -0.015000
v -0.253604 0.151736 -0.025000
v -0.253604 0.151736 -0.015000
v -0.146000 0.150000 -0.025000
v -0.147506 0.146873 -0.025000
v -0.150890 0.146100 -0.025000
v -0.153604 0.148264 -0.025000
v -0.153604 0.151736 -0.025000
v -0.150890 0.153900 -0.025000
v -0.147506 0.153127 -0.025000
v -0.146000 0.150000 -0.015000
v -0.147506 0.153127 -0.015000
v -0.150890 0.153900 -0.015000
v -0.153604 0.151736 -0.015000
v -0.153604 0.148264 -0.015000
v -0.150890 0.146100 -0.015000
v -0.147506 0.146873 -0.015000
v -0.153604 0.151736 -0.025000
v -0.153604 0.151736 -0.015000
v -0.046000 0.150000 -0.025000
v -0.047506 0.146873 -0.025000
v -0.050890 0.146100 -0.025000
v -0.053604 0.148264 -0.025000
v -0.053604 0.151736 -0.025000
v -0.050890 0.153900 -0.025000
v -0.047506 0.153127 -0.025000
v -0.046000 0.150000 -0.015000
v -0.047506 0.153127 -0.015000
v -0.050890 0.153900 -0.015000
v -0.053604 0.151736 -0.015000
v -0.053604 0.148264 -0.015000
v -0.050890 0.146100 -0.015000
v -0.047506 0.146873 -0.015000
v -0.053604 0.151736 -0.025000
v -0.053604 0.151736 -0.015000
v 0.054000 0.150000 -0.025000
v 0.052494 0.146873 -0.025000
v 0.049110 0.146100 -0.025000
v 0.046396 0.148264 -0.025000
v 0.046396 0.151736 -0.025000
v 0.049110 0.153900 -0.025000
v 0.052494 0.153127 -0.025000
v 0.054000 0.150000 -0.015000
v 0.052494 0.153127 -0.015000
v 0.049110 0.153900 -0.015000
v 0.046396 0.151736 -0.015000
v 0.046396 0.148264 -0.015000
v 0.049110 0.146100 -0.015000
v 0.052494 0.146873 -0.015000
v 0.046396 0.151736 -0.025000
v 0.046396 0.151736 -0.015000
v 0.154000 0.150000 -0.025000
v 0.152494 0.146873 -0.025000
v 0.149110 0.146100 -0.025000
v 0.146396 0.148264 -0.025000
v 0.146396 0.151736 -0.025000
v 0.149110 0.153900 -0.025000
v 0.152494 0.153127 -0.025000
v 0.154000 0.150000 -0.015000
v 0.152494 0.153127 -0.015000
v 0.149110 0.153900 -0.015000
v 0.146396 0.151736 -0.015000
v 0.146396 0.148264 -0.015000
v 0.149110 0.146100 -0.015000
v 0.152494 0.146873 -0.015000
v 0.146396 0.151736 -0.025000
v 0.146396 0.151736 -0.015000
v 0.254000 0.150000 -0.025000
v 0.252494 0.146873 -0.025000
v 0.249110 0.146100 -0.025000
v 0.246396 0.148264 -0.025000
v 0.246396 0.151736 -0.025000
v 0.249110 0.153900 -0.025000
v 0.252494 0.153127 -0.025000
v 0.254000 0.150000 -0.015000
v 0.252494 0.153127 -0.015000
v 0.249110 0.153900 -0.015000
v 0.246396 0.151736 -0.015000
v 0.246396 0.148264 -0.015000
v 0.249110 0.146100 -0.015000
v 0.252494 0.146873 -0.015000
v 0.246396 0.151736 -0.025000
v 0.246396 0.151736 -0.015000
v 0.354000 0.150000 -0.025000
v 0.352494 0.146873 -0.025000
v 0.349110 0.146100 -0.025000
v 0.346396 0.148264 -0.025000
v 0.346396 0.151736 -0.025000
v 0.349110 0.153900 -0.025000
v 0.352494 0.153127 -0.025000
v 0.354000 0.150000 -0.015000
v 0.352494 0.153127 -0.015000
v 0.349110 0.153900 -0.015000
v 0.346396 0.151736 -0.015000
v 0.346396 0.148264 -0.015000
v 0.349110 0.146100 -0.015000
v 0.352494 0.146873 -0.015000
v 0.346396 0.151736 -0.025000
v 0.346396 0.151736 -0.015000
v -0.646000 0.050000 -0.025000
v -0.647506 0.046873 -0.025000
v -0.650890 0.046100 -0.025000
v -0.653604 0.048264 -0.025000
v -0.653604 0.051736 -0.025000
v -0.650890 0.053900 -0.025000
v -0.647506 0.053127 -0.025000
v -0.646000 0.050000 -0.015000
v -0.647506 0.053127 -0.015000
v -0.650890 0.053900 -0.015000
v -0.653604 0.051736 -0.015000
v -0.653604 0.048264 -0.015000
v -0.650890 0.046100 -0.015000
v -0.647506 0.046873 -0.015000
v -0.653604 0.051736 -0.025000
v -0.653604 0.051736 -0.015000
v -0.546000 0.050000 -0.025000
v -0.547506 0.046873 -0.025000
v -0.550890 0.046100 -0.025000
v -0.553604 0.048264 -0.025000
v -0.553604 0.051736 -0.025000
v -0.550890 0.053900 -0.025000
v -0.547506 0.053127 -0.025000
v -0.546000 0.050000 -0.015000
v -0.547506 0.053127 -0.015000
v -0.550890 0.053900 -0.015000
v -0.553604 0.051736 -0.015000
v -0.553604 0.048264 -0.015000
v -0.550890 0.046100 -0.015000
v -0.547506 0.046873 -0.015000
v -0.553604 0.051736 -0.025000
v -0.553604 0.051736 -0.015000
v -0.446000 0.050000 -0.025000
v -0.447506 0.046873 -0.025000
v -0.450890 0.046100 -0.025000
v -0.453604 0.048264 -0.025000
v -0.453604 0.051736 -0.025000
v -0.450890 0.053900 -0.025000
v -0.447506 0.053127 -0.025000
v -0.446000 0.050000 -0.015000
v -0.447506 0.053127 -0.015000
v -0.450890 0.053900 -0.015000
v -0.453604 0.051736 -0.015000
v -0.453604 0.048264 -0.015000
v -0.450890 0.046100 -0.015000
v -0.447506 0.046873 -0.015000
v -0.453604 0.051736 -0.025000
v -0.453604 0.051736 -0.015000
v -0.346000 0.050000 -0.025000
v -0.347506 0.046873 -0.025000
v -0.350890 0.046100 -0.025000
v -0.353604 0.048264 -0.025000
v -0.353604 0.051736 -0.025000
v -0.350890 0.053900 -0.025000
v -0.347506 0.053127 -0.025000
v -0.346000 0.050000 -0.015000
v -0.347506 0.053127 -0.015000
v -0.350890 0.053900 -0.015000
v -0.353604 0.051736 -0.015000
v -0.353604 0.048264 -0.015000
v -0.350890 0.046100 -0.015000
v -0.347506 0.046873 -0.015000
v -0.353604 0.051736 -0.025000
v -0.353604 0.051736 -0.015000
v -0.246000 0.050000 -0.025000
v -0.247506 0.046873 -0.025000
v -0.250890 0.046100 -0.025000
v -0.253604 0.048264 -0.025000
v -0.253604 0.051736 -0.025000
v -0.250890 0.053900 -0.025000
v -0.247506 0.053127 -0.025000
v -0.246000 0.050000 -0.015000
v -0.247506 0.053127 -0.015000
v -0.250890 0.053900 -0.015000
v -0.253604 0.051736 -0.015000
v -0.253604 0.048264 -0.015000
v -0.250890 0.046100 -0.015000
v -0.247506 0.046873 -0.015000
v -0.253604 0.051736 -0.025000
v -0.253604 0.051736 -0.015000
v -0.146000 0.050000 -0.025000
v -0.147506 0.046873 -0.025000
v -0.150890 0.046100 -0.025000
v -0.153604 0.048264 -0.025000
v -0.153604 0.051736 -0.025000
v -0.150890 0.053900 -0.025000
v -0.147506 0.053127 -0.025000
v -0.146000 0.050000 -0.015000
v -0.147506 0.053127 -0.015000
v -0.150890 0.053900 -0.015000
v -0.153604 0.051736 -0.015000
v -0.153604 0.048264 -0.015000
v -0.150890 0.046100 -0.015000
v -0.147506 0.046873 -0.015000
v -0.153604 0.051736 -0.025000
v -0.153604 0.051736 -0.015000
v -0.046000 0.050000 -0.025000
v -0.047506 0.046873 -0.025000
v -0.050890 0.046100 -0.025000
v -0.053604 0.048264 -0.025000
v -0.053604 0.051736 -0.025000
v -0.050890 0.053900 -0.025000
v -0.047506 0.053127 -0.025000
v -0.046000 0.050000 -0.015000
v -0.047506 0.053127 -0.015000
v -0.050890 0.053900 -0.015000
v -0.053604 0.051736 -0.015000
v -0.053604 0.048264 -0.015000
v -0.050890 0.046100 -0.015000
v -0.047506 0.046873 -0.015000
v -0.053604 0.051736 -0.025000
v -0.053604 0.051736 -0.015000
v 0.054000 0.050000 -0.025000
v 0.052494 0.046873 -0.025000
v 0.049110 0.046100 -0.025000
v 0.046396 0.048264 -0.025000
v 0.046396 0.051736 -0.025000
v 0.049110 0.053900 -0.025000
v 0.052494 0.053127 -0.025000
v 0.054000 0.050000 -0.015000
v 0.052494 0.053127 -0.015000
v 0.049110 0.053900 -0.015000
v 0.046396 0.051736 -0.015000
v 0.046396 0.048264 -0.015000
v 0.049110 0.046100 -0.015000
v 0.052494 0.046873 -0.015000
v 0.046396 0.051736 -0.025000
v 0.046396 0.051736 -0.015000
v 0.154000 0.050000 -0.025000
v 0.152494 0.046873 -0.025000
v 0.149110 0.046100 -0.025000
v 0.146396 0.048264 -0.025000
v 0.146396 0.051736 -0.025000
v 0.149110 0.053900 -0.025000
v 0.152494 0.053127 -0.025000
v 0.154000 0.050000 -0.015000
v 0.152494 0.053127 -0.015000
v 0.149110 0.053900 -0.015000
v 0.146396 0.051736 -0.015000
v 0.146396 0.048264 -0.015000
v 0.149110 0.046100 -0.015000
v 0.152494 0.046873 -0.015000
v 0.146396 0.051736 -0.025000
v 0.146396 0.051736 -0.015000
v 0.254000 0.050000 -0.025000
v 0.252494 0.046873 -0.025000
v 0.249110 0.046100 -0.025000
v 0.246396 0.048264 -0.025000
v 0.246396 0.051736 -0.025000
v 0.249110 0.053900 -0.025000
v 0.252494 0.053127 -0.025000
v 0.254000 0.050000 -0.015000
v 0.252494 0.053127 -0.015000
v 0.249110 0.053900 -0.015000
v 0.246396 0.051736 -0.015000
v 0.246396 0.048264 -0.015000
v 0.249110 0.046100 -0.015000
v 0.252494 0.046873 -0.015000
v 0.246396 0.051736 -0.025000
v 0.246396 0.051736 -0.015000
v 0.354000 0.050000 -0.025000
v 0.352494 0.046873 -0.025000
v 0.349110 0.046100 -0.025000
v 0.346396 0.048264 -0.025000
v 0.346396 0.051736 -0.025000
v 0.349110 0.053900 -0.025000
v 0.352494 0.053127 -0.025000
v 0.354000 0.050000 -0.015000
v 0.352494 0.053127 -0.015000
v 0.349110 0.053900 -0.015000
v 0.346396 0.051736 -0.015000
v 0.346396 0.048264 -0.015000
v 0.349110 0.046100 -0.015000
v 0.352494 0.046873 -0.015000
v 0.346396 0.051736 -0.025000
v 0.346396 0.051736 -0.015000
v -0.646000 -0.050000 -0.025000
v -0.647506 -0.053127 -0.025000
v -0.650890 -0.053900 -0.025000
v -0.653604 -0.051736 -0.025000
v -0.653604 -0.048264 -0.025000
v -0.650890 -0.046100 -0.025000
v -0.647506 -0.046873 -0.025000
v -0.646000 -0.050000 -0.015000
v -0.647506 -0.046873 -0.015000
v -0.650890 -0.046100 -0.015000
v -0.653604 -0.048264 -0.015000
v -0.653604 -0.051736 -0.015000
v -0.650890 -0.053900 -0.015000
v -0.647506 -0.053127 -0.015000
v -0.653604 -0.048264 -0.025000
v -0.653604 -0.048264 -0.015000
v -0.546000 -0.050000 -0.025000
v -0.547506 -0.053127 -0.025000
v -0.550890 -0.053900 -0.025000
v -0.553604 -0.051736 -0.025000
v -0.553604 -0.048264 -0.025000
v -0.550890 -0.046100 -0.025000
v -0.547506 -0.046873 -0.025000
v -0.546000 -0.050000 -0.015000
v -0.547506 -0.046873 -0.015000
v -0.550890 -0.046100 -0.015000
v -0.553604 -0.048264 -0.015000
v -0.553604 -0.051736 -0.015000
v -0.550890 -0.053900 -0.015000
v -0.547506 -0.053127 -0.015000
v -0.553604 -0.048264 -0.025000
v -0.553604 -0.048264 -0.015000
v -0.446000 -0.050000 -0.025000
v -0.447506 -0.053127 -0.025000
v -0.450890 -0.053900 -0.025000
v -0.453604 -0.051736 -0.025000
v -0.453604 -0.048264 -0.025000
v -0.450890 -0.046100 -0.025000
v -0.447506 -0.046873 -0.025000
v -0.446000 -0.050000 -0.015000
v -0.447506 -0.046873 -0.015000
v -0.450890 -0.046100 -0.015000
v -0.453604 -0.048264 -0.015000
v -0.453604 -0.051736 -0.015000
v -0.450890 -0.053900 -0.015000
v -0.447506 -0.053127 -0.015000
v -0.453604 -0.048264 -0.025000
v -0.453604 -0.048264 -0.015000
v -0.346000 -0.050000 -0.025000
v -0.347506 -0.053127 -0.025000
v -0.350890 -0.053900 -0.025000
v -0.353604 -0.051736 -0.025000
v -0.353604 -0.048264 -0.025000
v -0.350890 -0.046100 -0.025000
v -0.347506 -0.046873 -0.025000
v -0.346000 -0.050000 -0.015000
v -0.347506 -0.046873 -0.015000
v -0.350890 -0.046100 -0.015000
v -0.353604 -0.048264 -0.015000
v -0.353604 -0.051736 -0.015000
v -0.350890 -0.053900 -0.015000
v -0.347506 -0.053127 -0.015000
v -0.353604 -0.048264 -0.025000
v -0.353604 -0.048264 -0.015000
v -0.246000 -0.050000 -0.025000
v -0.247506 -0.053127 -0.025000
v -0.250890 -0.053900 -0.025000
v -0.253604 -0.051736 -0.025000
v -0.253604 -0.048264 -0.025000
v -0.250890 -0.046100 -0.025000
v -0.247506 -0.046873 -0.025000
v -0.246000 -0.050000 -0.015000
v -0.247506 -0.046873 -0.015000
v -0.250890 -0.046100 -0.015000
v -0.253604 -0.048264 -0.015000
v -0.253604 -0.051736 -0.015000
v -0.250890 -0.053900 -0.015000
v -0.247506 -0.053127 -0.015000
v -0.253604 -0.048264 -0.025000
v -0.253604 -0.048264 -0.015000
v -0.146000 -0.050000 -0.025000
v -0.147506 -0.053127 -0.025000
v -0.150890 -0.053900 -0.025000
v -0.153604 -0.051736 -0.025000
v -0.153604 -0.048264 -0.025000
v -0.150890 -0.046100 -0.025000
v -0.147506 -0.046873 -0.025000
v -0.146000 -0.050000 -0.015000
v -0.147506 -0.046873 -0.015000
v -0.150890 -0.046100 -0.015000
v -0.153604 -0.048264 -0.015000
v -0.153604 -0.051736 -0.015000
v -0.150890 -0.053900 -0.015000
v -0.147506 -0.053127 -0.015000
v -0.153604 -0.048264 -0.025000
v -0.153604 -0.048264 -0.015000
v -0.046000 -0.050000 -0.025000
v -0.047506 -0.053127 -0.025000
v -0.050890 -0.053900 -0.025000
v -0.053604 -0.051736 -0.025000
v -0.053604 -0.048264 -0.025000
v -0.050890 -0.046100 -0.025000
v -0.047506 -0.046873 -0.025000
v -0.046000 -0.050000 -0.015000
v -0.047506 -0.046873 -0.015000
v -0.050890 -0.046100 -0.015000
v -0.053604 -0.048264 -0.015000
v -0.053604 -0.051736 -0.015000
v -0.050890 -0.053900 -0.015000
v -0.047506 -0.053127 -0.015000
v -0.053604 -0.048264 -0.025000
v -0.053604 -0.048264 -0.015000
v 0.054000 -0.050000 -0.025000
v 0.052494 -0.053127 -0.025000
v 0.049110 -0.053900 -0.025000
v 0.046396 -0.051736 -0.025000
v 0.046396 -0.048264 -0.025000
v 0.049110 -0.046100 -0.025000
v 0.052494 -0.046873 -0.025000
v 0.054000 -0.050000 -0.015000
v 0.052494 -0.046873 -0.015000
v 0.049110 -0.046100 -0.015000
v 0.046396 -0.048264 -0.015000
v 0.046396 -0.051736 -0.015000
v 0.049110 -0.053900 -0.015000
v 0.052494 -0.053127 -0.015000
v 0.046396 -0.048264 -0.025000
v 0.046396 -0.048264 -0.015000
v 0.154000 -0.050000 -0.025000
v 0.152494 -0.053127 -0.025000
v 0.149110 -0.053900 -0.025000
v 0.146396 -0.051736 -0.025000
v 0.146396 -0.048264 -0.025000
v 0.149110 -0.046100 -0.025000
v 0.152494 -0.046873 -0.025000
v 0.154000 -0.050000 -0.015000
v 0.152494 -0.046873 -0.015000
v 0.149110 -0.046100 -0.015000
v 0.146396 -0.048264 -0.015000
v 0.146396 -0.051736 -0.015000
v 0.149110 -0.053900 -0.015000
v 0.152494 -0.053127 -0.015000
v 0.146396 -0.048264 -0.025000
v 0.146396 -0.048264 -0.015000
v 0.254000 -0.050000 -0.025000
v 0.252494 -0.053127 -0.025000
v 0.249110 -0.053900 -0.025000
v 0.246396 -0.051736 -0.025000
v 0.246396 -0.048264 -0.025000
v 0.249110 -0.046100 -0.025000
v 0.252494 -0.046873 -0.025000
v 0.254000 -0.050000 -0.015000
v 0.252494 -0.046873 -0.015000
v 0.249110 -0.046100 -0.015000
v 0.246396 -0.048264 -0.015000
v 0.246396 -0.051736 -0.015000
v 0.249110 -0.053900 -0.015000
v 0.252494 -0.053127 -0.015000
v 0.246396 -0.048264 -0.025000
v 0.246396 -0.048264 -0.015000
v 0.354000 -0.050000 -0.025000
v 0.352494 -0.053127 -0.025000
v 0.349110 -0.053900 -0.025000
v 0.346396 -0.051736 -0.025000
v 0.346396 -0.048264 -0.025000
v 0.349110 -0.046100 -0.025000
v 0.352494 -0.046873 -0.025000
v 0.354000 -0.050000 -0.015000
v 0.352494 -0.046873 -0.015000
v 0.349110 -0.046100 -0.015000
v 0.346396 -0.048264 -0.015000
v 0.346396 -0.051736 -0.015000
v 0.349110 -0.053900 -0.015000
v 0.352494 -0.053127 -0.015000
v 0.346396 -0.048264 -0.025000
v 0.346396 -0.048264 -0.015000
v -0.646000 -0.150000 -0.025000
v -0.647506 -0.153127 -0.025000
v -0.650890 -0.153900 -0.025000
v -0.653604 -0.151736 -0.025000
v -0.653604 -0.148264 -0.025000
v -0.650890 -0.146100 -0.025000
v -0.647506 -0.146873 -0.025000
v -0.646000 -0.150000 -0.015000
v -0.647506 -0.146873 -0.015000
v -0.650890 -0.146100 -0.015000
v -0.653604 -0.148264 -0.015000
v -0.653604 -0.151736 -0.015000
v -0.650890 -0.153900 -0.015000
v -0.647506 -0.153127 -0.015000
v -0.653604 -0.148264 -0.025000
v -0.653604 -0.148264 -0.015000
v -0.546000 -0.150000 -0.025000
v -0.547506 -0.153127 -0.025000
v -0.550890 -0.153900 -0.025000
v -0.553604 -0.151736 -0.025000
v -0.553604 -0.148264 -0.025000
v -0.550890 -0.146100 -0.025000
v -0.547506 -0.146873 -0.025000
v -0.546000 -0.150000 -0.015000
v -0.547506 -0.146873 -0.015000
v -0.550890 -0.146100 -0.015000
v -0.553604 -0.148264 -0.015000
v -0.553604 -0.151736 -0.015000
v -0.550890 -0.153900 -0.015000
v -0.547506 -0.153127 -0.015000
v -0.553604 -0.148264 -0.025000
v -0.553604 -0.148264 -0.015000
v -0.446000 -0.150000 -0.025000
v -0.447506 -0.153127 -0.025000
v -0.450890 -0.153900 -0.025000
v -0.453604 -0.151736 -0.025000
v -0.453604 -0.148264 -0.025000
v -0.450890 -0.146100 -0.025000
v -0.447506 -0.146873 -0.025000
v -0.446000 -0.150000 -0.015000
v -0.447506 -0.146873 -0.015000
v -0.450890 -0.146100 -0.015000
v -0.453604 -0.148264 -0.015000
v -0.453604 -0.151736 -0.015000
v -0.450890 -0.153900 -0.015000
v -0.447506 -0.153127 -0.015000
v -0.453604 -0.148264 -0.025000
v -0.453604 -0.148264 -0.015000
v -0.346000 -0.150000 -0.025000
v -0.347506 -0.153127 -0.025000
v -0.350890 -0.153900 -0.025000
v -0.353604 -0.151736 -0.025000
v -0.353604 -0.148264 -0.025000
v -0.350890 -0.146100 -0.025000
v -0.347506 -0.146873 -0.025000
v -0.346000 -0.150000 -0.015000
v -0.347506 -0.146873 -0.015000
v -0.350890 -0.146100 -0.015000
v -0.353604 -0.148264 -0.015000
v -0.353604 -0.151736 -0.015000
v -0.350890 -0.153900 -0.015000
v -0.347506 -0.153127 -0.015000
v -0.353604 -0.148264 -0.025000
v -0.353604 -0.148264 -0.015000
v -0.246000 -0.150000 -0.025000
v -0.247506 -0.153127 -0.025000
v -0.250890 -0.153900 -0.025000
v -0.253604 -0.151736 -0.025000
v -0.253604 -0.148264 -0.025000
v -0.250890 -0.146100 -0.025000
v -0.247506 -0.146873 -0.025000
v -0.246000 -0.150000 -0.015000
v -0.247506 -0.146873 -0.015000
v -0.250890 -0.146100 -0.015000
v -0.253604 -0.148264 -0.015000
v -0.253604 -0.151736 -0.015000
v -0.250890 -0.153900 -0.015000
v -0.247506 -0.153127 -0.015000
v -0.253604 -0.148264 -0.025000
v -0.253604 -0.148264 -0.015000
v -0.146000 -0.150000 -0.025000
v -0.147506 -0.153127 -0.025000
v -0.150890 -0.153900 -0.025000
v -0.153604 -0.151736 -0.025000
v -0.153604 -0.148264 -0.025000
v -0.150890 -0.146100 -0.025000
v -0.147506 -0.146873 -0.025000
v -0.146000 -0.150000 -0.015000
v -0.147506 -0.146873 -0.015000
v -0.150890 -0.146100 -0.015000
v -0.153604 -0.148264 -0.015000
v -0.153604 -0.151736 -0.015000
v -0.150890 -0.153900 -0.015000
v -0.147506 -0.153127 -0.015000
v -0.153604 -0.148264 -0.025000
v -0.153604 -0.148264 -0.015000
v -0.046000 -0.150000 -0.025000
v -0.047506 -0.153127 -0.025000
v -0.050890 -0.153900 -0.025000
v -0.053604 -0.151736 -0.025000
v -0.053604 -0.148264 -0.025000
v -0.050890 -0.146100 -0.025000
v -0.047506 -0.146873 -0.025000
v -0.046000 -0.150000 -0.015000
v -0.047506 -0.146873 -0.015000
v -0.050890 -0.146100 -0.015000
v -0.053604 -0.148264 -0.015000
v -0.053604 -0.151736 -0.015000
v -0.050890 -0.153900 -0.015000
v -0.047506 -0.153127 -0.015000
v -0.053604 -0.148264 -0.025000
v -0.053604 -0.148264 -0.015000
v 0.054000 -0.150000 -0.025000
v 0.052494 -0.153127 -0.025000
v 0.049110 -0.153900 -0.025000
v 0.046396 -0.151736 -0.025000
v 0.046396 -0.148264 -0.025000
v 0.049110 -0.146100 -0.025000
v 0.052494 -0.146873 -0.025000
v 0.054000 -0.150000 -0.015000
v 0.052494 -0.146873 -0.015000
v 0.049110 -0.146100 -0.015000
v 0.046396 -0.148264 -0.015000
v 0.046396 -0.151736 -0.015000
v 0.049110 -0.153900 -0.015000
v 0.052494 -0.153127 -0.015000
v 0.046396 -0.148264 -0.025000
v 0.046396 -0.148264 -0.015000
v 0.154000 -0.150000 -0.025000
v 0.152494 -0.153127 -0.025000
v 0.149110 -0.153900 -0.025000
v 0.146396 -0.151736 -0.025000
v 0.146396 -0.148264 -0.025000
v 0.149110 -0.146100 -0.025000
v 0.152494 -0.146873 -0.025000
v 0.154000 -0.150000 -0.015000
v 0.152494 -0.146873 -0.015000
v 0.149110 -0.146100 -0.015000
v 0.146396 -0.148264 -0.015000
v 0.146396 -0.151736 -0.015000
v 0.149110 -0.153900 -0.015000
v 0.152494 -0.153127 -0.015000
v 0.146396 -0.148264 -0.025000
v 0.146396 -0.148264 -0.015000
v 0.254000 -0.150000 -0.025000
v 0.252494 -0.153127 -0.025000
v 0.249110 -0.153900 -0.025000
v 0.246396 -0.151736 -0.025000
v 0.246396 -0.148264 -0.025000
v 0.249110 -0.146100 -0.025000
v 0.252494 -0.146873 -0.025000
v 0.254000 -0.150000 -0.015000
v 0.252494 -0.146873 -0.015000
v 0.249110 -0.146100 -0.015000
v 0.246396 -0.148264 -0.015000
v 0.246396 -0.151736 -0.015000
v 0.249110 -0.153900 -0.015000
v 0.252494 -0.153127 -0.015000
v 0.246396 -0.148264 -0.025000
v 0.246396 -0.148264 -0.015000
v 0.354000 -0.150000 -0.025000
v 0.352494 -0.153127 -0.025000
v 0.349110 -0.153900 -0.025000
v 0.346396 -0.151736 -0.025000
v 0.346396 -0.148264 -0.025000
v 0.349110 -0.146100 -0.025000
v 0.352494 -0.146873 -0.025000
v 0.354000 -0.150000 -0.015000
v 0.352494 -0.146873 -0.015000
v 0.349110 -0.146100 -0.015000
v 0.346396 -0.148264 -0.015000
v 0.346396 -0.151736 -0.015000
v 0.349110 -0.153900 -0.015000
v 0.352494 -0.153127 -0.015000
v 0.346396 -0.148264 -0.025000
v 0.346396 -0.148264 -0.015000
v -0.646000 -0.250000 -0.025000
v -0.647506 -0.253127 -0.025000
v -0.650890 -0.253900 -0.025000
v -0.653604 -0.251736 -0.025000
v -0.653604 -0.248264 -0.025000
v -0.650890 -0.246100 -0.025000
v -0.647506 -0.246873 -0.025000
v -0.646000 -0.250000 -0.015000
v -0.647506 -0.246873 -0.015000
v -0.650890 -0.246100 -0.015000
v -0.653604 -0.248264 -0.015000
v -0.653604 -0.251736 -0.015000
v -0.650890 -0.253900 -0.015000
v -0.647506 -0.253127 -0.015000
v -0.653604 -0.248264 -0.025000
v -0.653604 -0.248264 -0.015000
v -0.546000 -0.250000 -0.025000
v -0.547506 -0.253127 -0.025000
v -0.550890 -0.253900 -0.025000
v -0.553604 -0.251736 -0.025000
v -0.553604 -0.248264 -0.025000
v -0.550890 -0.246100 -0.025000
v -0.547506 -0.246873 -0.025000
v -0.546000 -0.250000 -0.015000
v -0.547506 -0.246873 -0.015000
v -0.550890 -0.246100 -0.015000
v -0.553604 -0.248264 -0.015000
v -0.553604 -0.251736 -0.015000
v -0.550890 -0.253900 -0.015000
v -0.547506 -0.253127 -0.015000
v -0.553604 -0.248264 -0.025000
v -0.553604 -0.248264 -0.015000
v -0.446000 -0.250000 -0.025000
v -0.447506 -0.253127 -0.025000
v -0.450890 -0.253900 -0.025000
v -0.453604 -0.251736 -0.025000
v -0.453604 -0.248264 -0.025000
v -0.450890 -0.246100 -0.025000
v -0.447506 -0.246873 -0.025000
v -0.446000 -0.250000 -0.015000
v -0.447506 -0.246873 -0.015000
v -0.450890 -0.246100 -0.015000
v -0.453604 -0.248264 -0.015000
v -0.453604 -0.251736 -0.015000
v -0.450890 -0.253900 -0.015000
v -0.447506 -0.253127 -0.015000
v -0.453604 -0.248264 -0.025000
v -0.453604 -0.248264 -0.015000
v -0.346000 -0.250000 -0.025000
v -0.347506 -0.253127 -0.025000
v -0.350890 -0.253900 -0.025000
v -0.353604 -0.251736 -0.025000
v -0.353604 -0.248264 -0.025000
v -0.350890 -0.246100 -0.025000
v -0.347506 -0.246873 -0.025000
v -0.346000 -0.250000 -0.015000
v -0.347506 -0.246873 -0.015000
v -0.350890 -0.246100 -0.015000
v -0.353604 -0.248264 -0.015000
v -0.353604 -0.251736 -0.015000
v -0.350890 -0.253900 -0.015000
v -0.347506 -0.253127 -0.015000
v -0.353604 -0.248264 -0.025000
v -0.353604 -0.248264 -0.015000
v -0.246000 -0.250000 -0.025000
v -0.247506 -0.253127 -0.025000
v -0.250890 -0.253900 -0.025000
v -0.253604 -0.251736 -0.025000
v -0.253604 -0.248264 -0.025000
v -0.250890 -0.246100 -0.025000
v -0.247506 -0.246873 -0.025000
v -0.246000 -0.250000 -0.015000
v -0.247506 -0.246873 -0.015000
v -0.250890 -0.246100 -0.015000
v -0.253604 -0.248264 -0.015000
v -0.253604 -0.251736 -0.015000
v -0.250890 -0.253900 -0.015000
v -0.247506 -0.253127 -0.015000
v -0.253604 -0.248264 -0.025000
v -0.253604 -0.248264 -0.015000
v -0.146000 -0.250000 -0.025000
v -0.147506 -0.253127 -0.025000
v -0.150890 -0.253900 -0.025000
v -0.153604 -0.251736 -0.025000
v -0.153604 -0.248264 -0.025000
v -0.150890 -0.246100 -0.025000
v -0.147506 -0.246873 -0.025000
v -0.146000 -0.250000 -0.015000
v -0.147506 -0.246873 -0.015000
v -0.150890 -0.246100 -0.015000
v -0.153604 -0.248264 -0.015000
v -0.153604 -0.251736 -0.015000
v -0.150890 -0.253900 -0.015000
v -0.147506 -0.253127 -0.015000
v -0.153604 -0.248264 -0.025000
v -0.153604 -0.248264 -0.015000
v -0.046000 -0.250000 -0.025000
v -0.047506 -0.253127 -0.025000
v -0.050890 -0.253900 -0.025000
v -0.053604 -0.251736 -0.025000
v -0.053604 -0.248264 -0.025000
v -0.050890 -0.246100 -0.025000
v -0.047506 -0.246873 -0.025000
v -0.046000 -0.250000 -0.015000
v -0.047506 -0.246873 -0.015000
v -0.050890 -0.246100 -0.015000
v -0.053604 -0.248264 -0.015000
v -0.053604 -0.251736 -0.015000
v -0.050890 -0.253900 -0.015000
v -0.047506 -0.253127 -0.015000
v -0.053604 -0.248264 -0.025000
v -0.053604 -0.248264 -0.015000
v 0.054000 -0.250000 -0.025000
v 0.052494 -0.253127 -0.025000
v 0.049110 -0.253900 -0.025000
v 0.046396 -0.251736 -0.025000
v 0.046396 -0.248264 -0.025000
v 0.049110 -0.246100 -0.025000
v 0.052494 -0.246873 -0.025000
v 0.054000 -0.250000 -0.015000
v 0.052494 -0.246873 -0.015000
v 0.049110 -0.246100 -0.015000
v 0.046396 -0.248264 -0.015000
v 0.046396 -0.251736 -0.015000
v 0.049110 -0.253900 -0.015000
v 0.052494 -0.253127 -0.015000
v 0.046396 -0.248264 -0.025000
v 0.046396 -0.248264 -0.015000
v 0.154000 -0.250000 -0.025000
v 0.152494 -0.253127 -0.025000
v 0.149110 -0.253900 -0.025000
v 0.146396 -0.251736 -0.025000
v 0.146396 -0.248264 -0.025000
v 0.149110 -0.246100 -0.025000
v 0.152494 -0.246873 -0.025000
v 0.154000 -0.250000 -0.015000
v 0.152494 -0.246873 -0.015000
v 0.149110 -0.246100 -0.015000
v 0.146396 -0.248264 -0.015000
v 0.146396 -0.251736 -0.015000
v 0.149110 -0.253900 -0.015000
v 0.152494 -0.253127 -0.015000
v 0.146396 -0.248264 -0.025000
v 0.146396 -0.248264 -0.015000
v 0.254000 -0.250000 -0.025000
v 0.252494 -0.253127 -0.025000
v 0.249110 -0.253900 -0.025000
v 0.246396 -0.251736 -0.025000
v 0.246396 -0.248264 -0.025000
v 0.249110 -0.246100 -0.025000
v 0.252494 -0.246873 -0.025000
v 0.254000 -0.250000 -0.015000
v 0.252494 -0.246873 -0.015000
v 0.249110 -0.246100 -0.015000
v 0.246396 -0.248264 -0.015000
v 0.246396 -0.251736 -0.015000
v 0.249110 -0.253900 -0.015000
v 0.252494 -0.253127 -0.015000
v 0.246396 -0.248264 -0.025000
v 0.246396 -0.248264 -0.015000
v 0.354000 -0.250000 -0.025000
v 0.352494 -0.253127 -0.025000
v 0.349110 -0.253900 -0.025000
v 0.346396 -0.251736 -0.025000
v 0.346396 -0.248264 -0.025000
v 0.349110 -0.246100 -0.025000
v 0.352494 -0.246873 -0.025000
v 0.354000 -0.250000 -0.015000
v 0.352494 -0.246873 -0.015000
v 0.349110 -0.246100 -0.015000
v 0.346396 -0.248264 -0.015000
v 0.346396 -0.251736 -0.015000
v 0.349110 -0.253900 -0.015000
v 0.352494 -0.253127 -0.015000
v 0.346396 -0.248264 -0.025000
v 0.346396 -0.248264 -0.015000
v -0.646000 -0.350000 -0.025000
v -0.647506 -0.353127 -0.025000
v -0.650890 -0.353900 -0.025000
v -0.653604 -0.351736 -0.025000
v -0.653604 -0.348264 -0.025000
v -0.650890 -0.346100 -0.025000
v -0.647506 -0.346873 -0.025000
v -0.646000 -0.350000 -0.015000
v -0.647506 -0.346873 -0.015000
v -0.650890 -0.346100 -0.015000
v -0.653604 -0.348264 -0.015000
v -0.653604 -0.351736 -0.015000
v -0.650890 -0.353900 -0.015000
v -0.647506 -0.353127 -0.015000
v -0.653604 -0.348264 -0.025000
v -0.653604 -0.348264 -0.015000
v -0.546000 -0.350000 -0.025000
v -0.547506 -0.353127 -0.025000
v -0.550890 -0.353900 -0.025000
v -0.553604 -0.351736 -0.025000
v -0.553604 -0.348264 -0.025000
v -0.550890 -0.346100 -0.025000
v -0.547506 -0.346873 -0.025000
v -0.546000 -0.350000 -0.015000
v -0.547506 -0.346873 -0.015000
v -0.550890 -0.346100 -0.015000
v -0.553604 -0.348264 -0.015000
v -0.553604 -0.351736 -0.015000
v -0.550890 -0.353900 -0.015000
v -0.547506 -0.353127 -0.015000
v -0.553604 -0.348264 -0.025000
v -0.553604 -0.348264 -0.015000
v -0.446000 -0.350000 -0.025000
v -0.447506 -0.353127 -0.025000
v -0.450890 -0.353900 -0.025000
v -0.453604 -0.351736 -0.025000
v -0.453604 -0.348264 -0.025000
v -0.450890 -0.346100 -0.025000
v -0.447506 -0.346873 -0.025000
v -0.446000 -0.350000 -0.015000
v -0.447506 -0.346873 -0.015000
v -0.450890 -0.346100 -0.015000
v -0.453604 -0.348264 -0.015000
v -0.453604 -0.351736 -0.015000
v -0.450890 -0.353900 -0.015000
v -0.447506 -0.353127 -0.015000
v -0.453604 -0.348264 -0.025000
v -0.453604 -0.348264 -0.015000
v -0.346000 -0.350000 -0.025000
v -0.347506 -0.353127 -0.025000
v -0.350890 -0.353900 -0.025000
v -0.353604 -0.351736 -0.025000
v -0.353604 -0.348264 -0.025000
v -0.350890 -0.346100 -0.025000
v -0.347506 -0.346873 -0.025000
v -0.346000 -0.350000 -0.015000
v -0.347506 -0.346873 -0.015000
v -0.350890 -0.346100 -0.015000
v -0.353604 -0.348264 -0.015000
v -0.353604 -0.351736 -0.015000
v -0.350890 -0.353900 -0.015000
v -0.347506 -0.353127 -0.015000
v -0.353604 -0.348264 -0.025000
v -0.353604 -0.348264 -0.015000
v 0.354000 -0.350000 -0.015000
v 0.352494 -0.353127 -0.015000
v 0.349110 -0.353900 -0.015000
v 0.346396 -0.351736 -0.015000
v 0.346396 -0.348264 -0.015000
v 0.349110 -0.346100 -0.015000
v 0.352494 -0.346873 -0.015000
v 0.254000 -0.350000 -0.015000
v 0.252494 -0.353127 -0.015000
v 0.249110 -0.353900 -0.015000
v 0.246396 -0.351736 -0.015000
v 0.246396 -0.348264 -0.015000
v 0.249110 -0.346100 -0.015000
v 0.252494 -0.346873 -0.015000
v 0.154000 -0.350000 -0.015000
v 0.152494 -0.353127 -0.015000
v 0.149110 -0.353900 -0.015000
v 0.146396 -0.351736 -0.015000
v 0.146396 -0.348264 -0.015000
v 0.149110 -0.346100 -0.015000
v 0.152494 -0.346873 -0.015000
v 0.054000 -0.350000 -0.015000
v 0.052494 -0.353127 -0.015000
v 0.049110 -0.353900 -0.015000
v 0.046396 -0.351736 -0.015000
v 0.046396 -0.348264 -0.015000
v 0.049110 -0.346100 -0.015000
v 0.052494 -0.346873 -0.015000
v -0.046000 -0.350000 -0.015000
v -0.047506 -0.353127 -0.015000
v -0.050890 -0.353900 -0.015000
v -0.053604 -0.351736 -0.015000
v -0.053604 -0.348264 -0.015000
v -0.050890 -0.346100 -0.015000
v -0.047506 -0.346873 -0.015000
v -0.146000 -0.350000 -0.015000
v -0.147506 -0.353127 -0.015000
v -0.150890 -0.353900 -0.015000
v -0.153604 -0.351736 -0.015000
v -0.153604 -0.348264 -0.015000
v -0.150890 -0.346100 -0.015000
v -0.147506 -0.346873 -0.015000
v -0.246000 -0.350000 -0.015000
v -0.247506 -0.353127 -0.015000
v -0.250890 -0.353900 -0.015000
v -0.253604 -0.351736 -0.015000
v -0.253604 -0.348264 -0.015000
v -0.250890 -0.346100 -0.015000
v -0.247506 -0.346873 -0.015000
v -0.346000 -0.350000 -0.015000
v -0.347506 -0.353127 -0.015000
v -0.350890 -0.353900 -0.015000
v -0.353604 -0.351736 -0.015000
v -0.353604 -0.348264 -0.015000
v -0.350890 -0.346100 -0.015000
v -0.347506 -0.346873 -0.015000
v -0.446000 -0.350000 -0.015000
v -0.447506 -0.353127 -0.015000
v -0.450890 -0.353900 -0.015000
v -0.453604 -0.351736 -0.015000
v -0.453604 -0.348264 -0.015000
v -0.450890 -0.346100 -0.015000
v -0.447506 -0.346873 -0.015000
v -0.546000 -0.350000 -0.015000
v -0.547506 -0.353127 -0.015000
v -0.550890 -0.353900 -0.015000
v -0.553604 -0.351736 -0.015000
v -0.553604 -0.348264 -0.015000
v -0.550890 -0.346100 -0.015000
v -0.547506 -0.346873 -0.015000
v -0.646000 -0.350000 -0.015000
v -0.647506 -0.353127 -0.015000
v -0.650890 -0.353900 -0.015000
v -0.653604 -0.351736 -0.015000
v -0.653604 -0.348264 -0.015000
v -0.650890 -0.346100 -0.015000
v -0.647506 -0.346873 -0.015000
v 0.354000 -0.250000 -0.015000
v 0.352494 -0.253127 -0.015000
v 0.349110 -0.253900 -0.015000
v 0.346396 -0.251736 -0.015000
v 0.346396 -0.248264 -0.015000
v 0.349110 -0.246100 -0.015000
v 0.352494 -0.246873 -0.015000
v 0.254000 -0.250000 -0.015000
v 0.252494 -0.253127 -0.015000
v 0.249110 -0.253900 -0.015000
v 0.246396 -0.251736 -0.015000
v 0.246396 -0.248264 -0.015000
v 0.249110 -0.246100 -0.015000
v 0.252494 -0.246873 -0.015000
v 0.154000 -0.250000 -0.015000
v 0.152494 -0.253127 -0.015000
v 0.149110 -0.253900 -0.015000
v 0.146396 -0.251736 -0.015000
v 0.146396 -0.248264 -0.015000
v 0.149110 -0.246100 -0.015000
v 0.152494 -0.246873 -0.015000
v 0.054000 -0.250000 -0.015000
v 0.052494 -0.253127 -0.015000
v 0.049110 -0.253900 -0.015000
v 0.046396 -0.251736 -0.015000
v 0.046396 -0.248264 -0.015000
v 0.049110 -0.246100 -0.015000
v 0.052494 -0.246873 -0.015000
v -0.046000 -0.250000 -0.015000
v -0.047506 -0.253127 -0.015000
v -0.050890 -0.253900 -0.015000
v -0.053604 -0.251736 -0.015000
v -0.053604 -0.248264 -0.015000
v -0.050890 -0.246100 -0.015000
v -0.047506 -0.246873 -0.015000
v -0.146000 -0.250000 -0.015000
v -0.147506 -0.253127 -0.015000
v -0.150890 -0.253900 -0.015000
v -0.153604 -0.251736 -0.015000
v -0.153604 -0.248264 -0.015000
v -0.150890 -0.246100 -0.015000
v -0.147506 -0.246873 -0.015000
v -0.246000 -0.250000 -0.015000
v -0.247506 -0.253127 -0.015000
v -0.250890 -0.253900 -0.015000
v -0.253604 -0.251736 -0.015000
v -0.253604 -0.248264 -0.015000
v -0.250890 -0.246100 -0.015000
v -0.247506 -0.246873 -0.015000
v -0.346000 -0.250000 -0.015000
v -0.347506 -0.253127 -0.015000
v -0.350890 -0.253900 -0.015000
v -0.353604 -0.251736 -0.015000
v -0.353604 -0.248264 -0.015000
v -0.350890 -0.246100 -0.015000
v -0.347506 -0.246873 -0.015000
v -0.446000 -0.250000 -0.015000
v -0.447506 -0.253127 -0.015000
v -0.450890 -0.253900 -0.015000
v -0.453604 -0.251736 -0.015000
v -0.453604 -0.248264 -0.015000
v -0.450890 -0.246100 -0.015000
v -0.447506 -0.246873 -0.015000
v -0.546000 -0.250000 -0.015000
v -0.547506 -0.253127 -0.015000
v -0.550890 -0.253900 -0.015000
v -0.553604 -0.251736 -0.015000
v -0.553604 -0.248264 -0.015000
v -0.550890 -0.246100 -0.015000
v -0.547506 -0.246873 -0.015000
v -0.646000 -0.250000 -0.015000
v -0.647506 -0.253127 -0.015000
v -0.650890 -0.253900 -0.015000
v -0.653604 -0.251736 -0.015000
v -0.653604 -0.248264 -0.015000
v -0.650890 -0.246100 -0.015000
v -0.647506 -0.246873 -0.015000
v 0.354000 -0.150000 -0.015000
v 0.352494 -0.153127 -0.015000
v 0.349110 -0.153900 -0.015000
v 0.346396 -0.151736 -0.015000
v 0.346396 -0.148264 -0.015000
v 0.349110 -0.146100 -0.015000
v 0.352494 -0.146873 -0.015000
v 0.254000 -0.150000 -0.015000
v 0.252494 -0.153127 -0.015000
v 0.249110 -0.153900 -0.015000
v 0.246396 -0.151736 -0.015000
v 0.246396 -0.148264 -0.015000
v 0.249110 -0.146100 -0.015000
v 0.252494 -0.146873 -0.015000
v 0.154000 -0.150000 -0.015000
v 0.152494 -0.153127 -0.015000
v 0.149110 -0.153900 -0.015000
v 0.146396 -0.151736 -0.015000
v 0.146396 -0.148264 -0.015000
v 0.149110 -0.146100 -0.015000
v 0.152494 -0.146873 -0.015000
v 0.054000 -0.150000 -0.015000
v 0.052494 -0.153127 -0.015000
v 0.049110 -0.153900 -0.015000
v 0.046396 -0.151736 -0.015000
v 0.046396 -0.148264 -0.015000
v 0.049110 -0.146100 -0.015000
v 0.052494 -0.146873 -0.015000
v -0.046000 -0.150000 -0.015000
v -0.047506 -0.153127 -0.015000
v -0.050890 -0.153900 -0.015000
v -0.053604 -0.151736 -0.015000
v -0.053604 -0.148264 -0.015000
v -0.050890 -0.146100 -0.015000
v -0.047506 -0.146873 -0.015000
v -0.146000 -0.150000 -0.015000
v -0.147506 -0.153127 -0.015000
v -0.150890 -0.153900 -0.015000
v -0.153604 -0.151736 -0.015000
v -0.153604 -0.148264 -0.015000
v -0.150890 -0.146100 -0.015000
v -0.147506 -0.146873 -0.015000
v -0.246000 -0.150000 -0.015000
v -0.247506 -0.153127 -0.015000
v -0.250890 -0.153900 -0.015000
v -0.253604 -0.151736 -0.015000
v -0.253604 -0.148264 -0.015000
v -0.250890 -0.146100 -0.015000
v -0.247506 -0.146873 -0.015000
v -0.346000 -0.150000 -0.015000
v -0.347506 -0.153127 -0.015000
v -0.350890 -0.153900 -0.015000
v -0.353604 -0.151736 -0.015000
v -0.353604 -0.148264 -0.015000
v -0.350890 -0.146100 -0.015000
v -0.347506 -0.146873 -0.015000
v -0.446000 -0.150000 -0.015000
v -0.447506 -0.153127 -0.015000
v -0.450890 -0.153900 -0.015000
v -0.453604 -0.151736 -0.015000
v -0.453604 -0.148264 -0.015000
v -0.450890 -0.146100 -0.015000
v -0.447506 -0.146873 -0.015000
v -0.546000 -0.150000 -0.015000
v -0.547506 -0.153127 -0.015000
v -0.550890 -0.153900 -0.015000
v -0.553604 -0.151736 -0.015000
v -0.553604 -0.148264 -0.015000
v -0.550890 -0.146100 -0.015000
v -0.547506 -0.146873 -0.015000
v -0.646000 -0.150000 -0.015000
v -0.647506 -0.153127 -0.015000
v -0.650890 -0.153900 -0.015000
v -0.653604 -0.151736 -0.015000
v -0.653604 -0.148264 -0.015000
v -0.650890 -0.146100 -0.015000
v -0.647506 -0.146873 -0.015000
v 0.354000 -0.050000 -0.015000
v 0.352494 -0.053127 -0.015000
v 0.349110 -0.053900 -0.015000
v 0.346396 -0.051736 -0.015000
v 0.346396 -0.048264 -0.015000
v 0.349110 -0.046100 -0.015000
v 0.352494 -0.046873 -0.015000
v 0.254000 -0.050000 -0.015000
v 0.252494 -0.053127 -0.015000
v 0.249110 -0.053900 -0.015000
v 0.246396 -0.051736 -0.015000
v 0.246396 -0.048264 -0.015000
v 0.249110 -0.046100 -0.015000
v 0.252494 -0.046873 -0.015000
v 0.154000 -0.050000 -0.015000
v 0.152494 -0.053127 -0.015000
v 0.149110 -0.053900 -0.015000
v 0.146396 -0.051736 -0.015000
v 0.146396 -0.048264 -0.015000
v 0.149110 -0.046100 -0.015000
v 0.152494 -0.046873 -0.015000
v 0.054000 -0.050000 -0.015000
v 0.052494 -0.053127 -0.015000
v 0.049110 -0.053900 -0.015000
v 0.046396 -0.051736 -0.015000
v 0.046396 -0.048264 -0.015000
v 0.049110 -0.046100 -0.015000
v 0.052494 -0.046873 -0.015000
v -0.046000 -0.050000 -0.015000
v -0.047506 -0.053127 -0.015000
v -0.050890 -0.053900 -0.015000
v -0.053604 -0.051736 -0.015000
v -0.053604 -0.048264 -0.015000
v -0.050890 -0.046100 -0.015000
v -0.047506 -0.046873 -0.015000
v -0.146000 -0.050000 -0.015000
v -0.147506 -0.053127 -0.015000
v -0.150890 -0.053900 -0.015000
v -0.153604 -0.051736 -0.015000
v -0.153604 -0.048264 -0.015000
v -0.150890 -0.046100 -0.015000
v -0.147506 -0.046873 -0.015000
v -0.246000 -0.050000 -0.015000
v -0.247506 -0.053127 -0.015000
v -0.250890 -0.053900 -0.015000
v -0.253604 -0.051736 -0.015000
v -0.253604 -0.048264 -0.015000
v -0.250890 -0.046100 -0.015000
v -0.247506 -0.046873 -0.015000
v -0.346000 -0.050000 -0.015000
v -0.347506 -0.053127 -0.015000
v -0.350890 -0.053900 -0.015000
v -0.353604 -0.051736 -0.015000
v -0.353604 -0.048264 -0.015000
v -0.350890 -0.046100 -0.015000
v -0.347506 -0.046873 -0.015000
v -0.446000 -0.050000 -0.015000
v -0.447506 -0.053127 -0.015000
v -0.450890 -0.053900 -0.015000
v -0.453604 -0.051736 -0.015000
v -0.453604 -0.048264 -0.015000
v -0.450890 -0.046100 -0.015000
v -0.447506 -0.046873 -0.015000
v -0.546000 -0.050000 -0.015000
v -0.547506 -0.053127 -0.015000
v -0.550890 -0.053900 -0.015000
v -0.553604 -0.051736 -0.015000
v -0.553604 -0.048264 -0.015000
v -0.550890 -0.046100 -0.015000
v -0.547506 -0.046873 -0.015000
v -0.646000 -0.050000 -0.015000
v -0.647506 -0.053127 -0.015000
v -0.650890 -0.053900 -0.015000
v -0.653604 -0.051736 -0.015000
v -0.653604 -0.048264 -0.015000
v -0.650890 -0.046100 -0.015000
v -0.647506 -0.046873 -0.015000
v 0.354000 0.050000 -0.015000
v 0.352494 0.046873 -0.015000
v 0.349110 0.046100 -0.015000
v 0.346396 0.048264 -0.015000
v 0.346396 0.051736 -0.015000
v 0.349110 0.053900 -0.015000
v 0.352494 0.053127 -0.015000
v 0.254000 0.050000 -0.015000
v 0.252494 0.046873 -0.015000
v 0.249110 0.046100 -0.015000
v 0.246396 0.048264 -0.015000
v 0.246396 0.051736 -0.015000
v 0.249110 0.053900 -0.015000
v 0.252494 0.053127 -0.015000
v 0.154000 0.050000 -0.015000
v 0.152494 0.046873 -0.015000
v 0.149110 0.046100 -0.015000
v 0.146396 0.048264 -0.015000
v 0.146396 0.051736 -0.015000
v 0.149110 0.053900 -0.015000
v 0.152494 0.053127 -0.015000
v 0.054000 0.050000 -0.015000
v 0.052494 0.046873 -0.015000
v 0.049110 0.046100 -0.015000
v 0.046396 0.048264 -0.015000
v 0.046396 0.051736 -0.015000
v 0.049110 0.053900 -0.015000
v 0.052494 0.053127 -0.015000
v -0.046000 0.050000 -0.015000
v -0.047506 0.046873 -0.015000
v -0.050890 0.046100 -0.015000
v -0.053604 0.048264 -0.015000
v -0.053604 0.051736 -0.015000
v -0.050890 0.053900 -0.015000
v -0.047506 0.053127 -0.015000
v -0.146000 0.050000 -0.015000
v -0.147506 0.046873 -0.015000
v -0.150890 0.046100 -0.015000
v -0.153604 0.048264 -0.015000
v -0.153604 0.051736 -0.015000
v -0.150890 0.053900 -0.015000
v -0.147506 0.053127 -0.015000
v -0.246000 0.050000 -0.015000
v -0.247506 0.046873 -0.015000
v -0.250890 0.046100 -0.015000
v -0.253604 0.048264 -0.015000
v -0.253604 0.051736 -0.015000
v -0.250890 0.053900 -0.015000
v -0.247506 0.053127 -0.015000
v -0.346000 0.050000 -0.015000
v -0.347506 0.046873 -0.015000
v -0.350890 0.046100 -0.015000
v -0.353604 0.048264 -0.015000
v -0.353604 0.051736 -0.015000
v -0.350890 0.053900 -0.015000
v -0.347506 0.053127 -0.015000
v -0.446000 0.050000 -0.015000
v -0.447506 0.046873 -0.015000
v -0.450890 0.046100 -0.015000
v -0.453604 0.048264 -0.015000
v -0.453604 0.051736 -0.015000
v -0.450890 0.053900 -0.015000
v -0.447506 0.053127 -0.015000
v -0.546000 0.050000 -0.015000
v -0.547506 0.046873 -0.015000
v -0.550890 0.046100 -0.015000
v -0.553604 0.048264 -0.015000
v -0.553604 0.051736 -0.015000
v -0.550890 0.053900 -0.015000
v -0.547506 0.053127 -0.015000
v -0.646000 0.050000 -0.015000
v -0.647506 0.046873 -0.015000
v -0.650890 0.046100 -0.015000
v -0.653604 0.048264 -0.015000
v -0.653604 0.051736 -0.015000
v -0.650890 0.053900 -0.015000
v -0.647506 0.053127 -0.015000
v 0.354000 0.150000 -0.015000
v 0.352494 0.146873 -0.015000
v 0.349110 0.146100 -0.015000
v 0.346396 0.148264 -0.015000
v 0.346396 0.151736 -0.015000
v 0.349110 0.153900 -0.015000
v 0.352494 0.153127 -0.015000
v 0.254000 0.150000 -0.015000
v 0.252494 0.146873 -0.015000
v 0.249110 0.146100 -0.015000
v 0.246396 0.148264 -0.015000
v 0.246396 0.151736 -0.015000
v 0.249110 0.153900 -0.015000
v 0.252494 0.153127 -0.015000
v 0.154000 0.150000 -0.015000
v 0.152494 0.146873 -0.015000
v 0.149110 0.146100 -0.015000
v 0.146396 0.148264 -0.015000
v 0.146396 0.151736 -0.015000
v 0.149110 0.153900 -0.015000
v 0.152494 0.153127 -0.015000
v 0.054000 0.150000 -0.015000
v 0.052494 0.146873 -0.015000
v 0.049110 0.146100 -0.015000
v 0.046396 0.148264 -0.015000
v 0.046396 0.151736 -0.015000
v 0.049110 0.153900 -0.015000
v 0.052494 0.153127 -0.015000
v -0.046000 0.150000 -0.015000
v -0.047506 0.146873 -0.015000
v -0.050890 0.146100 -0.015000
v -0.053604 0.148264 -0.015000
v -0.053604 0.151736 -0.015000
v -0.050890 0.153900 -0.015000
v -0.047506 0.153127 -0.015000
v -0.146000 0.150000 -0.015000
v -0.147506 0.146873 -0.015000
v -0.150890 0.146100 -0.015000
v -0.153604 0.148264 -0.015000
v -0.153604 0.151736 -0.015000
v -0.150890 0.153900 -0.015000
v -0.147506 0.153127 -0.015000
v -0.246000 0.150000 -0.015000
v -0.247506 0.146873 -0.015000
v -0.250890 0.146100 -0.015000
v -0.253604 0.148264 -0.015000
v -0.253604 0.151736 -0.015000
v -0.250890 0.153900 -0.015000
v -0.247506 0.153127 -0.015000
v -0.346000 0.150000 -0.015000
v -0.347506 0.146873 -0.015000
v -0.350890 0.146100 -0.015000
v -0.353604 0.148264 -0.015000
v -0.353604 0.151736 -0.015000
v -0.350890 0.153900 -0.015000
v -0.347506 0.153127 -0.015000
v -0.446000 0.150000 -0.015000
v -0.447506 0.146873 -0.015000
v -0.450890 0.146100 -0.015000
v -0.453604 0.148264 -0.015000
v -0.453604 0.151736 -0.015000
v -0.450890 0.153900 -0.015000
v -0.447506 0.153127 -0.015000
v -0.546000 0.150000 -0.015000
v -0.547506 0.146873 -0.015000
v -0.550890 0.146100 -0.015000
v -0.553604 0.148264 -0.015000
v -0.553604 0.151736 -0.015000
v -0.550890 0.153900 -0.015000
v -0.547506 0.153127 -0.015000
v -0.646000 0.150000 -0.015000
v -0.647506 0.146873 -0.015000
v -0.650890 0.146100 -0.015000
v -0.653604 0.148264 -0.015000
v -0.653604 0.151736 -0.015000
v -0.650890 0.153900 -0.015000
v -0.647506 0.153127 -0.015000
v 0.354000 0.250000 -0.015000
v 0.352494 0.246873 -0.015000
v 0.349110 0.246100 -0.015000
v 0.346396 0.248264 -0.015000
v 0.346396 0.251736 -0.015000
v 0.349110 0.253900 -0.015000
v 0.352494 0.253127 -0.015000
v 0.254000 0.250000 -0.015000
v 0.252494 0.246873 -0.015000
v 0.249110 0.246100 -0.015000
v 0.246396 0.248264 -0.015000
v 0.246396 0.251736 -0.015000
v 0.249110 0.253900 -0.015000
v 0.252494 0.253127 -0.015000
v 0.154000 0.250000 -0.015000
v 0.152494 0.246873 -0.015000
v 0.149110 0.246100 -0.015000
v 0.146396 0.248264 -0.015000
v 0.146396 0.251736 -0.015000
v 0.149110 0.253900 -0.015000
v 0.152494 0.253127 -0.015000
v 0.054000 0.250000 -0.015000
v 0.052494 0.246873 -0.015000
v 0.049110 0.246100 -0.015000
v 0.046396 0.248264 -0.015000
v 0.046396 0.251736 -0.015000
v 0.049110 0.253900 -0.015000
v 0.052494 0.253127 -0.015000
v -0.046000 0.250000 -0.015000
v -0.047506 0.246873 -0.015000
v -0.050890 0.246100 -0.015000
v -0.053604 0.248264 -0.015000
v -0.053604 0.251736 -0.015000
v -0.050890 0.253900 -0.015000
v -0.047506 0.253127 -0.015000
v -0.146000 0.250000 -0.015000
v -0.147506 0.246873 -0.015000
v -0.150890 0.246100 -0.015000
v -0.153604 0.248264 -0.015000
v -0.153604 0.251736 -0.015000
v -0.150890 0.253900 -0.015000
v -0.147506 0.253127 -0.015000
v -0.246000 0.250000 -0.015000
v -0.247506 0.246873 -0.015000
v -0.250890 0.246100 -0.015000
v -0.253604 0.248264 -0.015000
v -0.253604 0.251736 -0.015000
v -0.250890 0.253900 -0.015000
v -0.247506 0.253127 -0.015000
v -0.346000 0.250000 -0.015000
v -0.347506 0.246873 -0.015000
v -0.350890 0.246100 -0.015000
v -0.353604 0.248264 -0.015000
v -0.353604 0.251736 -0.015000
v -0.350890 0.253900 -0.015000
v -0.347506 0.253127 -0.015000
v -0.446000 0.250000 -0.015000
v -0.447506 0.246873 -0.015000
v -0.450890 0.246100 -0.015000
v -0.453604 0.248264 -0.015000
v -0.453604 0.251736 -0.015000
v -0.450890 0.253900 -0.015000
v -0.447506 0.253127 -0.015000
v -0.546000 0.250000 -0.015000
v -0.547506 0.246873 -0.015000
v -0.550890 0.246100 -0.015000
v -0.553604 0.248264 -0.015000
v -0.553604 0.251736 -0.015000
v -0.550890 0.253900 -0.015000
v -0.547506 0.253127 -0.015000
v -0.646000 0.250000 -0.015000
v -0.647506 0.246873 -0.015000
v -0.650890 0.246100 -0.015000
v -0.653604 0.248264 -0.015000
v -0.653604 0.251736 -0.015000
v -0.650890 0.253900 -0.015000
v -0.647506 0.253127 -0.015000
v 0.354000 0.350000 -0.015000
v 0.352494 0.346873 -0.015000
v 0.349110 0.346100 -0.015000
v 0.346396 0.348264 -0.015000
v 0.346396 0.351736 -0.015000
v 0.349110 0.353900 -0.015000
v 0.352494 0.353127 -0.015000
v 0.254000 0.350000 -0.015000
v 0.252494 0.346873 -0.015000
v 0.249110 0.346100 -0.015000
v 0.246396 0.348264 -0.015000
v 0.246396 0.351736 -0.015000
v 0.249110 0.353900 -0.015000
v 0.252494 0.353127 -0.015000
v 0.154000 0.350000 -0.015000
v 0.152494 0.346873 -0.015000
v 0.149110 0.346100 -0.015000
v 0.146396 0.348264 -0.015000
v 0.146396 0.351736 -0.015000
v 0.149110 0.353900 -0.015000
v 0.152494 0.353127 -0.015000
v 0.054000 0.350000 -0.015000
v 0.052494 0.346873 -0.015000
v 0.049110 0.346100 -0.015000
v 0.046396 0.348264 -0.015000
v 0.046396 0.351736 -0.015000
v 0.049110 0.353900 -0.015000
v 0.052494 0.353127 -0.015000
v -0.046000 0.350000 -0.015000
v -0.047506 0.346873 -0.015000
v -0.050890 0.346100 -0.015000
v -0.053604 0.348264 -0.015000
v -0.053604 0.351736 -0.015000
v -0.050890 0.353900 -0.015000
v -0.047506 0.353127 -0.015000
v -0.146000 0.350000 -0.015000
v -0.147506 0.346873 -0.015000
v -0.150890 0.346100 -0.015000
v -0.153604 0.348264 -0.015000
v -0.153604 0.351736 -0.015000
v -0.150890 0.353900 -0.015000
v -0.147506 0.353127 -0.015000
v -0.246000 0.350000 -0.015000
v -0.247506 0.346873 -0.015000
v -0.250890 0.346100 -0.015000
v -0.253604 0.348264 -0.015000
v -0.253604 0.351736 -0.015000
v -0.250890 0.353900 -0.015000
v -0.247506 0.353127 -0.015000
v -0.346000 0.350000 -0.015000
v -0.347506 0.346873 -0.015000
v -0.350890 0.346100 -0.015000
v -0.353604 0.348264 -0.015000
v -0.353604 0.351736 -0.015000
v -0.350890 0.353900 -0.015000
v -0.347506 0.353127 -0.015000
v -0.446000 0.350000 -0.015000
v -0.447506 0.346873 -0.015000
v -0.450890 0.346100 -0.015000
v -0.453604 0.348264 -0.015000
v -0.453604 0.351736 -0.015000
v -0.450890 0.353900 -0.015000
v -0.447506 0.353127 -0.015000
v -0.546000 0.350000 -0.015000
v -0.547506 0.346873 -0.015000
v -0.550890 0.346100 -0.015000
v -0.553604 0.348264 -0.015000
v -0.553604 0.351736 -0.015000
v -0.550890 0.353900 -0.015000
v -0.547506 0.353127 -0.015000
v -0.646000 0.350000 -0.015000
v -0.647506 0.346873 -0.015000
v -0.650890 0.346100 -0.015000
v -0.653604 0.348264 -0.015000
v -0.653604 0.351736 -0.015000
v -0.650890 0.353900 -0.015000
v -0.647506 0.353127 -0.015000
v -0.750000 -0.450000 -0.015000
v 0.450000 -0.450000 -0.015000
v 0.450000 0.450000 -0.015000
v -0.750000 0.450000 -0.015000
v -0.246000 -0.350000 -0.025000
v -0.247506 -0.353127 -0.025000
v -0.250890 -0.353900 -0.025000
v -0.253604 -0.351736 -0.025000
v -0.253604 -0.348264 -0.025000
v -0.250890 -0.346100 -0.025000
v -0.247506 -0.346873 -0.025000
v -0.246000 -0.350000 -0.015000
v -0.247506 -0.346873 -0.015000
v -0.250890 -0.346100 -0.015000
v -0.253604 -0.348264 -0.015000
v -0.253604 -0.351736 -0.015000
v -0.250890 -0.353900 -0.015000
v -0.247506 -0.353127 -0.015000
v -0.253604 -0.348264 -0.025000
v -0.253604 -0.348264 -0.015000
v 0.354000 -0.350000 -0.025000
v 0.352494 -0.346873 -0.025000
v 0.349110 -0.346100 -0.025000
v 0.346396 -0.348264 -0.025000
v 0.346396 -0.351736 -0.025000
v 0.349110 -0.353900 -0.025000
v 0.352494 -0.353127 -0.025000
v 0.254000 -0.350000 -0.025000
v 0.252494 -0.346873 -0.025000
v 0.249110 -0.346100 -0.025000
v 0.246396 -0.348264 -0.025000
v 0.246396 -0.351736 -0.025000
v 0.249110 -0.353900 -0.025000
v 0.252494 -0.353127 -0.025000
v 0.154000 -0.350000 -0.025000
v 0.152494 -0.346873 -0.025000
v 0.149110 -0.346100 -0.025000
v 0.146396 -0.348264 -0.025000
v 0.146396 -0.351736 -0.025000
v 0.149110 -0.353900 -0.025000
v 0.152494 -0.353127 -0.025000
v 0.054000 -0.350000 -0.025000
v 0.052494 -0.346873 -0.025000
v 0.049110 -0.346100 -0.025000
v 0.046396 -0.348264 -0.025000
v 0.046396 -0.351736 -0.025000
v 0.049110 -0.353900 -0.025000
v 0.052494 -0.353127 -0.025000
v -0.046000 -0.350000 -0.025000
v -0.047506 -0.346873 -0.025000
v -0.050890 -0.346100 -0.025000
v -0.053604 -0.348264 -0.025000
v -0.053604 -0.351736 -0.025000
v -0.050890 -0.353900 -0.025000
v -0.047506 -0.353127 -0.025000
v -0.146000 -0.350000 -0.025000
v -0.147506 -0.346873 -0.025000
v -0.150890 -0.346100 -0.025000
v -0.153604 -0.348264 -0.025000
v -0.153604 -0.351736 -0.025000
v -0.150890 -0.353900 -0.025000
v -0.147506 -0.353127 -0.025000
v -0.246000 -0.350000 -0.025000
v -0.247506 -0.346873 -0.025000
v -0.250890 -0.346100 -0.025000
v -0.253604 -0.348264 -0.025000
v -0.253604 -0.351736 -0.025000
v -0.250890 -0.353900 -0.025000
v -0.247506 -0.353127 -0.025000
v -0.346000 -0.350000 -0.025000
v -0.347506 -0.346873 -0.025000
v -0.350890 -0.346100 -0.025000
v -0.353604 -0.348264 -0.025000
v -0.353604 -0.351736 -0.025000
v -0.350890 -0.353900 -0.025000
v -0.347506 -0.353127 -0.025000
v -0.446000 -0.350000 -0.025000
v -0.447506 -0.346873 -0.025000
v -0.450890 -0.346100 -0.025000
v -0.453604 -0.348264 -0.025000
v -0.453604 -0.351736 -0.025000
v -0.450890 -0.353900 -0.025000
v -0.447506 -0.353127 -0.025000
v -0.546000 -0.350000 -0.025000
v -0.547506 -0.346873 -0.025000
v -0.550890 -0.346100 -0.025000
v -0.553604 -0.348264 -0.025000
v -0.553604 -0.351736 -0.025000
v -0.550890 -0.353900 -0.025000
v -0.547506 -0.353127 -0.025000
v -0.646000 -0.350000 -0.025000
v -0.647506 -0.346873 -0.025000
v -0.650890 -0.346100 -0.025000
v -0.653604 -0.348264 -0.025000
v -0.653604 -0.351736 -0.025000
v -0.650890 -0.353900 -0.025000
v -0.647506 -0.353127 -0.025000
v 0.354000 -0.250000 -0.025000
v 0.352494 -0.246873 -0.025000
v 0.349110 -0.246100 -0.025000
v 0.346396 -0.248264 -0.025000
v 0.346396 -0.251736 -0.025000
v 0.349110 -0.253900 -0.025000
v 0.352494 -0.253127 -0.025000
v 0.254000 -0.250000 -0.025000
v 0.252494 -0.246873 -0.025000
v 0.249110 -0.246100 -0.025000
v 0.246396 -0.248264 -0.025000
v 0.246396 -0.251736 -0.025000
v 0.249110 -0.253900 -0.025000
v 0.252494 -0.253127 -0.025000
v 0.154000 -0.250000 -0.025000
v 0.152494 -0.246873 -0.025000
v 0.149110 -0.246100 -0.025000
v 0.146396 -0.248264 -0.025000
v 0.146396 -0.251736 -0.025000
v 0.149110 -0.253900 -0.025000
v 0.152494 -0.253127 -0.025000
v 0.054000 -0.250000 -0.025000
v 0.052494 -0.246873 -0.025000
v 0.049110 -0.246100 -0.025000
v 0.046396 -0.248264 -0.025000
v 0.046396 -0.251736 -0.025000
v 0.049110 -0.253900 -0.025000
v 0.052494 -0.253127 -0.025000
v -0.046000 -0.250000 -0.025000
v -0.047506 -0.246873 -0.025000
v -0.050890 -0.246100 -0.025000
v -0.053604 -0.248264 -0.025000
v -0.053604 -0.251736 -0.025000
v -0.050890 -0.253900 -0.025000
v -0.047506 -0.253127 -0.025000
v -0.146000 -0.250000 -0.025000
v -0.147506 -0.246873 -0.025000
v -0.150890 -0.246100 -0.025000
v -0.153604 -0.248264 -0.025000
v -0.153604 -0.251736 -0.025000
v -0.150890 -0.253900 -0.025000
v -0.147506 -0.253127 -0.025000
v -0.246000 -0.250000 -0.025000
v -0.247506 -0.246873 -0.025000
v -0.250890 -0.246100 -0.025000
v -0.253604 -0.248264 -0.025000
v -0.253604 -0.251736 -0.025000
v -0.250890 -0.253900 -0.025000
v -0.247506 -0.253127 -0.025000
v -0.346000 -0.250000 -0.025000
v -0.347506 -0.246873 -0.025000
v -0.350890 -0.246100 -0.025000
v -0.353604 -0.248264 -0.025000
v -0.353604 -0.251736 -0.025000
v -0.350890 -0.253900 -0.025000
v -0.347506 -0.253127 -0.025000
v -0.446000 -0.250000 -0.025000
v -0.447506 -0.246873 -0.025000
v -0.450890 -0.246100 -0.025000
v -0.453604 -0.248264 -0.025000
v -0.453604 -0.251736 -0.025000
v -0.450890 -0.253900 -0.025000
v -0.447506 -0.253127 -0.025000
v -0.546000 -0.250000 -0.025000
v -0.547506 -0.246873 -0.025000
v -0.550890 -0.246100 -0.025000
v -0.553604 -0.248264 -0.025000
v -0.553604 -0.251736 -0.025000
v -0.550890 -0.253900 -0.025000
v -0.547506 -0.253127 -0.025000
v -0.646000 -0.250000 -0.025000
v -0.647506 -0.246873 -0.025000
v -0.650890 -0.246100 -0.025000
v -0.653604 -0.248264 -0.025000
v -0.653604 -0.251736 -0.025000
v -0.650890 -0.253900 -0.025000
v -0.647506 -0.253127 -0.025000
v 0.354000 -0.150000 -0.025000
v 0.352494 -0.146873 -0.025000
v 0.349110 -0.146100 -0.025000
v 0.346396 -0.148264 -0.025000
v 0.346396 -0.151736 -0.025000
v 0.349110 -0.153900 -0.025000
v 0.352494 -0.153127 -0.025000
v 0.254000 -0.150000 -0.025000
v 0.252494 -0.146873 -0.025000
v 0.249110 -0.146100 -0.025000
v 0.246396 -0.148264 -0.025000
v 0.246396 -0.151736 -0.025000
v 0.249110 -0.153900 -0.025000
v 0.252494 -0.153127 -0.025000
v 0.154000 -0.150000 -0.025000
v 0.152494 -0.146873 -0.025000
v 0.149110 -0.146100 -0.025000
v 0.146396 -0.148264 -0.025000
v 0.146396 -0.151736 -0.025000
v 0.149110 -0.153900 -0.025000
v 0.152494 -0.153127 -0.025000
v 0.054000 -0.150000 -0.025000
v 0.052494 -0.146873 -0.025000
v 0.049110 -0.146100 -0.025000
v 0.046396 -0.148264 -0.025000
v 0.046396 -0.151736 -0.025000
v 0.049110 -0.153900 -0.025000
v 0.052494 -0.153127 -0.025000
v -0.046000 -0.150000 -0.025000
v -0.047506 -0.146873 -0.025000
v -0.050890 -0.146100 -0.025000
v -0.053604 -0.148264 -0.025000
v -0.053604 -0.151736 -0.025000
v -0.050890 -0.153900 -0.025000
v -0.047506 -0.153127 -0.025000
v -0.146000 -0.150000 -0.025000
v -0.147506 -0.146873 -0.025000
v -0.150890 -0.146100 -0.025000
v -0.153604 -0.148264 -0.025000
v -0.153604 -0.151736 -0.025000
v -0.150890 -0.153900 -0.025000
v -0.147506 -0.153127 -0.025000
v -0.246000 -0.150000 -0.025000
v -0.247506 -0.146873 -0.025000
v -0.250890 -0.146100 -0.025000
v -0.253604 -0.148264 -0.025000
v -0.253604 -0.151736 -0.025000
v -0.250890 -0.153900 -0.025000
v -0.247506 -0.153127 -0.025000
v -0.346000 -0.150000 -0.025000
v -0.347506 -0.146873 -0.025000
v -0.350890 -0.146100 -0.025000
v -0.353604 -0.148264 -0.025000
v -0.353604 -0.151736 -0.025000
v -0.350890 -0.153900 -0.025000
v -0.347506 -0.153127 -0.025000
v -0.446000 -0.150000 -0.025000
v -0.447506 -0.146873 -0.025000
v -0.450890 -0.146100 -0.025000
v -0.453604 -0.148264 -0.025000
v -0.453604 -0.151736 -0.025000
v -0.450890 -0.153900 -0.025000
v -0.447506 -0.153127 -0.025000
v -0.546000 -0.150000 -0.025000
v -0.547506 -0.146873 -0.025000
v -0.550890 -0.146100 -0.025000
v -0.553604 -0.148264 -0.025000
v -0.553604 -0.151736 -0.025000
v -0.550890 -0.153900 -0.025000
v -0.547506 -0.153127 -0.025000
v -0.646000 -0.150000 -0.025000
v -0.647506 -0.146873 -0.025000
v -0.650890 -0.146100 -0.025000
v -0.653604 -0.148264 -0.025000
v -0.653604 -0.151736 -0.025000
v -0.650890 -0.153900 -0.025000
v -0.647506 -0.153127 -0.025000
v 0.354000 -0.050000 -0.025000
v 0.352494 -0.046873 -0.025000
v 0.349110 -0.046100 -0.025000
v 0.346396 -0.048264 -0.025000
v 0.346396 -0.051736 -0.025000
v 0.349110 -0.053900 -0.025000
v 0.352494 -0.053127 -0.025000
v 0.254000 -0.050000 -0.025000
v 0.252494 -0.046873 -0.025000
v 0.249110 -0.046100 -0.025000
v 0.246396 -0.048264 -0.025000
v 0.246396 -0.051736 -0.025000
v 0.249110 -0.053900 -0.025000
v 0.252494 -0.053127 -0.025000
v 0.154000 -0.050000 -0.025000
v 0.152494 -0.046873 -0.025000
v 0.149110 -0.046100 -0.025000
v 0.146396 -0.048264 -0.025000
v 0.146396 -0.051736 -0.025000
v 0.149110 -0.053900 -0.025000
v 0.152494 -0.053127 -0.025000
v 0.054000 -0.050000 -0.025000
v 0.052494 -0.046873 -0.025000
v 0.049110 -0.046100 -0.025000
v 0.046396 -0.048264 -0.025000
v 0.046396 -0.051736 -0.025000
v 0.049110 -0.053900 -0.025000
v 0.052494 -0.053127 -0.025000
v -0.046000 -0.050000 -0.025000
v -0.047506 -0.046873 -0.025000
v -0.050890 -0.046100 -0.025000
v -0.053604 -0.048264 -0.025000
v -0.053604 -0.051736 -0.025000
v -0.050890 -0.053900 -0.025000
v -0.047506 -0.053127 -0.025000
v -0.146000 -0.050000 -0.025000
v -0.147506 -0.046873 -0.025000
v -0.150890 -0.046100 -0.025000
v -0.153604 -0.048264 -0.025000
v -0.153604 -0.051736 -0.025000
v -0.150890 -0.053900 -0.025000
v -0.147506 -0.053127 -0.025000
v -0.246000 -0.050000 -0.025000
v -0.247506 -0.046873 -0.025000
v -0.250890 -0.046100 -0.025000
v -0.253604 -0.048264 -0.025000
v -0.253604 -0.051736 -0.025000
v -0.250890 -0.053900 -0.025000
v -0.247506 -0.053127 -0.025000
v -0.346000 -0.050000 -0.025000
v -0.347506 -0.046873 -0.025000
v -0.350890 -0.046100 -0.025000
v -0.353604 -0.048264 -0.025000
v -0.353604 -0.051736 -0.025000
v -0.350890 -0.053900 -0.025000
v -0.347506 -0.053127 -0.025000
v -0.446000 -0.050000 -0.025000
v -0.447506 -0.046873 -0.025000
v -0.450890 -0.046100 -0.025000
v -0.453604 -0.048264 -0.025000
v -0.453604 -0.051736 -0.025000
v -0.450890 -0.053900 -0.025000
v -0.447506 -0.053127 -0.025000
v -0.546000 -0.050000 -0.025000
v -0.547506 -0.046873 -0.025000
v -0.550890 -0.046100 -0.025000
v -0.553604 -0.048264 -0.025000
v -0.553604 -0.051736 -0.025000
v -0.550890 -0.053900 -0.025000
v -0.547506 -0.053127 -0.025000
v -0.646000 -0.050000 -0.025000
v -0.647506 -0.046873 -0.025000
v -0.650890 -0.046100 -0.025000
v -0.653604 -0.048264 -0.025000
v -0.653604 -0.051736 -0.025000
v -0.650890 -0.053900 -0.025000
v -0.647506 -0.053127 -0.025000
v 0.354000 0.050000 -0.025000
v 0.352494 0.053127 -0.025000
v 0.349110 0.053900 -0.025000
v 0.346396 0.051736 -0.025000
v 0.346396 0.048264 -0.025000
v 0.349110 0.046100 -0.025000
v 0.352494 0.046873 -0.025000
v 0.254000 0.050000 -0.025000
v 0.252494 0.053127 -0.025000
v 0.249110 0.053900 -0.025000
v 0.246396 0.051736 -0.025000
v 0.246396 0.048264 -0.025000
v 0.249110 0.046100 -0.025000
v 0.252494 0.046873 -0.025000
v 0.154000 0.050000 -0.025000
v 0.152494 0.053127 -0.025000
v 0.149110 0.053900 -0.025000
v 0.146396 0.051736 -0.025000
v 0.146396 0.048264 -0.025000
v 0.149110 0.046100 -0.025000
v 0.152494 0.046873 -0.025000
v 0.054000 0.050000 -0.025000
v 0.052494 0.053127 -0.025000
v 0.049110 0.053900 -0.025000
v 0.046396 0.051736 -0.025000
v 0.046396 0.048264 -0.025000
v 0.049110 0.046100 -0.025000
v 0.052494 0.046873 -0.025000
v -0.046000 0.050000 -0.025000
v -0.047506 0.053127 -0.025000
v -0.050890 0.053900 -0.025000
v -0.053604 0.051736 -0.025000
v -0.053604 0.048264 -0.025000
v -0.050890 0.046100 -0.025000
v -0.047506 0.046873 -0.025000
v -0.146000 0.050000 -0.025000
v -0.147506 0.053127 -0.025000
v -0.150890 0.053900 -0.025000
v -0.153604 0.051736 -0.025000
v -0.153604 0.048264 -0.025000
v -0.150890 0.046100 -0.025000
v -0.147506 0.046873 -0.025000
v -0.246000 0.050000 -0.025000
v -0.247506 0.053127 -0.025000
v -0.250890 0.053900 -0.025000
v -0.253604 0.051736 -0.025000
v -0.253604 0.048264 -0.025000
v -0.250890 0.046100 -0.025000
v -0.247506 0.046873 -0.025000
v -0.346000 0.050000 -0.025000
v -0.347506 0.053127 -0.025000
v -0.350890 0.053900 -0.025000
v -0.353604 0.051736 -0.025000
v -0.353604 0.048264 -0.025000
v -0.350890 0.046100 -0.025000
v -0.347506 0.046873 -0.025000
v -0.446000 0.050000 -0.025000
v -0.447506 0.053127 -0.025000
v -0.450890 0.053900 -0.025000
v -0.453604 0.051736 -0.025000
v -0.453604 0.048264 -0.025000
v -0.450890 0.046100 -0.025000
v -0.447506 0.046873 -0.025000
v -0.546000 0.050000 -0.025000
v -0.547506 0.053127 -0.025000
v -0.550890 0.053900 -0.025000
v -0.553604 0.051736 -0.025000
v -0.553604 0.048264 -0.025000
v -0.550890 0.046100 -0.025000
v -0.547506 0.046873 -0.025000
v -0.646000 0.050000 -0.025000
v -0.647506 0.053127 -0.025000
v -0.650890 0.053900 -0.025000
v -0.653604 0.051736 -0.025000
v -0.653604 0.048264 -0.025000
v -0.650890 0.046100 -0.025000
v -0.647506 0.046873 -0.025000
v 0.354000 0.150000 -0.025000
v 0.352494 0.153127 -0.025000
v 0.349110 0.153900 -0.025000
v 0.346396 0.151736 -0.025000
v 0.346396 0.148264 -0.025000
v 0.349110 0.146100 -0.025000
v 0.352494 0.146873 -0.025000
v 0.254000 0.150000 -0.025000
v 0.252494 0.153127 -0.025000
v 0.249110 0.153900 -0.025000
v 0.246396 0.151736 -0.025000
v 0.246396 0.148264 -0.025000
v 0.249110 0.146100 -0.025000
v 0.252494 0.146873 -0.025000
v 0.154000 0.150000 -0.025000
v 0.152494 0.153127 -0.025000
v 0.149110 0.153900 -0.025000
v 0.146396 0.151736 -0.025000
v 0.146396 0.148264 -0.025000
v 0.149110 0.146100 -0.025000
v 0.152494 0.146873 -0.025000
v 0.054000 0.150000 -0.025000
v 0.052494 0.153127 -0.025000
v 0.049110 0.153900 -0.025000
v 0.046396 0.151736 -0.025000
v 0.046396 0.148264 -0.025000
v 0.049110 0.146100 -0.025000
v 0.052494 0.146873 -0.025000
v -0.046000 0.150000 -0.025000
v -0.047506 0.153127 -0.025000
v -0.050890 0.153900 -0.025000
v -0.053604 0.151736 -0.025000
v -0.053604 0.148264 -0.025000
v -0.050890 0.146100 -0.025000
v -0.047506 0.146873 -0.025000
v -0.146000 0.150000 -0.025000
v -0.147506 0.153127 -0.025000
v -0.150890 0.153900 -0.025000
v -0.153604 0.151736 -0.025000
v -0.153604 0.148264 -0.025000
v -0.150890 0.146100 -0.025000
v -0.147506 0.146873 -0.025000
v -0.246000 0.150000 -0.025000
v -0.247506 0.153127 -0.025000
v -0.250890 0.153900 -0.025000
v -0.253604 0.151736 -0.025000
v -0.253604 0.148264 -0.025000
v -0.250890 0.146100 -0.025000
v -0.247506 0.146873 -0.025000
v -0.346000 0.150000 -0.025000
v -0.347506 0.153127 -0.025000
v -0.350890 0.153900 -0.025000
v -0.353604 0.151736 -0.025000
v -0.353604 0.148264 -0.025000
v -0.350890 0.146100 -0.025000
v -0.347506 0.146873 -0.025000
v -0.446000 0.150000 -0.025000
v -0.447506 0.153127 -0.025000
v -0.450890 0.153900 -0.025000
v -0.453604 0.151736 -0.025000
v -0.453604 0.148264 -0.025000
v -0.450890 0.146100 -0.025000
v -0.447506 0.146873 -0.025000
v -0.546000 0.150000 -0.025000
v -0.547506 0.153127 -0.025000
v -0.550890 0.153900 -0.025000
v -0.553604 0.151736 -0.025000
v -0.553604 0.148264 -0.025000
v -0.550890 0.146100 -0.025000
v -0.547506 0.146873 -0.025000
v -0.646000 0.150000 -0.025000
v -0.647506 0.153127 -0.025000
v -0.650890 0.153900 -0.025000
v -0.653604 0.151736 -0.025000
v -0.653604 0.148264 -0.025000
v -0.650890 0.146100 -0.025000
v -0.647506 0.146873 -0.025000
v 0.354000 0.250000 -0.025000
v 0.352494 0.253127 -0.025000
v 0.349110 0.253900 -0.025000
v 0.346396 0.251736 -0.025000
v 0.346396 0.248264 -0.025000
v 0.349110 0.246100 -0.025000
v 0.352494 0.246873 -0.025000
v 0.254000 0.250000 -0.025000
v 0.252494 0.253127 -0.025000
v 0.249110 0.253900 -0.025000
v 0.246396 0.251736 -0.025000
v 0.246396 0.248264 -0.025000
v 0.249110 0.246100 -0.025000
v 0.252494 0.246873 -0.025000
v 0.154000 0.250000 -0.025000
v 0.152494 0.253127 -0.025000
v 0.149110 0.253900 -0.025000
v 0.146396 0.251736 -0.025000
v 0.146396 0.248264 -0.025000
v 0.149110 0.246100 -0.025000
v 0.152494 0.246873 -0.025000
v 0.054000 0.250000 -0.025000
v 0.052494 0.253127 -0.025000
v 0.049110 0.253900 -0.025000
v 0.046396 0.251736 -0.025000
v 0.046396 0.248264 -0.025000
v 0.049110 0.246100 -0.025000
v 0.052494 0.246873 -0.025000
v -0.046000 0.250000 -0.025000
v -0.047506 0.253127 -0.025000
v -0.050890 0.253900 -0.025000
v -0.053604 0.251736 -0.025000
v -0.053604 0.248264 -0.025000
v -0.050890 0.246100 -0.025000
v -0.047506 0.246873 -0.025000
v -0.146000 0.250000 -0.025000
v -0.147506 0.253127 -0.025000
v -0.150890 0.253900 -0.025000
v -0.153604 0.251736 -0.025000
v -0.153604 0.248264 -0.025000
v -0.150890 0.246100 -0.025000
v -0.147506 0.246873 -0.025000
v -0.246000 0.250000 -0.025000
v -0.247506 0.253127 -0.025000
v -0.250890 0.253900 -0.025000
v -0.253604 0.251736 -0.025000
v -0.253604 0.248264 -0.025000
v -0.250890 0.246100 -0.025000
v -0.247506 0.246873 -0.025000
v -0.346000 0.250000 -0.025000
v -0.347506 0.253127 -0.025000
v -0.350890 0.253900 -0.025000
v -0.353604 0.251736 -0.025000
v -0.353604 0.248264 -0.025000
v -0.350890 0.246100 -0.025000
v -0.347506 0.246873 -0.025000
v -0.446000 0.250000 -0.025000
v -0.447506 0.253127 -0.025000
v -0.450890 0.253900 -0.025000
v -0.453604 0.251736 -0.025000
v -0.453604 0.248264 -0.025000
v -0.450890 0.246100 -0.025000
v -0.447506 0.246873 -0.025000
v -0.546000 0.250000 -0.025000
v -0.547506 0.253127 -0.025000
v -0.550890 0.253900 -0.025000
v -0.553604 0.251736 -0.025000
v -0.553604 0.248264 -0.025000
v -0.550890 0.246100 -0.025000
v -0.547506 0.246873 -0.025000
v -0.646000 0.250000 -0.025000
v -0.647506 0.253127 -0.025000
v -0.650890 0.253900 -0.025000
v -0.653604 0.251736 -0.025000
v -0.653604 0.248264 -0.025000
v -0.650890 0.246100 -0.025000
v -0.647506 0.246873 -0.025000
v 0.354000 0.350000 -0.025000
v 0.352494 0.353127 -0.025000
v 0.349110 0.353900 -0.025000
v 0.346396 0.351736 -0.025000
v 0.346396 0.348264 -0.025000
v 0.349110 0.346100 -0.025000
v 0.352494 0.346873 -0.025000
v 0.254000 0.350000 -0.025000
v 0.252494 0.353127 -0.025000
v 0.249110 0.353900 -0.025000
v 0.246396 0.351736 -0.025000
v 0.246396 0.348264 -0.025000
v 0.249110 0.346100 -0.025000
v 0.252494 0.346873 -0.025000
v 0.154000 0.350000 -0.025000
v 0.152494 0.353127 -0.025000
v 0.149110 0.353900 -0.025000
v 0.146396 0.351736 -0.025000
v 0.146396 0.348264 -0.025000
v 0.149110 0.346100 -0.025000
v 0.152494 0.346873 -0.025000
v 0.054000 0.350000 -0.025000
v 0.052494 0.353127 -0.025000
v 0.049110 0.353900 -0.025000
v 0.046396 0.351736 -0.025000
v 0.046396 0.348264 -0.025000
v 0.049110 0.346100 -0.025000
v 0.052494 0.346873 -0.025000
v -0.046000 0.350000 -0.025000
v -0.047506 0.353127 -0.025000
v -0.050890 0.353900 -0.025000
v -0.053604 0.351736 -0.025000
v -0.053604 0.348264 -0.025000
v -0.050890 0.346100 -0.025000
v -0.047506 0.346873 -0.025000
v -0.146000 0.350000 -0.025000
v -0.147506 0.353127 -0.025000
v -0.150890 0.353900 -0.025000
v -0.153604 0.351736 -0.025000
v -0.153604 0.348264 -0.025000
v -0.150890 0.346100 -0.025000
v -0.147506 0.346873 -0.025000
v -0.246000 0.350000 -0.025000
v -0.247506 0.353127 -0.025000
v -0.250890 0.353900 -0.025000
v -0.253604 0.351736 -0.025000
v -0.253604 0.348264 -0.025000
v -0.250890 0.346100 -0.025000
v -0.247506 0.346873 -0.025000
v -0.346000 0.350000 -0.025000
v -0.347506 0.353127 -0.025000
v -0.350890 0.353900 -0.025000
v -0.353604 0.351736 -0.025000
v -0.353604 0.348264 -0.025000
v -0.350890 0.346100 -0.025000
v -0.347506 0.346873 -0.025000
v -0.446000 0.350000 -0.025000
v -0.447506 0.353127 -0.025000
v -0.450890 0.353900 -0.025000
v -0.453604 0.351736 -0.025000
v -0.453604 0.348264 -0.025000
v -0.450890 0.346100 -0.025000
v -0.447506 0.346873 -0.025000
v -0.546000 0.350000 -0.025000
v -0.547506 0.353127 -0.025000
v -0.550890 0.353900 -0.025000
v -0.553604 0.351736 -0.025000
v -0.553604 0.348264 -0.025000
v -0.550890 0.346100 -0.025000
v -0.547506 0.346873 -0.025000
v -0.646000 0.350000 -0.025000
v -0.647506 0.353127 -0.025000
v -0.650890 0.353900 -0.025000
v -0.653604 0.351736 -0.025000
v -0.653604 0.348264 -0.025000
v -0.650890 0.346100 -0.025000
v -0.647506 0.346873 -0.025000
v 0.450000 -0.450000 -0.025000
v -0.750000 -0.450000 -0.025000
v -0.750000 0.450000 -0.025000
v 0.450000 0.450000 -0.025000
v -0.146000 -0.350000 -0.025000
v -0.147506 -0.353127 -0.025000
v -0.150890 -0.353900 -0.025000
v -0.153604 -0.351736 -0.025000
v -0.153604 -0.348264 -0.025000
v -0.150890 -0.346100 -0.025000
v -0.147506 -0.346873 -0.025000
v -0.146000 -0.350000 -0.015000
v -0.147506 -0.346873 -0.015000
v -0.150890 -0.346100 -0.015000
v -0.153604 -0.348264 -0.015000
v -0.153604 -0.351736 -0.015000
v -0.150890 -0.353900 -0.015000
v -0.147506 -0.353127 -0.015000
v -0.153604 -0.348264 -0.025000
v -0.153604 -0.348264 -0.015000
v -0.046000 -0.350000 -0.025000
v -0.047506 -0.353127 -0.025000
v -0.050890 -0.353900 -0.025000
v -0.053604 -0.351736 -0.025000
v -0.053604 -0.348264 -0.025000
v -0.050890 -0.346100 -0.025000
v -0.047506 -0.346873 -0.025000
v -0.046000 -0.350000 -0.015000
v -0.047506 -0.346873 -0.015000
v -0.050890 -0.346100 -0.015000
v -0.053604 -0.348264 -0.015000
v -0.053604 -0.351736 -0.015000
v -0.050890 -0.353900 -0.015000
v -0.047506 -0.353127 -0.015000
v -0.053604 -0.348264 -0.025000
v -0.053604 -0.348264 -0.015000
v 0.054000 -0.350000 -0.025000
v 0.052494 -0.353127 -0.025000
v 0.049110 -0.353900 -0.025000
v 0.046396 -0.351736 -0.025000
v 0.046396 -0.348264 -0.025000
v 0.049110 -0.346100 -0.025000
v 0.052494 -0.346873 -0.025000
v 0.054000 -0.350000 -0.015000
v 0.052494 -0.346873 -0.015000
v 0.049110 -0.346100 -0.015000
v 0.046396 -0.348264 -0.015000
v 0.046396 -0.351736 -0.015000
v 0.049110 -0.353900 -0.015000
v 0.052494 -0.353127 -0.015000
v 0.046396 -0.348264 -0.025000
v 0.046396 -0.348264 -0.015000
f 2 8 1
f 1 8 9
f 1 9 7
f 7 9 10
f 7 10 6
f 6 10 16
f 6 16 5
f 15 11 12
f 15 12 4
f 4 12 13
f 4 13 3
f 3 13 14
f 3 14 2
f 2 14 8
f 18 24 17
f 17 24 25
f 17 25 23
f 23 25 26
f 23 26 22
f 22 26 32
f 22 32 21
f 31 27 28
f 31 28 20
f 20 28 29
f 20 29 19
f 19 29 30
f 19 30 18
f 18 30 24
f 34 40 33
f 33 40 41
f 33 41 39
f 39 41 42
f 39 42 38
f 38 42 48
f 38 48 37
f 47 43 44
f 47 44 36
f 36 44 45
f 36 45 35
f 35 45 46
f 35 46 34
f 34 46 40
f 49 50 52
f 52 50 51
f 53 54 56
f 56 54 55
f 57 58 60
f 60 58 59
f 61 62 64
f 64 62 63
f 66 72 65
f 65 72 73
f 65 73 71
f 71 73 74
f 71 74 70
f 70 74 80
f 70 80 69
f 79 75 76
f 79 76 68
f 68 76 77
f 68 77 67
f 67 77 78
f 67 78 66
f 66 78 72
f 82 88 81
f 81 88 89
f 81 89 87
f 87 89 90
f 87 90 86
f 86 90 96
f 86 96 85
f 95 91 92
f 95 92 84
f 84 92 93
f 84 93 83
f 83 93 94
f 83 94 82
f 82 94 88
f 98 104 97
f 97 104 105
f 97 105 103
f 103 105 106
f 103 106 102
f 102 106 112
f 102 112 101
f 111 107 108
f 111 108 100
f 100 108 109
f 100 109 99
f 99 109 110
f 99 110 98
f 98 110 104
f 114 120 113
f 113 120 121
f 113 121 119
f 119 121 122
f 119 122 118
f 118 122 128
f 118 128 117
f 127 123 124
f 127 124 116
f 116 124 125
f 116 125 115
f 115 125 126
f 115 126 114
f 114 126 120
f 130 136 129
f 129 136 137
f 129 137 135
f 135 137 138
f 135 138 134
f 134 138 144
f 134 144 133
f 143 139 140
f 143 140 132
f 132 140 141
f 132 141 131
f 131 141 142
f 131 142 130
f 130 142 136
f 146 152 145
f 145 152 153
f 145 153 151
f 151 153 154
f 151 154 150
f 150 154 160
f 150 160 149
f 159 155 156
f 159 156 148
f 148 156 157
f 148 157 147
f 147 157 158
f 147 158 146
f 146 158 152
f 162 168 161
f 161 168 169
f 161 169 167
f 167 169 170
f 167 170 166
f 166 170 176
f 166 176 165
f 175 171 172
f 175 172 164
f 164 172 173
f 164 173 163
f 163 173 174
f 163 174 162
f 162 174 168
f 178 184 177
f 177 184 185
f 177 185 183
f 183 185 186
f 183 186 182
f 182 186 192
f 182 192 181
f 191 187 188
f 191 188 180
f 180 188 189
f 180 189 179
f 179 189 190
f 179 190 178
f 178 190 184
f 194 200 193
f 193 200 201
f 193 201 199
f 199 201 202
f 199 202 198
f 198 202 208
f 198 208 197
f 207 203 204
f 207 204 196
f 196 204 205
f 196 205 195
f 195 205 206
f 195 206 194
f 194 206 200
f 210 216 209
f 209 216 217
f 209 217 215
f 215 217 218
f 215 218 214
f 214 218 224
f 214 224 213
f 223 219 220
f 223 220 212
f 212 220 221
f 212 221 211
f 211 221 222
f 211 222 210
f 210 222 216
f 226 232 225
f 225 232 233
f 225 233 231
f 231 233 234
f 231 234 230
f 230 234 240
f 230 240 229
f 239 235 236
f 239 236 228
f 228 236 237
f 228 237 227
f 227 237 238
f 227 238 226
f 226 238 232
f 242 248 241
f 241 248 249
f 241 249 247
f 247 249 250
f 247 250 246
f 246 250 256
f 246 256 245
f 255 251 252
f 255 252 244
f 244 252 253
f 244 253 243
f 243 253 254
f 243 254 242
f 242 254 248
f 258 264 257
f 257 264 265
f 257 265 263
f 263 265 266
f 263 266 262
f 262 266 272
f 262 272 261
f 271 267 268
f 271 268 260
f 260 268 269
f 260 269 259
f 259 269 270
f 259 270 258
f 258 270 264
f 274 280 273
f 273 280 281
f 273 281 279
f 279 281 282
f 279 282 278
f 278 282 288
f 278 288 277
f 287 283 284
f 287 284 276
f 276 284 285
f 276 285 275
f 275 285 286
f 275 286 274
f 274 286 280
f 290 296 289
f 289 296 297
f 289 297 295
f 295 297 298
f 295 298 294
f 294 298 304
f 294 304 293
f 303 299 300
f 303 300 292
f 292 300 301
f 292 301 291
f 291 301 302
f 291 302 290
f 290 302 296
f 306 312 305
f 305 312 313
f 305 313 311
f 311 313 314
f 311 314 310
f 310 314 320
f 310 320 309
f 319 315 316
f 319 316 308
f 308 316 317
f 308 317 307
f 307 317 318
f 307 318 306
f 306 318 312
f 322 328 321
f 321 328 329
f 321 329 327
f 327 329 330
f 327 330 326
f 326 330 336
f 326 336 325
f 335 331 332
f 335 332 324
f 324 332 333
f 324 333 323
f 323 333 334
f 323 334 322
f 322 334 328
f 338 344 337
f 337 344 345
f 337 345 343
f 343 345 346
f 343 346 342
f 342 346 352
f 342 352 341
f 351 347 348
f 351 348 340
f 340 348 349
f 340 349 339
f 339 349 350
f 339 350 338
f 338 350 344
f 354 360 353
f 353 360 361
f 353 361 359
f 359 361 362
f 359 362 358
f 358 362 368
f 358 368 357
f 367 363 364
f 367 364 356
f 356 364 365
f 356 365 355
f 355 365 366
f 355 366 354
f 354 366 360
f 370 376 369
f 369 376 377
f 369 377 375
f 375 377 378
f 375 378 374
f 374 378 384
f 374 384 373
f 383 379 380
f 383 380 372
f 372 380 381
f 372 381 371
f 371 381 382
f 371 382 370
f 370 382 376
f 386 392 385
f 385 392 393
f 385 393 391
f 391 393 394
f 391 394 390
f 390 394 400
f 390 400 389
f 399 395 396
f 399 396 388
f 388 396 397
f 388 397 387
f 387 397 398
f 387 398 386
f 386 398 392
f 402 408 401
f 401 408 409
f 401 409 407
f 407 409 410
f 407 410 406
f 406 410 416
f 406 416 405
f 415 411 412
f 415 412 404
f 404 412 413
f 404 413 403
f 403 413 414
f 403 414 402
f 402 414 408
f 418 424 417
f 417 424 425
f 417 425 423
f 423 425 426
f 423 426 422
f 422 426 432
f 422 432 421
f 431 427 428
f 431 428 420
f 420 428 429
f 420 429 419
f 419 429 430
f 419 430 418
f 418 430 424
f 434 440 433
f 433 440 441
f 433 441 439
f 439 441 442
f 439 442 438
f 438 442 448
f 438 448 437
f 447 443 444
f 447 444 436
f 436 444 445
f 436 445 435
f 435 445 446
f 435 446 434
f 434 446 440
f 450 456 449
f 449 456 457
f 449 457 455
f 455 457 458
f 455 458 454
f 454 458 464
f 454 464 453
f 463 459 460
f 463 460 452
f 452 460 461
f 452 461 451
f 451 461 462
f 451 462 450
f 450 462 456
f 466 472 465
f 465 472 473
f 465 473 471
f 471 473 474
f 471 474 470
f 470 474 480
f 470 480 469
f 479 475 476
f 479 476 468
f 468 476 477
f 468 477 467
f 467 477 478
f 467 478 466
f 466 478 472
f 482 488 481
f 481 488 489
f 481 489 487
f 487 489 490
f 487 490 486
f 486 490 496
f 486 496 485
f 495 491 492
f 495 492 484
f 484 492 493
f 484 493 483
f 483 493 494
f 483 494 482
f 482 494 488
f 498 504 497
f 497 504 505
f 497 505 503
f 503 505 506
f 503 506 502
f 502 506 512
f 502 512 501
f 511 507 508
f 511 508 500
f 500 508 509
f 500 509 499
f 499 509 510
f 499 510 498
f 498 510 504
f 514 520 513
f 513 520 521
f 513 521 519
f 519 521 522
f 519 522 518
f 518 522 528
f 518 528 517
f 527 523 524
f 527 524 516
f 516 524 525
f 516 525 515
f 515 525 526
f 515 526 514
f 514 526 520
f 530 536 529
f 529 536 537
f 529 537 535
f 535 537 538
f 535 538 534
f 534 538 544
f 534 544 533
f 543 539 540
f 543 540 532
f 532 540 541
f 532 541 531
f 531 541 542
f 531 542 530
f 530 542 536
f 546 552 545
f 545 552 553
f 545 553 551
f 551 553 554
f 551 554 550
f 550 554 560
f 550 560 549
f 559 555 556
f 559 556 548
f 548 556 557
f 548 557 547
f 547 557 558
f 547 558 546
f 546 558 552
f 562 568 561
f 561 568 569
f 561 569 567
f 567 569 570
f 567 570 566
f 566 570 576
f 566 576 565
f 575 571 572
f 575 572 564
f 564 572 573
f 564 573 563
f 563 573 574
f 563 574 562
f 562 574 568
f 578 584 577
f 577 584 585
f 577 585 583
f 583 585 586
f 583 586 582
f 582 586 592
f 582 592 581
f 591 587 588
f 591 588 580
f 580 588 589
f 580 589 579
f 579 589 590
f 579 590 578
f 578 590 584
f 594 600 593
f 593 600 601
f 593 601 599
f 599 601 602
f 599 602 598
f 598 602 608
f 598 608 597
f 607 603 604
f 607 604 596
f 596 604 605
f 596 605 595
f 595 605 606
f 595 606 594
f 594 606 600
f 610 616 609
f 609 616 617
f 609 617 615
f 615 617 618
f 615 618 614
f 614 618 624
f 614 624 613
f 623 619 620
f 623 620 612
f 612 620 621
f 612 621 611
f 611 621 622
f 611 622 610
f 610 622 616
f 626 632 625
f 625 632 633
f 625 633 631
f 631 633 634
f 631 634 630
f 630 634 640
f 630 640 629
f 639 635 636
f 639 636 628
f 628 636 637
f 628 637 627
f 627 637 638
f 627 638 626
f 626 638 632
f 642 648 641
f 641 648 649
f 641 649 647
f 647 649 650
f 647 650 646
f 646 650 656
f 646 656 645
f 655 651 652
f 655 652 644
f 644 652 653
f 644 653 643
f 643 653 654
f 643 654 642
f 642 654 648
f 658 664 657
f 657 664 665
f 657 665 663
f 663 665 666
f 663 666 662
f 662 666 672
f 662 672 661
f 671 667 668
f 671 668 660
f 660 668 669
f 660 669 659
f 659 669 670
f 659 670 658
f 658 670 664
f 674 680 673
f 673 680 681
f 673 681 679
f 679 681 682
f 679 682 678
f 678 682 688
f 678 688 677
f 687 683 684
f 687 684 676
f 676 684 685
f 676 685 675
f 675 685 686
f 675 686 674
f 674 686 680
f 690 696 689
f 689 696 697
f 689 697 695
f 695 697 698
f 695 698 694
f 694 698 704
f 694 704 693
f 703 699 700
f 703 700 692
f 692 700 701
f 692 701 691
f 691 701 702
f 691 702 690
f 690 702 696
f 706 712 705
f 705 712 713
f 705 713 711
f 711 713 714
f 711 714 710
f 710 714 720
f 710 720 709
f 719 715 716
f 719 716 708
f 708 716 717
f 708 717 707
f 707 717 718
f 707 718 706
f 706 718 712
f 722 728 721
f 721 728 729
f 721 729 727
f 727 729 730
f 727 730 726
f 726 730 736
f 726 736 725
f 735 731 732
f 735 732 724
f 724 732 733
f 724 733 723
f 723 733 734
f 723 734 722
f 722 734 728
f 738 744 737
f 737 744 745
f 737 745 743
f 743 745 746
f 743 746 742
f 742 746 752
f 742 752 741
f 751 747 748
f 751 748 740
f 740 748 749
f 740 749 739
f 739 749 750
f 739 750 738
f 738 750 744
f 754 760 753
f 753 760 761
f 753 761 759
f 759 761 762
f 759 762 758
f 758 762 768
f 758 768 757
f 767 763 764
f 767 764 756
f 756 764 765
f 756 765 755
f 755 765 766
f 755 766 754
f 754 766 760
f 770 776 769
f 769 776 777
f 769 777 775
f 775 777 778
f 775 778 774
f 774 778 784
f 774 784 773
f 783 779 780
f 783 780 772
f 772 780 781
f 772 781 771
f 771 781 782
f 771 782 770
f 770 782 776
f 786 792 785
f 785 792 793
f 785 793 791
f 791 793 794
f 791 794 790
f 790 794 800
f 790 800 789
f 799 795 796
f 799 796 788
f 788 796 797
f 788 797 787
f 787 797 798
f 787 798 786
f 786 798 792
f 802 808 801
f 801 808 809
f 801 809 807
f 807 809 810
f 807 810 806
f 806 810 816
f 806 816 805
f 815 811 812
f 815 812 804
f 804 812 813
f 804 813 803
f 803 813 814
f 803 814 802
f 802 814 808
f 818 824 817
f 817 824 825
f 817 825 823
f 823 825 826
f 823 826 822
f 822 826 832
f 822 832 821
f 831 827 828
f 831 828 820
f 820 828 829
f 820 829 819
f 819 829 830
f 819 830 818
f 818 830 824
f 834 840 833
f 833 840 841
f 833 841 839
f 839 841 842
f 839 842 838
f 838 842 848
f 838 848 837
f 847 843 844
f 847 844 836
f 836 844 845
f 836 845 835
f 835 845 846
f 835 846 834
f 834 846 840
f 850 856 849
f 849 856 857
f 849 857 855
f 855 857 858
f 855 858 854
f 854 858 864
f 854 864 853
f 863 859 860
f 863 860 852
f 852 860 861
f 852 861 851
f 851 861 862
f 851 862 850
f 850 862 856
f 866 872 865
f 865 872 873
f 865 873 871
f 871 873 874
f 871 874 870
f 870 874 880
f 870 880 869
f 879 875 876
f 879 876 868
f 868 876 877
f 868 877 867
f 867 877 878
f 867 878 866
f 866 878 872
f 882 888 881
f 881 888 889
f 881 889 887
f 887 889 890
f 887 890 886
f 886 890 896
f 886 896 885
f 895 891 892
f 895 892 884
f 884 892 893
f 884 893 883
f 883 893 894
f 883 894 882
f 882 894 888
f 898 904 897
f 897 904 905
f 897 905 903
f 903 905 906
f 903 906 902
f 902 906 912
f 902 912 901
f 911 907 908
f 911 908 900
f 900 908 909
f 900 909 899
f 899 909 910
f 899 910 898
f 898 910 904
f 914 920 913
f 913 920 921
f 913 921 919
f 919 921 922
f 919 922 918
f 918 922 928
f 918 928 917
f 927 923 924
f 927 924 916
f 916 924 925
f 916 925 915
f 915 925 926
f 915 926 914
f 914 926 920
f 930 936 929
f 929 936 937
f 929 937 935
f 935 937 938
f 935 938 934
f 934 938 944
f 934 944 933
f 943 939 940
f 943 940 932
f 932 940 941
f 932 941 931
f 931 941 942
f 931 942 930
f 930 942 936
f 946 952 945
f 945 952 953
f 945 953 951
f 951 953 954
f 951 954 950
f 950 954 960
f 950 960 949
f 959 955 956
f 959 956 948
f 948 956 957
f 948 957 947
f 947 957 958
f 947 958 946
f 946 958 952
f 962 968 961
f 961 968 969
f 961 969 967
f 967 969 970
f 967 970 966
f 966 970 976
f 966 976 965
f 975 971 972
f 975 972 964
f 964 972 973
f 964 973 963
f 963 973 974
f 963 974 962
f 962 974 968
f 978 984 977
f 977 984 985
f 977 985 983
f 983 985 986
f 983 986 982
f 982 986 992
f 982 992 981
f 991 987 988
f 991 988 980
f 980 988 989
f 980 989 979
f 979 989 990
f 979 990 978
f 978 990 984
f 994 1000 993
f 993 1000 1001
f 993 1001 999
f 999 1001 1002
f 999 1002 998
f 998 1002 1008
f 998 1008 997
f 1007 1003 1004
f 1007 1004 996
f 996 1004 1005
f 996 1005 995
f 995 1005 1006
f 995 1006 994
f 994 1006 1000
f 1010 1016 1009
f 1009 1016 1017
f 1009 1017 1015
f 1015 1017 1018
f 1015 1018 1014
f 1014 1018 1024
f 1014 1024 1013
f 1023 1019 1020
f 1023 1020 1012
f 1012 1020 1021
f 1012 1021 1011
f 1011 1021 1022
f 1011 1022 1010
f 1010 1022 1016
f 1026 1032 1025
f 1025 1032 1033
f 1025 1033 1031
f 1031 1033 1034
f 1031 1034 1030
f 1030 1034 1040
f 1030 1040 1029
f 1039 1035 1036
f 1039 1036 1028
f 1028 1036 1037
f 1028 1037 1027
f 1027 1037 1038
f 1027 1038 1026
f 1026 1038 1032
f 1042 1048 1041
f 1041 1048 1049
f 1041 1049 1047
f 1047 1049 1050
f 1047 1050 1046
f 1046 1050 1056
f 1046 1056 1045
f 1055 1051 1052
f 1055 1052 1044
f 1044 1052 1053
f 1044 1053 1043
f 1043 1053 1054
f 1043 1054 1042
f 1042 1054 1048
f 1058 1064 1057
f 1057 1064 1065
f 1057 1065 1063
f 1063 1065 1066
f 1063 1066 1062
f 1062 1066 1072
f 1062 1072 1061
f 1071 1067 1068
f 1071 1068 1060
f 1060 1068 1069
f 1060 1069 1059
f 1059 1069 1070
f 1059 1070 1058
f 1058 1070 1064
f 1074 1080 1073
f 1073 1080 1081
f 1073 1081 1079
f 1079 1081 1082
f 1079 1082 1078
f 1078 1082 1088
f 1078 1088 1077
f 1087 1083 1084
f 1087 1084 1076
f 1076 1084 1085
f 1076 1085 1075
f 1075 1085 1086
f 1075 1086 1074
f 1074 1086 1080
f 1090 1096 1089
f 1089 1096 1097
f 1089 1097 1095
f 1095 1097 1098
f 1095 1098 1094
f 1094 1098 1104
f 1094 1104 1093
f 1103 1099 1100
f 1103 1100 1092
f 1092 1100 1101
f 1092 1101 1091
f 1091 1101 1102
f 1091 1102 1090
f 1090 1102 1096
f 1106 1112 1105
f 1105 1112 1113
f 1105 1113 1111
f 1111 1113 1114
f 1111 1114 1110
f 1110 1114 1120
f 1110 1120 1109
f 1119 1115 1116
f 1119 1116 1108
f 1108 1116 1117
f 1108 1117 1107
f 1107 1117 1118
f 1107 1118 1106
f 1106 1118 1112
f 1122 1128 1121
f 1121 1128 1129
f 1121 1129 1127
f 1127 1129 1130
f 1127 1130 1126
f 1126 1130 1136
f 1126 1136 1125
f 1135 1131 1132
f 1135 1132 1124
f 1124 1132 1133
f 1124 1133 1123
f 1123 1133 1134
f 1123 1134 1122
f 1122 1134 1128
f 1138 1144 1137
f 1137 1144 1145
f 1137 1145 1143
f 1143 1145 1146
f 1143 1146 1142
f 1142 1146 1152
f 1142 1152 1141
f 1151 1147 1148
f 1151 1148 1140
f 1140 1148 1149
f 1140 1149 1139
f 1139 1149 1150
f 1139 1150 1138
f 1138 1150 1144
f 1154 1160 1153
f 1153 1160 1161
f 1153 1161 1159
f 1159 1161 1162
f 1159 1162 1158
f 1158 1162 1168
f 1158 1168 1157
f 1167 1163 1164
f 1167 1164 1156
f 1156 1164 1165
f 1156 1165 1155
f 1155 1165 1166
f 1155 1166 1154
f 1154 1166 1160
f 1170 1176 1169
f 1169 1176 1177
f 1169 1177 1175
f 1175 1177 1178
f 1175 1178 1174
f 1174 1178 1184
f 1174 1184 1173
f 1183 1179 1180
f 1183 1180 1172
f 1172 1180 1181
f 1172 1181 1171
f 1171 1181 1182
f 1171 1182 1170
f 1170 1182 1176
f 1186 1192 1185
f 1185 1192 1193
f 1185 1193 1191
f 1191 1193 1194
f 1191 1194 1190
f 1190 1194 1200
f 1190 1200 1189
f 1199 1195 1196
f 1199 1196 1188
f 1188 1196 1197
f 1188 1197 1187
f 1187 1197 1198
f 1187 1198 1186
f 1186 1198 1192
f 1202 1208 1201
f 1201 1208 1209
f 1201 1209 1207
f 1207 1209 1210
f 1207 1210 1206
f 1206 1210 1216
f 1206 1216 1205
f 1215 1211 1212
f 1215 1212 1204
f 1204 1212 1213
f 1204 1213 1203
f 1203 1213 1214
f 1203 1214 1202
f 1202 1214 1208
f 1218 1224 1217
f 1217 1224 1225
f 1217 1225 1223
f 1223 1225 1226
f 1223 1226 1222
f 1222 1226 1232
f 1222 1232 1221
f 1231 1227 1228
f 1231 1228 1220
f 1220 1228 1229
f 1220 1229 1219
f 1219 1229 1230
f 1219 1230 1218
f 1218 1230 1224
f 1234 1240 1233
f 1233 1240 1241
f 1233 1241 1239
f 1239 1241 1242
f 1239 1242 1238
f 1238 1242 1248
f 1238 1248 1237
f 1247 1243 1244
f 1247 1244 1236
f 1236 1244 1245
f 1236 1245 1235
f 1235 1245 1246
f 1235 1246 1234
f 1234 1246 1240
f 1250 1256 1249
f 1249 1256 1257
f 1249 1257 1255
f 1255 1257 1258
f 1255 1258 1254
f 1254 1258 1264
f 1254 1264 1253
f 1263 1259 1260
f 1263 1260 1252
f 1252 1260 1261
f 1252 1261 1251
f 1251 1261 1262
f 1251 1262 1250
f 1250 1262 1256
f 1266 1272 1265
f 1265 1272 1273
f 1265 1273 1271
f 1271 1273 1274
f 1271 1274 1270
f 1270 1274 1280
f 1270 1280 1269
f 1279 1275 1276
f 1279 1276 1268
f 1268 1276 1277
f 1268 1277 1267
f 1267 1277 1278
f 1267 1278 1266
f 1266 1278 1272
f 1282 1288 1281
f 1281 1288 1289
f 1281 1289 1287
f 1287 1289 1290
f 1287 1290 1286
f 1286 1290 1296
f 1286 1296 1285
f 1295 1291 1292
f 1295 1292 1284
f 1284 1292 1293
f 1284 1293 1283
f 1283 1293 1294
f 1283 1294 1282
f 1282 1294 1288
f 1298 1304 1297
f 1297 1304 1305
f 1297 1305 1303
f 1303 1305 1306
f 1303 1306 1302
f 1302 1306 1312
f 1302 1312 1301
f 1311 1307 1308
f 1311 1308 1300
f 1300 1308 1309
f 1300 1309 1299
f 1299 1309 1310
f 1299 1310 1298
f 1298 1310 1304
f 1314 1320 1313
f 1313 1320 1321
f 1313 1321 1319
f 1319 1321 1322
f 1319 1322 1318
f 1318 1322 1328
f 1318 1328 1317
f 1327 1323 1324
f 1327 1324 1316
f 1316 1324 1325
f 1316 1325 1315
f 1315 1325 1326
f 1315 1326 1314
f 1314 1326 1320
f 1330 1336 1329
f 1329 1336 1337
f 1329 1337 1335
f 1335 1337 1338
f 1335 1338 1334
f 1334 1338 1344
f 1334 1344 1333
f 1343 1339 1340
f 1343 1340 1332
f 1332 1340 1341
f 1332 1341 1331
f 1331 1341 1342
f 1331 1342 1330
f 1330 1342 1336
f 1346 1352 1345
f 1345 1352 1353
f 1345 1353 1351
f 1351 1353 1354
f 1351 1354 1350
f 1350 1354 1360
f 1350 1360 1349
f 1359 1355 1356
f 1359 1356 1348
f 1348 1356 1357
f 1348 1357 1347
f 1347 1357 1358
f 1347 1358 1346
f 1346 1358 1352
f 1362 1978 1361
f 1361 1978 1438
f 1361 1438 1367
f 1367 1438 1439
f 1367 1439 1440
f 1362 1363 1978
f 1978 1363 1369
f 1978 1369 1370
f 1363 1364 1369
f 1369 1364 1368
f 1368 1364 1365
f 1368 1365 1374
f 1374 1365 1366
f 1374 1366 1440
f 1440 1366 1367
f 1371 1376 1370
f 1370 1376 1377
f 1370 1377 1978
f 1978 1377 1384
f 1978 1384 1391
f 1391 1384 1390
f 1390 1384 1385
f 1390 1385 1389
f 1389 1385 1386
f 1389 1386 1395
f 1395 1386 1387
f 1395 1387 1461
f 1461 1387 1388
f 1461 1388 1460
f 1460 1388 1454
f 1460 1454 1455
f 1376 1371 1375
f 1375 1371 1372
f 1375 1372 1381
f 1381 1372 1373
f 1381 1373 1447
f 1447 1373 1374
f 1447 1374 1446
f 1446 1374 1440
f 1446 1440 1441
f 1384 1377 1383
f 1383 1377 1378
f 1383 1378 1382
f 1382 1378 1379
f 1382 1379 1388
f 1388 1379 1380
f 1388 1380 1454
f 1454 1380 1381
f 1454 1381 1453
f 1453 1381 1447
f 1453 1447 1448
f 1392 1397 1391
f 1391 1397 1398
f 1391 1398 1978
f 1978 1398 1977
f 1977 1398 1405
f 1977 1405 1412
f 1412 1405 1411
f 1411 1405 1406
f 1411 1406 1410
f 1410 1406 1407
f 1410 1407 1416
f 1416 1407 1408
f 1416 1408 1482
f 1482 1408 1409
f 1482 1409 1481
f 1481 1409 1475
f 1481 1475 1476
f 1397 1392 1396
f 1396 1392 1393
f 1396 1393 1402
f 1402 1393 1394
f 1402 1394 1468
f 1468 1394 1395
f 1468 1395 1467
f 1467 1395 1461
f 1467 1461 1462
f 1405 1398 1404
f 1404 1398 1399
f 1404 1399 1403
f 1403 1399 1400
f 1403 1400 1409
f 1409 1400 1401
f 1409 1401 1475
f 1475 1401 1402
f 1475 1402 1474
f 1474 1402 1468
f 1474 1468 1469
f 1413 1418 1412
f 1412 1418 1419
f 1412 1419 1977
f 1977 1419 1426
f 1977 1426 1432
f 1432 1426 1427
f 1432 1427 1431
f 1431 1427 1428
f 1431 1428 1437
f 1437 1428 1429
f 1437 1429 1503
f 1503 1429 1430
f 1503 1430 1502
f 1502 1430 1496
f 1502 1496 1497
f 1418 1413 1417
f 1417 1413 1414
f 1417 1414 1423
f 1423 1414 1415
f 1423 1415 1489
f 1489 1415 1416
f 1489 1416 1488
f 1488 1416 1482
f 1488 1482 1483
f 1426 1419 1425
f 1425 1419 1420
f 1425 1420 1424
f 1424 1420 1421
f 1424 1421 1430
f 1430 1421 1422
f 1430 1422 1496
f 1496 1422 1423
f 1496 1423 1495
f 1495 1423 1489
f 1495 1489 1490
f 1432 1433 1977
f 1977 1433 1434
f 1977 1434 1435
f 1436 1510 1435
f 1435 1510 1511
f 1435 1511 1977
f 1977 1511 1512
f 1977 1512 1588
f 1588 1512 1587
f 1587 1512 1513
f 1587 1513 1514
f 1436 1437 1510
f 1510 1437 1509
f 1509 1437 1503
f 1509 1503 1504
f 1446 1441 1445
f 1445 1441 1442
f 1445 1442 1451
f 1451 1442 1443
f 1451 1443 1517
f 1517 1443 1444
f 1517 1444 1516
f 1516 1444 1438
f 1516 1438 1515
f 1515 1438 1978
f 1515 1978 1592
f 1592 1978 1669
f 1592 1669 1670
f 1453 1448 1452
f 1452 1448 1449
f 1452 1449 1458
f 1458 1449 1450
f 1458 1450 1524
f 1524 1450 1451
f 1524 1451 1523
f 1523 1451 1517
f 1523 1517 1518
f 1460 1455 1459
f 1459 1455 1456
f 1459 1456 1465
f 1465 1456 1457
f 1465 1457 1531
f 1531 1457 1458
f 1531 1458 1530
f 1530 1458 1524
f 1530 1524 1525
f 1467 1462 1466
f 1466 1462 1463
f 1466 1463 1472
f 1472 1463 1464
f 1472 1464 1538
f 1538 1464 1465
f 1538 1465 1537
f 1537 1465 1531
f 1537 1531 1532
f 1474 1469 1473
f 1473 1469 1470
f 1473 1470 1479
f 1479 1470 1471
f 1479 1471 1545
f 1545 1471 1472
f 1545 1472 1544
f 1544 1472 1538
f 1544 1538 1539
f 1481 1476 1480
f 1480 1476 1477
f 1480 1477 1486
f 1486 1477 1478
f 1486 1478 1552
f 1552 1478 1479
f 1552 1479 1551
f 1551 1479 1545
f 1551 1545 1546
f 1488 1483 1487
f 1487 1483 1484
f 1487 1484 1493
f 1493 1484 1485
f 1493 1485 1559
f 1559 1485 1486
f 1559 1486 1558
f 1558 1486 1552
f 1558 1552 1553
f 1495 1490 1494
f 1494 1490 1491
f 1494 1491 1500
f 1500 1491 1492
f 1500 1492 1566
f 1566 1492 1493
f 1566 1493 1565
f 1565 1493 1559
f 1565 1559 1560
f 1502 1497 1501
f 1501 1497 1498
f 1501 1498 1507
f 1507 1498 1499
f 1507 1499 1573
f 1573 1499 1500
f 1573 1500 1572
f 1572 1500 1566
f 1572 1566 1567
f 1509 1504 1508
f 1508 1504 1505
f 1508 1505 1514
f 1514 1505 1506
f 1514 1506 1580
f 1580 1506 1507
f 1580 1507 1579
f 1579 1507 1573
f 1579 1573 1574
f 1523 1518 1522
f 1522 1518 1519
f 1522 1519 1528
f 1528 1519 1520
f 1528 1520 1594
f 1594 1520 1521
f 1594 1521 1593
f 1593 1521 1515
f 1593 1515 1592
f 1530 1525 1529
f 1529 1525 1526
f 1529 1526 1535
f 1535 1526 1527
f 1535 1527 1601
f 1601 1527 1528
f 1601 1528 1600
f 1600 1528 1594
f 1600 1594 1595
f 1537 1532 1536
f 1536 1532 1533
f 1536 1533 1542
f 1542 1533 1534
f 1542 1534 1608
f 1608 1534 1535
f 1608 1535 1607
f 1607 1535 1601
f 1607 1601 1602
f 1544 1539 1543
f 1543 1539 1540
f 1543 1540 1549
f 1549 1540 1541
f 1549 1541 1615
f 1615 1541 1542
f 1615 1542 1614
f 1614 1542 1608
f 1614 1608 1609
f 1551 1546 1550
f 1550 1546 1547
f 1550 1547 1556
f 1556 1547 1548
f 1556 1548 1622
f 1622 1548 1549
f 1622 1549 1621
f 1621 1549 1615
f 1621 1615 1616
f 1558 1553 1557
f 1557 1553 1554
f 1557 1554 1563
f 1563 1554 1555
f 1563 1555 1629
f 1629 1555 1556
f 1629 1556 1628
f 1628 1556 1622
f 1628 1622 1623
f 1565 1560 1564
f 1564 1560 1561
f 1564 1561 1570
f 1570 1561 1562
f 1570 1562 1636
f 1636 1562 1563
f 1636 1563 1635
f 1635 1563 1629
f 1635 1629 1630
f 1572 1567 1571
f 1571 1567 1568
f 1571 1568 1577
f 1577 1568 1569
f 1577 1569 1643
f 1643 1569 1570
f 1643 1570 1642
f 1642 1570 1636
f 1642 1636 1637
f 1579 1574 1578
f 1578 1574 1575
f 1578 1575 1584
f 1584 1575 1576
f 1584 1576 1650
f 1650 1576 1577
f 1650 1577 1649
f 1649 1577 1643
f 1649 1643 1644
f 1514 1580 1586
f 1586 1580 1581
f 1586 1581 1585
f 1585 1581 1582
f 1585 1582 1591
f 1591 1582 1583
f 1591 1583 1657
f 1657 1583 1584
f 1657 1584 1656
f 1656 1584 1650
f 1656 1650 1651
f 1586 1587 1514
f 1588 1589 1977
f 1977 1589 1665
f 1977 1665 1666
f 1665 1589 1664
f 1664 1589 1590
f 1664 1590 1591
f 1600 1595 1599
f 1599 1595 1596
f 1599 1596 1605
f 1605 1596 1597
f 1605 1597 1671
f 1671 1597 1598
f 1671 1598 1670
f 1670 1598 1592
f 1607 1602 1606
f 1606 1602 1603
f 1606 1603 1612
f 1612 1603 1604
f 1612 1604 1678
f 1678 1604 1605
f 1678 1605 1677
f 1677 1605 1671
f 1677 1671 1672
f 1614 1609 1613
f 1613 1609 1610
f 1613 1610 1619
f 1619 1610 1611
f 1619 1611 1685
f 1685 1611 1612
f 1685 1612 1684
f 1684 1612 1678
f 1684 1678 1679
f 1621 1616 1620
f 1620 1616 1617
f 1620 1617 1626
f 1626 1617 1618
f 1626 1618 1692
f 1692 1618 1619
f 1692 1619 1691
f 1691 1619 1685
f 1691 1685 1686
f 1628 1623 1627
f 1627 1623 1624
f 1627 1624 1633
f 1633 1624 1625
f 1633 1625 1699
f 1699 1625 1626
f 1699 1626 1698
f 1698 1626 1692
f 1698 1692 1693
f 1635 1630 1634
f 1634 1630 1631
f 1634 1631 1640
f 1640 1631 1632
f 1640 1632 1706
f 1706 1632 1633
f 1706 1633 1705
f 1705 1633 1699
f 1705 1699 1700
f 1642 1637 1641
f 1641 1637 1638
f 1641 1638 1647
f 1647 1638 1639
f 1647 1639 1713
f 1713 1639 1640
f 1713 1640 1712
f 1712 1640 1706
f 1712 1706 1707
f 1649 1644 1648
f 1648 1644 1645
f 1648 1645 1654
f 1654 1645 1646
f 1654 1646 1720
f 1720 1646 1647
f 1720 1647 1719
f 1719 1647 1713
f 1719 1713 1714
f 1656 1651 1655
f 1655 1651 1652
f 1655 1652 1661
f 1661 1652 1653
f 1661 1653 1727
f 1727 1653 1654
f 1727 1654 1726
f 1726 1654 1720
f 1726 1720 1721
f 1591 1657 1663
f 1663 1657 1658
f 1663 1658 1662
f 1662 1658 1659
f 1662 1659 1668
f 1668 1659 1660
f 1668 1660 1734
f 1734 1660 1661
f 1734 1661 1733
f 1733 1661 1727
f 1733 1727 1728
f 1663 1664 1591
f 1667 1741 1666
f 1666 1741 1742
f 1666 1742 1977
f 1977 1742 1980
f 1980 1742 1743
f 1980 1743 1819
f 1819 1743 1818
f 1818 1743 1744
f 1818 1744 1745
f 1667 1668 1741
f 1741 1668 1740
f 1740 1668 1734
f 1740 1734 1735
f 1677 1672 1676
f 1676 1672 1673
f 1676 1673 1682
f 1682 1673 1674
f 1682 1674 1748
f 1748 1674 1675
f 1748 1675 1747
f 1747 1675 1669
f 1747 1669 1746
f 1746 1669 1979
f 1746 1979 1823
f 1823 1979 1900
f 1823 1900 1901
f 1684 1679 1683
f 1683 1679 1680
f 1683 1680 1689
f 1689 1680 1681
f 1689 1681 1755
f 1755 1681 1682
f 1755 1682 1754
f 1754 1682 1748
f 1754 1748 1749
f 1691 1686 1690
f 1690 1686 1687
f 1690 1687 1696
f 1696 1687 1688
f 1696 1688 1762
f 1762 1688 1689
f 1762 1689 1761
f 1761 1689 1755
f 1761 1755 1756
f 1698 1693 1697
f 1697 1693 1694
f 1697 1694 1703
f 1703 1694 1695
f 1703 1695 1769
f 1769 1695 1696
f 1769 1696 1768
f 1768 1696 1762
f 1768 1762 1763
f 1705 1700 1704
f 1704 1700 1701
f 1704 1701 1710
f 1710 1701 1702
f 1710 1702 1776
f 1776 1702 1703
f 1776 1703 1775
f 1775 1703 1769
f 1775 1769 1770
f 1712 1707 1711
f 1711 1707 1708
f 1711 1708 1717
f 1717 1708 1709
f 1717 1709 1783
f 1783 1709 1710
f 1783 1710 1782
f 1782 1710 1776
f 1782 1776 1777
f 1719 1714 1718
f 1718 1714 1715
f 1718 1715 1724
f 1724 1715 1716
f 1724 1716 1790
f 1790 1716 1717
f 1790 1717 1789
f 1789 1717 1783
f 1789 1783 1784
f 1726 1721 1725
f 1725 1721 1722
f 1725 1722 1731
f 1731 1722 1723
f 1731 1723 1797
f 1797 1723 1724
f 1797 1724 1796
f 1796 1724 1790
f 1796 1790 1791
f 1733 1728 1732
f 1732 1728 1729
f 1732 1729 1738
f 1738 1729 1730
f 1738 1730 1804
f 1804 1730 1731
f 1804 1731 1803
f 1803 1731 1797
f 1803 1797 1798
f 1740 1735 1739
f 1739 1735 1736
f 1739 1736 1745
f 1745 1736 1737
f 1745 1737 1811
f 1811 1737 1738
f 1811 1738 1810
f 1810 1738 1804
f 1810 1804 1805
f 1754 1749 1753
f 1753 1749 1750
f 1753 1750 1759
f 1759 1750 1751
f 1759 1751 1825
f 1825 1751 1752
f 1825 1752 1824
f 1824 1752 1746
f 1824 1746 1823
f 1761 1756 1760
f 1760 1756 1757
f 1760 1757 1766
f 1766 1757 1758
f 1766 1758 1832
f 1832 1758 1759
f 1832 1759 1831
f 1831 1759 1825
f 1831 1825 1826
f 1768 1763 1767
f 1767 1763 1764
f 1767 1764 1773
f 1773 1764 1765
f 1773 1765 1839
f 1839 1765 1766
f 1839 1766 1838
f 1838 1766 1832
f 1838 1832 1833
f 1775 1770 1774
f 1774 1770 1771
f 1774 1771 1780
f 1780 1771 1772
f 1780 1772 1846
f 1846 1772 1773
f 1846 1773 1845
f 1845 1773 1839
f 1845 1839 1840
f 1782 1777 1781
f 1781 1777 1778
f 1781 1778 1787
f 1787 1778 1779
f 1787 1779 1853
f 1853 1779 1780
f 1853 1780 1852
f 1852 1780 1846
f 1852 1846 1847
f 1789 1784 1788
f 1788 1784 1785
f 1788 1785 1794
f 1794 1785 1786
f 1794 1786 1860
f 1860 1786 1787
f 1860 1787 1859
f 1859 1787 1853
f 1859 1853 1854
f 1796 1791 1795
f 1795 1791 1792
f 1795 1792 1801
f 1801 1792 1793
f 1801 1793 1867
f 1867 1793 1794
f 1867 1794 1866
f 1866 1794 1860
f 1866 1860 1861
f 1803 1798 1802
f 1802 1798 1799
f 1802 1799 1808
f 1808 1799 1800
f 1808 1800 1874
f 1874 1800 1801
f 1874 1801 1873
f 1873 1801 1867
f 1873 1867 1868
f 1810 1805 1809
f 1809 1805 1806
f 1809 1806 1815
f 1815 1806 1807
f 1815 1807 1881
f 1881 1807 1808
f 1881 1808 1880
f 1880 1808 1874
f 1880 1874 1875
f 1745 1811 1817
f 1817 1811 1812
f 1817 1812 1816
f 1816 1812 1813
f 1816 1813 1822
f 1822 1813 1814
f 1822 1814 1888
f 1888 1814 1815
f 1888 1815 1887
f 1887 1815 1881
f 1887 1881 1882
f 1817 1818 1745
f 1819 1820 1980
f 1980 1820 1896
f 1980 1896 1897
f 1896 1820 1895
f 1895 1820 1821
f 1895 1821 1822
f 1831 1826 1830
f 1830 1826 1827
f 1830 1827 1836
f 1836 1827 1828
f 1836 1828 1902
f 1902 1828 1829
f 1902 1829 1901
f 1901 1829 1823
f 1838 1833 1837
f 1837 1833 1834
f 1837 1834 1843
f 1843 1834 1835
f 1843 1835 1909
f 1909 1835 1836
f 1909 1836 1908
f 1908 1836 1902
f 1908 1902 1903
f 1845 1840 1844
f 1844 1840 1841
f 1844 1841 1850
f 1850 1841 1842
f 1850 1842 1916
f 1916 1842 1843
f 1916 1843 1915
f 1915 1843 1909
f 1915 1909 1910
f 1852 1847 1851
f 1851 1847 1848
f 1851 1848 1857
f 1857 1848 1849
f 1857 1849 1923
f 1923 1849 1850
f 1923 1850 1922
f 1922 1850 1916
f 1922 1916 1917
f 1859 1854 1858
f 1858 1854 1855
f 1858 1855 1864
f 1864 1855 1856
f 1864 1856 1930
f 1930 1856 1857
f 1930 1857 1929
f 1929 1857 1923
f 1929 1923 1924
f 1866 1861 1865
f 1865 1861 1862
f 1865 1862 1871
f 1871 1862 1863
f 1871 1863 1937
f 1937 1863 1864
f 1937 1864 1936
f 1936 1864 1930
f 1936 1930 1931
f 1873 1868 1872
f 1872 1868 1869
f 1872 1869 1878
f 1878 1869 1870
f 1878 1870 1944
f 1944 1870 1871
f 1944 1871 1943
f 1943 1871 1937
f 1943 1937 1938
f 1880 1875 1879
f 1879 1875 1876
f 1879 1876 1885
f 1885 1876 1877
f 1885 1877 1951
f 1951 1877 1878
f 1951 1878 1950
f 1950 1878 1944
f 1950 1944 1945
f 1887 1882 1886
f 1886 1882 1883
f 1886 1883 1892
f 1892 1883 1884
f 1892 1884 1958
f 1958 1884 1885
f 1958 1885 1957
f 1957 1885 1951
f 1957 1951 1952
f 1822 1888 1894
f 1894 1888 1889
f 1894 1889 1893
f 1893 1889 1890
f 1893 1890 1899
f 1899 1890 1891
f 1899 1891 1965
f 1965 1891 1892
f 1965 1892 1964
f 1964 1892 1958
f 1964 1958 1959
f 1894 1895 1822
f 1898 1972 1897
f 1897 1972 1973
f 1897 1973 1980
f 1980 1973 1974
f 1980 1974 1975
f 1898 1899 1972
f 1972 1899 1971
f 1971 1899 1965
f 1971 1965 1966
f 1908 1903 1907
f 1907 1903 1904
f 1907 1904 1913
f 1913 1904 1905
f 1913 1905 1979
f 1979 1905 1906
f 1979 1906 1900
f 1915 1910 1914
f 1914 1910 1911
f 1914 1911 1920
f 1920 1911 1912
f 1920 1912 1919
f 1919 1912 1979
f 1919 1979 1926
f 1926 1979 1933
f 1926 1933 1934
f 1912 1913 1979
f 1922 1917 1921
f 1921 1917 1918
f 1921 1918 1927
f 1927 1918 1919
f 1927 1919 1926
f 1929 1924 1928
f 1928 1924 1925
f 1928 1925 1934
f 1934 1925 1926
f 1936 1931 1935
f 1935 1931 1932
f 1935 1932 1941
f 1941 1932 1933
f 1941 1933 1940
f 1940 1933 1979
f 1940 1979 1980
f 1943 1938 1942
f 1942 1938 1939
f 1942 1939 1948
f 1948 1939 1940
f 1948 1940 1947
f 1947 1940 1980
f 1947 1980 1954
f 1954 1980 1961
f 1954 1961 1962
f 1950 1945 1949
f 1949 1945 1946
f 1949 1946 1955
f 1955 1946 1947
f 1955 1947 1954
f 1957 1952 1956
f 1956 1952 1953
f 1956 1953 1962
f 1962 1953 1954
f 1964 1959 1963
f 1963 1959 1960
f 1963 1960 1969
f 1969 1960 1961
f 1969 1961 1968
f 1968 1961 1980
f 1968 1980 1976
f 1976 1980 1975
f 1971 1966 1970
f 1970 1966 1967
f 1970 1967 1976
f 1976 1967 1968
f 1978 1979 1669
f 1982 1988 1981
f 1981 1988 1989
f 1981 1989 1987
f 1987 1989 1990
f 1987 1990 1986
f 1986 1990 1996
f 1986 1996 1985
f 1995 1991 1992
f 1995 1992 1984
f 1984 1992 1993
f 1984 1993 1983
f 1983 1993 1994
f 1983 1994 1982
f 1982 1994 1988
f 1998 2074 1997
f 1997 2074 2613
f 1997 2613 2003
f 2003 2613 2002
f 2002 2613 2010
f 2002 2010 2001
f 2001 2010 2004
f 2001 2004 2000
f 2000 2004 2005
f 2000 2005 1999
f 1999 2005 2079
f 1999 2079 1998
f 1998 2079 2080
f 1998 2080 2074
f 2006 2086 2005
f 2005 2086 2087
f 2005 2087 2079
f 2079 2087 2078
f 2078 2087 2081
f 2078 2081 2077
f 2077 2081 2082
f 2077 2082 2076
f 2076 2082 2156
f 2076 2156 2075
f 2075 2156 2157
f 2075 2157 2074
f 2074 2157 2151
f 2074 2151 2613
f 2613 2151 2228
f 2613 2228 2305
f 2305 2228 2311
f 2311 2228 2229
f 2311 2229 2310
f 2310 2229 2230
f 2310 2230 2236
f 2236 2230 2231
f 2236 2231 2235
f 2235 2231 2232
f 2235 2232 2241
f 2241 2232 2233
f 2241 2233 2159
f 2159 2233 2153
f 2159 2153 2154
f 2086 2006 2012
f 2012 2006 2007
f 2012 2007 2011
f 2011 2007 2008
f 2011 2008 2017
f 2017 2008 2009
f 2017 2009 2016
f 2016 2009 2613
f 2016 2613 2023
f 2023 2613 2030
f 2023 2030 2031
f 2009 2010 2613
f 2013 2093 2012
f 2012 2093 2094
f 2012 2094 2086
f 2086 2094 2085
f 2085 2094 2088
f 2085 2088 2084
f 2084 2088 2089
f 2084 2089 2083
f 2083 2089 2163
f 2083 2163 2082
f 2082 2163 2164
f 2082 2164 2156
f 2156 2164 2155
f 2155 2164 2158
f 2155 2158 2154
f 2154 2158 2159
f 2093 2013 2019
f 2019 2013 2014
f 2019 2014 2018
f 2018 2014 2015
f 2018 2015 2024
f 2024 2015 2016
f 2024 2016 2023
f 2020 2100 2019
f 2019 2100 2101
f 2019 2101 2093
f 2093 2101 2092
f 2092 2101 2095
f 2092 2095 2091
f 2091 2095 2096
f 2091 2096 2090
f 2090 2096 2170
f 2090 2170 2089
f 2089 2170 2171
f 2089 2171 2163
f 2163 2171 2162
f 2162 2171 2165
f 2162 2165 2161
f 2161 2165 2166
f 2161 2166 2160
f 2160 2166 2240
f 2160 2240 2159
f 2159 2240 2241
f 2100 2020 2026
f 2026 2020 2021
f 2026 2021 2025
f 2025 2021 2022
f 2025 2022 2031
f 2031 2022 2023
f 2027 2107 2026
f 2026 2107 2108
f 2026 2108 2100
f 2100 2108 2099
f 2099 2108 2102
f 2099 2102 2098
f 2098 2102 2103
f 2098 2103 2097
f 2097 2103 2177
f 2097 2177 2096
f 2096 2177 2178
f 2096 2178 2170
f 2170 2178 2169
f 2169 2178 2172
f 2169 2172 2168
f 2168 2172 2173
f 2168 2173 2167
f 2167 2173 2247
f 2167 2247 2166
f 2166 2247 2248
f 2166 2248 2240
f 2240 2248 2239
f 2239 2248 2242
f 2239 2242 2238
f 2238 2242 2243
f 2238 2243 2237
f 2237 2243 2317
f 2237 2317 2236
f 2236 2317 2318
f 2236 2318 2310
f 2310 2318 2309
f 2309 2318 2312
f 2309 2312 2308
f 2308 2312 2313
f 2308 2313 2307
f 2307 2313 2387
f 2307 2387 2306
f 2306 2387 2388
f 2306 2388 2305
f 2305 2388 2382
f 2305 2382 2616
f 2616 2382 2459
f 2616 2459 2536
f 2536 2459 2542
f 2542 2459 2460
f 2542 2460 2541
f 2541 2460 2461
f 2541 2461 2467
f 2467 2461 2462
f 2467 2462 2466
f 2466 2462 2463
f 2466 2463 2472
f 2472 2463 2464
f 2472 2464 2390
f 2390 2464 2384
f 2390 2384 2385
f 2107 2027 2033
f 2033 2027 2028
f 2033 2028 2032
f 2032 2028 2029
f 2032 2029 2038
f 2038 2029 2030
f 2038 2030 2037
f 2037 2030 2613
f 2037 2613 2614
f 2034 2114 2033
f 2033 2114 2115
f 2033 2115 2107
f 2107 2115 2106
f 2106 2115 2109
f 2106 2109 2105
f 2105 2109 2110
f 2105 2110 2104
f 2104 2110 2184
f 2104 2184 2103
f 2103 2184 2185
f 2103 2185 2177
f 2177 2185 2176
f 2176 2185 2179
f 2176 2179 2175
f 2175 2179 2180
f 2175 2180 2174
f 2174 2180 2254
f 2174 2254 2173
f 2173 2254 2255
f 2173 2255 2247
f 2247 2255 2246
f 2246 2255 2249
f 2246 2249 2245
f 2245 2249 2250
f 2245 2250 2244
f 2244 2250 2324
f 2244 2324 2243
f 2243 2324 2325
f 2243 2325 2317
f 2317 2325 2316
f 2316 2325 2319
f 2316 2319 2315
f 2315 2319 2320
f 2315 2320 2314
f 2314 2320 2394
f 2314 2394 2313
f 2313 2394 2395
f 2313 2395 2387
f 2387 2395 2386
f 2386 2395 2389
f 2386 2389 2385
f 2385 2389 2390
f 2114 2034 2040
f 2040 2034 2035
f 2040 2035 2039
f 2039 2035 2036
f 2039 2036 2045
f 2045 2036 2037
f 2045 2037 2044
f 2044 2037 2614
f 2044 2614 2051
f 2051 2614 2058
f 2051 2058 2059
f 2041 2121 2040
f 2040 2121 2122
f 2040 2122 2114
f 2114 2122 2113
f 2113 2122 2116
f 2113 2116 2112
f 2112 2116 2117
f 2112 2117 2111
f 2111 2117 2191
f 2111 2191 2110
f 2110 2191 2192
f 2110 2192 2184
f 2184 2192 2183
f 2183 2192 2186
f 2183 2186 2182
f 2182 2186 2187
f 2182 2187 2181
f 2181 2187 2261
f 2181 2261 2180
f 2180 2261 2262
f 2180 2262 2254
f 2254 2262 2253
f 2253 2262 2256
f 2253 2256 2252
f 2252 2256 2257
f 2252 2257 2251
f 2251 2257 2331
f 2251 2331 2250
f 2250 2331 2332
f 2250 2332 2324
f 2324 2332 2323
f 2323 2332 2326
f 2323 2326 2322
f 2322 2326 2327
f 2322 2327 2321
f 2321 2327 2401
f 2321 2401 2320
f 2320 2401 2402
f 2320 2402 2394
f 2394 2402 2393
f 2393 2402 2396
f 2393 2396 2392
f 2392 2396 2397
f 2392 2397 2391
f 2391 2397 2471
f 2391 2471 2390
f 2390 2471 2472
f 2121 2041 2047
f 2047 2041 2042
f 2047 2042 2046
f 2046 2042 2043
f 2046 2043 2052
f 2052 2043 2044
f 2052 2044 2051
f 2048 2128 2047
f 2047 2128 2129
f 2047 2129 2121
f 2121 2129 2120
f 2120 2129 2123
f 2120 2123 2119
f 2119 2123 2124
f 2119 2124 2118
f 2118 2124 2198
f 2118 2198 2117
f 2117 2198 2199
f 2117 2199 2191
f 2191 2199 2190
f 2190 2199 2193
f 2190 2193 2189
f 2189 2193 2194
f 2189 2194 2188
f 2188 2194 2268
f 2188 2268 2187
f 2187 2268 2269
f 2187 2269 2261
f 2261 2269 2260
f 2260 2269 2263
f 2260 2263 2259
f 2259 2263 2264
f 2259 2264 2258
f 2258 2264 2338
f 2258 2338 2257
f 2257 2338 2339
f 2257 2339 2331
f 2331 2339 2330
f 2330 2339 2333
f 2330 2333 2329
f 2329 2333 2334
f 2329 2334 2328
f 2328 2334 2408
f 2328 2408 2327
f 2327 2408 2409
f 2327 2409 2401
f 2401 2409 2400
f 2400 2409 2403
f 2400 2403 2399
f 2399 2403 2404
f 2399 2404 2398
f 2398 2404 2478
f 2398 2478 2397
f 2397 2478 2479
f 2397 2479 2471
f 2471 2479 2470
f 2470 2479 2473
f 2470 2473 2469
f 2469 2473 2474
f 2469 2474 2468
f 2468 2474 2548
f 2468 2548 2467
f 2467 2548 2549
f 2467 2549 2541
f 2541 2549 2540
f 2540 2549 2543
f 2540 2543 2539
f 2539 2543 2544
f 2539 2544 2538
f 2538 2544 2616
f 2538 2616 2537
f 2537 2616 2536
f 2128 2048 2054
f 2054 2048 2049
f 2054 2049 2053
f 2053 2049 2050
f 2053 2050 2059
f 2059 2050 2051
f 2055 2135 2054
f 2054 2135 2136
f 2054 2136 2128
f 2128 2136 2127
f 2127 2136 2130
f 2127 2130 2126
f 2126 2130 2131
f 2126 2131 2125
f 2125 2131 2205
f 2125 2205 2124
f 2124 2205 2206
f 2124 2206 2198
f 2198 2206 2197
f 2197 2206 2200
f 2197 2200 2196
f 2196 2200 2201
f 2196 2201 2195
f 2195 2201 2275
f 2195 2275 2194
f 2194 2275 2276
f 2194 2276 2268
f 2268 2276 2267
f 2267 2276 2270
f 2267 2270 2266
f 2266 2270 2271
f 2266 2271 2265
f 2265 2271 2345
f 2265 2345 2264
f 2264 2345 2346
f 2264 2346 2338
f 2338 2346 2337
f 2337 2346 2340
f 2337 2340 2336
f 2336 2340 2341
f 2336 2341 2335
f 2335 2341 2415
f 2335 2415 2334
f 2334 2415 2416
f 2334 2416 2408
f 2408 2416 2407
f 2407 2416 2410
f 2407 2410 2406
f 2406 2410 2411
f 2406 2411 2405
f 2405 2411 2485
f 2405 2485 2404
f 2404 2485 2486
f 2404 2486 2478
f 2478 2486 2477
f 2477 2486 2480
f 2477 2480 2476
f 2476 2480 2481
f 2476 2481 2475
f 2475 2481 2555
f 2475 2555 2474
f 2474 2555 2556
f 2474 2556 2548
f 2548 2556 2547
f 2547 2556 2550
f 2547 2550 2546
f 2546 2550 2551
f 2546 2551 2545
f 2545 2551 2552
f 2545 2552 2616
f 2616 2552 2559
f 2616 2559 2566
f 2566 2559 2565
f 2565 2559 2560
f 2565 2560 2564
f 2564 2560 2561
f 2564 2561 2570
f 2570 2561 2562
f 2570 2562 2488
f 2488 2562 2482
f 2488 2482 2483
f 2135 2055 2061
f 2061 2055 2056
f 2061 2056 2060
f 2060 2056 2057
f 2060 2057 2066
f 2066 2057 2058
f 2066 2058 2065
f 2065 2058 2614
f 2065 2614 2073
f 2073 2614 2072
f 2072 2614 2071
f 2071 2614 2070
f 2070 2614 2148
f 2070 2148 2149
f 2062 2142 2061
f 2061 2142 2143
f 2061 2143 2135
f 2135 2143 2134
f 2134 2143 2137
f 2134 2137 2133
f 2133 2137 2138
f 2133 2138 2132
f 2132 2138 2212
f 2132 2212 2131
f 2131 2212 2213
f 2131 2213 2205
f 2205 2213 2204
f 2204 2213 2207
f 2204 2207 2203
f 2203 2207 2208
f 2203 2208 2202
f 2202 2208 2282
f 2202 2282 2201
f 2201 2282 2283
f 2201 2283 2275
f 2275 2283 2274
f 2274 2283 2277
f 2274 2277 2273
f 2273 2277 2278
f 2273 2278 2272
f 2272 2278 2352
f 2272 2352 2271
f 2271 2352 2353
f 2271 2353 2345
f 2345 2353 2344
f 2344 2353 2347
f 2344 2347 2343
f 2343 2347 2348
f 2343 2348 2342
f 2342 2348 2422
f 2342 2422 2341
f 2341 2422 2423
f 2341 2423 2415
f 2415 2423 2414
f 2414 2423 2417
f 2414 2417 2413
f 2413 2417 2418
f 2413 2418 2412
f 2412 2418 2492
f 2412 2492 2411
f 2411 2492 2493
f 2411 2493 2485
f 2485 2493 2484
f 2484 2493 2487
f 2484 2487 2483
f 2483 2487 2488
f 2142 2062 2068
f 2068 2062 2063
f 2068 2063 2067
f 2067 2063 2064
f 2067 2064 2073
f 2073 2064 2065
f 2069 2149 2068
f 2068 2149 2150
f 2068 2150 2142
f 2142 2150 2141
f 2141 2150 2144
f 2141 2144 2140
f 2140 2144 2145
f 2140 2145 2139
f 2139 2145 2219
f 2139 2219 2138
f 2138 2219 2220
f 2138 2220 2212
f 2212 2220 2211
f 2211 2220 2214
f 2211 2214 2210
f 2210 2214 2215
f 2210 2215 2209
f 2209 2215 2289
f 2209 2289 2208
f 2208 2289 2290
f 2208 2290 2282
f 2282 2290 2281
f 2281 2290 2284
f 2281 2284 2280
f 2280 2284 2285
f 2280 2285 2279
f 2279 2285 2359
f 2279 2359 2278
f 2278 2359 2360
f 2278 2360 2352
f 2352 2360 2351
f 2351 2360 2354
f 2351 2354 2350
f 2350 2354 2355
f 2350 2355 2349
f 2349 2355 2429
f 2349 2429 2348
f 2348 2429 2430
f 2348 2430 2422
f 2422 2430 2421
f 2421 2430 2424
f 2421 2424 2420
f 2420 2424 2425
f 2420 2425 2419
f 2419 2425 2499
f 2419 2499 2418
f 2418 2499 2500
f 2418 2500 2492
f 2492 2500 2491
f 2491 2500 2494
f 2491 2494 2490
f 2490 2494 2495
f 2490 2495 2489
f 2489 2495 2569
f 2489 2569 2488
f 2488 2569 2570
f 2069 2070 2149
f 2146 2226 2145
f 2145 2226 2227
f 2145 2227 2219
f 2219 2227 2218
f 2218 2227 2221
f 2218 2221 2217
f 2217 2221 2222
f 2217 2222 2216
f 2216 2222 2296
f 2216 2296 2215
f 2215 2296 2297
f 2215 2297 2289
f 2289 2297 2288
f 2288 2297 2291
f 2288 2291 2287
f 2287 2291 2292
f 2287 2292 2286
f 2286 2292 2366
f 2286 2366 2285
f 2285 2366 2367
f 2285 2367 2359
f 2359 2367 2358
f 2358 2367 2361
f 2358 2361 2357
f 2357 2361 2362
f 2357 2362 2356
f 2356 2362 2436
f 2356 2436 2355
f 2355 2436 2437
f 2355 2437 2429
f 2429 2437 2428
f 2428 2437 2431
f 2428 2431 2427
f 2427 2431 2432
f 2427 2432 2426
f 2426 2432 2506
f 2426 2506 2425
f 2425 2506 2507
f 2425 2507 2499
f 2499 2507 2498
f 2498 2507 2501
f 2498 2501 2497
f 2497 2501 2502
f 2497 2502 2496
f 2496 2502 2576
f 2496 2576 2495
f 2495 2576 2577
f 2495 2577 2569
f 2569 2577 2568
f 2568 2577 2571
f 2568 2571 2567
f 2567 2571 2572
f 2567 2572 2566
f 2566 2572 2573
f 2566 2573 2616
f 2616 2573 2615
f 2615 2573 2580
f 2615 2580 2587
f 2587 2580 2586
f 2586 2580 2581
f 2586 2581 2585
f 2585 2581 2582
f 2585 2582 2591
f 2591 2582 2583
f 2591 2583 2509
f 2509 2583 2503
f 2509 2503 2504
f 2146 2147 2226
f 2226 2147 2225
f 2225 2147 2614
f 2225 2614 2224
f 2224 2614 2302
f 2224 2302 2303
f 2147 2148 2614
f 2228 2151 2234
f 2234 2151 2152
f 2234 2152 2233
f 2233 2152 2153
f 2223 2303 2222
f 2222 2303 2304
f 2222 2304 2296
f 2296 2304 2295
f 2295 2304 2298
f 2295 2298 2294
f 2294 2298 2299
f 2294 2299 2293
f 2293 2299 2373
f 2293 2373 2292
f 2292 2373 2374
f 2292 2374 2366
f 2366 2374 2365
f 2365 2374 2368
f 2365 2368 2364
f 2364 2368 2369
f 2364 2369 2363
f 2363 2369 2443
f 2363 2443 2362
f 2362 2443 2444
f 2362 2444 2436
f 2436 2444 2435
f 2435 2444 2438
f 2435 2438 2434
f 2434 2438 2439
f 2434 2439 2433
f 2433 2439 2513
f 2433 2513 2432
f 2432 2513 2514
f 2432 2514 2506
f 2506 2514 2505
f 2505 2514 2508
f 2505 2508 2504
f 2504 2508 2509
f 2223 2224 2303
f 2300 2380 2299
f 2299 2380 2381
f 2299 2381 2373
f 2373 2381 2372
f 2372 2381 2375
f 2372 2375 2371
f 2371 2375 2376
f 2371 2376 2370
f 2370 2376 2450
f 2370 2450 2369
f 2369 2450 2451
f 2369 2451 2443
f 2443 2451 2442
f 2442 2451 2445
f 2442 2445 2441
f 2441 2445 2446
f 2441 2446 2440
f 2440 2446 2520
f 2440 2520 2439
f 2439 2520 2521
f 2439 2521 2513
f 2513 2521 2512
f 2512 2521 2515
f 2512 2515 2511
f 2511 2515 2516
f 2511 2516 2510
f 2510 2516 2590
f 2510 2590 2509
f 2509 2590 2591
f 2300 2301 2380
f 2380 2301 2379
f 2379 2301 2614
f 2379 2614 2615
f 2301 2302 2614
f 2377 2457 2376
f 2376 2457 2458
f 2376 2458 2450
f 2450 2458 2449
f 2449 2458 2452
f 2449 2452 2448
f 2448 2452 2453
f 2448 2453 2447
f 2447 2453 2527
f 2447 2527 2446
f 2446 2527 2528
f 2446 2528 2520
f 2520 2528 2519
f 2519 2528 2522
f 2519 2522 2518
f 2518 2522 2523
f 2518 2523 2517
f 2517 2523 2597
f 2517 2597 2516
f 2516 2597 2598
f 2516 2598 2590
f 2590 2598 2589
f 2589 2598 2592
f 2589 2592 2588
f 2588 2592 2593
f 2588 2593 2587
f 2587 2593 2594
f 2587 2594 2615
f 2615 2594 2601
f 2615 2601 2607
f 2607 2601 2602
f 2607 2602 2606
f 2606 2602 2603
f 2606 2603 2612
f 2612 2603 2604
f 2612 2604 2530
f 2530 2604 2524
f 2530 2524 2525
f 2377 2378 2457
f 2457 2378 2456
f 2456 2378 2615
f 2456 2615 2455
f 2455 2615 2533
f 2455 2533 2534
f 2378 2379 2615
f 2459 2382 2465
f 2465 2382 2383
f 2465 2383 2464
f 2464 2383 2384
f 2454 2534 2453
f 2453 2534 2535
f 2453 2535 2527
f 2527 2535 2526
f 2526 2535 2529
f 2526 2529 2525
f 2525 2529 2530
f 2454 2455 2534
f 2482 2562 2481
f 2481 2562 2563
f 2481 2563 2555
f 2555 2563 2554
f 2554 2563 2557
f 2554 2557 2553
f 2553 2557 2558
f 2553 2558 2552
f 2552 2558 2559
f 2503 2583 2502
f 2502 2583 2584
f 2502 2584 2576
f 2576 2584 2575
f 2575 2584 2578
f 2575 2578 2574
f 2574 2578 2579
f 2574 2579 2573
f 2573 2579 2580
f 2524 2604 2523
f 2523 2604 2605
f 2523 2605 2597
f 2597 2605 2596
f 2596 2605 2599
f 2596 2599 2595
f 2595 2599 2600
f 2595 2600 2594
f 2594 2600 2601
f 2612 2530 2611
f 2611 2530 2531
f 2611 2531 2532
f 2533 2615 2532
f 2532 2615 2610
f 2532 2610 2611
f 2544 2545 2616
f 2607 2608 2615
f 2615 2608 2609
f 2615 2609 2610
f 2616 2613 2305
f 2618 2624 2617
f 2617 2624 2625
f 2617 2625 2623
f 2623 2625 2626
f 2623 2626 2622
f 2622 2626 2632
f 2622 2632 2621
f 2631 2627 2628
f 2631 2628 2620
f 2620 2628 2629
f 2620 2629 2619
f 2619 2629 2630
f 2619 2630 2618
f 2618 2630 2624
f 2634 2640 2633
f 2633 2640 2641
f 2633 2641 2639
f 2639 2641 2642
f 2639 2642 2638
f 2638 2642 2648
f 2638 2648 2637
f 2647 2643 2644
f 2647 2644 2636
f 2636 2644 2645
f 2636 2645 2635
f 2635 2645 2646
f 2635 2646 2634
f 2634 2646 2640
f 2650 2656 2649
f 2649 2656 2657
f 2649 2657 2655
f 2655 2657 2658
f 2655 2658 2654
f 2654 2658 2664
f 2654 2664 2653
f 2663 2659 2660
f 2663 2660 2652
f 2652 2660 2661
f 2652 2661 2651
f 2651 2661 2662
f 2651 2662 2650
f 2650 2662 2656
o platform
v -0.142500 -0.150000 -0.010000
v -0.144255 -0.145179 -0.010000
v -0.148698 -0.142614 -0.010000
v -0.153750 -0.143505 -0.010000
v -0.157048 -0.147435 -0.010000
v -0.157048 -0.152565 -0.010000
v -0.153750 -0.156495 -0.010000
v -0.148698 -0.157386 -0.010000
v -0.144255 -0.154821 -0.010000
v -0.146000 -0.150000 -0.010000
v -0.147506 -0.153127 -0.010000
v -0.150890 -0.153900 -0.010000
v -0.153604 -0.151736 -0.010000
v -0.153604 -0.148264 -0.010000
v -0.150890 -0.146100 -0.010000
v -0.147506 -0.146873 -0.010000
v -0.042500 -0.050000 -0.010000
v -0.044255 -0.045179 -0.010000
v -0.048698 -0.042614 -0.010000
v -0.053750 -0.043505 -0.010000
v -0.057048 -0.047435 -0.010000
v -0.057048 -0.052565 -0.010000
v -0.053750 -0.056495 -0.010000
v -0.048698 -0.057386 -0.010000
v -0.044255 -0.054821 -0.010000
v -0.046000 -0.050000 -0.010000
v -0.047506 -0.053127 -0.010000
v -0.050890 -0.053900 -0.010000
v -0.053604 -0.051736 -0.010000
v -0.053604 -0.048264 -0.010000
v -0.050890 -0.046100 -0.010000
v -0.047506 -0.046873 -0.010000
v -0.142500 -0.150000 -0.010000
v -0.144255 -0.154821 -0.010000
v -0.148698 -0.157386 -0.010000
v -0.153750 -0.156495 -0.010000
v -0.157048 -0.152565 -0.010000
v -0.157048 -0.147435 -0.010000
v -0.153750 -0.143505 -0.010000
v -0.148698 -0.142614 -0.010000
v -0.144255 -0.145179 -0.010000
v -0.142500 -0.150000 -0.000000
v -0.144255 -0.145179 -0.000000
v -0.148698 -0.142614 -0.000000
v -0.153750 -0.143505 -0.000000
v -0.157048 -0.147435 -0.000000
v -0.157048 -0.152565 -0.000000
v -0.153750 -0.156495 -0.000000
v -0.148698 -0.157386 -0.000000
v -0.144255 -0.154821 -0.000000
v -0.157048 -0.147435 -0.010000
v -0.157048 -0.147435 -0.000000
v -0.046000 -0.150000 -0.010000
v -0.047506 -0.146873 -0.010000
v -0.050890 -0.146100 -0.010000
v -0.053604 -0.148264 -0.010000
v -0.053604 -0.151736 -0.010000
v -0.050890 -0.153900 -0.010000
v -0.047506 -0.153127 -0.010000
v -0.046000 -0.150000 -0.015000
v -0.047506 -0.153127 -0.015000
v -0.050890 -0.153900 -0.015000
v -0.053604 -0.151736 -0.015000
v -0.053604 -0.148264 -0.015000
v -0.050890 -0.146100 -0.015000
v -0.047506 -0.146873 -0.015000
v -0.053604 -0.151736 -0.010000
v -0.053604 -0.151736 -0.015000
v -0.042500 -0.150000 -0.010000
v -0.044255 -0.145179 -0.010000
v -0.048698 -0.142614 -0.010000
v -0.053750 -0.143505 -0.010000
v -0.057048 -0.147435 -0.010000
v -0.057048 -0.152565 -0.010000
v -0.053750 -0.156495 -0.010000
v -0.048698 -0.157386 -0.010000
v -0.044255 -0.154821 -0.010000
v -0.046000 -0.150000 -0.010000
v -0.047506 -0.153127 -0.010000
v -0.050890 -0.153900 -0.010000
v -0.053604 -0.151736 -0.010000
v -0.053604 -0.148264 -0.010000
v -0.050890 -0.146100 -0.010000
v -0.047506 -0.146873 -0.010000
v -0.142500 -0.050000 -0.010000
v -0.144255 -0.045179 -0.010000
v -0.148698 -0.042614 -0.010000
v -0.153750 -0.043505 -0.010000
v -0.157048 -0.047435 -0.010000
v -0.157048 -0.052565 -0.010000
v -0.153750 -0.056495 -0.010000
v -0.148698 -0.057386 -0.010000
v -0.144255 -0.054821 -0.010000
v -0.146000 -0.050000 -0.010000
v -0.147506 -0.053127 -0.010000
v -0.150890 -0.053900 -0.010000
v -0.153604 -0.051736 -0.010000
v -0.153604 -0.048264 -0.010000
v -0.150890 -0.046100 -0.010000
v -0.147506 -0.046873 -0.010000
v -0.042500 -0.050000 -0.010000
v -0.044255 -0.054821 -0.010000
v -0.048698 -0.057386 -0.010000
v -0.053750 -0.056495 -0.010000
v -0.057048 -0.052565 -0.010000
v -0.057048 -0.047435 -0.010000
v -0.053750 -0.043505 -0.010000
v -0.048698 -0.042614 -0.010000
v -0.044255 -0.045179 -0.010000
v -0.042500 -0.050000 -0.000000
v -0.044255 -0.045179 -0.000000
v -0.048698 -0.042614 -0.000000
v -0.053750 -0.043505 0.000000
v -0.057048 -0.047435 0.000000
v -0.057048 -0.052565 -0.000000
v -0.053750 -0.056495 -0.000000
v -0.048698 -0.057386 -0.000000
v -0.044255 -0.054821 -0.000000
v -0.057048 -0.047435 -0.010000
v -0.057048 -0.047435 0.000000
v -0.146000 -0.150000 -0.015000
v -0.147506 -0.153127 -0.015000
v -0.150890 -0.153900 -0.015000
v -0.153604 -0.151736 -0.015000
v -0.153604 -0.148264 -0.015000
v -0.150890 -0.146100 -0.015000
v -0.147506 -0.146873 -0.015000
v -0.146000 -0.150000 -0.010000
v -0.147506 -0.146873 -0.010000
v -0.150890 -0.146100 -0.010000
v -0.153604 -0.148264 -0.010000
v -0.153604 -0.151736 -0.010000
v -0.150890 -0.153900 -0.010000
v -0.147506 -0.153127 -0.010000
v -0.153604 -0.148264 -0.015000
v -0.153604 -0.148264 -0.010000
v -0.112000 0.055000 -0.008000
v -0.113500 0.057598 -0.008000
v -0.116500 0.057598 -0.008000
v -0.118000 0.055000 -0.008000
v -0.116500 0.052402 -0.008000
v -0.113500 0.052402 -0.008000
v -0.042500 -0.150000 -0.010000
v -0.044255 -0.154821 -0.010000
v -0.048698 -0.157386 -0.010000
v -0.053750 -0.156495 -0.010000
v -0.057048 -0.152565 -0.010000
v -0.057048 -0.147435 -0.010000
v -0.053750 -0.143505 -0.010000
v -0.048698 -0.142614 -0.010000
v -0.044255 -0.145179 -0.010000
v -0.042500 -0.150000 -0.000000
v -0.044255 -0.145179 -0.000000
v -0.048698 -0.142614 -0.000000
v -0.053750 -0.143505 -0.000000
v -0.057048 -0.147435 -0.000000
v -0.057048 -0.152565 -0.000000
v -0.053750 -0.156495 -0.000000
v -0.048698 -0.157386 -0.000000
v -0.044255 -0.154821 -0.000000
v -0.057048 -0.147435 -0.010000
v -0.057048 -0.147435 -0.000000
v -0.042500 0.050000 -0.010000
v -0.044255 0.054821 -0.010000
v -0.048698 0.057386 -0.010000
v -0.053750 0.056495 -0.010000
v -0.057048 0.052565 -0.010000
v -0.057048 0.047435 -0.010000
v -0.053750 0.043505 -0.010000
v -0.048698 0.042614 -0.010000
v -0.044255 0.045179 -0.010000
v -0.046000 0.050000 -0.010000
v -0.047506 0.046873 -0.010000
v -0.050890 0.046100 -0.010000
v -0.053604 0.048264 -0.010000
v -0.053604 0.051736 -0.010000
v -0.050890 0.053900 -0.010000
v -0.047506 0.053127 -0.010000
v -0.142500 -0.050000 -0.010000
v -0.144255 -0.054821 -0.010000
v -0.148698 -0.057386 -0.010000
v -0.153750 -0.056495 -0.010000
v -0.157048 -0.052565 -0.010000
v -0.157048 -0.047435 -0.010000
v -0.153750 -0.043505 -0.010000
v -0.148698 -0.042614 -0.010000
v -0.144255 -0.045179 -0.010000
v -0.142500 -0.050000 0.000000
v -0.144255 -0.045179 0.000000
v -0.148698 -0.042614 0.000000
v -0.153750 -0.043505 0.000000
v -0.157048 -0.047435 0.000000
v -0.157048 -0.052565 0.000000
v -0.153750 -0.056495 0.000000
v -0.148698 -0.057386 0.000000
v -0.144255 -0.054821 0.000000
v -0.157048 -0.047435 -0.010000
v -0.157048 -0.047435 0.000000
v -0.046000 -0.050000 -0.015000
v -0.047506 -0.053127 -0.015000
v -0.050890 -0.053900 -0.015000
v -0.053604 -0.051736 -0.015000
v -0.053604 -0.048264 -0.015000
v -0.050890 -0.046100 -0.015000
v -0.047506 -0.046873 -0.015000
v -0.046000 -0.050000 -0.010000
v -0.047506 -0.046873 -0.010000
v -0.050890 -0.046100 -0.010000
v -0.053604 -0.048264 -0.010000
v -0.053604 -0.051736 -0.010000
v -0.050890 -0.053900 -0.010000
v -0.047506 -0.053127 -0.010000
v -0.053604 -0.048264 -0.015000
v -0.053604 -0.048264 -0.010000
v -0.082000 0.075000 -0.008000
v -0.083500 0.077598 -0.008000
v -0.086500 0.077598 -0.008000
v -0.088000 0.075000 -0.008000
v -0.086500 0.072402 -0.008000
v -0.083500 0.072402 -0.008000
v -0.112000 0.055000 -0.008000
v -0.113500 0.052402 -0.008000
v -0.116500 0.052402 -0.008000
v -0.118000 0.055000 -0.008000
v -0.116500 0.057598 -0.008000
v -0.113500 0.057598 -0.008000
v -0.112000 0.055000 0.000000
v -0.113500 0.057598 0.000000
v -0.116500 0.057598 0.000000
v -0.118000 0.055000 0.000000
v -0.116500 0.052402 0.000000
v -0.113500 0.052402 0.000000
v -0.118000 0.055000 -0.008000
v -0.118000 0.055000 0.000000
v -0.082000 -0.055000 -0.008000
v -0.083500 -0.052402 -0.008000
v -0.086500 -0.052402 -0.008000
v -0.088000 -0.055000 -0.008000
v -0.086500 -0.057598 -0.008000
v -0.083500 -0.057598 -0.008000
v -0.042500 0.050000 -0.010000
v -0.044255 0.045179 -0.010000
v -0.048698 0.042614 -0.010000
v -0.053750 0.043505 -0.010000
v -0.057048 0.047435 -0.010000
v -0.057048 0.052565 -0.010000
v -0.053750 0.056495 -0.010000
v -0.048698 0.057386 -0.010000
v -0.044255 0.054821 -0.010000
v -0.042500 0.050000 0.000000
v -0.044255 0.054821 0.000000
v -0.048698 0.057386 0.000000
v -0.053750 0.056495 0.000000
v -0.057048 0.052565 0.000000
v -0.057048 0.047435 0.000000
v -0.053750 0.043505 0.000000
v -0.048698 0.042614 0.000000
v -0.044255 0.045179 0.000000
v -0.057048 0.052565 -0.010000
v -0.057048 0.052565 0.000000
v -0.146000 -0.050000 -0.015000
v -0.147506 -0.053127 -0.015000
v -0.150890 -0.053900 -0.015000
v -0.153604 -0.051736 -0.015000
v -0.153604 -0.048264 -0.015000
v -0.150890 -0.046100 -0.015000
v -0.147506 -0.046873 -0.015000
v -0.146000 -0.050000 -0.010000
v -0.147506 -0.046873 -0.010000
v -0.150890 -0.046100 -0.010000
v -0.153604 -0.048264 -0.010000
v -0.153604 -0.051736 -0.010000
v -0.150890 -0.053900 -0.010000
v -0.147506 -0.053127 -0.010000
v -0.153604 -0.048264 -0.015000
v -0.153604 -0.048264 -0.010000
v -0.112000 0.075000 -0.008000
v -0.113500 0.077598 -0.008000
v -0.116500 0.077598 -0.008000
v -0.118000 0.075000 -0.008000
v -0.116500 0.072402 -0.008000
v -0.113500 0.072402 -0.008000
v -0.082000 0.075000 -0.008000
v -0.083500 0.072402 -0.008000
v -0.086500 0.072402 -0.008000
v -0.088000 0.075000 -0.008000
v -0.086500 0.077598 -0.008000
v -0.083500 0.077598 -0.008000
v -0.082000 0.075000 0.000000
v -0.083500 0.077598 0.000000
v -0.086500 0.077598 0.000000
v -0.088000 0.075000 0.000000
v -0.086500 0.072402 0.000000
v -0.083500 0.072402 0.000000
v -0.088000 0.075000 -0.008000
v -0.088000 0.075000 0.000000
v -0.142500 0.050000 -0.010000
v -0.144255 0.054821 -0.010000
v -0.148698 0.057386 -0.010000
v -0.153750 0.056495 -0.010000
v -0.157048 0.052565 -0.010000
v -0.157048 0.047435 -0.010000
v -0.153750 0.043505 -0.010000
v -0.148698 0.042614 -0.010000
v -0.144255 0.045179 -0.010000
v -0.146000 0.050000 -0.010000
v -0.147506 0.046873 -0.010000
v -0.150890 0.046100 -0.010000
v -0.153604 0.048264 -0.010000
v -0.153604 0.051736 -0.010000
v -0.150890 0.053900 -0.010000
v -0.147506 0.053127 -0.010000
v -0.112000 -0.075000 -0.008000
v -0.113500 -0.072402 -0.008000
v -0.116500 -0.072402 -0.008000
v -0.118000 -0.075000 -0.008000
v -0.116500 -0.077598 -0.008000
v -0.113500 -0.077598 -0.008000
v -0.082000 -0.055000 -0.008000
v -0.083500 -0.057598 -0.008000
v -0.086500 -0.057598 -0.008000
v -0.088000 -0.055000 -0.008000
v -0.086500 -0.052402 -0.008000
v -0.083500 -0.052402 -0.008000
v -0.082000 -0.055000 0.000000
v -0.083500 -0.052402 0.000000
v -0.086500 -0.052402 0.000000
v -0.088000 -0.055000 0.000000
v -0.086500 -0.057598 0.000000
v -0.083500 -0.057598 0.000000
v -0.088000 -0.055000 0.000000
v -0.088000 -0.055000 -0.008000
v -0.046000 0.050000 -0.015000
v -0.047506 0.046873 -0.015000
v -0.050890 0.046100 -0.015000
v -0.053604 0.048264 -0.015000
v -0.053604 0.051736 -0.015000
v -0.050890 0.053900 -0.015000
v -0.047506 0.053127 -0.015000
v -0.046000 0.050000 -0.010000
v -0.047506 0.053127 -0.010000
v -0.050890 0.053900 -0.010000
v -0.053604 0.051736 -0.010000
v -0.053604 0.048264 -0.010000
v -0.050890 0.046100 -0.010000
v -0.047506 0.046873 -0.010000
v -0.053604 0.051736 -0.015000
v -0.053604 0.051736 -0.010000
v -0.082000 0.055000 -0.008000
v -0.083500 0.057598 -0.008000
v -0.086500 0.057598 -0.008000
v -0.088000 0.055000 -0.008000
v -0.086500 0.052402 -0.008000
v -0.083500 0.052402 -0.008000
v -0.112000 0.075000 -0.008000
v -0.113500 0.072402 -0.008000
v -0.116500 0.072402 -0.008000
v -0.118000 0.075000 -0.008000
v -0.116500 0.077598 -0.008000
v -0.113500 0.077598 -0.008000
v -0.112000 0.075000 0.000000
v -0.113500 0.077598 0.000000
v -0.116500 0.077598 0.000000
v -0.118000 0.075000 0.000000
v -0.116500 0.072402 0.000000
v -0.113500 0.072402 0.000000
v -0.118000 0.075000 -0.008000
v -0.118000 0.075000 0.000000
v -0.142500 0.050000 -0.010000
v -0.144255 0.045179 -0.010000
v -0.148698 0.042614 -0.010000
v -0.153750 0.043505 -0.010000
v -0.157048 0.047435 -0.010000
v -0.157048 0.052565 -0.010000
v -0.153750 0.056495 -0.010000
v -0.148698 0.057386 -0.010000
v -0.144255 0.054821 -0.010000
v -0.142500 0.050000 0.000000
v -0.144255 0.054821 0.000000
v -0.148698 0.057386 0.000000
v -0.153750 0.056495 0.000000
v -0.157048 0.052565 0.000000
v -0.157048 0.047435 0.000000
v -0.153750 0.043505 0.000000
v -0.148698 0.042614 0.000000
v -0.144255 0.045179 0.000000
v -0.157048 0.052565 -0.010000
v -0.157048 0.052565 0.000000
v -0.112000 -0.075000 -0.008000
v -0.113500 -0.077598 -0.008000
v -0.116500 -0.077598 -0.008000
v -0.118000 -0.075000 -0.008000
v -0.116500 -0.072402 -0.008000
v -0.113500 -0.072402 -0.008000
v -0.112000 -0.075000 0.000000
v -0.113500 -0.072402 0.000000
v -0.116500 -0.072402 0.000000
v -0.118000 -0.075000 0.000000
v -0.116500 -0.077598 0.000000
v -0.113500 -0.077598 0.000000
v -0.118000 -0.075000 0.000000
v -0.118000 -0.075000 -0.008000
v -0.082000 -0.075000 -0.008000
v -0.083500 -0.072402 -0.008000
v -0.086500 -0.072402 -0.008000
v -0.088000 -0.075000 -0.008000
v -0.086500 -0.077598 -0.008000
v -0.083500 -0.077598 -0.008000
v -0.082000 0.055000 -0.008000
v -0.083500 0.052402 -0.008000
v -0.086500 0.052402 -0.008000
v -0.088000 0.055000 -0.008000
v -0.086500 0.057598 -0.008000
v -0.083500 0.057598 -0.008000
v -0.082000 0.055000 0.000000
v -0.083500 0.057598 0.000000
v -0.086500 0.057598 0.000000
v -0.088000 0.055000 0.000000
v -0.086500 0.052402 0.000000
v -0.083500 0.052402 0.000000
v -0.088000 0.055000 -0.008000
v -0.088000 0.055000 0.000000
v -0.146000 0.050000 -0.015000
v -0.147506 0.046873 -0.015000
v -0.150890 0.046100 -0.015000
v -0.153604 0.048264 -0.015000
v -0.153604 0.051736 -0.015000
v -0.150890 0.053900 -0.015000
v -0.147506 0.053127 -0.015000
v -0.146000 0.050000 -0.010000
v -0.147506 0.053127 -0.010000
v -0.150890 0.053900 -0.010000
v -0.153604 0.051736 -0.010000
v -0.153604 0.048264 -0.010000
v -0.150890 0.046100 -0.010000
v -0.147506 0.046873 -0.010000
v -0.153604 0.051736 -0.015000
v -0.153604 0.051736 -0.010000
v -0.082000 -0.075000 -0.008000
v -0.083500 -0.077598 -0.008000
v -0.086500 -0.077598 -0.008000
v -0.088000 -0.075000 -0.008000
v -0.086500 -0.072402 -0.008000
v -0.083500 -0.072402 -0.008000
v -0.082000 -0.075000 -0.000000
v -0.083500 -0.072402 -0.000000
v -0.086500 -0.072402 0.000000
v -0.088000 -0.075000 -0.000000
v -0.086500 -0.077598 -0.000000
v -0.083500 -0.077598 -0.000000
v -0.088000 -0.075000 -0.000000
v -0.088000 -0.075000 -0.008000
v -0.042500 0.150000 -0.010000
v -0.044255 0.154821 -0.010000
v -0.048698 0.157386 -0.010000
v -0.053750 0.156495 -0.010000
v -0.057048 0.152565 -0.010000
v -0.057048 0.147435 -0.010000
v -0.053750 0.143505 -0.010000
v -0.048698 0.142614 -0.010000
v -0.044255 0.145179 -0.010000
v -0.046000 0.150000 -0.010000
v -0.047506 0.146873 -0.010000
v -0.050890 0.146100 -0.010000
v -0.053604 0.148264 -0.010000
v -0.053604 0.151736 -0.010000
v -0.050890 0.153900 -0.010000
v -0.047506 0.153127 -0.010000
v -0.112000 -0.055000 -0.008000
v -0.113500 -0.052402 -0.008000
v -0.116500 -0.052402 -0.008000
v -0.118000 -0.055000 -0.008000
v -0.116500 -0.057598 -0.008000
v -0.113500 -0.057598 -0.008000
v -0.042500 0.150000 -0.010000
v -0.044255 0.145179 -0.010000
v -0.048698 0.142614 -0.010000
v -0.053750 0.143505 -0.010000
v -0.057048 0.147435 -0.010000
v -0.057048 0.152565 -0.010000
v -0.053750 0.156495 -0.010000
v -0.048698 0.157386 -0.010000
v -0.044255 0.154821 -0.010000
v -0.042500 0.150000 0.000000
v -0.044255 0.154821 0.000000
v -0.048698 0.157386 0.000000
v -0.053750 0.156495 0.000000
v -0.057048 0.152565 0.000000
v -0.057048 0.147435 0.000000
v -0.053750 0.143505 0.000000
v -0.048698 0.142614 0.000000
v -0.044255 0.145179 0.000000
v -0.057048 0.152565 -0.010000
v -0.057048 0.152565 0.000000
v -0.112000 -0.055000 -0.008000
v -0.113500 -0.057598 -0.008000
v -0.116500 -0.057598 -0.008000
v -0.118000 -0.055000 -0.008000
v -0.116500 -0.052402 -0.008000
v -0.113500 -0.052402 -0.008000
v -0.112000 -0.055000 0.000000
v -0.113500 -0.052402 0.000000
v -0.116500 -0.052402 0.000000
v -0.118000 -0.055000 0.000000
v -0.116500 -0.057598 0.000000
v -0.113500 -0.057598 0.000000
v -0.118000 -0.055000 0.000000
v -0.118000 -0.055000 -0.008000
v 0.035000 0.170000 -0.015000
v 0.034330 0.172500 -0.015000
v 0.032500 0.174330 -0.015000
v 0.030000 0.175000 -0.015000
v 0.030000 0.175000 0.000000
v 0.032500 0.174330 0.000000
v 0.034330 0.172500 0.000000
v 0.035000 0.170000 0.000000
v 0.030000 0.175000 0.000000
v 0.030000 0.175000 -0.015000
v -0.170000 0.175000 -0.015000
v -0.170000 0.175000 0.000000
v -0.046000 0.150000 -0.015000
v -0.047506 0.146873 -0.015000
v -0.050890 0.146100 -0.015000
v -0.053604 0.148264 -0.015000
v -0.053604 0.151736 -0.015000
v -0.050890 0.153900 -0.015000
v -0.047506 0.153127 -0.015000
v -0.046000 0.150000 -0.010000
v -0.047506 0.153127 -0.010000
v -0.050890 0.153900 -0.010000
v -0.053604 0.151736 -0.010000
v -0.053604 0.148264 -0.010000
v -0.050890 0.146100 -0.010000
v -0.047506 0.146873 -0.010000
v -0.053604 0.151736 -0.015000
v -0.053604 0.151736 -0.010000
v 0.018000 0.055000 -0.008000
v 0.016500 0.057598 -0.008000
v 0.013500 0.057598 -0.008000
v 0.012000 0.055000 -0.008000
v 0.013500 0.052402 -0.008000
v 0.016500 0.052402 -0.008000
v -0.142500 0.150000 -0.010000
v -0.144255 0.154821 -0.010000
v -0.148698 0.157386 -0.010000
v -0.153750 0.156495 -0.010000
v -0.157048 0.152565 -0.010000
v -0.157048 0.147435 -0.010000
v -0.153750 0.143505 -0.010000
v -0.148698 0.142614 -0.010000
v -0.144255 0.145179 -0.010000
v -0.146000 0.150000 -0.010000
v -0.147506 0.146873 -0.010000
v -0.150890 0.146100 -0.010000
v -0.153604 0.148264 -0.010000
v -0.153604 0.151736 -0.010000
v -0.150890 0.153900 -0.010000
v -0.147506 0.153127 -0.010000
v 0.018000 0.055000 -0.008000
v 0.016500 0.052402 -0.008000
v 0.013500 0.052402 -0.008000
v 0.012000 0.055000 -0.008000
v 0.013500 0.057598 -0.008000
v 0.016500 0.057598 -0.008000
v 0.018000 0.055000 0.000000
v 0.016500 0.057598 0.000000
v 0.013500 0.057598 0.000000
v 0.012000 0.055000 0.000000
v 0.013500 0.052402 0.000000
v 0.016500 0.052402 0.000000
v 0.012000 0.055000 -0.008000
v 0.012000 0.055000 0.000000
v 0.035000 0.170000 -0.015000
v 0.035000 0.170000 0.000000
v 0.035000 -0.170000 -0.000000
v 0.035000 -0.170000 -0.015000
v -0.142500 0.150000 -0.010000
v -0.144255 0.145179 -0.010000
v -0.148698 0.142614 -0.010000
v -0.153750 0.143505 -0.010000
v -0.157048 0.147435 -0.010000
v -0.157048 0.152565 -0.010000
v -0.153750 0.156495 -0.010000
v -0.148698 0.157386 -0.010000
v -0.144255 0.154821 -0.010000
v -0.142500 0.150000 0.000000
v -0.144255 0.154821 0.000000
v -0.148698 0.157386 0.000000
v -0.153750 0.156495 0.000000
v -0.157048 0.152565 0.000000
v -0.157048 0.147435 0.000000
v -0.153750 0.143505 0.000000
v -0.148698 0.142614 0.000000
v -0.144255 0.145179 0.000000
v -0.157048 0.152565 -0.010000
v -0.157048 0.152565 0.000000
v -0.012000 0.075000 -0.008000
v -0.013500 0.077598 -0.008000
v -0.016500 0.077598 -0.008000
v -0.018000 0.075000 -0.008000
v -0.016500 0.072402 -0.008000
v -0.013500 0.072402 -0.008000
v 0.030000 0.175000 -0.015000
v 0.032500 0.174330 -0.015000
v 0.034330 0.172500 -0.015000
v 0.035000 0.170000 -0.015000
v 0.035000 -0.170000 -0.015000
v 0.034330 -0.172500 -0.015000
v 0.032500 -0.174330 -0.015000
v 0.030000 -0.175000 -0.015000
v -0.170000 -0.175000 -0.015000
v -0.172500 -0.174330 -0.015000
v -0.174330 -0.172500 -0.015000
v -0.175000 -0.170000 -0.015000
v -0.175000 0.170000 -0.015000
v -0.174330 0.172500 -0.015000
v -0.172500 0.174330 -0.015000
v -0.170000 0.175000 -0.015000
v -0.146000 0.150000 -0.015000
v -0.147506 0.153127 -0.015000
v -0.150890 0.153900 -0.015000
v -0.153604 0.151736 -0.015000
v -0.153604 0.148264 -0.015000
v -0.150890 0.146100 -0.015000
v -0.147506 0.146873 -0.015000
v -0.046000 0.150000 -0.015000
v -0.047506 0.153127 -0.015000
v -0.050890 0.153900 -0.015000
v -0.053604 0.151736 -0.015000
v -0.053604 0.148264 -0.015000
v -0.050890 0.146100 -0.015000
v -0.047506 0.146873 -0.015000
v -0.146000 0.050000 -0.015000
v -0.147506 0.053127 -0.015000
v -0.150890 0.053900 -0.015000
v -0.153604 0.051736 -0.015000
v -0.153604 0.048264 -0.015000
v -0.150890 0.046100 -0.015000
v -0.147506 0.046873 -0.015000
v -0.046000 0.050000 -0.015000
v -0.047506 0.053127 -0.015000
v -0.050890 0.053900 -0.015000
v -0.053604 0.051736 -0.015000
v -0.053604 0.048264 -0.015000
v -0.050890 0.046100 -0.015000
v -0.047506 0.046873 -0.015000
v -0.146000 -0.050000 -0.015000
v -0.147506 -0.046873 -0.015000
v -0.150890 -0.046100 -0.015000
v -0.153604 -0.048264 -0.015000
v -0.153604 -0.051736 -0.015000
v -0.150890 -0.053900 -0.015000
v -0.147506 -0.053127 -0.015000
v -0.046000 -0.050000 -0.015000
v -0.047506 -0.046873 -0.015000
v -0.050890 -0.046100 -0.015000
v -0.053604 -0.048264 -0.015000
v -0.053604 -0.051736 -0.015000
v -0.050890 -0.053900 -0.015000
v -0.047506 -0.053127 -0.015000
v -0.146000 -0.150000 -0.015000
v -0.147506 -0.146873 -0.015000
v -0.150890 -0.146100 -0.015000
v -0.153604 -0.148264 -0.015000
v -0.153604 -0.151736 -0.015000
v -0.150890 -0.153900 -0.015000
v -0.147506 -0.153127 -0.015000
v -0.046000 -0.150000 -0.015000
v -0.047506 -0.146873 -0.015000
v -0.050890 -0.146100 -0.015000
v -0.053604 -0.148264 -0.015000
v -0.053604 -0.151736 -0.015000
v -0.050890 -0.153900 -0.015000
v -0.047506 -0.153127 -0.015000
v -0.146000 0.150000 -0.015000
v -0.147506 0.146873 -0.015000
v -0.150890 0.146100 -0.015000
v -0.153604 0.148264 -0.015000
v -0.153604 0.151736 -0.015000
v -0.150890 0.153900 -0.015000
v -0.147506 0.153127 -0.015000
v -0.146000 0.150000 -0.010000
v -0.147506 0.153127 -0.010000
v -0.150890 0.153900 -0.010000
v -0.153604 0.151736 -0.010000
v -0.153604 0.148264 -0.010000
v -0.150890 0.146100 -0.010000
v -0.147506 0.146873 -0.010000
v -0.153604 0.151736 -0.015000
v -0.153604 0.151736 -0.010000
v -0.012000 0.075000 -0.008000
v -0.013500 0.072402 -0.008000
v -0.016500 0.072402 -0.008000
v -0.018000 0.075000 -0.008000
v -0.016500 0.077598 -0.008000
v -0.013500 0.077598 -0.008000
v -0.012000 0.075000 0.000000
v -0.013500 0.077598 0.000000
v -0.016500 0.077598 0.000000
v -0.018000 0.075000 0.000000
v -0.016500 0.072402 0.000000
v -0.013500 0.072402 0.000000
v -0.018000 0.075000 -0.008000
v -0.018000 0.075000 0.000000
v -0.175000 -0.170000 -0.015000
v -0.174330 -0.172500 -0.015000
v -0.172500 -0.174330 -0.015000
v -0.170000 -0.175000 -0.015000
v -0.170000 -0.175000 -0.000000
v -0.172500 -0.174330 -0.000000
v -0.174330 -0.172500 -0.000000
v -0.175000 -0.170000 -0.000000
v 0.018000 0.075000 -0.008000
v 0.016500 0.077598 -0.008000
v 0.013500 0.077598 -0.008000
v 0.012000 0.075000 -0.008000
v 0.013500 0.072402 -0.008000
v 0.016500 0.072402 -0.008000
v -0.175000 0.170000 0.000000
v -0.175000 0.170000 -0.015000
v -0.175000 -0.170000 -0.015000
v -0.175000 -0.170000 -0.000000
v 0.018000 0.075000 -0.008000
v 0.016500 0.072402 -0.008000
v 0.013500 0.072402 -0.008000
v 0.012000 0.075000 -0.008000
v 0.013500 0.077598 -0.008000
v 0.016500 0.077598 -0.008000
v 0.018000 0.075000 0.000000
v 0.016500 0.077598 0.000000
v 0.013500 0.077598 0.000000
v 0.012000 0.075000 0.000000
v 0.013500 0.072402 0.000000
v 0.016500 0.072402 0.000000
v 0.012000 0.075000 -0.008000
v 0.012000 0.075000 0.000000
v -0.170000 0.175000 -0.015000
v -0.172500 0.174330 -0.015000
v -0.174330 0.172500 -0.015000
v -0.175000 0.170000 -0.015000
v -0.175000 0.170000 0.000000
v -0.174330 0.172500 0.000000
v -0.172500 0.174330 0.000000
v -0.170000 0.175000 0.000000
v -0.012000 0.055000 -0.008000
v -0.013500 0.057598 -0.008000
v -0.016500 0.057598 -0.008000
v -0.018000 0.055000 -0.008000
v -0.016500 0.052402 -0.008000
v -0.013500 0.052402 -0.008000
v 0.030000 -0.175000 -0.015000
v 0.030000 -0.175000 -0.000000
v -0.170000 -0.175000 -0.000000
v -0.170000 -0.175000 -0.015000
v -0.012000 0.055000 -0.008000
v -0.013500 0.052402 -0.008000
v -0.016500 0.052402 -0.008000
v -0.018000 0.055000 -0.008000
v -0.016500 0.057598 -0.008000
v -0.013500 0.057598 -0.008000
v -0.012000 0.055000 0.000000
v -0.013500 0.057598 0.000000
v -0.016500 0.057598 0.000000
v -0.018000 0.055000 0.000000
v -0.016500 0.052402 0.000000
v -0.013500 0.052402 0.000000
v -0.018000 0.055000 -0.008000
v -0.018000 0.055000 0.000000
v 0.030000 -0.175000 -0.015000
v 0.032500 -0.174330 -0.015000
v 0.034330 -0.172500 -0.015000
v 0.035000 -0.170000 -0.015000
v 0.035000 -0.170000 -0.000000
v 0.034330 -0.172500 -0.000000
v 0.032500 -0.174330 -0.000000
v 0.030000 -0.175000 -0.000000
v 0.018000 -0.055000 -0.008000
v 0.016500 -0.052402 -0.008000
v 0.013500 -0.052402 -0.008000
v 0.012000 -0.055000 -0.008000
v 0.013500 -0.057598 -0.008000
v 0.016500 -0.057598 -0.008000
v -0.012000 -0.055000 -0.000000
v -0.013500 -0.057598 -0.000000
v -0.016500 -0.057598 -0.000000
v -0.018000 -0.055000 -0.000000
v -0.016500 -0.052402 -0.000000
v -0.013500 -0.052402 -0.000000
v 0.018000 -0.075000 -0.000000
v 0.016500 -0.077598 -0.000000
v 0.013500 -0.077598 -0.000000
v 0.012000 -0.075000 -0.000000
v 0.013500 -0.072402 -0.000000
v 0.016500 -0.072402 -0.000000
v -0.012000 -0.075000 -0.000000
v -0.013500 -0.077598 -0.000000
v -0.016500 -0.077598 -0.000000
v -0.018000 -0.075000 -0.000000
v -0.016500 -0.072402 -0.000000
v -0.013500 -0.072402 -0.000000
v 0.018000 -0.055000 -0.000000
v 0.016500 -0.057598 -0.000000
v 0.013500 -0.057598 -0.000000
v 0.012000 -0.055000 -0.000000
v 0.013500 -0.052402 -0.000000
v 0.016500 -0.052402 -0.000000
v -0.012000 0.055000 0.000000
v -0.013500 0.052402 0.000000
v -0.016500 0.052402 0.000000
v -0.018000 0.055000 0.000000
v -0.016500 0.057598 0.000000
v -0.013500 0.057598 0.000000
v 0.018000 0.075000 0.000000
v 0.016500 0.072402 0.000000
v 0.013500 0.072402 0.000000
v 0.012000 0.075000 0.000000
v 0.013500 0.077598 0.000000
v 0.016500 0.077598 0.000000
v -0.012000 0.075000 0.000000
v -0.013500 0.072402 0.000000
v -0.016500 0.072402 0.000000
v -0.018000 0.075000 0.000000
v -0.016500 0.077598 0.000000
v -0.013500 0.077598 0.000000
v 0.018000 0.055000 0.000000
v 0.016500 0.052402 0.000000
v 0.013500 0.052402 0.000000
v 0.012000 0.055000 0.000000
v 0.013500 0.057598 0.000000
v 0.016500 0.057598 0.000000
v -0.112000 -0.055000 0.000000
v -0.113500 -0.057598 0.000000
v -0.116500 -0.057598 0.000000
v -0.118000 -0.055000 0.000000
v -0.116500 -0.052402 0.000000
v -0.113500 -0.052402 0.000000
v -0.082000 -0.075000 -0.000000
v -0.083500 -0.077598 -0.000000
v -0.086500 -0.077598 -0.000000
v -0.088000 -0.075000 -0.000000
v -0.086500 -0.072402 0.000000
v -0.083500 -0.072402 -0.000000
v -0.112000 -0.075000 0.000000
v -0.113500 -0.077598 0.000000
v -0.116500 -0.077598 0.000000
v -0.118000 -0.075000 0.000000
v -0.116500 -0.072402 0.000000
v -0.113500 -0.072402 0.000000
v -0.082000 -0.055000 0.000000
v -0.083500 -0.057598 0.000000
v -0.086500 -0.057598 0.000000
v -0.088000 -0.055000 0.000000
v -0.086500 -0.052402 0.000000
v -0.083500 -0.052402 0.000000
v -0.142500 0.150000 0.000000
v -0.144255 0.145179 0.000000
v -0.148698 0.142614 0.000000
v -0.153750 0.143505 0.000000
v -0.157048 0.147435 0.000000
v -0.157048 0.152565 0.000000
v -0.153750 0.156495 0.000000
v -0.148698 0.157386 0.000000
v -0.144255 0.154821 0.000000
v -0.042500 0.150000 0.000000
v -0.044255 0.145179 0.000000
v -0.048698 0.142614 0.000000
v -0.053750 0.143505 0.000000
v -0.057048 0.147435 0.000000
v -0.057048 0.152565 0.000000
v -0.053750 0.156495 0.000000
v -0.048698 0.157386 0.000000
v -0.044255 0.154821 0.000000
v -0.142500 0.050000 0.000000
v -0.144255 0.045179 0.000000
v -0.148698 0.042614 0.000000
v -0.153750 0.043505 0.000000
v -0.157048 0.047435 0.000000
v -0.157048 0.052565 0.000000
v -0.153750 0.056495 0.000000
v -0.148698 0.057386 0.000000
v -0.144255 0.054821 0.000000
v -0.042500 0.050000 0.000000
v -0.044255 0.045179 0.000000
v -0.048698 0.042614 0.000000
v -0.053750 0.043505 0.000000
v -0.057048 0.047435 0.000000
v -0.057048 0.052565 0.000000
v -0.053750 0.056495 0.000000
v -0.048698 0.057386 0.000000
v -0.044255 0.054821 0.000000
v -0.142500 -0.050000 0.000000
v -0.144255 -0.054821 0.000000
v -0.148698 -0.057386 0.000000
v -0.153750 -0.056495 0.000000
v -0.157048 -0.052565 0.000000
v -0.157048 -0.047435 0.000000
v -0.153750 -0.043505 0.000000
v -0.148698 -0.042614 0.000000
v -0.144255 -0.045179 0.000000
v -0.042500 -0.050000 -0.000000
v -0.044255 -0.054821 -0.000000
v -0.048698 -0.057386 -0.000000
v -0.053750 -0.056495 -0.000000
v -0.057048 -0.052565 -0.000000
v -0.057048 -0.047435 0.000000
v -0.053750 -0.043505 0.000000
v -0.048698 -0.042614 -0.000000
v -0.044255 -0.045179 -0.000000
v -0.142500 -0.150000 -0.000000
v -0.144255 -0.154821 -0.000000
v -0.148698 -0.157386 -0.000000
v -0.153750 -0.156495 -0.000000
v -0.157048 -0.152565 -0.000000
v -0.157048 -0.147435 -0.000000
v -0.153750 -0.143505 -0.000000
v -0.148698 -0.142614 -0.000000
v -0.144255 -0.145179 -0.000000
v 0.035000 0.170000 0.000000
v 0.034330 0.172500 0.000000
v 0.032500 0.174330 0.000000
v 0.030000 0.175000 0.000000
v -0.170000 0.175000 0.000000
v -0.172500 0.174330 0.000000
v -0.174330 0.172500 0.000000
v -0.175000 0.170000 0.000000
v -0.175000 -0.170000 -0.000000
v -0.174330 -0.172500 -0.000000
v -0.172500 -0.174330 -0.000000
v -0.170000 -0.175000 -0.000000
v 0.030000 -0.175000 -0.000000
v 0.032500 -0.174330 -0.000000
v 0.034330 -0.172500 -0.000000
v 0.035000 -0.170000 -0.000000
v -0.082000 0.055000 0.000000
v -0.083500 0.052402 0.000000
v -0.086500 0.052402 0.000000
v -0.088000 0.055000 0.000000
v -0.086500 0.057598 0.000000
v -0.083500 0.057598 0.000000
v -0.112000 0.075000 0.000000
v -0.113500 0.072402 0.000000
v -0.116500 0.072402 0.000000
v -0.118000 0.075000 0.000000
v -0.116500 0.077598 0.000000
v -0.113500 0.077598 0.000000
v -0.082000 0.075000 0.000000
v -0.083500 0.072402 0.000000
v -0.086500 0.072402 0.000000
v -0.088000 0.075000 0.000000
v -0.086500 0.077598 0.000000
v -0.083500 0.077598 0.000000
v -0.112000 0.055000 0.000000
v -0.113500 0.052402 0.000000
v -0.116500 0.052402 0.000000
v -0.118000 0.055000 0.000000
v -0.116500 0.057598 0.000000
v -0.113500 0.057598 0.000000
v -0.042500 -0.150000 -0.000000
v -0.044255 -0.154821 -0.000000
v -0.048698 -0.157386 -0.000000
v -0.053750 -0.156495 -0.000000
v -0.057048 -0.152565 -0.000000
v -0.057048 -0.147435 -0.000000
v -0.053750 -0.143505 -0.000000
v -0.048698 -0.142614 -0.000000
v -0.044255 -0.145179 -0.000000
v 0.018000 -0.055000 -0.008000
v 0.016500 -0.057598 -0.008000
v 0.013500 -0.057598 -0.008000
v 0.012000 -0.055000 -0.008000
v 0.013500 -0.052402 -0.008000
v 0.016500 -0.052402 -0.008000
v 0.018000 -0.055000 -0.000000
v 0.016500 -0.052402 -0.000000
v 0.013500 -0.052402 -0.000000
v 0.012000 -0.055000 -0.000000
v 0.013500 -0.057598 -0.000000
v 0.016500 -0.057598 -0.000000
v 0.012000 -0.055000 -0.000000
v 0.012000 -0.055000 -0.008000
v -0.012000 -0.075000 -0.008000
v -0.013500 -0.072402 -0.008000
v -0.016500 -0.072402 -0.008000
v -0.018000 -0.075000 -0.008000
v -0.016500 -0.077598 -0.008000
v -0.013500 -0.077598 -0.008000
v -0.012000 -0.075000 -0.008000
v -0.013500 -0.077598 -0.008000
v -0.016500 -0.077598 -0.008000
v -0.018000 -0.075000 -0.008000
v -0.016500 -0.072402 -0.008000
v -0.013500 -0.072402 -0.008000
v -0.012000 -0.075000 -0.000000
v -0.013500 -0.072402 -0.000000
v -0.016500 -0.072402 -0.000000
v -0.018000 -0.075000 -0.000000
v -0.016500 -0.077598 -0.000000
v -0.013500 -0.077598 -0.000000
v -0.018000 -0.075000 -0.000000
v -0.018000 -0.075000 -0.008000
v 0.018000 -0.075000 -0.008000
v 0.016500 -0.072402 -0.008000
v 0.013500 -0.072402 -0.008000
v 0.012000 -0.075000 -0.008000
v 0.013500 -0.077598 -0.008000
v 0.016500 -0.077598 -0.008000
v 0.018000 -0.075000 -0.008000
v 0.016500 -0.077598 -0.008000
v 0.013500 -0.077598 -0.008000
v 0.012000 -0.075000 -0.008000
v 0.013500 -0.072402 -0.008000
v 0.016500 -0.072402 -0.008000
v 0.018000 -0.075000 -0.000000
v 0.016500 -0.072402 -0.000000
v 0.013500 -0.072402 -0.000000
v 0.012000 -0.075000 -0.000000
v 0.013500 -0.077598 -0.000000
v 0.016500 -0.077598 -0.000000
v 0.012000 -0.075000 -0.000000
v 0.012000 -0.075000 -0.008000
v -0.012000 -0.055000 -0.008000
v -0.013500 -0.052402 -0.008000
v -0.016500 -0.052402 -0.008000
v -0.018000 -0.055000 -0.008000
v -0.016500 -0.057598 -0.008000
v -0.013500 -0.057598 -0.008000
v -0.012000 -0.055000 -0.008000
v -0.013500 -0.057598 -0.008000
v -0.016500 -0.057598 -0.008000
v -0.018000 -0.055000 -0.008000
v -0.016500 -0.052402 -0.008000
v -0.013500 -0.052402 -0.008000
v -0.012000 -0.055000 -0.000000
v -0.013500 -0.052402 -0.000000
v -0.016500 -0.052402 -0.000000
v -0.018000 -0.055000 -0.000000
v -0.016500 -0.057598 -0.000000
v -0.013500 -0.057598 -0.000000
v -0.018000 -0.055000 -0.000000
v -0.018000 -0.055000 -0.008000
f 2673 2665 2674
f 2674 2665 2666
f 2674 2666 2680
f 2680 2666 2667
f 2680 2667 2679
f 2679 2667 2668
f 2679 2668 2678
f 2678 2668 2669
f 2678 2669 2670
f 2678 2670 2677
f 2677 2670 2671
f 2677 2671 2676
f 2676 2671 2672
f 2676 2672 2675
f 2675 2672 2673
f 2675 2673 2674
f 2689 2681 2690
f 2690 2681 2682
f 2690 2682 2696
f 2696 2682 2683
f 2696 2683 2695
f 2695 2683 2684
f 2695 2684 2694
f 2694 2684 2685
f 2694 2685 2686
f 2694 2686 2693
f 2693 2686 2687
f 2693 2687 2692
f 2692 2687 2688
f 2692 2688 2691
f 2691 2688 2689
f 2691 2689 2690
f 2698 2706 2697
f 2697 2706 2707
f 2697 2707 2705
f 2705 2707 2708
f 2705 2708 2704
f 2704 2708 2709
f 2704 2709 2703
f 2703 2709 2716
f 2703 2716 2702
f 2715 2710 2711
f 2715 2711 2701
f 2701 2711 2712
f 2701 2712 2700
f 2700 2712 2713
f 2700 2713 2699
f 2699 2713 2714
f 2699 2714 2698
f 2698 2714 2706
f 2718 2724 2717
f 2717 2724 2725
f 2717 2725 2723
f 2723 2725 2726
f 2723 2726 2722
f 2722 2726 2732
f 2722 2732 2721
f 2731 2727 2728
f 2731 2728 2720
f 2720 2728 2729
f 2720 2729 2719
f 2719 2729 2730
f 2719 2730 2718
f 2718 2730 2724
f 2741 2733 2742
f 2742 2733 2734
f 2742 2734 2748
f 2748 2734 2735
f 2748 2735 2747
f 2747 2735 2736
f 2747 2736 2746
f 2746 2736 2737
f 2746 2737 2738
f 2746 2738 2745
f 2745 2738 2739
f 2745 2739 2744
f 2744 2739 2740
f 2744 2740 2743
f 2743 2740 2741
f 2743 2741 2742
f 2757 2749 2758
f 2758 2749 2750
f 2758 2750 2764
f 2764 2750 2751
f 2764 2751 2763
f 2763 2751 2752
f 2763 2752 2762
f 2762 2752 2753
f 2762 2753 2754
f 2762 2754 2761
f 2761 2754 2755
f 2761 2755 2760
f 2760 2755 2756
f 2760 2756 2759
f 2759 2756 2757
f 2759 2757 2758
f 2766 2774 2765
f 2765 2774 2775
f 2765 2775 2773
f 2773 2775 2776
f 2773 2776 2772
f 2772 2776 2777
f 2772 2777 2771
f 2771 2777 2784
f 2771 2784 2770
f 2783 2778 2779
f 2783 2779 2769
f 2769 2779 2780
f 2769 2780 2768
f 2768 2780 2781
f 2768 2781 2767
f 2767 2781 2782
f 2767 2782 2766
f 2766 2782 2774
f 2786 2792 2785
f 2785 2792 2793
f 2785 2793 2791
f 2791 2793 2794
f 2791 2794 2790
f 2790 2794 2800
f 2790 2800 2789
f 2799 2795 2796
f 2799 2796 2788
f 2788 2796 2797
f 2788 2797 2787
f 2787 2797 2798
f 2787 2798 2786
f 2786 2798 2792
f 2802 2803 2801
f 2801 2803 2804
f 2801 2804 2806
f 2806 2804 2805
f 2808 2816 2807
f 2807 2816 2817
f 2807 2817 2815
f 2815 2817 2818
f 2815 2818 2814
f 2814 2818 2819
f 2814 2819 2813
f 2813 2819 2826
f 2813 2826 2812
f 2825 2820 2821
f 2825 2821 2811
f 2811 2821 2822
f 2811 2822 2810
f 2810 2822 2823
f 2810 2823 2809
f 2809 2823 2824
f 2809 2824 2808
f 2808 2824 2816
f 2835 2827 2836
f 2836 2827 2828
f 2836 2828 2842
f 2842 2828 2829
f 2842 2829 2841
f 2841 2829 2830
f 2841 2830 2840
f 2840 2830 2831
f 2840 2831 2832
f 2840 2832 2839
f 2839 2832 2833
f 2839 2833 2838
f 2838 2833 2834
f 2838 2834 2837
f 2837 2834 2835
f 2837 2835 2836
f 2844 2852 2843
f 2843 2852 2853
f 2843 2853 2851
f 2851 2853 2854
f 2851 2854 2850
f 2850 2854 2855
f 2850 2855 2849
f 2849 2855 2862
f 2849 2862 2848
f 2861 2856 2857
f 2861 2857 2847
f 2847 2857 2858
f 2847 2858 2846
f 2846 2858 2859
f 2846 2859 2845
f 2845 2859 2860
f 2845 2860 2844
f 2844 2860 2852
f 2864 2870 2863
f 2863 2870 2871
f 2863 2871 2869
f 2869 2871 2872
f 2869 2872 2868
f 2868 2872 2878
f 2868 2878 2867
f 2877 2873 2874
f 2877 2874 2866
f 2866 2874 2875
f 2866 2875 2865
f 2865 2875 2876
f 2865 2876 2864
f 2864 2876 2870
f 2880 2881 2879
f 2879 2881 2882
f 2879 2882 2884
f 2884 2882 2883
f 2886 2896 2885
f 2885 2896 2891
f 2885 2891 2890
f 2890 2891 2892
f 2890 2892 2889
f 2889 2892 2893
f 2889 2893 2888
f 2888 2893 2898
f 2897 2894 2887
f 2887 2894 2895
f 2887 2895 2886
f 2886 2895 2896
f 2900 2901 2899
f 2899 2901 2902
f 2899 2902 2904
f 2904 2902 2903
f 2906 2914 2905
f 2905 2914 2915
f 2905 2915 2913
f 2913 2915 2916
f 2913 2916 2912
f 2912 2916 2917
f 2912 2917 2911
f 2911 2917 2924
f 2911 2924 2910
f 2923 2918 2919
f 2923 2919 2909
f 2909 2919 2920
f 2909 2920 2908
f 2908 2920 2921
f 2908 2921 2907
f 2907 2921 2922
f 2907 2922 2906
f 2906 2922 2914
f 2926 2932 2925
f 2925 2932 2933
f 2925 2933 2931
f 2931 2933 2934
f 2931 2934 2930
f 2930 2934 2940
f 2930 2940 2929
f 2939 2935 2936
f 2939 2936 2928
f 2928 2936 2937
f 2928 2937 2927
f 2927 2937 2938
f 2927 2938 2926
f 2926 2938 2932
f 2942 2943 2941
f 2941 2943 2944
f 2941 2944 2946
f 2946 2944 2945
f 2948 2958 2947
f 2947 2958 2953
f 2947 2953 2952
f 2952 2953 2954
f 2952 2954 2951
f 2951 2954 2955
f 2951 2955 2950
f 2950 2955 2960
f 2959 2956 2949
f 2949 2956 2957
f 2949 2957 2948
f 2948 2957 2958
f 2969 2961 2970
f 2970 2961 2962
f 2970 2962 2976
f 2976 2962 2963
f 2976 2963 2975
f 2975 2963 2964
f 2975 2964 2974
f 2974 2964 2965
f 2974 2965 2966
f 2974 2966 2973
f 2973 2966 2967
f 2973 2967 2972
f 2972 2967 2968
f 2972 2968 2971
f 2971 2968 2969
f 2971 2969 2970
f 2978 2979 2977
f 2977 2979 2980
f 2977 2980 2982
f 2982 2980 2981
f 2984 2994 2983
f 2983 2994 2989
f 2983 2989 2988
f 2988 2989 2990
f 2988 2990 2987
f 2987 2990 2991
f 2987 2991 2986
f 2986 2991 2995
f 2996 2992 2985
f 2985 2992 2993
f 2985 2993 2984
f 2984 2993 2994
f 2998 3004 2997
f 2997 3004 3005
f 2997 3005 3003
f 3003 3005 3006
f 3003 3006 3002
f 3002 3006 3012
f 3002 3012 3001
f 3011 3007 3008
f 3011 3008 3000
f 3000 3008 3009
f 3000 3009 2999
f 2999 3009 3010
f 2999 3010 2998
f 2998 3010 3004
f 3014 3015 3013
f 3013 3015 3016
f 3013 3016 3018
f 3018 3016 3017
f 3020 3030 3019
f 3019 3030 3025
f 3019 3025 3024
f 3024 3025 3026
f 3024 3026 3023
f 3023 3026 3027
f 3023 3027 3022
f 3022 3027 3032
f 3031 3028 3021
f 3021 3028 3029
f 3021 3029 3020
f 3020 3029 3030
f 3034 3042 3033
f 3033 3042 3043
f 3033 3043 3041
f 3041 3043 3044
f 3041 3044 3040
f 3040 3044 3045
f 3040 3045 3039
f 3039 3045 3052
f 3039 3052 3038
f 3051 3046 3047
f 3051 3047 3037
f 3037 3047 3048
f 3037 3048 3036
f 3036 3048 3049
f 3036 3049 3035
f 3035 3049 3050
f 3035 3050 3034
f 3034 3050 3042
f 3054 3064 3053
f 3053 3064 3059
f 3053 3059 3058
f 3058 3059 3060
f 3058 3060 3057
f 3057 3060 3061
f 3057 3061 3056
f 3056 3061 3065
f 3066 3062 3055
f 3055 3062 3063
f 3055 3063 3054
f 3054 3063 3064
f 3068 3069 3067
f 3067 3069 3070
f 3067 3070 3072
f 3072 3070 3071
f 3074 3084 3073
f 3073 3084 3079
f 3073 3079 3078
f 3078 3079 3080
f 3078 3080 3077
f 3077 3080 3081
f 3077 3081 3076
f 3076 3081 3086
f 3085 3082 3075
f 3075 3082 3083
f 3075 3083 3074
f 3074 3083 3084
f 3088 3094 3087
f 3087 3094 3095
f 3087 3095 3093
f 3093 3095 3096
f 3093 3096 3092
f 3092 3096 3102
f 3092 3102 3091
f 3101 3097 3098
f 3101 3098 3090
f 3090 3098 3099
f 3090 3099 3089
f 3089 3099 3100
f 3089 3100 3088
f 3088 3100 3094
f 3104 3114 3103
f 3103 3114 3109
f 3103 3109 3108
f 3108 3109 3110
f 3108 3110 3107
f 3107 3110 3111
f 3107 3111 3106
f 3106 3111 3115
f 3116 3112 3105
f 3105 3112 3113
f 3105 3113 3104
f 3104 3113 3114
f 3125 3117 3126
f 3126 3117 3118
f 3126 3118 3132
f 3132 3118 3119
f 3132 3119 3131
f 3131 3119 3120
f 3131 3120 3130
f 3130 3120 3121
f 3130 3121 3122
f 3130 3122 3129
f 3129 3122 3123
f 3129 3123 3128
f 3128 3123 3124
f 3128 3124 3127
f 3127 3124 3125
f 3127 3125 3126
f 3134 3135 3133
f 3133 3135 3136
f 3133 3136 3138
f 3138 3136 3137
f 3140 3148 3139
f 3139 3148 3149
f 3139 3149 3147
f 3147 3149 3150
f 3147 3150 3146
f 3146 3150 3151
f 3146 3151 3145
f 3145 3151 3158
f 3145 3158 3144
f 3157 3152 3153
f 3157 3153 3143
f 3143 3153 3154
f 3143 3154 3142
f 3142 3154 3155
f 3142 3155 3141
f 3141 3155 3156
f 3141 3156 3140
f 3140 3156 3148
f 3160 3170 3159
f 3159 3170 3165
f 3159 3165 3164
f 3164 3165 3166
f 3164 3166 3163
f 3163 3166 3167
f 3163 3167 3162
f 3162 3167 3171
f 3172 3168 3161
f 3161 3168 3169
f 3161 3169 3160
f 3160 3169 3170
f 3180 3173 3179
f 3179 3173 3174
f 3179 3174 3175
f 3176 3177 3175
f 3175 3177 3178
f 3175 3178 3179
f 3182 3183 3181
f 3181 3183 3184
f 3186 3192 3185
f 3185 3192 3193
f 3185 3193 3191
f 3191 3193 3194
f 3191 3194 3190
f 3190 3194 3200
f 3190 3200 3189
f 3199 3195 3196
f 3199 3196 3188
f 3188 3196 3197
f 3188 3197 3187
f 3187 3197 3198
f 3187 3198 3186
f 3186 3198 3192
f 3202 3203 3201
f 3201 3203 3204
f 3201 3204 3206
f 3206 3204 3205
f 3215 3207 3216
f 3216 3207 3208
f 3216 3208 3222
f 3222 3208 3209
f 3222 3209 3221
f 3221 3209 3210
f 3221 3210 3220
f 3220 3210 3211
f 3220 3211 3212
f 3220 3212 3219
f 3219 3212 3213
f 3219 3213 3218
f 3218 3213 3214
f 3218 3214 3217
f 3217 3214 3215
f 3217 3215 3216
f 3224 3234 3223
f 3223 3234 3229
f 3223 3229 3228
f 3228 3229 3230
f 3228 3230 3227
f 3227 3230 3231
f 3227 3231 3226
f 3226 3231 3236
f 3235 3232 3225
f 3225 3232 3233
f 3225 3233 3224
f 3224 3233 3234
f 3238 3239 3237
f 3237 3239 3240
f 3242 3250 3241
f 3241 3250 3251
f 3241 3251 3249
f 3249 3251 3252
f 3249 3252 3248
f 3248 3252 3253
f 3248 3253 3247
f 3247 3253 3260
f 3247 3260 3246
f 3259 3254 3255
f 3259 3255 3245
f 3245 3255 3256
f 3245 3256 3244
f 3244 3256 3257
f 3244 3257 3243
f 3243 3257 3258
f 3243 3258 3242
f 3242 3258 3250
f 3262 3263 3261
f 3261 3263 3264
f 3261 3264 3266
f 3266 3264 3265
f 3268 3270 3267
f 3267 3270 3304
f 3267 3304 3290
f 3290 3304 3296
f 3296 3304 3305
f 3296 3305 3295
f 3295 3305 3306
f 3295 3306 3307
f 3268 3269 3270
f 3270 3271 3304
f 3304 3271 3318
f 3304 3318 3319
f 3272 3273 3271
f 3271 3273 3274
f 3271 3274 3318
f 3318 3274 3332
f 3318 3332 3333
f 3275 3337 3274
f 3274 3337 3338
f 3274 3338 3332
f 3276 3278 3275
f 3275 3278 3329
f 3275 3329 3330
f 3276 3277 3278
f 3279 3301 3278
f 3278 3301 3314
f 3278 3314 3315
f 3280 3281 3279
f 3279 3281 3282
f 3279 3282 3286
f 3286 3282 3285
f 3285 3282 3284
f 3284 3282 3292
f 3284 3292 3293
f 3282 3267 3292
f 3292 3267 3291
f 3291 3267 3290
f 3284 3293 3283
f 3283 3293 3294
f 3283 3294 3307
f 3307 3294 3295
f 3286 3287 3279
f 3279 3287 3300
f 3279 3300 3301
f 3287 3288 3300
f 3300 3288 3299
f 3299 3288 3298
f 3298 3288 3289
f 3298 3289 3297
f 3297 3289 3283
f 3297 3283 3307
f 3301 3302 3314
f 3314 3302 3313
f 3313 3302 3312
f 3312 3302 3303
f 3312 3303 3311
f 3311 3303 3297
f 3311 3297 3321
f 3321 3297 3308
f 3321 3308 3309
f 3307 3308 3297
f 3310 3319 3309
f 3309 3319 3320
f 3309 3320 3321
f 3310 3304 3319
f 3278 3315 3328
f 3328 3315 3316
f 3328 3316 3327
f 3327 3316 3326
f 3326 3316 3317
f 3326 3317 3325
f 3325 3317 3311
f 3325 3311 3335
f 3335 3311 3322
f 3335 3322 3323
f 3321 3322 3311
f 3324 3333 3323
f 3323 3333 3334
f 3323 3334 3335
f 3324 3318 3333
f 3328 3329 3278
f 3330 3331 3275
f 3275 3331 3337
f 3337 3331 3336
f 3336 3331 3325
f 3336 3325 3335
f 3340 3346 3339
f 3339 3346 3347
f 3339 3347 3345
f 3345 3347 3348
f 3345 3348 3344
f 3344 3348 3354
f 3344 3354 3343
f 3353 3349 3350
f 3353 3350 3342
f 3342 3350 3351
f 3342 3351 3341
f 3341 3351 3352
f 3341 3352 3340
f 3340 3352 3346
f 3356 3366 3355
f 3355 3366 3361
f 3355 3361 3360
f 3360 3361 3362
f 3360 3362 3359
f 3359 3362 3363
f 3359 3363 3358
f 3358 3363 3368
f 3367 3364 3357
f 3357 3364 3365
f 3357 3365 3356
f 3356 3365 3366
f 3376 3369 3375
f 3375 3369 3370
f 3375 3370 3371
f 3372 3373 3371
f 3371 3373 3374
f 3371 3374 3375
f 3378 3379 3377
f 3377 3379 3380
f 3377 3380 3382
f 3382 3380 3381
f 3384 3385 3383
f 3383 3385 3386
f 3388 3398 3387
f 3387 3398 3393
f 3387 3393 3392
f 3392 3393 3394
f 3392 3394 3391
f 3391 3394 3395
f 3391 3395 3390
f 3390 3395 3400
f 3399 3396 3389
f 3389 3396 3397
f 3389 3397 3388
f 3388 3397 3398
f 3408 3401 3407
f 3407 3401 3402
f 3407 3402 3403
f 3404 3405 3403
f 3403 3405 3406
f 3403 3406 3407
f 3410 3411 3409
f 3409 3411 3412
f 3409 3412 3414
f 3414 3412 3413
f 3416 3417 3415
f 3415 3417 3418
f 3420 3430 3419
f 3419 3430 3425
f 3419 3425 3424
f 3424 3425 3426
f 3424 3426 3423
f 3423 3426 3427
f 3423 3427 3422
f 3422 3427 3432
f 3431 3428 3421
f 3421 3428 3429
f 3421 3429 3420
f 3420 3429 3430
f 3440 3433 3439
f 3439 3433 3434
f 3439 3434 3435
f 3436 3437 3435
f 3435 3437 3438
f 3435 3438 3439
f 3442 3443 3441
f 3441 3443 3444
f 3441 3444 3446
f 3446 3444 3445
f 3448 3459 3447
f 3447 3459 3456
f 3447 3456 3468
f 3468 3456 3467
f 3467 3456 3457
f 3467 3457 3458
f 3459 3448 3464
f 3464 3448 3449
f 3464 3449 3463
f 3463 3449 3462
f 3462 3449 3450
f 3462 3450 3565
f 3565 3450 3564
f 3564 3450 3451
f 3564 3451 3572
f 3572 3451 3547
f 3572 3547 3571
f 3571 3547 3548
f 3571 3548 3570
f 3570 3548 3549
f 3570 3549 3518
f 3518 3549 3599
f 3518 3599 3517
f 3517 3599 3600
f 3517 3600 3617
f 3617 3600 3616
f 3616 3600 3601
f 3616 3601 3604
f 3604 3601 3613
f 3604 3613 3609
f 3609 3613 3614
f 3609 3614 3519
f 3519 3614 3532
f 3519 3532 3533
f 3547 3451 3473
f 3473 3451 3452
f 3473 3452 3472
f 3472 3452 3469
f 3472 3469 3491
f 3491 3469 3470
f 3491 3470 3490
f 3490 3470 3465
f 3490 3465 3489
f 3489 3465 3597
f 3489 3597 3582
f 3469 3452 3468
f 3468 3452 3447
f 3454 3597 3453
f 3453 3597 3465
f 3453 3465 3466
f 3597 3454 3594
f 3594 3454 3455
f 3594 3455 3460
f 3460 3455 3459
f 3459 3455 3456
f 3467 3458 3466
f 3466 3458 3453
f 3594 3460 3622
f 3622 3460 3461
f 3622 3461 3630
f 3630 3461 3462
f 3630 3462 3629
f 3629 3462 3566
f 3629 3566 3567
f 3472 3491 3471
f 3471 3491 3492
f 3471 3492 3483
f 3483 3492 3480
f 3483 3480 3488
f 3488 3480 3481
f 3488 3481 3585
f 3585 3481 3482
f 3585 3482 3582
f 3582 3482 3477
f 3582 3477 3489
f 3489 3477 3478
f 3489 3478 3494
f 3494 3478 3479
f 3494 3479 3493
f 3493 3479 3492
f 3492 3479 3480
f 3547 3473 3546
f 3546 3473 3474
f 3546 3474 3554
f 3554 3474 3486
f 3554 3486 3553
f 3553 3486 3530
f 3553 3530 3531
f 3486 3474 3485
f 3485 3474 3475
f 3485 3475 3476
f 3485 3476 3484
f 3484 3476 3471
f 3484 3471 3483
f 3530 3486 3529
f 3529 3486 3487
f 3529 3487 3528
f 3528 3487 3488
f 3528 3488 3585
f 3496 3507 3495
f 3495 3507 3504
f 3495 3504 3516
f 3516 3504 3515
f 3515 3504 3505
f 3515 3505 3506
f 3507 3496 3512
f 3512 3496 3497
f 3512 3497 3511
f 3511 3497 3510
f 3510 3497 3498
f 3510 3498 3556
f 3556 3498 3555
f 3555 3498 3499
f 3555 3499 3563
f 3563 3499 3538
f 3563 3538 3539
f 3538 3499 3618
f 3618 3499 3500
f 3618 3500 3617
f 3617 3500 3517
f 3517 3500 3516
f 3516 3500 3495
f 3502 3628 3501
f 3501 3628 3567
f 3501 3567 3568
f 3628 3502 3627
f 3627 3502 3503
f 3627 3503 3573
f 3573 3503 3508
f 3573 3508 3509
f 3508 3503 3507
f 3507 3503 3504
f 3515 3506 3514
f 3514 3506 3501
f 3514 3501 3513
f 3513 3501 3568
f 3513 3568 3569
f 3573 3509 3581
f 3581 3509 3510
f 3581 3510 3580
f 3580 3510 3557
f 3580 3557 3579
f 3579 3557 3558
f 3579 3558 3578
f 3578 3558 3559
f 3578 3559 3590
f 3590 3559 3560
f 3590 3560 3541
f 3541 3560 3540
f 3540 3560 3561
f 3540 3561 3539
f 3539 3561 3562
f 3539 3562 3563
f 3570 3518 3569
f 3569 3518 3513
f 3609 3519 3608
f 3608 3519 3520
f 3608 3520 3607
f 3607 3520 3521
f 3607 3521 3544
f 3544 3521 3543
f 3543 3521 3522
f 3543 3522 3542
f 3542 3522 3523
f 3542 3523 3589
f 3589 3523 3524
f 3589 3524 3586
f 3586 3524 3525
f 3586 3525 3526
f 3526 3527 3586
f 3586 3527 3534
f 3586 3534 3535
f 3534 3527 3533
f 3533 3527 3519
f 3532 3615 3531
f 3531 3615 3610
f 3531 3610 3552
f 3552 3610 3551
f 3551 3610 3598
f 3551 3598 3550
f 3550 3598 3599
f 3550 3599 3549
f 3586 3535 3585
f 3585 3535 3536
f 3585 3536 3528
f 3538 3618 3537
f 3537 3618 3619
f 3537 3619 3545
f 3545 3619 3607
f 3545 3607 3544
f 3590 3541 3589
f 3589 3541 3542
f 3552 3553 3531
f 3556 3557 3510
f 3565 3566 3462
f 3627 3573 3626
f 3626 3573 3574
f 3626 3574 3625
f 3625 3574 3593
f 3625 3593 3624
f 3624 3593 3594
f 3624 3594 3623
f 3623 3594 3622
f 3574 3575 3593
f 3593 3575 3576
f 3593 3576 3577
f 3593 3577 3590
f 3590 3577 3578
f 3583 3584 3582
f 3582 3584 3585
f 3586 3587 3589
f 3589 3587 3588
f 3591 3592 3590
f 3590 3592 3593
f 3594 3595 3597
f 3597 3595 3596
f 3613 3601 3612
f 3612 3601 3602
f 3612 3602 3603
f 3612 3603 3611
f 3611 3603 3598
f 3611 3598 3610
f 3604 3605 3616
f 3616 3605 3621
f 3621 3605 3606
f 3621 3606 3620
f 3620 3606 3607
f 3620 3607 3619
f 3614 3615 3532
f 3628 3629 3567
f 3632 3642 3631
f 3631 3642 3637
f 3631 3637 3636
f 3636 3637 3638
f 3636 3638 3635
f 3635 3638 3639
f 3635 3639 3634
f 3634 3639 3643
f 3644 3640 3633
f 3633 3640 3641
f 3633 3641 3632
f 3632 3641 3642
f 3646 3647 3645
f 3645 3647 3648
f 3645 3648 3650
f 3650 3648 3649
f 3652 3662 3651
f 3651 3662 3657
f 3651 3657 3656
f 3656 3657 3658
f 3656 3658 3655
f 3655 3658 3659
f 3655 3659 3654
f 3654 3659 3663
f 3664 3660 3653
f 3653 3660 3661
f 3653 3661 3652
f 3652 3661 3662
f 3666 3667 3665
f 3665 3667 3668
f 3665 3668 3670
f 3670 3668 3669
f 3672 3682 3671
f 3671 3682 3677
f 3671 3677 3676
f 3676 3677 3678
f 3676 3678 3675
f 3675 3678 3679
f 3675 3679 3674
f 3674 3679 3683
f 3684 3680 3673
f 3673 3680 3681
f 3673 3681 3672
f 3672 3681 3682
f 3686 3687 3685
f 3685 3687 3688
f 3685 3688 3690
f 3690 3688 3689
f 3692 3702 3691
f 3691 3702 3697
f 3691 3697 3696
f 3696 3697 3698
f 3696 3698 3695
f 3695 3698 3699
f 3695 3699 3694
f 3694 3699 3703
f 3704 3700 3693
f 3693 3700 3701
f 3693 3701 3692
f 3692 3701 3702
o pad_c
v 0.116000 0.015000 -0.005000
v 0.117506 0.018127 -0.005000
v 0.120890 0.018900 -0.005000
v 0.123604 0.016736 -0.005000
v 0.123604 0.013264 -0.005000
v 0.120890 0.011100 -0.005000
v 0.117506 0.011873 -0.005000
v 0.124000 0.015000 -0.000000
v 0.122494 0.018127 -0.000000
v 0.119110 0.018900 -0.000000
v 0.116396 0.016736 -0.000000
v 0.116396 0.013264 -0.000000
v 0.119110 0.011100 -0.000000
v 0.122494 0.011873 -0.000000
v 0.123604 0.016736 -0.005000
v 0.124000 0.015000 -0.000000
v 0.146000 -0.015000 -0.005000
v 0.147506 -0.011873 -0.005000
v 0.150890 -0.011100 -0.005000
v 0.153604 -0.013264 -0.005000
v 0.153604 -0.016736 -0.005000
v 0.150890 -0.018900 -0.005000
v 0.147506 -0.018127 -0.005000
v 0.154000 -0.015000 -0.000000
v 0.152494 -0.011873 -0.000000
v 0.149110 -0.011100 -0.000000
v 0.146396 -0.013264 -0.000000
v 0.146396 -0.016736 -0.000000
v 0.149110 -0.018900 -0.000000
v 0.152494 -0.018127 -0.000000
v 0.153604 -0.013264 -0.005000
v 0.154000 -0.015000 -0.000000
v 0.116000 -0.015000 -0.005000
v 0.117506 -0.011873 -0.005000
v 0.120890 -0.011100 -0.005000
v 0.123604 -0.013264 -0.005000
v 0.123604 -0.016736 -0.005000
v 0.120890 -0.018900 -0.005000
v 0.117506 -0.018127 -0.005000
v 0.124000 -0.015000 -0.000000
v 0.122494 -0.011873 -0.000000
v 0.119110 -0.011100 -0.000000
v 0.116396 -0.013264 -0.000000
v 0.116396 -0.016736 -0.000000
v 0.119110 -0.018900 -0.000000
v 0.122494 -0.018127 -0.000000
v 0.123604 -0.013264 -0.005000
v 0.124000 -0.015000 -0.000000
v 0.154000 -0.050000 -0.010000
v 0.152494 -0.046873 -0.010000
v 0.149110 -0.046100 -0.010000
v 0.146396 -0.048264 -0.010000
v 0.146396 -0.051736 -0.010000
v 0.149110 -0.053900 -0.010000
v 0.152494 -0.053127 -0.010000
v 0.154000 -0.050000 -0.015000
v 0.152494 -0.053127 -0.015000
v 0.149110 -0.053900 -0.015000
v 0.146396 -0.051736 -0.015000
v 0.146396 -0.048264 -0.015000
v 0.149110 -0.046100 -0.015000
v 0.152494 -0.046873 -0.015000
v 0.154000 -0.050000 -0.010000
v 0.154000 -0.050000 -0.015000
v 0.057500 -0.050000 -0.010000
v 0.055745 -0.045179 -0.010000
v 0.051302 -0.042614 -0.010000
v 0.046250 -0.043505 -0.010000
v 0.042952 -0.047435 -0.010000
v 0.042952 -0.052565 -0.010000
v 0.046250 -0.056495 -0.010000
v 0.051302 -0.057386 -0.010000
v 0.055745 -0.054821 -0.010000
v 0.054000 -0.050000 -0.010000
v 0.052494 -0.053127 -0.010000
v 0.049110 -0.053900 -0.010000
v 0.046396 -0.051736 -0.010000
v 0.046396 -0.048264 -0.010000
v 0.049110 -0.046100 -0.010000
v 0.052494 -0.046873 -0.010000
v 0.146000 0.015000 -0.005000
v 0.147506 0.018127 -0.005000
v 0.150890 0.018900 -0.005000
v 0.153604 0.016736 -0.005000
v 0.153604 0.013264 -0.005000
v 0.150890 0.011100 -0.005000
v 0.147506 0.011873 -0.005000
v 0.154000 0.015000 -0.000000
v 0.152494 0.018127 -0.000000
v 0.149110 0.018900 -0.000000
v 0.146396 0.016736 -0.000000
v 0.146396 0.013264 -0.000000
v 0.149110 0.011100 -0.000000
v 0.152494 0.011873 -0.000000
v 0.153604 0.016736 -0.005000
v 0.154000 0.015000 -0.000000
v 0.142500 0.015000 -0.005000
v 0.144255 0.019821 -0.005000
v 0.148698 0.022386 -0.005000
v 0.153750 0.021495 -0.005000
v 0.157048 0.017565 -0.005000
v 0.157048 0.012435 -0.005000
v 0.153750 0.008505 -0.005000
v 0.148698 0.007614 -0.005000
v 0.144255 0.010179 -0.005000
v 0.146000 0.015000 -0.005000
v 0.147506 0.011873 -0.005000
v 0.150890 0.011100 -0.005000
v 0.153604 0.013264 -0.005000
v 0.153604 0.016736 -0.005000
v 0.150890 0.018900 -0.005000
v 0.147506 0.018127 -0.005000
v 0.054000 -0.050000 -0.010000
v 0.052494 -0.046873 -0.010000
v 0.049110 -0.046100 -0.010000
v 0.046396 -0.048264 -0.010000
v 0.046396 -0.051736 -0.010000
v 0.049110 -0.053900 -0.010000
v 0.052494 -0.053127 -0.010000
v 0.054000 -0.050000 -0.015000
v 0.052494 -0.053127 -0.015000
v 0.049110 -0.053900 -0.015000
v 0.046396 -0.051736 -0.015000
v 0.046396 -0.048264 -0.015000
v 0.049110 -0.046100 -0.015000
v 0.052494 -0.046873 -0.015000
v 0.054000 -0.050000 -0.010000
v 0.054000 -0.050000 -0.015000
v 0.154000 0.050000 -0.010000
v 0.152494 0.053127 -0.010000
v 0.149110 0.053900 -0.010000
v 0.146396 0.051736 -0.010000
v 0.146396 0.048264 -0.010000
v 0.149110 0.046100 -0.010000
v 0.152494 0.046873 -0.010000
v 0.154000 0.050000 -0.015000
v 0.152494 0.046873 -0.015000
v 0.149110 0.046100 -0.015000
v 0.146396 0.048264 -0.015000
v 0.146396 0.051736 -0.015000
v 0.149110 0.053900 -0.015000
v 0.152494 0.053127 -0.015000
v 0.154000 0.050000 -0.010000
v 0.154000 0.050000 -0.015000
v 0.157500 -0.050000 -0.010000
v 0.155745 -0.045179 -0.010000
v 0.151302 -0.042614 -0.010000
v 0.146250 -0.043505 -0.010000
v 0.142952 -0.047435 -0.010000
v 0.142952 -0.052565 -0.010000
v 0.146250 -0.056495 -0.010000
v 0.151302 -0.057386 -0.010000
v 0.155745 -0.054821 -0.010000
v 0.154000 -0.050000 -0.010000
v 0.152494 -0.053127 -0.010000
v 0.149110 -0.053900 -0.010000
v 0.146396 -0.051736 -0.010000
v 0.146396 -0.048264 -0.010000
v 0.149110 -0.046100 -0.010000
v 0.152494 -0.046873 -0.010000
v 0.057500 -0.050000 -0.010000
v 0.055745 -0.054821 -0.010000
v 0.051302 -0.057386 -0.010000
v 0.046250 -0.056495 -0.010000
v 0.042952 -0.052565 -0.010000
v 0.042952 -0.047435 -0.010000
v 0.046250 -0.043505 -0.010000
v 0.051302 -0.042614 -0.010000
v 0.055745 -0.045179 -0.010000
v 0.057500 -0.050000 -0.000000
v 0.055745 -0.045179 -0.000000
v 0.051302 -0.042614 -0.000000
v 0.046250 -0.043505 -0.000000
v 0.042952 -0.047435 -0.000000
v 0.042952 -0.052565 -0.000000
v 0.046250 -0.056495 -0.000000
v 0.051302 -0.057386 -0.000000
v 0.055745 -0.054821 -0.000000
v 0.042952 -0.047435 -0.010000
v 0.042952 -0.047435 -0.000000
v 0.112500 0.015000 -0.005000
v 0.114255 0.019821 -0.005000
v 0.118698 0.022386 -0.005000
v 0.123750 0.021495 -0.005000
v 0.127048 0.017565 -0.005000
v 0.127048 0.012435 -0.005000
v 0.123750 0.008505 -0.005000
v 0.118698 0.007614 -0.005000
v 0.114255 0.010179 -0.005000
v 0.116000 0.015000 -0.005000
v 0.117506 0.011873 -0.005000
v 0.120890 0.011100 -0.005000
v 0.123604 0.013264 -0.005000
v 0.123604 0.016736 -0.005000
v 0.120890 0.018900 -0.005000
v 0.117506 0.018127 -0.005000
v 0.142500 0.015000 -0.005000
v 0.144255 0.010179 -0.005000
v 0.148698 0.007614 -0.005000
v 0.153750 0.008505 -0.005000
v 0.157048 0.012435 -0.005000
v 0.157048 0.017565 -0.005000
v 0.153750 0.021495 -0.005000
v 0.148698 0.022386 -0.005000
v 0.144255 0.019821 -0.005000
v 0.142500 0.015000 -0.015000
v 0.144255 0.019821 -0.015000
v 0.148698 0.022386 -0.015000
v 0.153750 0.021495 -0.015000
v 0.157048 0.017565 -0.015000
v 0.157048 0.012435 -0.015000
v 0.153750 0.008505 -0.015000
v 0.148698 0.007614 -0.015000
v 0.144255 0.010179 -0.015000
v 0.157048 0.017565 -0.005000
v 0.157048 0.017565 -0.015000
v 0.054000 0.050000 -0.010000
v 0.052494 0.053127 -0.010000
v 0.049110 0.053900 -0.010000
v 0.046396 0.051736 -0.010000
v 0.046396 0.048264 -0.010000
v 0.049110 0.046100 -0.010000
v 0.052494 0.046873 -0.010000
v 0.054000 0.050000 -0.015000
v 0.052494 0.046873 -0.015000
v 0.049110 0.046100 -0.015000
v 0.046396 0.048264 -0.015000
v 0.046396 0.051736 -0.015000
v 0.049110 0.053900 -0.015000
v 0.052494 0.053127 -0.015000
v 0.054000 0.050000 -0.010000
v 0.054000 0.050000 -0.015000
v 0.057500 0.050000 -0.010000
v 0.055745 0.054821 -0.010000
v 0.051302 0.057386 -0.010000
v 0.046250 0.056495 -0.010000
v 0.042952 0.052565 -0.010000
v 0.042952 0.047435 -0.010000
v 0.046250 0.043505 -0.010000
v 0.051302 0.042614 -0.010000
v 0.055745 0.045179 -0.010000
v 0.054000 0.050000 -0.010000
v 0.052494 0.046873 -0.010000
v 0.049110 0.046100 -0.010000
v 0.046396 0.048264 -0.010000
v 0.046396 0.051736 -0.010000
v 0.049110 0.053900 -0.010000
v 0.052494 0.053127 -0.010000
v 0.157500 -0.050000 -0.010000
v 0.155745 -0.054821 -0.010000
v 0.151302 -0.057386 -0.010000
v 0.146250 -0.056495 -0.010000
v 0.142952 -0.052565 -0.010000
v 0.142952 -0.047435 -0.010000
v 0.146250 -0.043505 -0.010000
v 0.151302 -0.042614 -0.010000
v 0.155745 -0.045179 -0.010000
v 0.157500 -0.050000 -0.000000
v 0.155745 -0.045179 -0.000000
v 0.151302 -0.042614 -0.000000
v 0.146250 -0.043505 -0.000000
v 0.142952 -0.047435 -0.000000
v 0.142952 -0.052565 -0.000000
v 0.146250 -0.056495 -0.000000
v 0.151302 -0.057386 -0.000000
v 0.155745 -0.054821 -0.000000
v 0.142952 -0.047435 -0.010000
v 0.142952 -0.047435 -0.000000
v 0.142500 -0.015000 -0.005000
v 0.144255 -0.010179 -0.005000
v 0.148698 -0.007614 -0.005000
v 0.153750 -0.008505 -0.005000
v 0.157048 -0.012435 -0.005000
v 0.157048 -0.017565 -0.005000
v 0.153750 -0.021495 -0.005000
v 0.148698 -0.022386 -0.005000
v 0.144255 -0.019821 -0.005000
v 0.146000 -0.015000 -0.005000
v 0.147506 -0.018127 -0.005000
v 0.150890 -0.018900 -0.005000
v 0.153604 -0.016736 -0.005000
v 0.153604 -0.013264 -0.005000
v 0.150890 -0.011100 -0.005000
v 0.147506 -0.011873 -0.005000
v 0.112500 0.015000 -0.005000
v 0.114255 0.010179 -0.005000
v 0.118698 0.007614 -0.005000
v 0.123750 0.008505 -0.005000
v 0.127048 0.012435 -0.005000
v 0.127048 0.017565 -0.005000
v 0.123750 0.021495 -0.005000
v 0.118698 0.022386 -0.005000
v 0.114255 0.019821 -0.005000
v 0.112500 0.015000 -0.015000
v 0.114255 0.019821 -0.015000
v 0.118698 0.022386 -0.015000
v 0.123750 0.021495 -0.015000
v 0.127048 0.017565 -0.015000
v 0.127048 0.012435 -0.015000
v 0.123750 0.008505 -0.015000
v 0.118698 0.007614 -0.015000
v 0.114255 0.010179 -0.015000
v 0.127048 0.017565 -0.005000
v 0.127048 0.017565 -0.015000
v 0.157500 0.050000 -0.010000
v 0.155745 0.054821 -0.010000
v 0.151302 0.057386 -0.010000
v 0.146250 0.056495 -0.010000
v 0.142952 0.052565 -0.010000
v 0.142952 0.047435 -0.010000
v 0.146250 0.043505 -0.010000
v 0.151302 0.042614 -0.010000
v 0.155745 0.045179 -0.010000
v 0.154000 0.050000 -0.010000
v 0.152494 0.046873 -0.010000
v 0.149110 0.046100 -0.010000
v 0.146396 0.048264 -0.010000
v 0.146396 0.051736 -0.010000
v 0.149110 0.053900 -0.010000
v 0.152494 0.053127 -0.010000
v 0.057500 0.050000 -0.010000
v 0.055745 0.045179 -0.010000
v 0.051302 0.042614 -0.010000
v 0.046250 0.043505 -0.010000
v 0.042952 0.047435 -0.010000
v 0.042952 0.052565 -0.010000
v 0.046250 0.056495 -0.010000
v 0.051302 0.057386 -0.010000
v 0.055745 0.054821 -0.010000
v 0.057500 0.050000 -0.000000
v 0.055745 0.054821 -0.000000
v 0.051302 0.057386 -0.000000
v 0.046250 0.056495 -0.000000
v 0.042952 0.052565 -0.000000
v 0.042952 0.047435 -0.000000
v 0.046250 0.043505 -0.000000
v 0.051302 0.042614 -0.000000
v 0.055745 0.045179 -0.000000
v 0.042952 0.052565 -0.010000
v 0.042952 0.052565 -0.000000
v 0.142500 -0.015000 -0.005000
v 0.144255 -0.019821 -0.005000
v 0.148698 -0.022386 -0.005000
v 0.153750 -0.021495 -0.005000
v 0.157048 -0.017565 -0.005000
v 0.157048 -0.012435 -0.005000
v 0.153750 -0.008505 -0.005000
v 0.148698 -0.007614 -0.005000
v 0.144255 -0.010179 -0.005000
v 0.142500 -0.015000 -0.015000
v 0.144255 -0.010179 -0.015000
v 0.148698 -0.007614 -0.015000
v 0.153750 -0.008505 -0.015000
v 0.157048 -0.012435 -0.015000
v 0.157048 -0.017565 -0.015000
v 0.153750 -0.021495 -0.015000
v 0.148698 -0.022386 -0.015000
v 0.144255 -0.019821 -0.015000
v 0.157048 -0.012435 -0.005000
v 0.157048 -0.012435 -0.015000
v 0.112500 -0.015000 -0.005000
v 0.114255 -0.010179 -0.005000
v 0.118698 -0.007614 -0.005000
v 0.123750 -0.008505 -0.005000
v 0.127048 -0.012435 -0.005000
v 0.127048 -0.017565 -0.005000
v 0.123750 -0.021495 -0.005000
v 0.118698 -0.022386 -0.005000
v 0.114255 -0.019821 -0.005000
v 0.116000 -0.015000 -0.005000
v 0.117506 -0.018127 -0.005000
v 0.120890 -0.018900 -0.005000
v 0.123604 -0.016736 -0.005000
v 0.123604 -0.013264 -0.005000
v 0.120890 -0.011100 -0.005000
v 0.117506 -0.011873 -0.005000
v 0.157500 0.050000 -0.010000
v 0.155745 0.045179 -0.010000
v 0.151302 0.042614 -0.010000
v 0.146250 0.043505 -0.010000
v 0.142952 0.047435 -0.010000
v 0.142952 0.052565 -0.010000
v 0.146250 0.056495 -0.010000
v 0.151302 0.057386 -0.010000
v 0.155745 0.054821 -0.010000
v 0.157500 0.050000 -0.000000
v 0.155745 0.054821 -0.000000
v 0.151302 0.057386 -0.000000
v 0.146250 0.056495 -0.000000
v 0.142952 0.052565 -0.000000
v 0.142952 0.047435 -0.000000
v 0.146250 0.043505 -0.000000
v 0.151302 0.042614 -0.000000
v 0.155745 0.045179 -0.000000
v 0.142952 0.052565 -0.010000
v 0.142952 0.052565 -0.000000
v 0.112500 -0.015000 -0.005000
v 0.114255 -0.019821 -0.005000
v 0.118698 -0.022386 -0.005000
v 0.123750 -0.021495 -0.005000
v 0.127048 -0.017565 -0.005000
v 0.127048 -0.012435 -0.005000
v 0.123750 -0.008505 -0.005000
v 0.118698 -0.007614 -0.005000
v 0.114255 -0.010179 -0.005000
v 0.112500 -0.015000 -0.015000
v 0.114255 -0.010179 -0.015000
v 0.118698 -0.007614 -0.015000
v 0.123750 -0.008505 -0.015000
v 0.127048 -0.012435 -0.015000
v 0.127048 -0.017565 -0.015000
v 0.123750 -0.021495 -0.015000
v 0.118698 -0.022386 -0.015000
v 0.114255 -0.019821 -0.015000
v 0.127048 -0.012435 -0.005000
v 0.127048 -0.012435 -0.015000
v 0.061000 0.015000 -0.015000
v 0.062500 0.017598 -0.015000
v 0.065500 0.017598 -0.015000
v 0.067000 0.015000 -0.015000
v 0.065500 0.012402 -0.015000
v 0.062500 0.012402 -0.015000
v 0.067000 0.015000 -0.000000
v 0.065500 0.017598 -0.000000
v 0.062500 0.017598 -0.000000
v 0.061000 0.015000 -0.000000
v 0.062500 0.012402 -0.000000
v 0.065500 0.012402 -0.000000
v 0.061000 0.015000 -0.015000
v 0.061000 0.015000 -0.000000
v 0.160000 -0.062500 -0.015000
v 0.160000 -0.062500 -0.000000
v 0.047500 -0.062500 -0.000000
v 0.047500 -0.062500 -0.015000
v 0.061000 -0.015000 -0.015000
v 0.062500 -0.012402 -0.015000
v 0.065500 -0.012402 -0.015000
v 0.067000 -0.015000 -0.015000
v 0.065500 -0.017598 -0.015000
v 0.062500 -0.017598 -0.015000
v 0.067000 -0.015000 -0.000000
v 0.065500 -0.012402 -0.000000
v 0.062500 -0.012402 -0.000000
v 0.061000 -0.015000 -0.000000
v 0.062500 -0.017598 -0.000000
v 0.065500 -0.017598 -0.000000
v 0.061000 -0.015000 -0.015000
v 0.061000 -0.015000 -0.000000
v 0.160000 0.062500 -0.000000
v 0.160000 0.062500 -0.015000
v 0.047500 0.062500 -0.015000
v 0.047500 0.062500 -0.000000
v 0.037500 -0.052500 -0.015000
v 0.038840 -0.057500 -0.015000
v 0.042500 -0.061160 -0.015000
v 0.047500 -0.062500 -0.015000
v 0.047500 -0.062500 -0.000000
v 0.042500 -0.061160 -0.000000
v 0.038840 -0.057500 -0.000000
v 0.037500 -0.052500 -0.000000
v 0.170000 0.052500 -0.000000
v 0.168660 0.057500 -0.000000
v 0.165000 0.061160 -0.000000
v 0.160000 0.062500 -0.000000
v 0.047500 0.062500 -0.000000
v 0.042500 0.061160 -0.000000
v 0.038840 0.057500 -0.000000
v 0.037500 0.052500 -0.000000
v 0.037500 -0.052500 -0.000000
v 0.038840 -0.057500 -0.000000
v 0.042500 -0.061160 -0.000000
v 0.047500 -0.062500 -0.000000
v 0.160000 -0.062500 -0.000000
v 0.165000 -0.061160 -0.000000
v 0.168660 -0.057500 -0.000000
v 0.170000 -0.052500 -0.000000
v 0.157500 0.050000 -0.000000
v 0.155745 0.045179 -0.000000
v 0.151302 0.042614 -0.000000
v 0.146250 0.043505 -0.000000
v 0.142952 0.047435 -0.000000
v 0.142952 0.052565 -0.000000
v 0.146250 0.056495 -0.000000
v 0.151302 0.057386 -0.000000
v 0.155745 0.054821 -0.000000
v 0.057500 0.050000 -0.000000
v 0.055745 0.045179 -0.000000
v 0.051302 0.042614 -0.000000
v 0.046250 0.043505 -0.000000
v 0.042952 0.047435 -0.000000
v 0.042952 0.052565 -0.000000
v 0.046250 0.056495 -0.000000
v 0.051302 0.057386 -0.000000
v 0.055745 0.054821 -0.000000
v 0.157500 -0.050000 -0.000000
v 0.155745 -0.054821 -0.000000
v 0.151302 -0.057386 -0.000000
v 0.146250 -0.056495 -0.000000
v 0.142952 -0.052565 -0.000000
v 0.142952 -0.047435 -0.000000
v 0.146250 -0.043505 -0.000000
v 0.151302 -0.042614 -0.000000
v 0.155745 -0.045179 -0.000000
v 0.057500 -0.050000 -0.000000
v 0.055745 -0.054821 -0.000000
v 0.051302 -0.057386 -0.000000
v 0.046250 -0.056495 -0.000000
v 0.042952 -0.052565 -0.000000
v 0.042952 -0.047435 -0.000000
v 0.046250 -0.043505 -0.000000
v 0.051302 -0.042614 -0.000000
v 0.055745 -0.045179 -0.000000
v 0.154000 0.015000 -0.000000
v 0.152494 0.011873 -0.000000
v 0.149110 0.011100 -0.000000
v 0.146396 0.013264 -0.000000
v 0.146396 0.016736 -0.000000
v 0.149110 0.018900 -0.000000
v 0.152494 0.018127 -0.000000
v 0.154000 -0.015000 -0.000000
v 0.152494 -0.018127 -0.000000
v 0.149110 -0.018900 -0.000000
v 0.146396 -0.016736 -0.000000
v 0.146396 -0.013264 -0.000000
v 0.149110 -0.011100 -0.000000
v 0.152494 -0.011873 -0.000000
v 0.124000 0.015000 -0.000000
v 0.122494 0.011873 -0.000000
v 0.119110 0.011100 -0.000000
v 0.116396 0.013264 -0.000000
v 0.116396 0.016736 -0.000000
v 0.119110 0.018900 -0.000000
v 0.122494 0.018127 -0.000000
v 0.124000 -0.015000 -0.000000
v 0.122494 -0.018127 -0.000000
v 0.119110 -0.018900 -0.000000
v 0.116396 -0.016736 -0.000000
v 0.116396 -0.013264 -0.000000
v 0.119110 -0.011100 -0.000000
v 0.122494 -0.011873 -0.000000
v 0.067000 0.015000 -0.000000
v 0.065500 0.012402 -0.000000
v 0.062500 0.012402 -0.000000
v 0.061000 0.015000 -0.000000
v 0.062500 0.017598 -0.000000
v 0.065500 0.017598 -0.000000
v 0.067000 -0.015000 -0.000000
v 0.065500 -0.017598 -0.000000
v 0.062500 -0.017598 -0.000000
v 0.061000 -0.015000 -0.000000
v 0.062500 -0.012402 -0.000000
v 0.065500 -0.012402 -0.000000
v 0.037500 0.052500 -0.000000
v 0.037500 0.052500 -0.015000
v 0.037500 -0.052500 -0.015000
v 0.037500 -0.052500 -0.000000
v 0.047500 0.062500 -0.015000
v 0.042500 0.061160 -0.015000
v 0.038840 0.057500 -0.015000
v 0.037500 0.052500 -0.015000
v 0.037500 0.052500 -0.000000
v 0.038840 0.057500 -0.000000
v 0.042500 0.061160 -0.000000
v 0.047500 0.062500 -0.000000
v 0.160000 -0.062500 -0.015000
v 0.165000 -0.061160 -0.015000
v 0.168660 -0.057500 -0.015000
v 0.170000 -0.052500 -0.015000
v 0.170000 -0.052500 -0.000000
v 0.168660 -0.057500 -0.000000
v 0.165000 -0.061160 -0.000000
v 0.160000 -0.062500 -0.000000
v 0.170000 0.052500 -0.015000
v 0.170000 0.052500 -0.000000
v 0.170000 -0.052500 -0.000000
v 0.170000 -0.052500 -0.015000
v 0.160000 0.062500 -0.015000
v 0.165000 0.061160 -0.015000
v 0.168660 0.057500 -0.015000
v 0.170000 0.052500 -0.015000
v 0.170000 -0.052500 -0.015000
v 0.168660 -0.057500 -0.015000
v 0.165000 -0.061160 -0.015000
v 0.160000 -0.062500 -0.015000
v 0.047500 -0.062500 -0.015000
v 0.042500 -0.061160 -0.015000
v 0.038840 -0.057500 -0.015000
v 0.037500 -0.052500 -0.015000
v 0.037500 0.052500 -0.015000
v 0.038840 0.057500 -0.015000
v 0.042500 0.061160 -0.015000
v 0.047500 0.062500 -0.015000
v 0.061000 -0.015000 -0.015000
v 0.062500 -0.017598 -0.015000
v 0.065500 -0.017598 -0.015000
v 0.067000 -0.015000 -0.015000
v 0.065500 -0.012402 -0.015000
v 0.062500 -0.012402 -0.015000
v 0.061000 0.015000 -0.015000
v 0.062500 0.012402 -0.015000
v 0.065500 0.012402 -0.015000
v 0.067000 0.015000 -0.015000
v 0.065500 0.017598 -0.015000
v 0.062500 0.017598 -0.015000
v 0.112500 -0.015000 -0.015000
v 0.114255 -0.019821 -0.015000
v 0.118698 -0.022386 -0.015000
v 0.123750 -0.021495 -0.015000
v 0.127048 -0.017565 -0.015000
v 0.127048 -0.012435 -0.015000
v 0.123750 -0.008505 -0.015000
v 0.118698 -0.007614 -0.015000
v 0.114255 -0.010179 -0.015000
v 0.142500 -0.015000 -0.015000
v 0.144255 -0.019821 -0.015000
v 0.148698 -0.022386 -0.015000
v 0.153750 -0.021495 -0.015000
v 0.157048 -0.017565 -0.015000
v 0.157048 -0.012435 -0.015000
v 0.153750 -0.008505 -0.015000
v 0.148698 -0.007614 -0.015000
v 0.144255 -0.010179 -0.015000
v 0.112500 0.015000 -0.015000
v 0.114255 0.010179 -0.015000
v 0.118698 0.007614 -0.015000
v 0.123750 0.008505 -0.015000
v 0.127048 0.012435 -0.015000
v 0.127048 0.017565 -0.015000
v 0.123750 0.021495 -0.015000
v 0.118698 0.022386 -0.015000
v 0.114255 0.019821 -0.015000
v 0.142500 0.015000 -0.015000
v 0.144255 0.010179 -0.015000
v 0.148698 0.007614 -0.015000
v 0.153750 0.008505 -0.015000
v 0.157048 0.012435 -0.015000
v 0.157048 0.017565 -0.015000
v 0.153750 0.021495 -0.015000
v 0.148698 0.022386 -0.015000
v 0.144255 0.019821 -0.015000
v 0.054000 -0.050000 -0.015000
v 0.052494 -0.046873 -0.015000
v 0.049110 -0.046100 -0.015000
v 0.046396 -0.048264 -0.015000
v 0.046396 -0.051736 -0.015000
v 0.049110 -0.053900 -0.015000
v 0.052494 -0.053127 -0.015000
v 0.154000 -0.050000 -0.015000
v 0.152494 -0.046873 -0.015000
v 0.149110 -0.046100 -0.015000
v 0.146396 -0.048264 -0.015000
v 0.146396 -0.051736 -0.015000
v 0.149110 -0.053900 -0.015000
v 0.152494 -0.053127 -0.015000
v 0.154000 0.050000 -0.015000
v 0.152494 0.053127 -0.015000
v 0.149110 0.053900 -0.015000
v 0.146396 0.051736 -0.015000
v 0.146396 0.048264 -0.015000
v 0.149110 0.046100 -0.015000
v 0.152494 0.046873 -0.015000
v 0.054000 0.050000 -0.015000
v 0.052494 0.053127 -0.015000
v 0.049110 0.053900 -0.015000
v 0.046396 0.051736 -0.015000
v 0.046396 0.048264 -0.015000
v 0.049110 0.046100 -0.015000
v 0.052494 0.046873 -0.015000
v 0.160000 0.062500 -0.000000
v 0.165000 0.061160 -0.000000
v 0.168660 0.057500 -0.000000
v 0.170000 0.052500 -0.000000
v 0.170000 0.052500 -0.015000
v 0.168660 0.057500 -0.015000
v 0.165000 0.061160 -0.015000
v 0.160000 0.062500 -0.015000
f 3706 3715 3705
f 3705 3715 3716
f 3705 3716 3711
f 3711 3716 3717
f 3711 3717 3710
f 3710 3717 3718
f 3710 3718 3709
f 3709 3718 3720
f 3709 3720 3708
f 3719 3712 3713
f 3719 3713 3707
f 3707 3713 3714
f 3707 3714 3706
f 3706 3714 3715
f 3722 3731 3721
f 3721 3731 3732
f 3721 3732 3727
f 3727 3732 3733
f 3727 3733 3726
f 3726 3733 3734
f 3726 3734 3725
f 3725 3734 3736
f 3725 3736 3724
f 3735 3728 3729
f 3735 3729 3723
f 3723 3729 3730
f 3723 3730 3722
f 3722 3730 3731
f 3738 3747 3737
f 3737 3747 3748
f 3737 3748 3743
f 3743 3748 3749
f 3743 3749 3742
f 3742 3749 3750
f 3742 3750 3741
f 3741 3750 3752
f 3741 3752 3740
f 3751 3744 3745
f 3751 3745 3739
f 3739 3745 3746
f 3739 3746 3738
f 3738 3746 3747
f 3754 3766 3753
f 3753 3766 3768
f 3767 3760 3759
f 3759 3760 3761
f 3759 3761 3758
f 3758 3761 3762
f 3758 3762 3757
f 3757 3762 3763
f 3757 3763 3756
f 3756 3763 3764
f 3756 3764 3755
f 3755 3764 3765
f 3755 3765 3754
f 3754 3765 3766
f 3777 3769 3778
f 3778 3769 3770
f 3778 3770 3784
f 3784 3770 3771
f 3784 3771 3783
f 3783 3771 3772
f 3783 3772 3782
f 3782 3772 3773
f 3782 3773 3774
f 3782 3774 3781
f 3781 3774 3775
f 3781 3775 3780
f 3780 3775 3776
f 3780 3776 3779
f 3779 3776 3777
f 3779 3777 3778
f 3786 3795 3785
f 3785 3795 3796
f 3785 3796 3791
f 3791 3796 3797
f 3791 3797 3790
f 3790 3797 3798
f 3790 3798 3789
f 3789 3798 3800
f 3789 3800 3788
f 3799 3792 3793
f 3799 3793 3787
f 3787 3793 3794
f 3787 3794 3786
f 3786 3794 3795
f 3809 3801 3810
f 3810 3801 3802
f 3810 3802 3816
f 3816 3802 3803
f 3816 3803 3815
f 3815 3803 3804
f 3815 3804 3814
f 3814 3804 3805
f 3814 3805 3806
f 3814 3806 3813
f 3813 3806 3807
f 3813 3807 3812
f 3812 3807 3808
f 3812 3808 3811
f 3811 3808 3809
f 3811 3809 3810
f 3818 3830 3817
f 3817 3830 3832
f 3831 3824 3823
f 3823 3824 3825
f 3823 3825 3822
f 3822 3825 3826
f 3822 3826 3821
f 3821 3826 3827
f 3821 3827 3820
f 3820 3827 3828
f 3820 3828 3819
f 3819 3828 3829
f 3819 3829 3818
f 3818 3829 3830
f 3834 3846 3833
f 3833 3846 3848
f 3847 3840 3839
f 3839 3840 3841
f 3839 3841 3838
f 3838 3841 3842
f 3838 3842 3837
f 3837 3842 3843
f 3837 3843 3836
f 3836 3843 3844
f 3836 3844 3835
f 3835 3844 3845
f 3835 3845 3834
f 3834 3845 3846
f 3857 3849 3858
f 3858 3849 3850
f 3858 3850 3864
f 3864 3850 3851
f 3864 3851 3863
f 3863 3851 3852
f 3863 3852 3862
f 3862 3852 3853
f 3862 3853 3854
f 3862 3854 3861
f 3861 3854 3855
f 3861 3855 3860
f 3860 3855 3856
f 3860 3856 3859
f 3859 3856 3857
f 3859 3857 3858
f 3866 3874 3865
f 3865 3874 3875
f 3865 3875 3873
f 3873 3875 3876
f 3873 3876 3872
f 3872 3876 3877
f 3872 3877 3871
f 3871 3877 3884
f 3871 3884 3870
f 3883 3878 3879
f 3883 3879 3869
f 3869 3879 3880
f 3869 3880 3868
f 3868 3880 3881
f 3868 3881 3867
f 3867 3881 3882
f 3867 3882 3866
f 3866 3882 3874
f 3893 3885 3894
f 3894 3885 3886
f 3894 3886 3900
f 3900 3886 3887
f 3900 3887 3899
f 3899 3887 3888
f 3899 3888 3898
f 3898 3888 3889
f 3898 3889 3890
f 3898 3890 3897
f 3897 3890 3891
f 3897 3891 3896
f 3896 3891 3892
f 3896 3892 3895
f 3895 3892 3893
f 3895 3893 3894
f 3902 3910 3901
f 3901 3910 3911
f 3901 3911 3909
f 3909 3911 3912
f 3909 3912 3908
f 3908 3912 3913
f 3908 3913 3907
f 3907 3913 3920
f 3907 3920 3906
f 3919 3914 3915
f 3919 3915 3905
f 3905 3915 3916
f 3905 3916 3904
f 3904 3916 3917
f 3904 3917 3903
f 3903 3917 3918
f 3903 3918 3902
f 3902 3918 3910
f 3922 3934 3921
f 3921 3934 3936
f 3935 3928 3927
f 3927 3928 3929
f 3927 3929 3926
f 3926 3929 3930
f 3926 3930 3925
f 3925 3930 3931
f 3925 3931 3924
f 3924 3931 3932
f 3924 3932 3923
f 3923 3932 3933
f 3923 3933 3922
f 3922 3933 3934
f 3945 3937 3946
f 3946 3937 3938
f 3946 3938 3952
f 3952 3938 3939
f 3952 3939 3951
f 3951 3939 3940
f 3951 3940 3950
f 3950 3940 3941
f 3950 3941 3942
f 3950 3942 3949
f 3949 3942 3943
f 3949 3943 3948
f 3948 3943 3944
f 3948 3944 3947
f 3947 3944 3945
f 3947 3945 3946
f 3954 3962 3953
f 3953 3962 3963
f 3953 3963 3961
f 3961 3963 3964
f 3961 3964 3960
f 3960 3964 3965
f 3960 3965 3959
f 3959 3965 3972
f 3959 3972 3958
f 3971 3966 3967
f 3971 3967 3957
f 3957 3967 3968
f 3957 3968 3956
f 3956 3968 3969
f 3956 3969 3955
f 3955 3969 3970
f 3955 3970 3954
f 3954 3970 3962
f 3981 3973 3982
f 3982 3973 3974
f 3982 3974 3988
f 3988 3974 3975
f 3988 3975 3987
f 3987 3975 3976
f 3987 3976 3986
f 3986 3976 3977
f 3986 3977 3978
f 3986 3978 3985
f 3985 3978 3979
f 3985 3979 3984
f 3984 3979 3980
f 3984 3980 3983
f 3983 3980 3981
f 3983 3981 3982
f 3990 3998 3989
f 3989 3998 3999
f 3989 3999 3997
f 3997 3999 4000
f 3997 4000 3996
f 3996 4000 4001
f 3996 4001 3995
f 3995 4001 4008
f 3995 4008 3994
f 4007 4002 4003
f 4007 4003 3993
f 3993 4003 4004
f 3993 4004 3992
f 3992 4004 4005
f 3992 4005 3991
f 3991 4005 4006
f 3991 4006 3990
f 3990 4006 3998
f 4017 4009 4018
f 4018 4009 4010
f 4018 4010 4024
f 4024 4010 4011
f 4024 4011 4023
f 4023 4011 4012
f 4023 4012 4022
f 4022 4012 4013
f 4022 4013 4014
f 4022 4014 4021
f 4021 4014 4015
f 4021 4015 4020
f 4020 4015 4016
f 4020 4016 4019
f 4019 4016 4017
f 4019 4017 4018
f 4026 4034 4025
f 4025 4034 4035
f 4025 4035 4033
f 4033 4035 4036
f 4033 4036 4032
f 4032 4036 4037
f 4032 4037 4031
f 4031 4037 4044
f 4031 4044 4030
f 4043 4038 4039
f 4043 4039 4029
f 4029 4039 4040
f 4029 4040 4028
f 4028 4040 4041
f 4028 4041 4027
f 4027 4041 4042
f 4027 4042 4026
f 4026 4042 4034
f 4046 4054 4045
f 4045 4054 4055
f 4045 4055 4053
f 4053 4055 4056
f 4053 4056 4052
f 4052 4056 4057
f 4052 4057 4051
f 4051 4057 4064
f 4051 4064 4050
f 4063 4058 4059
f 4063 4059 4049
f 4049 4059 4060
f 4049 4060 4048
f 4048 4060 4061
f 4048 4061 4047
f 4047 4061 4062
f 4047 4062 4046
f 4046 4062 4054
f 4073 4065 4074
f 4074 4065 4066
f 4074 4066 4080
f 4080 4066 4067
f 4080 4067 4079
f 4079 4067 4068
f 4079 4068 4078
f 4078 4068 4069
f 4078 4069 4070
f 4078 4070 4077
f 4077 4070 4071
f 4077 4071 4076
f 4076 4071 4072
f 4076 4072 4075
f 4075 4072 4073
f 4075 4073 4074
f 4082 4090 4081
f 4081 4090 4091
f 4081 4091 4089
f 4089 4091 4092
f 4089 4092 4088
f 4088 4092 4093
f 4088 4093 4087
f 4087 4093 4100
f 4087 4100 4086
f 4099 4094 4095
f 4099 4095 4085
f 4085 4095 4096
f 4085 4096 4084
f 4084 4096 4097
f 4084 4097 4083
f 4083 4097 4098
f 4083 4098 4082
f 4082 4098 4090
f 4102 4110 4101
f 4101 4110 4111
f 4101 4111 4109
f 4109 4111 4112
f 4109 4112 4108
f 4108 4112 4113
f 4108 4113 4107
f 4107 4113 4120
f 4107 4120 4106
f 4119 4114 4115
f 4119 4115 4105
f 4105 4115 4116
f 4105 4116 4104
f 4104 4116 4117
f 4104 4117 4103
f 4103 4117 4118
f 4103 4118 4102
f 4102 4118 4110
f 4122 4129 4121
f 4121 4129 4134
f 4133 4130 4126
f 4126 4130 4131
f 4126 4131 4125
f 4125 4131 4132
f 4125 4132 4124
f 4124 4132 4127
f 4124 4127 4123
f 4123 4127 4128
f 4123 4128 4122
f 4122 4128 4129
f 4136 4137 4135
f 4135 4137 4138
f 4140 4147 4139
f 4139 4147 4152
f 4151 4148 4144
f 4144 4148 4149
f 4144 4149 4143
f 4143 4149 4150
f 4143 4150 4142
f 4142 4150 4145
f 4142 4145 4141
f 4141 4145 4146
f 4141 4146 4140
f 4140 4146 4147
f 4154 4155 4153
f 4153 4155 4156
f 4164 4157 4163
f 4163 4157 4158
f 4163 4158 4162
f 4162 4158 4159
f 4162 4159 4161
f 4161 4159 4160
f 4166 4181 4165
f 4165 4181 4182
f 4165 4182 4223
f 4223 4182 4183
f 4223 4183 4222
f 4222 4183 4184
f 4222 4184 4221
f 4221 4184 4237
f 4221 4237 4231
f 4181 4166 4189
f 4189 4166 4167
f 4189 4167 4168
f 4169 4187 4168
f 4168 4187 4188
f 4168 4188 4189
f 4170 4196 4169
f 4169 4196 4197
f 4169 4197 4198
f 4170 4171 4196
f 4196 4171 4195
f 4195 4171 4172
f 4195 4172 4194
f 4194 4172 4193
f 4193 4172 4173
f 4193 4173 4214
f 4214 4173 4213
f 4213 4173 4212
f 4212 4173 4174
f 4212 4174 4211
f 4211 4174 4175
f 4211 4175 4176
f 4177 4202 4176
f 4176 4202 4209
f 4176 4209 4210
f 4178 4200 4177
f 4177 4200 4201
f 4177 4201 4202
f 4178 4179 4200
f 4200 4179 4199
f 4199 4179 4180
f 4199 4180 4207
f 4207 4180 4225
f 4207 4225 4206
f 4206 4225 4226
f 4206 4226 4205
f 4205 4226 4227
f 4205 4227 4239
f 4239 4227 4238
f 4238 4227 4228
f 4238 4228 4244
f 4244 4228 4220
f 4244 4220 4232
f 4232 4220 4231
f 4231 4220 4221
f 4165 4217 4180
f 4180 4217 4224
f 4180 4224 4225
f 4184 4185 4237
f 4237 4185 4236
f 4236 4185 4186
f 4236 4186 4190
f 4190 4186 4198
f 4198 4186 4187
f 4198 4187 4169
f 4191 4250 4190
f 4190 4250 4235
f 4190 4235 4236
f 4250 4191 4249
f 4249 4191 4192
f 4249 4192 4193
f 4202 4203 4209
f 4209 4203 4208
f 4208 4203 4240
f 4208 4240 4241
f 4203 4204 4240
f 4240 4204 4239
f 4239 4204 4205
f 4210 4211 4176
f 4215 4253 4214
f 4214 4253 4254
f 4214 4254 4248
f 4248 4254 4255
f 4248 4255 4247
f 4247 4255 4256
f 4247 4256 4246
f 4246 4256 4242
f 4246 4242 4234
f 4234 4242 4233
f 4233 4242 4243
f 4233 4243 4244
f 4215 4216 4253
f 4253 4216 4252
f 4252 4216 4208
f 4252 4208 4241
f 4217 4218 4224
f 4224 4218 4230
f 4230 4218 4219
f 4230 4219 4229
f 4229 4219 4228
f 4228 4219 4220
f 4223 4217 4165
f 4232 4233 4244
f 4246 4234 4245
f 4245 4234 4235
f 4245 4235 4250
f 4252 4241 4251
f 4251 4241 4242
f 4251 4242 4256
f 4214 4248 4193
f 4193 4248 4249
f 4258 4259 4257
f 4257 4259 4260
f 4268 4261 4267
f 4267 4261 4262
f 4267 4262 4266
f 4266 4262 4263
f 4266 4263 4265
f 4265 4263 4264
f 4276 4269 4275
f 4275 4269 4270
f 4275 4270 4274
f 4274 4270 4271
f 4274 4271 4273
f 4273 4271 4272
f 4278 4279 4277
f 4277 4279 4280
f 4282 4360 4281
f 4281 4360 4361
f 4281 4361 4296
f 4296 4361 4362
f 4296 4362 4367
f 4367 4362 4366
f 4366 4362 4334
f 4366 4334 4335
f 4360 4282 4359
f 4359 4282 4283
f 4359 4283 4284
f 4285 4340 4284
f 4284 4340 4341
f 4284 4341 4342
f 4286 4352 4285
f 4285 4352 4353
f 4285 4353 4321
f 4321 4353 4354
f 4321 4354 4320
f 4320 4354 4319
f 4319 4354 4355
f 4319 4355 4312
f 4312 4355 4311
f 4311 4355 4356
f 4311 4356 4345
f 4345 4356 4351
f 4351 4356 4289
f 4351 4289 4350
f 4350 4289 4290
f 4350 4290 4349
f 4349 4290 4291
f 4349 4291 4292
f 4286 4287 4352
f 4352 4287 4358
f 4358 4287 4288
f 4358 4288 4357
f 4357 4288 4289
f 4357 4289 4356
f 4293 4303 4292
f 4292 4303 4297
f 4292 4297 4347
f 4347 4297 4298
f 4347 4298 4346
f 4346 4298 4299
f 4346 4299 4345
f 4345 4299 4310
f 4345 4310 4311
f 4294 4369 4293
f 4293 4369 4370
f 4293 4370 4371
f 4294 4295 4369
f 4369 4295 4368
f 4368 4295 4296
f 4368 4296 4367
f 4299 4300 4310
f 4310 4300 4309
f 4309 4300 4317
f 4317 4300 4301
f 4317 4301 4305
f 4305 4301 4302
f 4305 4302 4304
f 4304 4302 4303
f 4303 4302 4297
f 4317 4305 4328
f 4328 4305 4306
f 4328 4306 4327
f 4327 4306 4335
f 4335 4306 4307
f 4335 4307 4366
f 4366 4307 4372
f 4372 4307 4308
f 4372 4308 4371
f 4371 4308 4303
f 4371 4303 4293
f 4312 4313 4319
f 4319 4313 4318
f 4318 4313 4314
f 4318 4314 4326
f 4326 4314 4315
f 4326 4315 4337
f 4337 4315 4330
f 4337 4330 4331
f 4330 4315 4329
f 4329 4315 4316
f 4329 4316 4328
f 4328 4316 4317
f 4321 4322 4285
f 4285 4322 4323
f 4285 4323 4340
f 4340 4323 4339
f 4339 4323 4324
f 4339 4324 4338
f 4338 4324 4325
f 4338 4325 4326
f 4337 4331 4336
f 4336 4331 4332
f 4336 4332 4344
f 4344 4332 4333
f 4344 4333 4363
f 4363 4333 4334
f 4363 4334 4362
f 4337 4338 4326
f 4343 4364 4342
f 4342 4364 4365
f 4342 4365 4284
f 4284 4365 4359
f 4343 4344 4364
f 4364 4344 4363
f 4347 4348 4292
f 4292 4348 4349
f 4380 4373 4379
f 4379 4373 4374
f 4379 4374 4378
f 4378 4374 4375
f 4378 4375 4377
f 4377 4375 4376
o pad_l
v 0.116000 -0.285000 -0.005000
v 0.117506 -0.281873 -0.005000
v 0.120890 -0.281100 -0.005000
v 0.123604 -0.283264 -0.005000
v 0.123604 -0.286736 -0.005000
v 0.120890 -0.288900 -0.005000
v 0.117506 -0.288127 -0.005000
v 0.124000 -0.285000 -0.000000
v 0.122494 -0.281873 -0.000000
v 0.119110 -0.281100 -0.000000
v 0.116396 -0.283264 -0.000000
v 0.116396 -0.286736 -0.000000
v 0.119110 -0.288900 -0.000000
v 0.122494 -0.288127 -0.000000
v 0.123604 -0.283264 -0.005000
v 0.124000 -0.285000 -0.000000
v 0.146000 -0.315000 -0.005000
v 0.147506 -0.311873 -0.005000
v 0.150890 -0.311100 -0.005000
v 0.153604 -0.313264 -0.005000
v 0.153604 -0.316736 -0.005000
v 0.150890 -0.318900 -0.005000
v 0.147506 -0.318127 -0.005000
v 0.154000 -0.315000 -0.000000
v 0.152494 -0.311873 -0.000000
v 0.149110 -0.311100 -0.000000
v 0.146396 -0.313264 -0.000000
v 0.146396 -0.316736 -0.000000
v 0.149110 -0.318900 -0.000000
v 0.152494 -0.318127 -0.000000
v 0.153604 -0.313264 -0.005000
v 0.154000 -0.315000 -0.000000
v 0.116000 -0.315000 -0.005000
v 0.117506 -0.311873 -0.005000
v 0.120890 -0.311100 -0.005000
v 0.123604 -0.313264 -0.005000
v 0.123604 -0.316736 -0.005000
v 0.120890 -0.318900 -0.005000
v 0.117506 -0.318127 -0.005000
v 0.124000 -0.315000 -0.000000
v 0.122494 -0.311873 -0.000000
v 0.119110 -0.311100 -0.000000
v 0.116396 -0.313264 -0.000000
v 0.116396 -0.316736 -0.000000
v 0.119110 -0.318900 -0.000000
v 0.122494 -0.318127 -0.000000
v 0.123604 -0.313264 -0.005000
v 0.124000 -0.315000 -0.000000
v 0.154000 -0.350000 -0.010000
v 0.152494 -0.346873 -0.010000
v 0.149110 -0.346100 -0.010000
v 0.146396 -0.348264 -0.010000
v 0.146396 -0.351736 -0.010000
v 0.149110 -0.353900 -0.010000
v 0.152494 -0.353127 -0.010000
v 0.154000 -0.350000 -0.015000
v 0.152494 -0.353127 -0.015000
v 0.149110 -0.353900 -0.015000
v 0.146396 -0.351736 -0.015000
v 0.146396 -0.348264 -0.015000
v 0.149110 -0.346100 -0.015000
v 0.152494 -0.346873 -0.015000
v 0.154000 -0.350000 -0.010000
v 0.154000 -0.350000 -0.015000
v 0.057500 -0.350000 -0.010000
v 0.055745 -0.345179 -0.010000
v 0.051302 -0.342614 -0.010000
v 0.046250 -0.343505 -0.010000
v 0.042952 -0.347435 -0.010000
v 0.042952 -0.352565 -0.010000
v 0.046250 -0.356495 -0.010000
v 0.051302 -0.357386 -0.010000
v 0.055745 -0.354821 -0.010000
v 0.054000 -0.350000 -0.010000
v 0.052494 -0.353127 -0.010000
v 0.049110 -0.353900 -0.010000
v 0.046396 -0.351736 -0.010000
v 0.046396 -0.348264 -0.010000
v 0.049110 -0.346100 -0.010000
v 0.052494 -0.346873 -0.010000
v 0.146000 -0.285000 -0.005000
v 0.147506 -0.281873 -0.005000
v 0.150890 -0.281100 -0.005000
v 0.153604 -0.283264 -0.005000
v 0.153604 -0.286736 -0.005000
v 0.150890 -0.288900 -0.005000
v 0.147506 -0.288127 -0.005000
v 0.154000 -0.285000 -0.000000
v 0.152494 -0.281873 -0.000000
v 0.149110 -0.281100 -0.000000
v 0.146396 -0.283264 -0.000000
v 0.146396 -0.286736 -0.000000
v 0.149110 -0.288900 -0.000000
v 0.152494 -0.288127 -0.000000
v 0.153604 -0.283264 -0.005000
v 0.154000 -0.285000 -0.000000
v 0.142500 -0.285000 -0.005000
v 0.144255 -0.280179 -0.005000
v 0.148698 -0.277614 -0.005000
v 0.153750 -0.278505 -0.005000
v 0.157048 -0.282435 -0.005000
v 0.157048 -0.287565 -0.005000
v 0.153750 -0.291495 -0.005000
v 0.148698 -0.292386 -0.005000
v 0.144255 -0.289821 -0.005000
v 0.146000 -0.285000 -0.005000
v 0.147506 -0.288127 -0.005000
v 0.150890 -0.288900 -0.005000
v 0.153604 -0.286736 -0.005000
v 0.153604 -0.283264 -0.005000
v 0.150890 -0.281100 -0.005000
v 0.147506 -0.281873 -0.005000
v 0.054000 -0.350000 -0.010000
v 0.052494 -0.346873 -0.010000
v 0.049110 -0.346100 -0.010000
v 0.046396 -0.348264 -0.010000
v 0.046396 -0.351736 -0.010000
v 0.049110 -0.353900 -0.010000
v 0.052494 -0.353127 -0.010000
v 0.054000 -0.350000 -0.015000
v 0.052494 -0.353127 -0.015000
v 0.049110 -0.353900 -0.015000
v 0.046396 -0.351736 -0.015000
v 0.046396 -0.348264 -0.015000
v 0.049110 -0.346100 -0.015000
v 0.052494 -0.346873 -0.015000
v 0.054000 -0.350000 -0.010000
v 0.054000 -0.350000 -0.015000
v 0.154000 -0.250000 -0.010000
v 0.152494 -0.246873 -0.010000
v 0.149110 -0.246100 -0.010000
v 0.146396 -0.248264 -0.010000
v 0.146396 -0.251736 -0.010000
v 0.149110 -0.253900 -0.010000
v 0.152494 -0.253127 -0.010000
v 0.154000 -0.250000 -0.015000
v 0.152494 -0.253127 -0.015000
v 0.149110 -0.253900 -0.015000
v 0.146396 -0.251736 -0.015000
v 0.146396 -0.248264 -0.015000
v 0.149110 -0.246100 -0.015000
v 0.152494 -0.246873 -0.015000
v 0.154000 -0.250000 -0.010000
v 0.154000 -0.250000 -0.015000
v 0.157500 -0.350000 -0.010000
v 0.155745 -0.345179 -0.010000
v 0.151302 -0.342614 -0.010000
v 0.146250 -0.343505 -0.010000
v 0.142952 -0.347435 -0.010000
v 0.142952 -0.352565 -0.010000
v 0.146250 -0.356495 -0.010000
v 0.151302 -0.357386 -0.010000
v 0.155745 -0.354821 -0.010000
v 0.154000 -0.350000 -0.010000
v 0.152494 -0.353127 -0.010000
v 0.149110 -0.353900 -0.010000
v 0.146396 -0.351736 -0.010000
v 0.146396 -0.348264 -0.010000
v 0.149110 -0.346100 -0.010000
v 0.152494 -0.346873 -0.010000
v 0.057500 -0.350000 -0.010000
v 0.055745 -0.354821 -0.010000
v 0.051302 -0.357386 -0.010000
v 0.046250 -0.356495 -0.010000
v 0.042952 -0.352565 -0.010000
v 0.042952 -0.347435 -0.010000
v 0.046250 -0.343505 -0.010000
v 0.051302 -0.342614 -0.010000
v 0.055745 -0.345179 -0.010000
v 0.057500 -0.350000 -0.000000
v 0.055745 -0.345179 -0.000000
v 0.051302 -0.342614 -0.000000
v 0.046250 -0.343505 -0.000000
v 0.042952 -0.347435 -0.000000
v 0.042952 -0.352565 -0.000000
v 0.046250 -0.356495 -0.000000
v 0.051302 -0.357386 -0.000000
v 0.055745 -0.354821 -0.000000
v 0.042952 -0.347435 -0.010000
v 0.042952 -0.347435 -0.000000
v 0.112500 -0.285000 -0.005000
v 0.114255 -0.280179 -0.005000
v 0.118698 -0.277614 -0.005000
v 0.123750 -0.278505 -0.005000
v 0.127048 -0.282435 -0.005000
v 0.127048 -0.287565 -0.005000
v 0.123750 -0.291495 -0.005000
v 0.118698 -0.292386 -0.005000
v 0.114255 -0.289821 -0.005000
v 0.116000 -0.285000 -0.005000
v 0.117506 -0.288127 -0.005000
v 0.120890 -0.288900 -0.005000
v 0.123604 -0.286736 -0.005000
v 0.123604 -0.283264 -0.005000
v 0.120890 -0.281100 -0.005000
v 0.117506 -0.281873 -0.005000
v 0.142500 -0.285000 -0.005000
v 0.144255 -0.289821 -0.005000
v 0.148698 -0.292386 -0.005000
v 0.153750 -0.291495 -0.005000
v 0.157048 -0.287565 -0.005000
v 0.157048 -0.282435 -0.005000
v 0.153750 -0.278505 -0.005000
v 0.148698 -0.277614 -0.005000
v 0.144255 -0.280179 -0.005000
v 0.142500 -0.285000 -0.015000
v 0.144255 -0.280179 -0.015000
v 0.148698 -0.277614 -0.015000
v 0.153750 -0.278505 -0.015000
v 0.157048 -0.282435 -0.015000
v 0.157048 -0.287565 -0.015000
v 0.153750 -0.291495 -0.015000
v 0.148698 -0.292386 -0.015000
v 0.144255 -0.289821 -0.015000
v 0.157048 -0.282435 -0.005000
v 0.157048 -0.282435 -0.015000
v 0.054000 -0.250000 -0.010000
v 0.052494 -0.246873 -0.010000
v 0.049110 -0.246100 -0.010000
v 0.046396 -0.248264 -0.010000
v 0.046396 -0.251736 -0.010000
v 0.049110 -0.253900 -0.010000
v 0.052494 -0.253127 -0.010000
v 0.054000 -0.250000 -0.015000
v 0.052494 -0.253127 -0.015000
v 0.049110 -0.253900 -0.015000
v 0.046396 -0.251736 -0.015000
v 0.046396 -0.248264 -0.015000
v 0.049110 -0.246100 -0.015000
v 0.052494 -0.246873 -0.015000
v 0.054000 -0.250000 -0.010000
v 0.054000 -0.250000 -0.015000
v 0.057500 -0.250000 -0.010000
v 0.055745 -0.245179 -0.010000
v 0.051302 -0.242614 -0.010000
v 0.046250 -0.243505 -0.010000
v 0.042952 -0.247435 -0.010000
v 0.042952 -0.252565 -0.010000
v 0.046250 -0.256495 -0.010000
v 0.051302 -0.257386 -0.010000
v 0.055745 -0.254821 -0.010000
v 0.054000 -0.250000 -0.010000
v 0.052494 -0.253127 -0.010000
v 0.049110 -0.253900 -0.010000
v 0.046396 -0.251736 -0.010000
v 0.046396 -0.248264 -0.010000
v 0.049110 -0.246100 -0.010000
v 0.052494 -0.246873 -0.010000
v 0.157500 -0.350000 -0.010000
v 0.155745 -0.354821 -0.010000
v 0.151302 -0.357386 -0.010000
v 0.146250 -0.356495 -0.010000
v 0.142952 -0.352565 -0.010000
v 0.142952 -0.347435 -0.010000
v 0.146250 -0.343505 -0.010000
v 0.151302 -0.342614 -0.010000
v 0.155745 -0.345179 -0.010000
v 0.157500 -0.350000 -0.000000
v 0.155745 -0.345179 -0.000000
v 0.151302 -0.342614 -0.000000
v 0.146250 -0.343505 -0.000000
v 0.142952 -0.347435 -0.000000
v 0.142952 -0.352565 -0.000000
v 0.146250 -0.356495 -0.000000
v 0.151302 -0.357386 -0.000000
v 0.155745 -0.354821 -0.000000
v 0.142952 -0.347435 -0.010000
v 0.142952 -0.347435 -0.000000
v 0.142500 -0.315000 -0.005000
v 0.144255 -0.310179 -0.005000
v 0.148698 -0.307614 -0.005000
v 0.153750 -0.308505 -0.005000
v 0.157048 -0.312435 -0.005000
v 0.157048 -0.317565 -0.005000
v 0.153750 -0.321495 -0.005000
v 0.148698 -0.322386 -0.005000
v 0.144255 -0.319821 -0.005000
v 0.146000 -0.315000 -0.005000
v 0.147506 -0.318127 -0.005000
v 0.150890 -0.318900 -0.005000
v 0.153604 -0.316736 -0.005000
v 0.153604 -0.313264 -0.005000
v 0.150890 -0.311100 -0.005000
v 0.147506 -0.311873 -0.005000
v 0.112500 -0.285000 -0.005000
v 0.114255 -0.289821 -0.005000
v 0.118698 -0.292386 -0.005000
v 0.123750 -0.291495 -0.005000
v 0.127048 -0.287565 -0.005000
v 0.127048 -0.282435 -0.005000
v 0.123750 -0.278505 -0.005000
v 0.118698 -0.277614 -0.005000
v 0.114255 -0.280179 -0.005000
v 0.112500 -0.285000 -0.015000
v 0.114255 -0.280179 -0.015000
v 0.118698 -0.277614 -0.015000
v 0.123750 -0.278505 -0.015000
v 0.127048 -0.282435 -0.015000
v 0.127048 -0.287565 -0.015000
v 0.123750 -0.291495 -0.015000
v 0.118698 -0.292386 -0.015000
v 0.114255 -0.289821 -0.015000
v 0.127048 -0.282435 -0.005000
v 0.127048 -0.282435 -0.015000
v 0.157500 -0.250000 -0.010000
v 0.155745 -0.245179 -0.010000
v 0.151302 -0.242614 -0.010000
v 0.146250 -0.243505 -0.010000
v 0.142952 -0.247435 -0.010000
v 0.142952 -0.252565 -0.010000
v 0.146250 -0.256495 -0.010000
v 0.151302 -0.257386 -0.010000
v 0.155745 -0.254821 -0.010000
v 0.154000 -0.250000 -0.010000
v 0.152494 -0.253127 -0.010000
v 0.149110 -0.253900 -0.010000
v 0.146396 -0.251736 -0.010000
v 0.146396 -0.248264 -0.010000
v 0.149110 -0.246100 -0.010000
v 0.152494 -0.246873 -0.010000
v 0.057500 -0.250000 -0.010000
v 0.055745 -0.254821 -0.010000
v 0.051302 -0.257386 -0.010000
v 0.046250 -0.256495 -0.010000
v 0.042952 -0.252565 -0.010000
v 0.042952 -0.247435 -0.010000
v 0.046250 -0.243505 -0.010000
v 0.051302 -0.242614 -0.010000
v 0.055745 -0.245179 -0.010000
v 0.057500 -0.250000 -0.000000
v 0.055745 -0.245179 -0.000000
v 0.051302 -0.242614 -0.000000
v 0.046250 -0.243505 -0.000000
v 0.042952 -0.247435 -0.000000
v 0.042952 -0.252565 -0.000000
v 0.046250 -0.256495 -0.000000
v 0.051302 -0.257386 -0.000000
v 0.055745 -0.254821 -0.000000
v 0.042952 -0.247435 -0.010000
v 0.042952 -0.247435 -0.000000
v 0.142500 -0.315000 -0.005000
v 0.144255 -0.319821 -0.005000
v 0.148698 -0.322386 -0.005000
v 0.153750 -0.321495 -0.005000
v 0.157048 -0.317565 -0.005000
v 0.157048 -0.312435 -0.005000
v 0.153750 -0.308505 -0.005000
v 0.148698 -0.307614 -0.005000
v 0.144255 -0.310179 -0.005000
v 0.142500 -0.315000 -0.015000
v 0.144255 -0.310179 -0.015000
v 0.148698 -0.307614 -0.015000
v 0.153750 -0.308505 -0.015000
v 0.157048 -0.312435 -0.015000
v 0.157048 -0.317565 -0.015000
v 0.153750 -0.321495 -0.015000
v 0.148698 -0.322386 -0.015000
v 0.144255 -0.319821 -0.015000
v 0.157048 -0.312435 -0.005000
v 0.157048 -0.312435 -0.015000
v 0.112500 -0.315000 -0.005000
v 0.114255 -0.310179 -0.005000
v 0.118698 -0.307614 -0.005000
v 0.123750 -0.308505 -0.005000
v 0.127048 -0.312435 -0.005000
v 0.127048 -0.317565 -0.005000
v 0.123750 -0.321495 -0.005000
v 0.118698 -0.322386 -0.005000
v 0.114255 -0.319821 -0.005000
v 0.116000 -0.315000 -0.005000
v 0.117506 -0.318127 -0.005000
v 0.120890 -0.318900 -0.005000
v 0.123604 -0.316736 -0.005000
v 0.123604 -0.313264 -0.005000
v 0.120890 -0.311100 -0.005000
v 0.117506 -0.311873 -0.005000
v 0.157500 -0.250000 -0.010000
v 0.155745 -0.254821 -0.010000
v 0.151302 -0.257386 -0.010000
v 0.146250 -0.256495 -0.010000
v 0.142952 -0.252565 -0.010000
v 0.142952 -0.247435 -0.010000
v 0.146250 -0.243505 -0.010000
v 0.151302 -0.242614 -0.010000
v 0.155745 -0.245179 -0.010000
v 0.157500 -0.250000 -0.000000
v 0.155745 -0.245179 -0.000000
v 0.151302 -0.242614 -0.000000
v 0.146250 -0.243505 -0.000000
v 0.142952 -0.247435 -0.000000
v 0.142952 -0.252565 -0.000000
v 0.146250 -0.256495 -0.000000
v 0.151302 -0.257386 -0.000000
v 0.155745 -0.254821 -0.000000
v 0.142952 -0.247435 -0.010000
v 0.142952 -0.247435 -0.000000
v 0.112500 -0.315000 -0.005000
v 0.114255 -0.319821 -0.005000
v 0.118698 -0.322386 -0.005000
v 0.123750 -0.321495 -0.005000
v 0.127048 -0.317565 -0.005000
v 0.127048 -0.312435 -0.005000
v 0.123750 -0.308505 -0.005000
v 0.118698 -0.307614 -0.005000
v 0.114255 -0.310179 -0.005000
v 0.112500 -0.315000 -0.015000
v 0.114255 -0.310179 -0.015000
v 0.118698 -0.307614 -0.015000
v 0.123750 -0.308505 -0.015000
v 0.127048 -0.312435 -0.015000
v 0.127048 -0.317565 -0.015000
v 0.123750 -0.321495 -0.015000
v 0.118698 -0.322386 -0.015000
v 0.114255 -0.319821 -0.015000
v 0.127048 -0.312435 -0.005000
v 0.127048 -0.312435 -0.015000
v 0.061000 -0.285000 -0.015000
v 0.062500 -0.282402 -0.015000
v 0.065500 -0.282402 -0.015000
v 0.067000 -0.285000 -0.015000
v 0.065500 -0.287598 -0.015000
v 0.062500 -0.287598 -0.015000
v 0.067000 -0.285000 -0.000000
v 0.065500 -0.282402 -0.000000
v 0.062500 -0.282402 -0.000000
v 0.061000 -0.285000 -0.000000
v 0.062500 -0.287598 -0.000000
v 0.065500 -0.287598 -0.000000
v 0.061000 -0.285000 -0.015000
v 0.061000 -0.285000 -0.000000
v 0.160000 -0.362500 -0.015000
v 0.160000 -0.362500 -0.000000
v 0.047500 -0.362500 -0.000000
v 0.047500 -0.362500 -0.015000
v 0.061000 -0.315000 -0.015000
v 0.062500 -0.312402 -0.015000
v 0.065500 -0.312402 -0.015000
v 0.067000 -0.315000 -0.015000
v 0.065500 -0.317598 -0.015000
v 0.062500 -0.317598 -0.015000
v 0.067000 -0.315000 -0.000000
v 0.065500 -0.312402 -0.000000
v 0.062500 -0.312402 -0.000000
v 0.061000 -0.315000 -0.000000
v 0.062500 -0.317598 -0.000000
v 0.065500 -0.317598 -0.000000
v 0.061000 -0.315000 -0.015000
v 0.061000 -0.315000 -0.000000
v 0.160000 -0.237500 -0.000000
v 0.160000 -0.237500 -0.015000
v 0.047500 -0.237500 -0.015000
v 0.047500 -0.237500 -0.000000
v 0.037500 -0.352500 -0.015000
v 0.038840 -0.357500 -0.015000
v 0.042500 -0.361160 -0.015000
v 0.047500 -0.362500 -0.015000
v 0.047500 -0.362500 -0.000000
v 0.042500 -0.361160 -0.000000
v 0.038840 -0.357500 -0.000000
v 0.037500 -0.352500 -0.000000
v 0.170000 -0.247500 -0.000000
v 0.168660 -0.242500 -0.000000
v 0.165000 -0.238840 -0.000000
v 0.160000 -0.237500 -0.000000
v 0.047500 -0.237500 -0.000000
v 0.042500 -0.238840 -0.000000
v 0.038840 -0.242500 -0.000000
v 0.037500 -0.247500 -0.000000
v 0.037500 -0.352500 -0.000000
v 0.038840 -0.357500 -0.000000
v 0.042500 -0.361160 -0.000000
v 0.047500 -0.362500 -0.000000
v 0.160000 -0.362500 -0.000000
v 0.165000 -0.361160 -0.000000
v 0.168660 -0.357500 -0.000000
v 0.170000 -0.352500 -0.000000
v 0.157500 -0.250000 -0.000000
v 0.155745 -0.254821 -0.000000
v 0.151302 -0.257386 -0.000000
v 0.146250 -0.256495 -0.000000
v 0.142952 -0.252565 -0.000000
v 0.142952 -0.247435 -0.000000
v 0.146250 -0.243505 -0.000000
v 0.151302 -0.242614 -0.000000
v 0.155745 -0.245179 -0.000000
v 0.057500 -0.250000 -0.000000
v 0.055745 -0.254821 -0.000000
v 0.051302 -0.257386 -0.000000
v 0.046250 -0.256495 -0.000000
v 0.042952 -0.252565 -0.000000
v 0.042952 -0.247435 -0.000000
v 0.046250 -0.243505 -0.000000
v 0.051302 -0.242614 -0.000000
v 0.055745 -0.245179 -0.000000
v 0.157500 -0.350000 -0.000000
v 0.155745 -0.354821 -0.000000
v 0.151302 -0.357386 -0.000000
v 0.146250 -0.356495 -0.000000
v 0.142952 -0.352565 -0.000000
v 0.142952 -0.347435 -0.000000
v 0.146250 -0.343505 -0.000000
v 0.151302 -0.342614 -0.000000
v 0.155745 -0.345179 -0.000000
v 0.057500 -0.350000 -0.000000
v 0.055745 -0.354821 -0.000000
v 0.051302 -0.357386 -0.000000
v 0.046250 -0.356495 -0.000000
v 0.042952 -0.352565 -0.000000
v 0.042952 -0.347435 -0.000000
v 0.046250 -0.343505 -0.000000
v 0.051302 -0.342614 -0.000000
v 0.055745 -0.345179 -0.000000
v 0.154000 -0.285000 -0.000000
v 0.152494 -0.288127 -0.000000
v 0.149110 -0.288900 -0.000000
v 0.146396 -0.286736 -0.000000
v 0.146396 -0.283264 -0.000000
v 0.149110 -0.281100 -0.000000
v 0.152494 -0.281873 -0.000000
v 0.154000 -0.315000 -0.000000
v 0.152494 -0.318127 -0.000000
v 0.149110 -0.318900 -0.000000
v 0.146396 -0.316736 -0.000000
v 0.146396 -0.313264 -0.000000
v 0.149110 -0.311100 -0.000000
v 0.152494 -0.311873 -0.000000
v 0.124000 -0.285000 -0.000000
v 0.122494 -0.288127 -0.000000
v 0.119110 -0.288900 -0.000000
v 0.116396 -0.286736 -0.000000
v 0.116396 -0.283264 -0.000000
v 0.119110 -0.281100 -0.000000
v 0.122494 -0.281873 -0.000000
v 0.124000 -0.315000 -0.000000
v 0.122494 -0.318127 -0.000000
v 0.119110 -0.318900 -0.000000
v 0.116396 -0.316736 -0.000000
v 0.116396 -0.313264 -0.000000
v 0.119110 -0.311100 -0.000000
v 0.122494 -0.311873 -0.000000
v 0.067000 -0.285000 -0.000000
v 0.065500 -0.287598 -0.000000
v 0.062500 -0.287598 -0.000000
v 0.061000 -0.285000 -0.000000
v 0.062500 -0.282402 -0.000000
v 0.065500 -0.282402 -0.000000
v 0.067000 -0.315000 -0.000000
v 0.065500 -0.317598 -0.000000
v 0.062500 -0.317598 -0.000000
v 0.061000 -0.315000 -0.000000
v 0.062500 -0.312402 -0.000000
v 0.065500 -0.312402 -0.000000
v 0.037500 -0.247500 -0.000000
v 0.037500 -0.247500 -0.015000
v 0.037500 -0.352500 -0.015000
v 0.037500 -0.352500 -0.000000
v 0.047500 -0.237500 -0.015000
v 0.042500 -0.238840 -0.015000
v 0.038840 -0.242500 -0.015000
v 0.037500 -0.247500 -0.015000
v 0.037500 -0.247500 -0.000000
v 0.038840 -0.242500 -0.000000
v 0.042500 -0.238840 -0.000000
v 0.047500 -0.237500 -0.000000
v 0.160000 -0.362500 -0.015000
v 0.165000 -0.361160 -0.015000
v 0.168660 -0.357500 -0.015000
v 0.170000 -0.352500 -0.015000
v 0.170000 -0.352500 -0.000000
v 0.168660 -0.357500 -0.000000
v 0.165000 -0.361160 -0.000000
v 0.160000 -0.362500 -0.000000
v 0.170000 -0.247500 -0.015000
v 0.170000 -0.247500 -0.000000
v 0.170000 -0.352500 -0.000000
v 0.170000 -0.352500 -0.015000
v 0.160000 -0.237500 -0.015000
v 0.165000 -0.238840 -0.015000
v 0.168660 -0.242500 -0.015000
v 0.170000 -0.247500 -0.015000
v 0.170000 -0.352500 -0.015000
v 0.168660 -0.357500 -0.015000
v 0.165000 -0.361160 -0.015000
v 0.160000 -0.362500 -0.015000
v 0.047500 -0.362500 -0.015000
v 0.042500 -0.361160 -0.015000
v 0.038840 -0.357500 -0.015000
v 0.037500 -0.352500 -0.015000
v 0.037500 -0.247500 -0.015000
v 0.038840 -0.242500 -0.015000
v 0.042500 -0.238840 -0.015000
v 0.047500 -0.237500 -0.015000
v 0.061000 -0.315000 -0.015000
v 0.062500 -0.317598 -0.015000
v 0.065500 -0.317598 -0.015000
v 0.067000 -0.315000 -0.015000
v 0.065500 -0.312402 -0.015000
v 0.062500 -0.312402 -0.015000
v 0.061000 -0.285000 -0.015000
v 0.062500 -0.287598 -0.015000
v 0.065500 -0.287598 -0.015000
v 0.067000 -0.285000 -0.015000
v 0.065500 -0.282402 -0.015000
v 0.062500 -0.282402 -0.015000
v 0.112500 -0.315000 -0.015000
v 0.114255 -0.319821 -0.015000
v 0.118698 -0.322386 -0.015000
v 0.123750 -0.321495 -0.015000
v 0.127048 -0.317565 -0.015000
v 0.127048 -0.312435 -0.015000
v 0.123750 -0.308505 -0.015000
v 0.118698 -0.307614 -0.015000
v 0.114255 -0.310179 -0.015000
v 0.142500 -0.315000 -0.015000
v 0.144255 -0.319821 -0.015000
v 0.148698 -0.322386 -0.015000
v 0.153750 -0.321495 -0.015000
v 0.157048 -0.317565 -0.015000
v 0.157048 -0.312435 -0.015000
v 0.153750 -0.308505 -0.015000
v 0.148698 -0.307614 -0.015000
v 0.144255 -0.310179 -0.015000
v 0.112500 -0.285000 -0.015000
v 0.114255 -0.289821 -0.015000
v 0.118698 -0.292386 -0.015000
v 0.123750 -0.291495 -0.015000
v 0.127048 -0.287565 -0.015000
v 0.127048 -0.282435 -0.015000
v 0.123750 -0.278505 -0.015000
v 0.118698 -0.277614 -0.015000
v 0.114255 -0.280179 -0.015000
v 0.142500 -0.285000 -0.015000
v 0.144255 -0.289821 -0.015000
v 0.148698 -0.292386 -0.015000
v 0.153750 -0.291495 -0.015000
v 0.157048 -0.287565 -0.015000
v 0.157048 -0.282435 -0.015000
v 0.153750 -0.278505 -0.015000
v 0.148698 -0.277614 -0.015000
v 0.144255 -0.280179 -0.015000
v 0.054000 -0.350000 -0.015000
v 0.052494 -0.346873 -0.015000
v 0.049110 -0.346100 -0.015000
v 0.046396 -0.348264 -0.015000
v 0.046396 -0.351736 -0.015000
v 0.049110 -0.353900 -0.015000
v 0.052494 -0.353127 -0.015000
v 0.154000 -0.350000 -0.015000
v 0.152494 -0.346873 -0.015000
v 0.149110 -0.346100 -0.015000
v 0.146396 -0.348264 -0.015000
v 0.146396 -0.351736 -0.015000
v 0.149110 -0.353900 -0.015000
v 0.152494 -0.353127 -0.015000
v 0.154000 -0.250000 -0.015000
v 0.152494 -0.246873 -0.015000
v 0.149110 -0.246100 -0.015000
v 0.146396 -0.248264 -0.015000
v 0.146396 -0.251736 -0.015000
v 0.149110 -0.253900 -0.015000
v 0.152494 -0.253127 -0.015000
v 0.054000 -0.250000 -0.015000
v 0.052494 -0.246873 -0.015000
v 0.049110 -0.246100 -0.015000
v 0.046396 -0.248264 -0.015000
v 0.046396 -0.251736 -0.015000
v 0.049110 -0.253900 -0.015000
v 0.052494 -0.253127 -0.015000
v 0.160000 -0.237500 -0.000000
v 0.165000 -0.238840 -0.000000
v 0.168660 -0.242500 -0.000000
v 0.170000 -0.247500 -0.000000
v 0.170000 -0.247500 -0.015000
v 0.168660 -0.242500 -0.015000
v 0.165000 -0.238840 -0.015000
v 0.160000 -0.237500 -0.015000
f 4382 4391 4381
f 4381 4391 4392
f 4381 4392 4387
f 4387 4392 4393
f 4387 4393 4386
f 4386 4393 4394
f 4386 4394 4385
f 4385 4394 4396
f 4385 4396 4384
f 4395 4388 4389
f 4395 4389 4383
f 4383 4389 4390
f 4383 4390 4382
f 4382 4390 4391
f 4398 4407 4397
f 4397 4407 4408
f 4397 4408 4403
f 4403 4408 4409
f 4403 4409 4402
f 4402 4409 4410
f 4402 4410 4401
f 4401 4410 4412
f 4401 4412 4400
f 4411 4404 4405
f 4411 4405 4399
f 4399 4405 4406
f 4399 4406 4398
f 4398 4406 4407
f 4414 4423 4413
f 4413 4423 4424
f 4413 4424 4419
f 4419 4424 4425
f 4419 4425 4418
f 4418 4425 4426
f 4418 4426 4417
f 4417 4426 4428
f 4417 4428 4416
f 4427 4420 4421
f 4427 4421 4415
f 4415 4421 4422
f 4415 4422 4414
f 4414 4422 4423
f 4430 4442 4429
f 4429 4442 4444
f 4443 4436 4435
f 4435 4436 4437
f 4435 4437 4434
f 4434 4437 4438
f 4434 4438 4433
f 4433 4438 4439
f 4433 4439 4432
f 4432 4439 4440
f 4432 4440 4431
f 4431 4440 4441
f 4431 4441 4430
f 4430 4441 4442
f 4453 4445 4454
f 4454 4445 4446
f 4454 4446 4460
f 4460 4446 4447
f 4460 4447 4459
f 4459 4447 4448
f 4459 4448 4458
f 4458 4448 4449
f 4458 4449 4450
f 4458 4450 4457
f 4457 4450 4451
f 4457 4451 4456
f 4456 4451 4452
f 4456 4452 4455
f 4455 4452 4453
f 4455 4453 4454
f 4462 4471 4461
f 4461 4471 4472
f 4461 4472 4467
f 4467 4472 4473
f 4467 4473 4466
f 4466 4473 4474
f 4466 4474 4465
f 4465 4474 4476
f 4465 4476 4464
f 4475 4468 4469
f 4475 4469 4463
f 4463 4469 4470
f 4463 4470 4462
f 4462 4470 4471
f 4485 4477 4486
f 4486 4477 4478
f 4486 4478 4492
f 4492 4478 4479
f 4492 4479 4491
f 4491 4479 4480
f 4491 4480 4490
f 4490 4480 4481
f 4490 4481 4482
f 4490 4482 4489
f 4489 4482 4483
f 4489 4483 4488
f 4488 4483 4484
f 4488 4484 4487
f 4487 4484 4485
f 4487 4485 4486
f 4494 4506 4493
f 4493 4506 4508
f 4507 4500 4499
f 4499 4500 4501
f 4499 4501 4498
f 4498 4501 4502
f 4498 4502 4497
f 4497 4502 4503
f 4497 4503 4496
f 4496 4503 4504
f 4496 4504 4495
f 4495 4504 4505
f 4495 4505 4494
f 4494 4505 4506
f 4510 4522 4509
f 4509 4522 4524
f 4523 4516 4515
f 4515 4516 4517
f 4515 4517 4514
f 4514 4517 4518
f 4514 4518 4513
f 4513 4518 4519
f 4513 4519 4512
f 4512 4519 4520
f 4512 4520 4511
f 4511 4520 4521
f 4511 4521 4510
f 4510 4521 4522
f 4533 4525 4534
f 4534 4525 4526
f 4534 4526 4540
f 4540 4526 4527
f 4540 4527 4539
f 4539 4527 4528
f 4539 4528 4538
f 4538 4528 4529
f 4538 4529 4530
f 4538 4530 4537
f 4537 4530 4531
f 4537 4531 4536
f 4536 4531 4532
f 4536 4532 4535
f 4535 4532 4533
f 4535 4533 4534
f 4542 4550 4541
f 4541 4550 4551
f 4541 4551 4549
f 4549 4551 4552
f 4549 4552 4548
f 4548 4552 4553
f 4548 4553 4547
f 4547 4553 4560
f 4547 4560 4546
f 4559 4554 4555
f 4559 4555 4545
f 4545 4555 4556
f 4545 4556 4544
f 4544 4556 4557
f 4544 4557 4543
f 4543 4557 4558
f 4543 4558 4542
f 4542 4558 4550
f 4569 4561 4570
f 4570 4561 4562
f 4570 4562 4576
f 4576 4562 4563
f 4576 4563 4575
f 4575 4563 4564
f 4575 4564 4574
f 4574 4564 4565
f 4574 4565 4566
f 4574 4566 4573
f 4573 4566 4567
f 4573 4567 4572
f 4572 4567 4568
f 4572 4568 4571
f 4571 4568 4569
f 4571 4569 4570
f 4578 4586 4577
f 4577 4586 4587
f 4577 4587 4585
f 4585 4587 4588
f 4585 4588 4584
f 4584 4588 4589
f 4584 4589 4583
f 4583 4589 4596
f 4583 4596 4582
f 4595 4590 4591
f 4595 4591 4581
f 4581 4591 4592
f 4581 4592 4580
f 4580 4592 4593
f 4580 4593 4579
f 4579 4593 4594
f 4579 4594 4578
f 4578 4594 4586
f 4598 4610 4597
f 4597 4610 4612
f 4611 4604 4603
f 4603 4604 4605
f 4603 4605 4602
f 4602 4605 4606
f 4602 4606 4601
f 4601 4606 4607
f 4601 4607 4600
f 4600 4607 4608
f 4600 4608 4599
f 4599 4608 4609
f 4599 4609 4598
f 4598 4609 4610
f 4621 4613 4622
f 4622 4613 4614
f 4622 4614 4628
f 4628 4614 4615
f 4628 4615 4627
f 4627 4615 4616
f 4627 4616 4626
f 4626 4616 4617
f 4626 4617 4618
f 4626 4618 4625
f 4625 4618 4619
f 4625 4619 4624
f 4624 4619 4620
f 4624 4620 4623
f 4623 4620 4621
f 4623 4621 4622
f 4630 4638 4629
f 4629 4638 4639
f 4629 4639 4637
f 4637 4639 4640
f 4637 4640 4636
f 4636 4640 4641
f 4636 4641 4635
f 4635 4641 4648
f 4635 4648 4634
f 4647 4642 4643
f 4647 4643 4633
f 4633 4643 4644
f 4633 4644 4632
f 4632 4644 4645
f 4632 4645 4631
f 4631 4645 4646
f 4631 4646 4630
f 4630 4646 4638
f 4657 4649 4658
f 4658 4649 4650
f 4658 4650 4664
f 4664 4650 4651
f 4664 4651 4663
f 4663 4651 4652
f 4663 4652 4662
f 4662 4652 4653
f 4662 4653 4654
f 4662 4654 4661
f 4661 4654 4655
f 4661 4655 4660
f 4660 4655 4656
f 4660 4656 4659
f 4659 4656 4657
f 4659 4657 4658
f 4666 4674 4665
f 4665 4674 4675
f 4665 4675 4673
f 4673 4675 4676
f 4673 4676 4672
f 4672 4676 4677
f 4672 4677 4671
f 4671 4677 4684
f 4671 4684 4670
f 4683 4678 4679
f 4683 4679 4669
f 4669 4679 4680
f 4669 4680 4668
f 4668 4680 4681
f 4668 4681 4667
f 4667 4681 4682
f 4667 4682 4666
f 4666 4682 4674
f 4693 4685 4694
f 4694 4685 4686
f 4694 4686 4700
f 4700 4686 4687
f 4700 4687 4699
f 4699 4687 4688
f 4699 4688 4698
f 4698 4688 4689
f 4698 4689 4690
f 4698 4690 4697
f 4697 4690 4691
f 4697 4691 4696
f 4696 4691 4692
f 4696 4692 4695
f 4695 4692 4693
f 4695 4693 4694
f 4702 4710 4701
f 4701 4710 4711
f 4701 4711 4709
f 4709 4711 4712
f 4709 4712 4708
f 4708 4712 4713
f 4708 4713 4707
f 4707 4713 4720
f 4707 4720 4706
f 4719 4714 4715
f 4719 4715 4705
f 4705 4715 4716
f 4705 4716 4704
f 4704 4716 4717
f 4704 4717 4703
f 4703 4717 4718
f 4703 4718 4702
f 4702 4718 4710
f 4722 4730 4721
f 4721 4730 4731
f 4721 4731 4729
f 4729 4731 4732
f 4729 4732 4728
f 4728 4732 4733
f 4728 4733 4727
f 4727 4733 4740
f 4727 4740 4726
f 4739 4734 4735
f 4739 4735 4725
f 4725 4735 4736
f 4725 4736 4724
f 4724 4736 4737
f 4724 4737 4723
f 4723 4737 4738
f 4723 4738 4722
f 4722 4738 4730
f 4749 4741 4750
f 4750 4741 4742
f 4750 4742 4756
f 4756 4742 4743
f 4756 4743 4755
f 4755 4743 4744
f 4755 4744 4754
f 4754 4744 4745
f 4754 4745 4746
f 4754 4746 4753
f 4753 4746 4747
f 4753 4747 4752
f 4752 4747 4748
f 4752 4748 4751
f 4751 4748 4749
f 4751 4749 4750
f 4758 4766 4757
f 4757 4766 4767
f 4757 4767 4765
f 4765 4767 4768
f 4765 4768 4764
f 4764 4768 4769
f 4764 4769 4763
f 4763 4769 4776
f 4763 4776 4762
f 4775 4770 4771
f 4775 4771 4761
f 4761 4771 4772
f 4761 4772 4760
f 4760 4772 4773
f 4760 4773 4759
f 4759 4773 4774
f 4759 4774 4758
f 4758 4774 4766
f 4778 4786 4777
f 4777 4786 4787
f 4777 4787 4785
f 4785 4787 4788
f 4785 4788 4784
f 4784 4788 4789
f 4784 4789 4783
f 4783 4789 4796
f 4783 4796 4782
f 4795 4790 4791
f 4795 4791 4781
f 4781 4791 4792
f 4781 4792 4780
f 4780 4792 4793
f 4780 4793 4779
f 4779 4793 4794
f 4779 4794 4778
f 4778 4794 4786
f 4798 4805 4797
f 4797 4805 4810
f 4809 4806 4802
f 4802 4806 4807
f 4802 4807 4801
f 4801 4807 4808
f 4801 4808 4800
f 4800 4808 4803
f 4800 4803 4799
f 4799 4803 4804
f 4799 4804 4798
f 4798 4804 4805
f 4812 4813 4811
f 4811 4813 4814
f 4816 4823 4815
f 4815 4823 4828
f 4827 4824 4820
f 4820 4824 4825
f 4820 4825 4819
f 4819 4825 4826
f 4819 4826 4818
f 4818 4826 4821
f 4818 4821 4817
f 4817 4821 4822
f 4817 4822 4816
f 4816 4822 4823
f 4830 4831 4829
f 4829 4831 4832
f 4840 4833 4839
f 4839 4833 4834
f 4839 4834 4838
f 4838 4834 4835
f 4838 4835 4837
f 4837 4835 4836
f 4842 4857 4841
f 4841 4857 4858
f 4841 4858 4899
f 4899 4858 4859
f 4899 4859 4898
f 4898 4859 4860
f 4898 4860 4897
f 4897 4860 4913
f 4897 4913 4907
f 4857 4842 4865
f 4865 4842 4843
f 4865 4843 4844
f 4845 4863 4844
f 4844 4863 4864
f 4844 4864 4865
f 4846 4872 4845
f 4845 4872 4873
f 4845 4873 4874
f 4846 4847 4872
f 4872 4847 4871
f 4871 4847 4848
f 4871 4848 4870
f 4870 4848 4869
f 4869 4848 4849
f 4869 4849 4890
f 4890 4849 4889
f 4889 4849 4888
f 4888 4849 4850
f 4888 4850 4887
f 4887 4850 4851
f 4887 4851 4852
f 4853 4878 4852
f 4852 4878 4885
f 4852 4885 4886
f 4854 4876 4853
f 4853 4876 4877
f 4853 4877 4878
f 4854 4855 4876
f 4876 4855 4875
f 4875 4855 4856
f 4875 4856 4883
f 4883 4856 4901
f 4883 4901 4882
f 4882 4901 4902
f 4882 4902 4881
f 4881 4902 4903
f 4881 4903 4915
f 4915 4903 4914
f 4914 4903 4904
f 4914 4904 4920
f 4920 4904 4896
f 4920 4896 4908
f 4908 4896 4907
f 4907 4896 4897
f 4841 4893 4856
f 4856 4893 4900
f 4856 4900 4901
f 4860 4861 4913
f 4913 4861 4912
f 4912 4861 4862
f 4912 4862 4866
f 4866 4862 4874
f 4874 4862 4863
f 4874 4863 4845
f 4867 4926 4866
f 4866 4926 4911
f 4866 4911 4912
f 4926 4867 4925
f 4925 4867 4868
f 4925 4868 4869
f 4878 4879 4885
f 4885 4879 4884
f 4884 4879 4916
f 4884 4916 4917
f 4879 4880 4916
f 4916 4880 4915
f 4915 4880 4881
f 4886 4887 4852
f 4891 4929 4890
f 4890 4929 4930
f 4890 4930 4924
f 4924 4930 4931
f 4924 4931 4923
f 4923 4931 4932
f 4923 4932 4922
f 4922 4932 4918
f 4922 4918 4910
f 4910 4918 4909
f 4909 4918 4919
f 4909 4919 4920
f 4891 4892 4929
f 4929 4892 4928
f 4928 4892 4884
f 4928 4884 4917
f 4893 4894 4900
f 4900 4894 4906
f 4906 4894 4895
f 4906 4895 4905
f 4905 4895 4904
f 4904 4895 4896
f 4899 4893 4841
f 4908 4909 4920
f 4922 4910 4921
f 4921 4910 4911
f 4921 4911 4926
f 4928 4917 4927
f 4927 4917 4918
f 4927 4918 4932
f 4890 4924 4869
f 4869 4924 4925
f 4934 4935 4933
f 4933 4935 4936
f 4944 4937 4943
f 4943 4937 4938
f 4943 4938 4942
f 4942 4938 4939
f 4942 4939 4941
f 4941 4939 4940
f 4952 4945 4951
f 4951 4945 4946
f 4951 4946 4950
f 4950 4946 4947
f 4950 4947 4949
f 4949 4947 4948
f 4954 4955 4953
f 4953 4955 4956
f 4958 5036 4957
f 4957 5036 5037
f 4957 5037 4972
f 4972 5037 5038
f 4972 5038 5043
f 5043 5038 5042
f 5042 5038 5010
f 5042 5010 5011
f 5036 4958 5035
f 5035 4958 4959
f 5035 4959 4960
f 4961 5016 4960
f 4960 5016 5017
f 4960 5017 5018
f 4962 5028 4961
f 4961 5028 5029
f 4961 5029 4997
f 4997 5029 5030
f 4997 5030 4996
f 4996 5030 4995
f 4995 5030 5031
f 4995 5031 4988
f 4988 5031 4987
f 4987 5031 5032
f 4987 5032 5021
f 5021 5032 5027
f 5027 5032 4965
f 5027 4965 5026
f 5026 4965 4966
f 5026 4966 5025
f 5025 4966 4967
f 5025 4967 4968
f 4962 4963 5028
f 5028 4963 5034
f 5034 4963 4964
f 5034 4964 5033
f 5033 4964 4965
f 5033 4965 5032
f 4969 4979 4968
f 4968 4979 4973
f 4968 4973 5023
f 5023 4973 4974
f 5023 4974 5022
f 5022 4974 4975
f 5022 4975 5021
f 5021 4975 4986
f 5021 4986 4987
f 4970 5045 4969
f 4969 5045 5046
f 4969 5046 5047
f 4970 4971 5045
f 5045 4971 5044
f 5044 4971 4972
f 5044 4972 5043
f 4975 4976 4986
f 4986 4976 4985
f 4985 4976 4993
f 4993 4976 4977
f 4993 4977 4981
f 4981 4977 4978
f 4981 4978 4980
f 4980 4978 4979
f 4979 4978 4973
f 4993 4981 5004
f 5004 4981 4982
f 5004 4982 5003
f 5003 4982 5011
f 5011 4982 4983
f 5011 4983 5042
f 5042 4983 5048
f 5048 4983 4984
f 5048 4984 5047
f 5047 4984 4979
f 5047 4979 4969
f 4988 4989 4995
f 4995 4989 4994
f 4994 4989 4990
f 4994 4990 5002
f 5002 4990 4991
f 5002 4991 5013
f 5013 4991 5006
f 5013 5006 5007
f 5006 4991 5005
f 5005 4991 4992
f 5005 4992 5004
f 5004 4992 4993
f 4997 4998 4961
f 4961 4998 4999
f 4961 4999 5016
f 5016 4999 5015
f 5015 4999 5000
f 5015 5000 5014
f 5014 5000 5001
f 5014 5001 5002
f 5013 5007 5012
f 5012 5007 5008
f 5012 5008 5020
f 5020 5008 5009
f 5020 5009 5039
f 5039 5009 5010
f 5039 5010 5038
f 5013 5014 5002
f 5019 5040 5018
f 5018 5040 5041
f 5018 5041 4960
f 4960 5041 5035
f 5019 5020 5040
f 5040 5020 5039
f 5023 5024 4968
f 4968 5024 5025
f 5056 5049 5055
f 5055 5049 5050
f 5055 5050 5054
f 5054 5050 5051
f 5054 5051 5053
f 5053 5051 5052
o pad_r
v 0.116000 0.315000 -0.005000
v 0.117506 0.318127 -0.005000
v 0.120890 0.318900 -0.005000
v 0.123604 0.316736 -0.005000
v 0.123604 0.313264 -0.005000
v 0.120890 0.311100 -0.005000
v 0.117506 0.311873 -0.005000
v 0.124000 0.315000 -0.000000
v 0.122494 0.318127 -0.000000
v 0.119110 0.318900 -0.000000
v 0.116396 0.316736 -0.000000
v 0.116396 0.313264 -0.000000
v 0.119110 0.311100 -0.000000
v 0.122494 0.311873 -0.000000
v 0.123604 0.316736 -0.005000
v 0.124000 0.315000 -0.000000
v 0.146000 0.285000 -0.005000
v 0.147506 0.288127 -0.005000
v 0.150890 0.288900 -0.005000
v 0.153604 0.286736 -0.005000
v 0.153604 0.283264 -0.005000
v 0.150890 0.281100 -0.005000
v 0.147506 0.281873 -0.005000
v 0.154000 0.285000 -0.000000
v 0.152494 0.288127 -0.000000
v 0.149110 0.288900 -0.000000
v 0.146396 0.286736 -0.000000
v 0.146396 0.283264 -0.000000
v 0.149110 0.281100 -0.000000
v 0.152494 0.281873 -0.000000
v 0.153604 0.286736 -0.005000
v 0.154000 0.285000 -0.000000
v 0.116000 0.285000 -0.005000
v 0.117506 0.288127 -0.005000
v 0.120890 0.288900 -0.005000
v 0.123604 0.286736 -0.005000
v 0.123604 0.283264 -0.005000
v 0.120890 0.281100 -0.005000
v 0.117506 0.281873 -0.005000
v 0.124000 0.285000 -0.000000
v 0.122494 0.288127 -0.000000
v 0.119110 0.288900 -0.000000
v 0.116396 0.286736 -0.000000
v 0.116396 0.283264 -0.000000
v 0.119110 0.281100 -0.000000
v 0.122494 0.281873 -0.000000
v 0.123604 0.286736 -0.005000
v 0.124000 0.285000 -0.000000
v 0.154000 0.250000 -0.010000
v 0.152494 0.253127 -0.010000
v 0.149110 0.253900 -0.010000
v 0.146396 0.251736 -0.010000
v 0.146396 0.248264 -0.010000
v 0.149110 0.246100 -0.010000
v 0.152494 0.246873 -0.010000
v 0.154000 0.250000 -0.015000
v 0.152494 0.246873 -0.015000
v 0.149110 0.246100 -0.015000
v 0.146396 0.248264 -0.015000
v 0.146396 0.251736 -0.015000
v 0.149110 0.253900 -0.015000
v 0.152494 0.253127 -0.015000
v 0.154000 0.250000 -0.010000
v 0.154000 0.250000 -0.015000
v 0.057500 0.250000 -0.010000
v 0.055745 0.254821 -0.010000
v 0.051302 0.257386 -0.010000
v 0.046250 0.256495 -0.010000
v 0.042952 0.252565 -0.010000
v 0.042952 0.247435 -0.010000
v 0.046250 0.243505 -0.010000
v 0.051302 0.242614 -0.010000
v 0.055745 0.245179 -0.010000
v 0.054000 0.250000 -0.010000
v 0.052494 0.246873 -0.010000
v 0.049110 0.246100 -0.010000
v 0.046396 0.248264 -0.010000
v 0.046396 0.251736 -0.010000
v 0.049110 0.253900 -0.010000
v 0.052494 0.253127 -0.010000
v 0.146000 0.315000 -0.005000
v 0.147506 0.318127 -0.005000
v 0.150890 0.318900 -0.005000
v 0.153604 0.316736 -0.005000
v 0.153604 0.313264 -0.005000
v 0.150890 0.311100 -0.005000
v 0.147506 0.311873 -0.005000
v 0.154000 0.315000 -0.000000
v 0.152494 0.318127 -0.000000
v 0.149110 0.318900 -0.000000
v 0.146396 0.316736 -0.000000
v 0.146396 0.313264 -0.000000
v 0.149110 0.311100 -0.000000
v 0.152494 0.311873 -0.000000
v 0.153604 0.316736 -0.005000
v 0.154000 0.315000 -0.000000
v 0.142500 0.315000 -0.005000
v 0.144255 0.319821 -0.005000
v 0.148698 0.322386 -0.005000
v 0.153750 0.321495 -0.005000
v 0.157048 0.317565 -0.005000
v 0.157048 0.312435 -0.005000
v 0.153750 0.308505 -0.005000
v 0.148698 0.307614 -0.005000
v 0.144255 0.310179 -0.005000
v 0.146000 0.315000 -0.005000
v 0.147506 0.311873 -0.005000
v 0.150890 0.311100 -0.005000
v 0.153604 0.313264 -0.005000
v 0.153604 0.316736 -0.005000
v 0.150890 0.318900 -0.005000
v 0.147506 0.318127 -0.005000
v 0.054000 0.250000 -0.010000
v 0.052494 0.253127 -0.010000
v 0.049110 0.253900 -0.010000
v 0.046396 0.251736 -0.010000
v 0.046396 0.248264 -0.010000
v 0.049110 0.246100 -0.010000
v 0.052494 0.246873 -0.010000
v 0.054000 0.250000 -0.015000
v 0.052494 0.246873 -0.015000
v 0.049110 0.246100 -0.015000
v 0.046396 0.248264 -0.015000
v 0.046396 0.251736 -0.015000
v 0.049110 0.253900 -0.015000
v 0.052494 0.253127 -0.015000
v 0.054000 0.250000 -0.010000
v 0.054000 0.250000 -0.015000
v 0.154000 0.350000 -0.010000
v 0.152494 0.353127 -0.010000
v 0.149110 0.353900 -0.010000
v 0.146396 0.351736 -0.010000
v 0.146396 0.348264 -0.010000
v 0.149110 0.346100 -0.010000
v 0.152494 0.346873 -0.010000
v 0.154000 0.350000 -0.015000
v 0.152494 0.346873 -0.015000
v 0.149110 0.346100 -0.015000
v 0.146396 0.348264 -0.015000
v 0.146396 0.351736 -0.015000
v 0.149110 0.353900 -0.015000
v 0.152494 0.353127 -0.015000
v 0.154000 0.350000 -0.010000
v 0.154000 0.350000 -0.015000
v 0.157500 0.250000 -0.010000
v 0.155745 0.254821 -0.010000
v 0.151302 0.257386 -0.010000
v 0.146250 0.256495 -0.010000
v 0.142952 0.252565 -0.010000
v 0.142952 0.247435 -0.010000
v 0.146250 0.243505 -0.010000
v 0.151302 0.242614 -0.010000
v 0.155745 0.245179 -0.010000
v 0.154000 0.250000 -0.010000
v 0.152494 0.246873 -0.010000
v 0.149110 0.246100 -0.010000
v 0.146396 0.248264 -0.010000
v 0.146396 0.251736 -0.010000
v 0.149110 0.253900 -0.010000
v 0.152494 0.253127 -0.010000
v 0.057500 0.250000 -0.010000
v 0.055745 0.245179 -0.010000
v 0.051302 0.242614 -0.010000
v 0.046250 0.243505 -0.010000
v 0.042952 0.247435 -0.010000
v 0.042952 0.252565 -0.010000
v 0.046250 0.256495 -0.010000
v 0.051302 0.257386 -0.010000
v 0.055745 0.254821 -0.010000
v 0.057500 0.250000 -0.000000
v 0.055745 0.254821 -0.000000
v 0.051302 0.257386 -0.000000
v 0.046250 0.256495 -0.000000
v 0.042952 0.252565 -0.000000
v 0.042952 0.247435 -0.000000
v 0.046250 0.243505 -0.000000
v 0.051302 0.242614 -0.000000
v 0.055745 0.245179 -0.000000
v 0.042952 0.252565 -0.010000
v 0.042952 0.252565 -0.000000
v 0.112500 0.315000 -0.005000
v 0.114255 0.319821 -0.005000
v 0.118698 0.322386 -0.005000
v 0.123750 0.321495 -0.005000
v 0.127048 0.317565 -0.005000
v 0.127048 0.312435 -0.005000
v 0.123750 0.308505 -0.005000
v 0.118698 0.307614 -0.005000
v 0.114255 0.310179 -0.005000
v 0.116000 0.315000 -0.005000
v 0.117506 0.311873 -0.005000
v 0.120890 0.311100 -0.005000
v 0.123604 0.313264 -0.005000
v 0.123604 0.316736 -0.005000
v 0.120890 0.318900 -0.005000
v 0.117506 0.318127 -0.005000
v 0.142500 0.315000 -0.005000
v 0.144255 0.310179 -0.005000
v 0.148698 0.307614 -0.005000
v 0.153750 0.308505 -0.005000
v 0.157048 0.312435 -0.005000
v 0.157048 0.317565 -0.005000
v 0.153750 0.321495 -0.005000
v 0.148698 0.322386 -0.005000
v 0.144255 0.319821 -0.005000
v 0.142500 0.315000 -0.015000
v 0.144255 0.319821 -0.015000
v 0.148698 0.322386 -0.015000
v 0.153750 0.321495 -0.015000
v 0.157048 0.317565 -0.015000
v 0.157048 0.312435 -0.015000
v 0.153750 0.308505 -0.015000
v 0.148698 0.307614 -0.015000
v 0.144255 0.310179 -0.015000
v 0.157048 0.317565 -0.005000
v 0.157048 0.317565 -0.015000
v 0.054000 0.350000 -0.010000
v 0.052494 0.353127 -0.010000
v 0.049110 0.353900 -0.010000
v 0.046396 0.351736 -0.010000
v 0.046396 0.348264 -0.010000
v 0.049110 0.346100 -0.010000
v 0.052494 0.346873 -0.010000
v 0.054000 0.350000 -0.015000
v 0.052494 0.346873 -0.015000
v 0.049110 0.346100 -0.015000
v 0.046396 0.348264 -0.015000
v 0.046396 0.351736 -0.015000
v 0.049110 0.353900 -0.015000
v 0.052494 0.353127 -0.015000
v 0.054000 0.350000 -0.010000
v 0.054000 0.350000 -0.015000
v 0.057500 0.350000 -0.010000
v 0.055745 0.354821 -0.010000
v 0.051302 0.357386 -0.010000
v 0.046250 0.356495 -0.010000
v 0.042952 0.352565 -0.010000
v 0.042952 0.347435 -0.010000
v 0.046250 0.343505 -0.010000
v 0.051302 0.342614 -0.010000
v 0.055745 0.345179 -0.010000
v 0.054000 0.350000 -0.010000
v 0.052494 0.346873 -0.010000
v 0.049110 0.346100 -0.010000
v 0.046396 0.348264 -0.010000
v 0.046396 0.351736 -0.010000
v 0.049110 0.353900 -0.010000
v 0.052494 0.353127 -0.010000
v 0.157500 0.250000 -0.010000
v 0.155745 0.245179 -0.010000
v 0.151302 0.242614 -0.010000
v 0.146250 0.243505 -0.010000
v 0.142952 0.247435 -0.010000
v 0.142952 0.252565 -0.010000
v 0.146250 0.256495 -0.010000
v 0.151302 0.257386 -0.010000
v 0.155745 0.254821 -0.010000
v 0.157500 0.250000 -0.000000
v 0.155745 0.254821 -0.000000
v 0.151302 0.257386 -0.000000
v 0.146250 0.256495 -0.000000
v 0.142952 0.252565 -0.000000
v 0.142952 0.247435 -0.000000
v 0.146250 0.243505 -0.000000
v 0.151302 0.242614 -0.000000
v 0.155745 0.245179 -0.000000
v 0.142952 0.252565 -0.010000
v 0.142952 0.252565 -0.000000
v 0.142500 0.285000 -0.005000
v 0.144255 0.289821 -0.005000
v 0.148698 0.292386 -0.005000
v 0.153750 0.291495 -0.005000
v 0.157048 0.287565 -0.005000
v 0.157048 0.282435 -0.005000
v 0.153750 0.278505 -0.005000
v 0.148698 0.277614 -0.005000
v 0.144255 0.280179 -0.005000
v 0.146000 0.285000 -0.005000
v 0.147506 0.281873 -0.005000
v 0.150890 0.281100 -0.005000
v 0.153604 0.283264 -0.005000
v 0.153604 0.286736 -0.005000
v 0.150890 0.288900 -0.005000
v 0.147506 0.288127 -0.005000
v 0.112500 0.315000 -0.005000
v 0.114255 0.310179 -0.005000
v 0.118698 0.307614 -0.005000
v 0.123750 0.308505 -0.005000
v 0.127048 0.312435 -0.005000
v 0.127048 0.317565 -0.005000
v 0.123750 0.321495 -0.005000
v 0.118698 0.322386 -0.005000
v 0.114255 0.319821 -0.005000
v 0.112500 0.315000 -0.015000
v 0.114255 0.319821 -0.015000
v 0.118698 0.322386 -0.015000
v 0.123750 0.321495 -0.015000
v 0.127048 0.317565 -0.015000
v 0.127048 0.312435 -0.015000
v 0.123750 0.308505 -0.015000
v 0.118698 0.307614 -0.015000
v 0.114255 0.310179 -0.015000
v 0.127048 0.317565 -0.005000
v 0.127048 0.317565 -0.015000
v 0.157500 0.350000 -0.010000
v 0.155745 0.354821 -0.010000
v 0.151302 0.357386 -0.010000
v 0.146250 0.356495 -0.010000
v 0.142952 0.352565 -0.010000
v 0.142952 0.347435 -0.010000
v 0.146250 0.343505 -0.010000
v 0.151302 0.342614 -0.010000
v 0.155745 0.345179 -0.010000
v 0.154000 0.350000 -0.010000
v 0.152494 0.346873 -0.010000
v 0.149110 0.346100 -0.010000
v 0.146396 0.348264 -0.010000
v 0.146396 0.351736 -0.010000
v 0.149110 0.353900 -0.010000
v 0.152494 0.353127 -0.010000
v 0.057500 0.350000 -0.010000
v 0.055745 0.345179 -0.010000
v 0.051302 0.342614 -0.010000
v 0.046250 0.343505 -0.010000
v 0.042952 0.347435 -0.010000
v 0.042952 0.352565 -0.010000
v 0.046250 0.356495 -0.010000
v 0.051302 0.357386 -0.010000
v 0.055745 0.354821 -0.010000
v 0.057500 0.350000 0.000000
v 0.055745 0.354821 0.000000
v 0.051302 0.357386 0.000000
v 0.046250 0.356495 0.000000
v 0.042952 0.352565 0.000000
v 0.042952 0.347435 0.000000
v 0.046250 0.343505 0.000000
v 0.051302 0.342614 0.000000
v 0.055745 0.345179 0.000000
v 0.042952 0.352565 -0.010000
v 0.042952 0.352565 0.000000
v 0.142500 0.285000 -0.005000
v 0.144255 0.280179 -0.005000
v 0.148698 0.277614 -0.005000
v 0.153750 0.278505 -0.005000
v 0.157048 0.282435 -0.005000
v 0.157048 0.287565 -0.005000
v 0.153750 0.291495 -0.005000
v 0.148698 0.292386 -0.005000
v 0.144255 0.289821 -0.005000
v 0.142500 0.285000 -0.015000
v 0.144255 0.289821 -0.015000
v 0.148698 0.292386 -0.015000
v 0.153750 0.291495 -0.015000
v 0.157048 0.287565 -0.015000
v 0.157048 0.282435 -0.015000
v 0.153750 0.278505 -0.015000
v 0.148698 0.277614 -0.015000
v 0.144255 0.280179 -0.015000
v 0.157048 0.287565 -0.005000
v 0.157048 0.287565 -0.015000
v 0.112500 0.285000 -0.005000
v 0.114255 0.289821 -0.005000
v 0.118698 0.292386 -0.005000
v 0.123750 0.291495 -0.005000
v 0.127048 0.287565 -0.005000
v 0.127048 0.282435 -0.005000
v 0.123750 0.278505 -0.005000
v 0.118698 0.277614 -0.005000
v 0.114255 0.280179 -0.005000
v 0.116000 0.285000 -0.005000
v 0.117506 0.281873 -0.005000
v 0.120890 0.281100 -0.005000
v 0.123604 0.283264 -0.005000
v 0.123604 0.286736 -0.005000
v 0.120890 0.288900 -0.005000
v 0.117506 0.288127 -0.005000
v 0.157500 0.350000 -0.010000
v 0.155745 0.345179 -0.010000
v 0.151302 0.342614 -0.010000
v 0.146250 0.343505 -0.010000
v 0.142952 0.347435 -0.010000
v 0.142952 0.352565 -0.010000
v 0.146250 0.356495 -0.010000
v 0.151302 0.357386 -0.010000
v 0.155745 0.354821 -0.010000
v 0.157500 0.350000 0.000000
v 0.155745 0.354821 0.000000
v 0.151302 0.357386 0.000000
v 0.146250 0.356495 0.000000
v 0.142952 0.352565 0.000000
v 0.142952 0.347435 0.000000
v 0.146250 0.343505 0.000000
v 0.151302 0.342614 0.000000
v 0.155745 0.345179 0.000000
v 0.142952 0.352565 -0.010000
v 0.142952 0.352565 0.000000
v 0.112500 0.285000 -0.005000
v 0.114255 0.280179 -0.005000
v 0.118698 0.277614 -0.005000
v 0.123750 0.278505 -0.005000
v 0.127048 0.282435 -0.005000
v 0.127048 0.287565 -0.005000
v 0.123750 0.291495 -0.005000
v 0.118698 0.292386 -0.005000
v 0.114255 0.289821 -0.005000
v 0.112500 0.285000 -0.015000
v 0.114255 0.289821 -0.015000
v 0.118698 0.292386 -0.015000
v 0.123750 0.291495 -0.015000
v 0.127048 0.287565 -0.015000
v 0.127048 0.282435 -0.015000
v 0.123750 0.278505 -0.015000
v 0.118698 0.277614 -0.015000
v 0.114255 0.280179 -0.015000
v 0.127048 0.287565 -0.005000
v 0.127048 0.287565 -0.015000
v 0.061000 0.315000 -0.015000
v 0.062500 0.317598 -0.015000
v 0.065500 0.317598 -0.015000
v 0.067000 0.315000 -0.015000
v 0.065500 0.312402 -0.015000
v 0.062500 0.312402 -0.015000
v 0.067000 0.315000 -0.000000
v 0.065500 0.317598 -0.000000
v 0.062500 0.317598 -0.000000
v 0.061000 0.315000 -0.000000
v 0.062500 0.312402 -0.000000
v 0.065500 0.312402 -0.000000
v 0.061000 0.315000 -0.015000
v 0.061000 0.315000 -0.000000
v 0.160000 0.237500 -0.015000
v 0.160000 0.237500 -0.000000
v 0.047500 0.237500 -0.000000
v 0.047500 0.237500 -0.015000
v 0.061000 0.285000 -0.015000
v 0.062500 0.287598 -0.015000
v 0.065500 0.287598 -0.015000
v 0.067000 0.285000 -0.015000
v 0.065500 0.282402 -0.015000
v 0.062500 0.282402 -0.015000
v 0.067000 0.285000 -0.000000
v 0.065500 0.287598 -0.000000
v 0.062500 0.287598 -0.000000
v 0.061000 0.285000 -0.000000
v 0.062500 0.282402 -0.000000
v 0.065500 0.282402 -0.000000
v 0.061000 0.285000 -0.015000
v 0.061000 0.285000 -0.000000
v 0.160000 0.362500 0.000000
v 0.160000 0.362500 -0.015000
v 0.047500 0.362500 -0.015000
v 0.047500 0.362500 0.000000
v 0.037500 0.247500 -0.015000
v 0.038840 0.242500 -0.015000
v 0.042500 0.238840 -0.015000
v 0.047500 0.237500 -0.015000
v 0.047500 0.237500 -0.000000
v 0.042500 0.238840 -0.000000
v 0.038840 0.242500 -0.000000
v 0.037500 0.247500 -0.000000
v 0.170000 0.352500 0.000000
v 0.168660 0.357500 0.000000
v 0.165000 0.361160 0.000000
v 0.160000 0.362500 0.000000
v 0.047500 0.362500 0.000000
v 0.042500 0.361160 0.000000
v 0.038840 0.357500 0.000000
v 0.037500 0.352500 0.000000
v 0.037500 0.247500 -0.000000
v 0.038840 0.242500 -0.000000
v 0.042500 0.238840 -0.000000
v 0.047500 0.237500 -0.000000
v 0.160000 0.237500 -0.000000
v 0.165000 0.238840 -0.000000
v 0.168660 0.242500 -0.000000
v 0.170000 0.247500 -0.000000
v 0.157500 0.350000 0.000000
v 0.155745 0.345179 0.000000
v 0.151302 0.342614 0.000000
v 0.146250 0.343505 0.000000
v 0.142952 0.347435 0.000000
v 0.142952 0.352565 0.000000
v 0.146250 0.356495 0.000000
v 0.151302 0.357386 0.000000
v 0.155745 0.354821 0.000000
v 0.057500 0.350000 0.000000
v 0.055745 0.345179 0.000000
v 0.051302 0.342614 0.000000
v 0.046250 0.343505 0.000000
v 0.042952 0.347435 0.000000
v 0.042952 0.352565 0.000000
v 0.046250 0.356495 0.000000
v 0.051302 0.357386 0.000000
v 0.055745 0.354821 0.000000
v 0.157500 0.250000 -0.000000
v 0.155745 0.245179 -0.000000
v 0.151302 0.242614 -0.000000
v 0.146250 0.243505 -0.000000
v 0.142952 0.247435 -0.000000
v 0.142952 0.252565 -0.000000
v 0.146250 0.256495 -0.000000
v 0.151302 0.257386 -0.000000
v 0.155745 0.254821 -0.000000
v 0.057500 0.250000 -0.000000
v 0.055745 0.245179 -0.000000
v 0.051302 0.242614 -0.000000
v 0.046250 0.243505 -0.000000
v 0.042952 0.247435 -0.000000
v 0.042952 0.252565 -0.000000
v 0.046250 0.256495 -0.000000
v 0.051302 0.257386 -0.000000
v 0.055745 0.254821 -0.000000
v 0.154000 0.315000 -0.000000
v 0.152494 0.311873 -0.000000
v 0.149110 0.311100 -0.000000
v 0.146396 0.313264 -0.000000
v 0.146396 0.316736 -0.000000
v 0.149110 0.318900 -0.000000
v 0.152494 0.318127 -0.000000
v 0.154000 0.285000 -0.000000
v 0.152494 0.281873 -0.000000
v 0.149110 0.281100 -0.000000
v 0.146396 0.283264 -0.000000
v 0.146396 0.286736 -0.000000
v 0.149110 0.288900 -0.000000
v 0.152494 0.288127 -0.000000
v 0.124000 0.315000 -0.000000
v 0.122494 0.311873 -0.000000
v 0.119110 0.311100 -0.000000
v 0.116396 0.313264 -0.000000
v 0.116396 0.316736 -0.000000
v 0.119110 0.318900 -0.000000
v 0.122494 0.318127 -0.000000
v 0.124000 0.285000 -0.000000
v 0.122494 0.281873 -0.000000
v 0.119110 0.281100 -0.000000
v 0.116396 0.283264 -0.000000
v 0.116396 0.286736 -0.000000
v 0.119110 0.288900 -0.000000
v 0.122494 0.288127 -0.000000
v 0.067000 0.315000 -0.000000
v 0.065500 0.312402 -0.000000
v 0.062500 0.312402 -0.000000
v 0.061000 0.315000 -0.000000
v 0.062500 0.317598 -0.000000
v 0.065500 0.317598 -0.000000
v 0.067000 0.285000 -0.000000
v 0.065500 0.282402 -0.000000
v 0.062500 0.282402 -0.000000
v 0.061000 0.285000 -0.000000
v 0.062500 0.287598 -0.000000
v 0.065500 0.287598 -0.000000
v 0.037500 0.352500 0.000000
v 0.037500 0.352500 -0.015000
v 0.037500 0.247500 -0.015000
v 0.037500 0.247500 -0.000000
v 0.047500 0.362500 -0.015000
v 0.042500 0.361160 -0.015000
v 0.038840 0.357500 -0.015000
v 0.037500 0.352500 -0.015000
v 0.037500 0.352500 0.000000
v 0.038840 0.357500 0.000000
v 0.042500 0.361160 0.000000
v 0.047500 0.362500 0.000000
v 0.160000 0.237500 -0.015000
v 0.165000 0.238840 -0.015000
v 0.168660 0.242500 -0.015000
v 0.170000 0.247500 -0.015000
v 0.170000 0.247500 -0.000000
v 0.168660 0.242500 -0.000000
v 0.165000 0.238840 -0.000000
v 0.160000 0.237500 -0.000000
v 0.170000 0.352500 -0.015000
v 0.170000 0.352500 0.000000
v 0.170000 0.247500 -0.000000
v 0.170000 0.247500 -0.015000
v 0.160000 0.362500 -0.015000
v 0.165000 0.361160 -0.015000
v 0.168660 0.357500 -0.015000
v 0.170000 0.352500 -0.015000
v 0.170000 0.247500 -0.015000
v 0.168660 0.242500 -0.015000
v 0.165000 0.238840 -0.015000
v 0.160000 0.237500 -0.015000
v 0.047500 0.237500 -0.015000
v 0.042500 0.238840 -0.015000
v 0.038840 0.242500 -0.015000
v 0.037500 0.247500 -0.015000
v 0.037500 0.352500 -0.015000
v 0.038840 0.357500 -0.015000
v 0.042500 0.361160 -0.015000
v 0.047500 0.362500 -0.015000
v 0.061000 0.285000 -0.015000
v 0.062500 0.282402 -0.015000
v 0.065500 0.282402 -0.015000
v 0.067000 0.285000 -0.015000
v 0.065500 0.287598 -0.015000
v 0.062500 0.287598 -0.015000
v 0.061000 0.315000 -0.015000
v 0.062500 0.312402 -0.015000
v 0.065500 0.312402 -0.015000
v 0.067000 0.315000 -0.015000
v 0.065500 0.317598 -0.015000
v 0.062500 0.317598 -0.015000
v 0.112500 0.285000 -0.015000
v 0.114255 0.280179 -0.015000
v 0.118698 0.277614 -0.015000
v 0.123750 0.278505 -0.015000
v 0.127048 0.282435 -0.015000
v 0.127048 0.287565 -0.015000
v 0.123750 0.291495 -0.015000
v 0.118698 0.292386 -0.015000
v 0.114255 0.289821 -0.015000
v 0.142500 0.285000 -0.015000
v 0.144255 0.280179 -0.015000
v 0.148698 0.277614 -0.015000
v 0.153750 0.278505 -0.015000
v 0.157048 0.282435 -0.015000
v 0.157048 0.287565 -0.015000
v 0.153750 0.291495 -0.015000
v 0.148698 0.292386 -0.015000
v 0.144255 0.289821 -0.015000
v 0.112500 0.315000 -0.015000
v 0.114255 0.310179 -0.015000
v 0.118698 0.307614 -0.015000
v 0.123750 0.308505 -0.015000
v 0.127048 0.312435 -0.015000
v 0.127048 0.317565 -0.015000
v 0.123750 0.321495 -0.015000
v 0.118698 0.322386 -0.015000
v 0.114255 0.319821 -0.015000
v 0.142500 0.315000 -0.015000
v 0.144255 0.310179 -0.015000
v 0.148698 0.307614 -0.015000
v 0.153750 0.308505 -0.015000
v 0.157048 0.312435 -0.015000
v 0.157048 0.317565 -0.015000
v 0.153750 0.321495 -0.015000
v 0.148698 0.322386 -0.015000
v 0.144255 0.319821 -0.015000
v 0.054000 0.250000 -0.015000
v 0.052494 0.253127 -0.015000
v 0.049110 0.253900 -0.015000
v 0.046396 0.251736 -0.015000
v 0.046396 0.248264 -0.015000
v 0.049110 0.246100 -0.015000
v 0.052494 0.246873 -0.015000
v 0.154000 0.250000 -0.015000
v 0.152494 0.253127 -0.015000
v 0.149110 0.253900 -0.015000
v 0.146396 0.251736 -0.015000
v 0.146396 0.248264 -0.015000
v 0.149110 0.246100 -0.015000
v 0.152494 0.246873 -0.015000
v 0.154000 0.350000 -0.015000
v 0.152494 0.353127 -0.015000
v 0.149110 0.353900 -0.015000
v 0.146396 0.351736 -0.015000
v 0.146396 0.348264 -0.015000
v 0.149110 0.346100 -0.015000
v 0.152494 0.346873 -0.015000
v 0.054000 0.350000 -0.015000
v 0.052494 0.353127 -0.015000
v 0.049110 0.353900 -0.015000
v 0.046396 0.351736 -0.015000
v 0.046396 0.348264 -0.015000
v 0.049110 0.346100 -0.015000
v 0.052494 0.346873 -0.015000
v 0.160000 0.362500 0.000000
v 0.165000 0.361160 0.000000
v 0.168660 0.357500 0.000000
v 0.170000 0.352500 0.000000
v 0.170000 0.352500 -0.015000
v 0.168660 0.357500 -0.015000
v 0.165000 0.361160 -0.015000
v 0.160000 0.362500 -0.015000
f 5058 5067 5057
f 5057 5067 5068
f 5057 5068 5063
f 5063 5068 5069
f 5063 5069 5062
f 5062 5069 5070
f 5062 5070 5061
f 5061 5070 5072
f 5061 5072 5060
f 5071 5064 5065
f 5071 5065 5059
f 5059 5065 5066
f 5059 5066 5058
f 5058 5066 5067
f 5074 5083 5073
f 5073 5083 5084
f 5073 5084 5079
f 5079 5084 5085
f 5079 5085 5078
f 5078 5085 5086
f 5078 5086 5077
f 5077 5086 5088
f 5077 5088 5076
f 5087 5080 5081
f 5087 5081 5075
f 5075 5081 5082
f 5075 5082 5074
f 5074 5082 5083
f 5090 5099 5089
f 5089 5099 5100
f 5089 5100 5095
f 5095 5100 5101
f 5095 5101 5094
f 5094 5101 5102
f 5094 5102 5093
f 5093 5102 5104
f 5093 5104 5092
f 5103 5096 5097
f 5103 5097 5091
f 5091 5097 5098
f 5091 5098 5090
f 5090 5098 5099
f 5106 5118 5105
f 5105 5118 5120
f 5119 5112 5111
f 5111 5112 5113
f 5111 5113 5110
f 5110 5113 5114
f 5110 5114 5109
f 5109 5114 5115
f 5109 5115 5108
f 5108 5115 5116
f 5108 5116 5107
f 5107 5116 5117
f 5107 5117 5106
f 5106 5117 5118
f 5129 5121 5130
f 5130 5121 5122
f 5130 5122 5136
f 5136 5122 5123
f 5136 5123 5135
f 5135 5123 5124
f 5135 5124 5134
f 5134 5124 5125
f 5134 5125 5126
f 5134 5126 5133
f 5133 5126 5127
f 5133 5127 5132
f 5132 5127 5128
f 5132 5128 5131
f 5131 5128 5129
f 5131 5129 5130
f 5138 5147 5137
f 5137 5147 5148
f 5137 5148 5143
f 5143 5148 5149
f 5143 5149 5142
f 5142 5149 5150
f 5142 5150 5141
f 5141 5150 5152
f 5141 5152 5140
f 5151 5144 5145
f 5151 5145 5139
f 5139 5145 5146
f 5139 5146 5138
f 5138 5146 5147
f 5161 5153 5162
f 5162 5153 5154
f 5162 5154 5168
f 5168 5154 5155
f 5168 5155 5167
f 5167 5155 5156
f 5167 5156 5166
f 5166 5156 5157
f 5166 5157 5158
f 5166 5158 5165
f 5165 5158 5159
f 5165 5159 5164
f 5164 5159 5160
f 5164 5160 5163
f 5163 5160 5161
f 5163 5161 5162
f 5170 5182 5169
f 5169 5182 5184
f 5183 5176 5175
f 5175 5176 5177
f 5175 5177 5174
f 5174 5177 5178
f 5174 5178 5173
f 5173 5178 5179
f 5173 5179 5172
f 5172 5179 5180
f 5172 5180 5171
f 5171 5180 5181
f 5171 5181 5170
f 5170 5181 5182
f 5186 5198 5185
f 5185 5198 5200
f 5199 5192 5191
f 5191 5192 5193
f 5191 5193 5190
f 5190 5193 5194
f 5190 5194 5189
f 5189 5194 5195
f 5189 5195 5188
f 5188 5195 5196
f 5188 5196 5187
f 5187 5196 5197
f 5187 5197 5186
f 5186 5197 5198
f 5209 5201 5210
f 5210 5201 5202
f 5210 5202 5216
f 5216 5202 5203
f 5216 5203 5215
f 5215 5203 5204
f 5215 5204 5214
f 5214 5204 5205
f 5214 5205 5206
f 5214 5206 5213
f 5213 5206 5207
f 5213 5207 5212
f 5212 5207 5208
f 5212 5208 5211
f 5211 5208 5209
f 5211 5209 5210
f 5218 5226 5217
f 5217 5226 5227
f 5217 5227 5225
f 5225 5227 5228
f 5225 5228 5224
f 5224 5228 5229
f 5224 5229 5223
f 5223 5229 5236
f 5223 5236 5222
f 5235 5230 5231
f 5235 5231 5221
f 5221 5231 5232
f 5221 5232 5220
f 5220 5232 5233
f 5220 5233 5219
f 5219 5233 5234
f 5219 5234 5218
f 5218 5234 5226
f 5245 5237 5246
f 5246 5237 5238
f 5246 5238 5252
f 5252 5238 5239
f 5252 5239 5251
f 5251 5239 5240
f 5251 5240 5250
f 5250 5240 5241
f 5250 5241 5242
f 5250 5242 5249
f 5249 5242 5243
f 5249 5243 5248
f 5248 5243 5244
f 5248 5244 5247
f 5247 5244 5245
f 5247 5245 5246
f 5254 5262 5253
f 5253 5262 5263
f 5253 5263 5261
f 5261 5263 5264
f 5261 5264 5260
f 5260 5264 5265
f 5260 5265 5259
f 5259 5265 5272
f 5259 5272 5258
f 5271 5266 5267
f 5271 5267 5257
f 5257 5267 5268
f 5257 5268 5256
f 5256 5268 5269
f 5256 5269 5255
f 5255 5269 5270
f 5255 5270 5254
f 5254 5270 5262
f 5274 5286 5273
f 5273 5286 5288
f 5287 5280 5279
f 5279 5280 5281
f 5279 5281 5278
f 5278 5281 5282
f 5278 5282 5277
f 5277 5282 5283
f 5277 5283 5276
f 5276 5283 5284
f 5276 5284 5275
f 5275 5284 5285
f 5275 5285 5274
f 5274 5285 5286
f 5297 5289 5298
f 5298 5289 5290
f 5298 5290 5304
f 5304 5290 5291
f 5304 5291 5303
f 5303 5291 5292
f 5303 5292 5302
f 5302 5292 5293
f 5302 5293 5294
f 5302 5294 5301
f 5301 5294 5295
f 5301 5295 5300
f 5300 5295 5296
f 5300 5296 5299
f 5299 5296 5297
f 5299 5297 5298
f 5306 5314 5305
f 5305 5314 5315
f 5305 5315 5313
f 5313 5315 5316
f 5313 5316 5312
f 5312 5316 5317
f 5312 5317 5311
f 5311 5317 5324
f 5311 5324 5310
f 5323 5318 5319
f 5323 5319 5309
f 5309 5319 5320
f 5309 5320 5308
f 5308 5320 5321
f 5308 5321 5307
f 5307 5321 5322
f 5307 5322 5306
f 5306 5322 5314
f 5333 5325 5334
f 5334 5325 5326
f 5334 5326 5340
f 5340 5326 5327
f 5340 5327 5339
f 5339 5327 5328
f 5339 5328 5338
f 5338 5328 5329
f 5338 5329 5330
f 5338 5330 5337
f 5337 5330 5331
f 5337 5331 5336
f 5336 5331 5332
f 5336 5332 5335
f 5335 5332 5333
f 5335 5333 5334
f 5342 5350 5341
f 5341 5350 5351
f 5341 5351 5349
f 5349 5351 5352
f 5349 5352 5348
f 5348 5352 5353
f 5348 5353 5347
f 5347 5353 5360
f 5347 5360 5346
f 5359 5354 5355
f 5359 5355 5345
f 5345 5355 5356
f 5345 5356 5344
f 5344 5356 5357
f 5344 5357 5343
f 5343 5357 5358
f 5343 5358 5342
f 5342 5358 5350
f 5369 5361 5370
f 5370 5361 5362
f 5370 5362 5376
f 5376 5362 5363
f 5376 5363 5375
f 5375 5363 5364
f 5375 5364 5374
f 5374 5364 5365
f 5374 5365 5366
f 5374 5366 5373
f 5373 5366 5367
f 5373 5367 5372
f 5372 5367 5368
f 5372 5368 5371
f 5371 5368 5369
f 5371 5369 5370
f 5378 5386 5377
f 5377 5386 5387
f 5377 5387 5385
f 5385 5387 5388
f 5385 5388 5384
f 5384 5388 5389
f 5384 5389 5383
f 5383 5389 5396
f 5383 5396 5382
f 5395 5390 5391
f 5395 5391 5381
f 5381 5391 5392
f 5381 5392 5380
f 5380 5392 5393
f 5380 5393 5379
f 5379 5393 5394
f 5379 5394 5378
f 5378 5394 5386
f 5398 5406 5397
f 5397 5406 5407
f 5397 5407 5405
f 5405 5407 5408
f 5405 5408 5404
f 5404 5408 5409
f 5404 5409 5403
f 5403 5409 5416
f 5403 5416 5402
f 5415 5410 5411
f 5415 5411 5401
f 5401 5411 5412
f 5401 5412 5400
f 5400 5412 5413
f 5400 5413 5399
f 5399 5413 5414
f 5399 5414 5398
f 5398 5414 5406
f 5425 5417 5426
f 5426 5417 5418
f 5426 5418 5432
f 5432 5418 5419
f 5432 5419 5431
f 5431 5419 5420
f 5431 5420 5430
f 5430 5420 5421
f 5430 5421 5422
f 5430 5422 5429
f 5429 5422 5423
f 5429 5423 5428
f 5428 5423 5424
f 5428 5424 5427
f 5427 5424 5425
f 5427 5425 5426
f 5434 5442 5433
f 5433 5442 5443
f 5433 5443 5441
f 5441 5443 5444
f 5441 5444 5440
f 5440 5444 5445
f 5440 5445 5439
f 5439 5445 5452
f 5439 5452 5438
f 5451 5446 5447
f 5451 5447 5437
f 5437 5447 5448
f 5437 5448 5436
f 5436 5448 5449
f 5436 5449 5435
f 5435 5449 5450
f 5435 5450 5434
f 5434 5450 5442
f 5454 5462 5453
f 5453 5462 5463
f 5453 5463 5461
f 5461 5463 5464
f 5461 5464 5460
f 5460 5464 5465
f 5460 5465 5459
f 5459 5465 5472
f 5459 5472 5458
f 5471 5466 5467
f 5471 5467 5457
f 5457 5467 5468
f 5457 5468 5456
f 5456 5468 5469
f 5456 5469 5455
f 5455 5469 5470
f 5455 5470 5454
f 5454 5470 5462
f 5474 5481 5473
f 5473 5481 5486
f 5485 5482 5478
f 5478 5482 5483
f 5478 5483 5477
f 5477 5483 5484
f 5477 5484 5476
f 5476 5484 5479
f 5476 5479 5475
f 5475 5479 5480
f 5475 5480 5474
f 5474 5480 5481
f 5488 5489 5487
f 5487 5489 5490
f 5492 5499 5491
f 5491 5499 5504
f 5503 5500 5496
f 5496 5500 5501
f 5496 5501 5495
f 5495 5501 5502
f 5495 5502 5494
f 5494 5502 5497
f 5494 5497 5493
f 5493 5497 5498
f 5493 5498 5492
f 5492 5498 5499
f 5506 5507 5505
f 5505 5507 5508
f 5516 5509 5515
f 5515 5509 5510
f 5515 5510 5514
f 5514 5510 5511
f 5514 5511 5513
f 5513 5511 5512
f 5518 5533 5517
f 5517 5533 5534
f 5517 5534 5575
f 5575 5534 5535
f 5575 5535 5574
f 5574 5535 5536
f 5574 5536 5573
f 5573 5536 5589
f 5573 5589 5583
f 5533 5518 5541
f 5541 5518 5519
f 5541 5519 5520
f 5521 5539 5520
f 5520 5539 5540
f 5520 5540 5541
f 5522 5548 5521
f 5521 5548 5549
f 5521 5549 5550
f 5522 5523 5548
f 5548 5523 5547
f 5547 5523 5524
f 5547 5524 5546
f 5546 5524 5545
f 5545 5524 5525
f 5545 5525 5566
f 5566 5525 5565
f 5565 5525 5564
f 5564 5525 5526
f 5564 5526 5563
f 5563 5526 5527
f 5563 5527 5528
f 5529 5554 5528
f 5528 5554 5561
f 5528 5561 5562
f 5530 5552 5529
f 5529 5552 5553
f 5529 5553 5554
f 5530 5531 5552
f 5552 5531 5551
f 5551 5531 5532
f 5551 5532 5559
f 5559 5532 5577
f 5559 5577 5558
f 5558 5577 5578
f 5558 5578 5557
f 5557 5578 5579
f 5557 5579 5591
f 5591 5579 5590
f 5590 5579 5580
f 5590 5580 5596
f 5596 5580 5572
f 5596 5572 5584
f 5584 5572 5583
f 5583 5572 5573
f 5517 5569 5532
f 5532 5569 5576
f 5532 5576 5577
f 5536 5537 5589
f 5589 5537 5588
f 5588 5537 5538
f 5588 5538 5542
f 5542 5538 5550
f 5550 5538 5539
f 5550 5539 5521
f 5543 5602 5542
f 5542 5602 5587
f 5542 5587 5588
f 5602 5543 5601
f 5601 5543 5544
f 5601 5544 5545
f 5554 5555 5561
f 5561 5555 5560
f 5560 5555 5592
f 5560 5592 5593
f 5555 5556 5592
f 5592 5556 5591
f 5591 5556 5557
f 5562 5563 5528
f 5567 5605 5566
f 5566 5605 5606
f 5566 5606 5600
f 5600 5606 5607
f 5600 5607 5599
f 5599 5607 5608
f 5599 5608 5598
f 5598 5608 5594
f 5598 5594 5586
f 5586 5594 5585
f 5585 5594 5595
f 5585 5595 5596
f 5567 5568 5605
f 5605 5568 5604
f 5604 5568 5560
f 5604 5560 5593
f 5569 5570 5576
f 5576 5570 5582
f 5582 5570 5571
f 5582 5571 5581
f 5581 5571 5580
f 5580 5571 5572
f 5575 5569 5517
f 5584 5585 5596
f 5598 5586 5597
f 5597 5586 5587
f 5597 5587 5602
f 5604 5593 5603
f 5603 5593 5594
f 5603 5594 5608
f 5566 5600 5545
f 5545 5600 5601
f 5610 5611 5609
f 5609 5611 5612
f 5620 5613 5619
f 5619 5613 5614
f 5619 5614 5618
f 5618 5614 5615
f 5618 5615 5617
f 5617 5615 5616
f 5628 5621 5627
f 5627 5621 5622
f 5627 5622 5626
f 5626 5622 5623
f 5626 5623 5625
f 5625 5623 5624
f 5630 5631 5629
f 5629 5631 5632
f 5634 5712 5633
f 5633 5712 5713
f 5633 5713 5648
f 5648 5713 5714
f 5648 5714 5719
f 5719 5714 5718
f 5718 5714 5686
f 5718 5686 5687
f 5712 5634 5711
f 5711 5634 5635
f 5711 5635 5636
f 5637 5692 5636
f 5636 5692 5693
f 5636 5693 5694
f 5638 5704 5637
f 5637 5704 5705
f 5637 5705 5673
f 5673 5705 5706
f 5673 5706 5672
f 5672 5706 5671
f 5671 5706 5707
f 5671 5707 5664
f 5664 5707 5663
f 5663 5707 5708
f 5663 5708 5697
f 5697 5708 5703
f 5703 5708 5641
f 5703 5641 5702
f 5702 5641 5642
f 5702 5642 5701
f 5701 5642 5643
f 5701 5643 5644
f 5638 5639 5704
f 5704 5639 5710
f 5710 5639 5640
f 5710 5640 5709
f 5709 5640 5641
f 5709 5641 5708
f 5645 5655 5644
f 5644 5655 5649
f 5644 5649 5699
f 5699 5649 5650
f 5699 5650 5698
f 5698 5650 5651
f 5698 5651 5697
f 5697 5651 5662
f 5697 5662 5663
f 5646 5721 5645
f 5645 5721 5722
f 5645 5722 5723
f 5646 5647 5721
f 5721 5647 5720
f 5720 5647 5648
f 5720 5648 5719
f 5651 5652 5662
f 5662 5652 5661
f 5661 5652 5669
f 5669 5652 5653
f 5669 5653 5657
f 5657 5653 5654
f 5657 5654 5656
f 5656 5654 5655
f 5655 5654 5649
f 5669 5657 5680
f 5680 5657 5658
f 5680 5658 5679
f 5679 5658 5687
f 5687 5658 5659
f 5687 5659 5718
f 5718 5659 5724
f 5724 5659 5660
f 5724 5660 5723
f 5723 5660 5655
f 5723 5655 5645
f 5664 5665 5671
f 5671 5665 5670
f 5670 5665 5666
f 5670 5666 5678
f 5678 5666 5667
f 5678 5667 5689
f 5689 5667 5682
f 5689 5682 5683
f 5682 5667 5681
f 5681 5667 5668
f 5681 5668 5680
f 5680 5668 5669
f 5673 5674 5637
f 5637 5674 5675
f 5637 5675 5692
f 5692 5675 5691
f 5691 5675 5676
f 5691 5676 5690
f 5690 5676 5677
f 5690 5677 5678
f 5689 5683 5688
f 5688 5683 5684
f 5688 5684 5696
f 5696 5684 5685
f 5696 5685 5715
f 5715 5685 5686
f 5715 5686 5714
f 5689 5690 5678
f 5695 5716 5694
f 5694 5716 5717
f 5694 5717 5636
f 5636 5717 5711
f 5695 5696 5716
f 5716 5696 5715
f 5699 5700 5644
f 5644 5700 5701
f 5732 5725 5731
f 5731 5725 5726
f 5731 5726 5730
f 5730 5726 5727
f 5730 5727 5729
f 5729 5727 5728
o pillar_c
v 0.116000 -0.028000 -0.000000
v 0.111750 -0.028000 -0.000000
v 0.111750 -0.028000 0.190000
v 0.116000 -0.028000 0.190000
v 0.163000 0.030000 -0.000000
v 0.154000 0.030000 -0.000000
v 0.154000 0.030000 0.190000
v 0.163000 0.030000 0.190000
v 0.111750 -0.028000 -0.000000
v 0.111750 -0.024664 -0.000000
v 0.111750 -0.024664 0.190000
v 0.111750 -0.028000 0.190000
v 0.116000 -0.030000 -0.000000
v 0.116000 -0.028000 -0.000000
v 0.116000 -0.028000 0.190000
v 0.116000 -0.030000 0.190000
v 0.154000 0.030000 -0.000000
v 0.154000 0.028000 -0.000000
v 0.154000 0.028000 0.190000
v 0.154000 0.030000 0.190000
v 0.165000 0.028000 -0.000000
v 0.164732 0.029000 -0.000000
v 0.164000 0.029732 -0.000000
v 0.163000 0.030000 -0.000000
v 0.163000 0.030000 0.190000
v 0.164000 0.029732 0.190000
v 0.164732 0.029000 0.190000
v 0.165000 0.028000 0.190000
v 0.111750 -0.024664 -0.000000
v 0.115414 -0.021000 -0.000000
v 0.115414 -0.021000 0.190000
v 0.111750 -0.024664 0.190000
v 0.107000 -0.030000 -0.000000
v 0.116000 -0.030000 -0.000000
v 0.116000 -0.030000 0.190000
v 0.107000 -0.030000 0.190000
v 0.154000 0.028000 -0.000000
v 0.158250 0.028000 -0.000000
v 0.158250 0.028000 0.190000
v 0.154000 0.028000 0.190000
v 0.165000 0.019000 -0.000000
v 0.165000 0.028000 -0.000000
v 0.165000 0.028000 0.190000
v 0.165000 0.019000 0.190000
v 0.115414 -0.021000 -0.000000
v 0.124586 -0.021000 -0.000000
v 0.124586 -0.021000 0.190000
v 0.115414 -0.021000 0.190000
v 0.105000 -0.028000 -0.000000
v 0.105268 -0.029000 -0.000000
v 0.106000 -0.029732 -0.000000
v 0.107000 -0.030000 -0.000000
v 0.107000 -0.030000 0.190000
v 0.106000 -0.029732 0.190000
v 0.105268 -0.029000 0.190000
v 0.105000 -0.028000 0.190000
v 0.158250 0.028000 -0.000000
v 0.158250 0.024664 -0.000000
v 0.158250 0.024664 0.190000
v 0.158250 0.028000 0.190000
v 0.163000 0.019000 -0.000000
v 0.165000 0.019000 -0.000000
v 0.165000 0.019000 0.190000
v 0.163000 0.019000 0.190000
v 0.124586 -0.021000 -0.000000
v 0.128250 -0.024664 -0.000000
v 0.128250 -0.024664 0.190000
v 0.124586 -0.021000 0.190000
v 0.105000 -0.019000 -0.000000
v 0.105000 -0.028000 -0.000000
v 0.105000 -0.028000 0.190000
v 0.105000 -0.019000 0.190000
v 0.158250 0.024664 -0.000000
v 0.154586 0.021000 -0.000000
v 0.154586 0.021000 0.190000
v 0.158250 0.024664 0.190000
v 0.163000 0.023250 -0.000000
v 0.163000 0.019000 -0.000000
v 0.163000 0.019000 0.190000
v 0.163000 0.023250 0.190000
v 0.128250 -0.024664 -0.000000
v 0.128250 -0.028000 -0.000000
v 0.128250 -0.028000 0.190000
v 0.128250 -0.024664 0.190000
v 0.107000 -0.019000 -0.000000
v 0.105000 -0.019000 -0.000000
v 0.105000 -0.019000 0.190000
v 0.107000 -0.019000 0.190000
v 0.154586 0.021000 -0.000000
v 0.145414 0.021000 -0.000000
v 0.145414 0.021000 0.190000
v 0.154586 0.021000 0.190000
v 0.159664 0.023250 -0.000000
v 0.163000 0.023250 -0.000000
v 0.163000 0.023250 0.190000
v 0.159664 0.023250 0.190000
v 0.128250 -0.028000 -0.000000
v 0.124000 -0.028000 -0.000000
v 0.124000 -0.028000 0.190000
v 0.128250 -0.028000 0.190000
v 0.107000 -0.023250 -0.000000
v 0.107000 -0.019000 -0.000000
v 0.107000 -0.019000 0.190000
v 0.107000 -0.023250 0.190000
v 0.145414 0.021000 -0.000000
v 0.141750 0.024664 -0.000000
v 0.141750 0.024664 0.190000
v 0.145414 0.021000 0.190000
v 0.156000 0.019586 -0.000000
v 0.159664 0.023250 -0.000000
v 0.159664 0.023250 0.190000
v 0.156000 0.019586 0.190000
v 0.124000 -0.028000 -0.000000
v 0.124000 -0.030000 -0.000000
v 0.124000 -0.030000 0.190000
v 0.124000 -0.028000 0.190000
v 0.110336 -0.023250 -0.000000
v 0.107000 -0.023250 -0.000000
v 0.107000 -0.023250 0.190000
v 0.110336 -0.023250 0.190000
v 0.141750 0.024664 -0.000000
v 0.141750 0.028000 -0.000000
v 0.141750 0.028000 0.190000
v 0.141750 0.024664 0.190000
v 0.156000 0.010414 -0.000000
v 0.156000 0.019586 -0.000000
v 0.156000 0.019586 0.190000
v 0.156000 0.010414 0.190000
v 0.124000 -0.030000 -0.000000
v 0.146000 -0.030000 -0.000000
v 0.146000 -0.030000 0.190000
v 0.124000 -0.030000 0.190000
v 0.114000 -0.019586 -0.000000
v 0.110336 -0.023250 -0.000000
v 0.110336 -0.023250 0.190000
v 0.114000 -0.019586 0.190000
v 0.141750 0.028000 -0.000000
v 0.146000 0.028000 -0.000000
v 0.146000 0.028000 0.190000
v 0.141750 0.028000 0.190000
v 0.159664 0.006750 -0.000000
v 0.156000 0.010414 -0.000000
v 0.156000 0.010414 0.190000
v 0.159664 0.006750 0.190000
v 0.146000 -0.030000 -0.000000
v 0.146000 -0.028000 -0.000000
v 0.146000 -0.028000 0.190000
v 0.146000 -0.030000 0.190000
v 0.114000 -0.010414 -0.000000
v 0.114000 -0.019586 -0.000000
v 0.114000 -0.019586 0.190000
v 0.114000 -0.010414 0.190000
v 0.146000 0.028000 -0.000000
v 0.146000 0.030000 -0.000000
v 0.146000 0.030000 0.190000
v 0.146000 0.028000 0.190000
v 0.163000 0.006750 -0.000000
v 0.159664 0.006750 -0.000000
v 0.159664 0.006750 0.190000
v 0.163000 0.006750 0.190000
v 0.146000 -0.028000 -0.000000
v 0.141750 -0.028000 -0.000000
v 0.141750 -0.028000 0.190000
v 0.146000 -0.028000 0.190000
v 0.110336 -0.006750 -0.000000
v 0.114000 -0.010414 -0.000000
v 0.114000 -0.010414 0.190000
v 0.110336 -0.006750 0.190000
v 0.146000 0.030000 -0.000000
v 0.124000 0.030000 -0.000000
v 0.124000 0.030000 0.190000
v 0.146000 0.030000 0.190000
v 0.163000 0.011000 -0.000000
v 0.163000 0.006750 -0.000000
v 0.163000 0.006750 0.190000
v 0.163000 0.011000 0.190000
v 0.141750 -0.028000 -0.000000
v 0.141750 -0.024664 -0.000000
v 0.141750 -0.024664 0.190000
v 0.141750 -0.028000 0.190000
v 0.107000 -0.006750 -0.000000
v 0.110336 -0.006750 -0.000000
v 0.110336 -0.006750 0.190000
v 0.107000 -0.006750 0.190000
v 0.124000 0.030000 -0.000000
v 0.124000 0.028000 -0.000000
v 0.124000 0.028000 0.190000
v 0.124000 0.030000 0.190000
v 0.165000 0.011000 -0.000000
v 0.163000 0.011000 -0.000000
v 0.163000 0.011000 0.190000
v 0.165000 0.011000 0.190000
v 0.141750 -0.024664 -0.000000
v 0.145414 -0.021000 -0.000000
v 0.145414 -0.021000 0.190000
v 0.141750 -0.024664 0.190000
v 0.107000 -0.011000 -0.000000
v 0.107000 -0.006750 -0.000000
v 0.107000 -0.006750 0.190000
v 0.107000 -0.011000 0.190000
v 0.124000 0.028000 -0.000000
v 0.128250 0.028000 -0.000000
v 0.128250 0.028000 0.190000
v 0.124000 0.028000 0.190000
v 0.165000 -0.011000 -0.000000
v 0.165000 0.011000 -0.000000
v 0.165000 0.011000 0.190000
v 0.165000 -0.011000 0.190000
v 0.145414 -0.021000 -0.000000
v 0.154586 -0.021000 -0.000000
v 0.154586 -0.021000 0.190000
v 0.145414 -0.021000 0.190000
v 0.105000 -0.011000 -0.000000
v 0.107000 -0.011000 -0.000000
v 0.107000 -0.011000 0.190000
v 0.105000 -0.011000 0.190000
v 0.128250 0.028000 -0.000000
v 0.128250 0.024664 -0.000000
v 0.128250 0.024664 0.190000
v 0.128250 0.028000 0.190000
v 0.131778 0.019707 -0.000000
v 0.131985 0.019866 -0.000000
v 0.132226 0.019966 -0.000000
v 0.132485 0.020000 -0.000000
v 0.132485 0.020000 0.190000
v 0.132226 0.019966 0.190000
v 0.131985 0.019866 0.190000
v 0.131778 0.019707 0.190000
v 0.163000 -0.011000 -0.000000
v 0.165000 -0.011000 -0.000000
v 0.165000 -0.011000 0.190000
v 0.163000 -0.011000 0.190000
v 0.154586 -0.021000 -0.000000
v 0.158250 -0.024664 -0.000000
v 0.158250 -0.024664 0.190000
v 0.154586 -0.021000 0.190000
v 0.105000 0.011000 -0.000000
v 0.105000 -0.011000 -0.000000
v 0.105000 -0.011000 0.190000
v 0.105000 0.011000 0.190000
v 0.128250 0.024664 -0.000000
v 0.124586 0.021000 -0.000000
v 0.124586 0.021000 0.190000
v 0.128250 0.024664 0.190000
v 0.132485 0.020000 -0.000000
v 0.137515 0.020000 -0.000000
v 0.137515 0.020000 0.190000
v 0.132485 0.020000 0.190000
v 0.126293 0.014222 -0.000000
v 0.131778 0.019707 -0.000000
v 0.131778 0.019707 0.190000
v 0.126293 0.014222 0.190000
v 0.163000 -0.006750 -0.000000
v 0.163000 -0.011000 -0.000000
v 0.163000 -0.011000 0.190000
v 0.163000 -0.006750 0.190000
v 0.158250 -0.024664 -0.000000
v 0.158250 -0.028000 -0.000000
v 0.158250 -0.028000 0.190000
v 0.158250 -0.024664 0.190000
v 0.107000 0.011000 -0.000000
v 0.105000 0.011000 -0.000000
v 0.105000 0.011000 0.190000
v 0.107000 0.011000 0.190000
v 0.124586 0.021000 -0.000000
v 0.115414 0.021000 -0.000000
v 0.115414 0.021000 0.190000
v 0.124586 0.021000 0.190000
v 0.137515 0.020000 -0.000000
v 0.137774 0.019966 -0.000000
v 0.138015 0.019866 -0.000000
v 0.138222 0.019707 -0.000000
v 0.138222 0.019707 0.190000
v 0.138015 0.019866 0.190000
v 0.137774 0.019966 0.190000
v 0.137515 0.020000 0.190000
v 0.126000 0.013515 -0.000000
v 0.126034 0.013774 -0.000000
v 0.126134 0.014015 -0.000000
v 0.126293 0.014222 -0.000000
v 0.126293 0.014222 0.190000
v 0.126134 0.014015 0.190000
v 0.126034 0.013774 0.190000
v 0.126000 0.013515 0.190000
v 0.159664 -0.006750 -0.000000
v 0.163000 -0.006750 -0.000000
v 0.163000 -0.006750 0.190000
v 0.159664 -0.006750 0.190000
v 0.158250 -0.028000 -0.000000
v 0.154000 -0.028000 -0.000000
v 0.154000 -0.028000 0.190000
v 0.158250 -0.028000 0.190000
v 0.107000 0.006750 -0.000000
v 0.107000 0.011000 -0.000000
v 0.107000 0.011000 0.190000
v 0.107000 0.006750 0.190000
v 0.115414 0.021000 -0.000000
v 0.111750 0.024664 -0.000000
v 0.111750 0.024664 0.190000
v 0.115414 0.021000 0.190000
v 0.138222 0.019707 -0.000000
v 0.143707 0.014222 -0.000000
v 0.143707 0.014222 0.190000
v 0.138222 0.019707 0.190000
v 0.132485 -0.020000 -0.000000
v 0.132226 -0.019966 -0.000000
v 0.131985 -0.019866 -0.000000
v 0.131778 -0.019707 -0.000000
v 0.131778 -0.019707 0.190000
v 0.131985 -0.019866 0.190000
v 0.132226 -0.019966 0.190000
v 0.132485 -0.020000 0.190000
v 0.126000 0.012000 -0.000000
v 0.126000 0.013515 -0.000000
v 0.126000 0.013515 0.190000
v 0.126000 0.012000 0.190000
v 0.156000 -0.010414 -0.000000
v 0.159664 -0.006750 -0.000000
v 0.159664 -0.006750 0.190000
v 0.156000 -0.010414 0.190000
v 0.131778 -0.019707 -0.000000
v 0.126293 -0.014222 -0.000000
v 0.126293 -0.014222 0.190000
v 0.131778 -0.019707 0.190000
v 0.154000 -0.028000 -0.000000
v 0.154000 -0.030000 -0.000000
v 0.154000 -0.030000 0.190000
v 0.154000 -0.028000 0.190000
v 0.110336 0.006750 -0.000000
v 0.107000 0.006750 -0.000000
v 0.107000 0.006750 0.190000
v 0.110336 0.006750 0.190000
v 0.111750 0.024664 -0.000000
v 0.111750 0.028000 -0.000000
v 0.111750 0.028000 0.190000
v 0.111750 0.024664 0.190000
v 0.143707 0.014222 -0.000000
v 0.143866 0.014015 -0.000000
v 0.143966 0.013774 -0.000000
v 0.144000 0.013515 -0.000000
v 0.144000 0.013515 0.190000
v 0.143966 0.013774 0.190000
v 0.143866 0.014015 0.190000
v 0.143707 0.014222 0.190000
v 0.137515 -0.020000 -0.000000
v 0.132485 -0.020000 -0.000000
v 0.132485 -0.020000 0.190000
v 0.137515 -0.020000 0.190000
v 0.123000 0.009000 -0.000000
v 0.124500 0.009402 -0.000000
v 0.125598 0.010500 -0.000000
v 0.126000 0.012000 -0.000000
v 0.126000 0.012000 0.190000
v 0.125598 0.010500 0.190000
v 0.124500 0.009402 0.190000
v 0.123000 0.009000 0.190000
v 0.156000 -0.019586 -0.000000
v 0.156000 -0.010414 -0.000000
v 0.156000 -0.010414 0.190000
v 0.156000 -0.019586 0.190000
v 0.126293 -0.014222 -0.000000
v 0.126134 -0.014015 -0.000000
v 0.126034 -0.013774 -0.000000
v 0.126000 -0.013515 -0.000000
v 0.126000 -0.013515 0.190000
v 0.126034 -0.013774 0.190000
v 0.126134 -0.014015 0.190000
v 0.126293 -0.014222 0.190000
v 0.154000 -0.030000 -0.000000
v 0.163000 -0.030000 -0.000000
v 0.163000 -0.030000 0.190000
v 0.154000 -0.030000 0.190000
v 0.114000 0.010414 -0.000000
v 0.110336 0.006750 -0.000000
v 0.110336 0.006750 0.190000
v 0.114000 0.010414 0.190000
v 0.111750 0.028000 -0.000000
v 0.116000 0.028000 -0.000000
v 0.116000 0.028000 0.190000
v 0.111750 0.028000 0.190000
v 0.144000 0.013515 -0.000000
v 0.144000 0.012000 -0.000000
v 0.144000 0.012000 0.190000
v 0.144000 0.013515 0.190000
v 0.138222 -0.019707 -0.000000
v 0.138015 -0.019866 -0.000000
v 0.137774 -0.019966 -0.000000
v 0.137515 -0.020000 -0.000000
v 0.137515 -0.020000 0.190000
v 0.137774 -0.019966 0.190000
v 0.138015 -0.019866 0.190000
v 0.138222 -0.019707 0.190000
v 0.121485 0.009000 -0.000000
v 0.123000 0.009000 -0.000000
v 0.123000 0.009000 0.190000
v 0.121485 0.009000 0.190000
v 0.159664 -0.023250 -0.000000
v 0.156000 -0.019586 -0.000000
v 0.156000 -0.019586 0.190000
v 0.159664 -0.023250 0.190000
v 0.126000 -0.013515 -0.000000
v 0.126000 -0.012000 -0.000000
v 0.126000 -0.012000 0.190000
v 0.126000 -0.013515 0.190000
v 0.163000 -0.030000 -0.000000
v 0.164000 -0.029732 -0.000000
v 0.164732 -0.029000 -0.000000
v 0.165000 -0.028000 -0.000000
v 0.165000 -0.028000 0.190000
v 0.164732 -0.029000 0.190000
v 0.164000 -0.029732 0.190000
v 0.163000 -0.030000 0.190000
v 0.114000 0.019586 -0.000000
v 0.114000 0.010414 -0.000000
v 0.114000 0.010414 0.190000
v 0.114000 0.019586 0.190000
v 0.116000 0.028000 -0.000000
v 0.116000 0.030000 -0.000000
v 0.116000 0.030000 0.190000
v 0.116000 0.028000 0.190000
v 0.116600 -0.015000 -0.000000
v 0.118300 -0.012056 -0.000000
v 0.121700 -0.012056 -0.000000
v 0.123400 -0.015000 -0.000000
v 0.121700 -0.017944 -0.000000
v 0.118300 -0.017944 -0.000000
v 0.116600 -0.015000 0.190000
v 0.118300 -0.017944 0.190000
v 0.121700 -0.017944 0.190000
v 0.123400 -0.015000 0.190000
v 0.121700 -0.012056 0.190000
v 0.118300 -0.012056 0.190000
v 0.116600 -0.015000 -0.000000
v 0.116600 -0.015000 0.190000
v 0.144000 0.012000 -0.000000
v 0.144402 0.010500 -0.000000
v 0.145500 0.009402 -0.000000
v 0.147000 0.009000 -0.000000
v 0.147000 0.009000 0.190000
v 0.145500 0.009402 0.190000
v 0.144402 0.010500 0.190000
v 0.144000 0.012000 0.190000
v 0.143707 -0.014222 -0.000000
v 0.138222 -0.019707 -0.000000
v 0.138222 -0.019707 0.190000
v 0.143707 -0.014222 0.190000
v 0.120778 0.008707 -0.000000
v 0.120985 0.008866 -0.000000
v 0.121226 0.008966 -0.000000
v 0.121485 0.009000 -0.000000
v 0.121485 0.009000 0.190000
v 0.121226 0.008966 0.190000
v 0.120985 0.008866 0.190000
v 0.120778 0.008707 0.190000
v 0.163000 -0.023250 -0.000000
v 0.159664 -0.023250 -0.000000
v 0.159664 -0.023250 0.190000
v 0.163000 -0.023250 0.190000
v 0.126000 -0.012000 -0.000000
v 0.125598 -0.010500 -0.000000
v 0.124500 -0.009402 -0.000000
v 0.123000 -0.009000 -0.000000
v 0.123000 -0.009000 0.190000
v 0.124500 -0.009402 0.190000
v 0.125598 -0.010500 0.190000
v 0.126000 -0.012000 0.190000
v 0.165000 -0.028000 -0.000000
v 0.165000 -0.019000 -0.000000
v 0.165000 -0.019000 0.190000
v 0.165000 -0.028000 0.190000
v 0.110336 0.023250 -0.000000
v 0.114000 0.019586 -0.000000
v 0.114000 0.019586 0.190000
v 0.110336 0.023250 0.190000
v 0.116000 0.030000 -0.000000
v 0.107000 0.030000 -0.000000
v 0.107000 0.030000 0.190000
v 0.116000 0.030000 0.190000
v 0.146600 -0.015000 -0.000000
v 0.148300 -0.012056 -0.000000
v 0.151700 -0.012056 -0.000000
v 0.153400 -0.015000 -0.000000
v 0.151700 -0.017944 -0.000000
v 0.148300 -0.017944 -0.000000
v 0.146600 -0.015000 0.190000
v 0.148300 -0.017944 0.190000
v 0.151700 -0.017944 0.190000
v 0.153400 -0.015000 0.190000
v 0.151700 -0.012056 0.190000
v 0.148300 -0.012056 0.190000
v 0.146600 -0.015000 -0.000000
v 0.146600 -0.015000 0.190000
v 0.147000 0.009000 -0.000000
v 0.148515 0.009000 -0.000000
v 0.148515 0.009000 0.190000
v 0.147000 0.009000 0.190000
v 0.144000 -0.013515 -0.000000
v 0.143966 -0.013774 -0.000000
v 0.143866 -0.014015 -0.000000
v 0.143707 -0.014222 -0.000000
v 0.143707 -0.014222 0.190000
v 0.143866 -0.014015 0.190000
v 0.143966 -0.013774 0.190000
v 0.144000 -0.013515 0.190000
v 0.115293 0.003222 -0.000000
v 0.120778 0.008707 -0.000000
v 0.120778 0.008707 0.190000
v 0.115293 0.003222 0.190000
v 0.163000 -0.019000 -0.000000
v 0.163000 -0.023250 -0.000000
v 0.163000 -0.023250 0.190000
v 0.163000 -0.019000 0.190000
v 0.123000 -0.009000 -0.000000
v 0.121485 -0.009000 -0.000000
v 0.121485 -0.009000 0.190000
v 0.123000 -0.009000 0.190000
v 0.107000 0.023250 -0.000000
v 0.110336 0.023250 -0.000000
v 0.110336 0.023250 0.190000
v 0.107000 0.023250 0.190000
v 0.107000 0.030000 -0.000000
v 0.106000 0.029732 -0.000000
v 0.105268 0.029000 -0.000000
v 0.105000 0.028000 -0.000000
v 0.105000 0.028000 0.190000
v 0.105268 0.029000 0.190000
v 0.106000 0.029732 0.190000
v 0.107000 0.030000 0.190000
v 0.146600 0.015000 -0.000000
v 0.148300 0.017944 -0.000000
v 0.151700 0.017944 -0.000000
v 0.153400 0.015000 -0.000000
v 0.151700 0.012056 -0.000000
v 0.148300 0.012056 -0.000000
v 0.146600 0.015000 0.190000
v 0.148300 0.012056 0.190000
v 0.151700 0.012056 0.190000
v 0.153400 0.015000 0.190000
v 0.151700 0.017944 0.190000
v 0.148300 0.017944 0.190000
v 0.146600 0.015000 -0.000000
v 0.146600 0.015000 0.190000
v 0.148515 0.009000 -0.000000
v 0.148774 0.008966 -0.000000
v 0.149015 0.008866 -0.000000
v 0.149222 0.008707 -0.000000
v 0.149222 0.008707 0.190000
v 0.149015 0.008866 0.190000
v 0.148774 0.008966 0.190000
v 0.148515 0.009000 0.190000
v 0.107000 0.030000 0.190000
v 0.106000 0.029732 0.190000
v 0.105268 0.029000 0.190000
v 0.105000 0.028000 0.190000
v 0.105000 0.019000 0.190000
v 0.107000 0.019000 0.190000
v 0.107000 0.023250 0.190000
v 0.110336 0.023250 0.190000
v 0.114000 0.019586 0.190000
v 0.114000 0.010414 0.190000
v 0.110336 0.006750 0.190000
v 0.107000 0.006750 0.190000
v 0.107000 0.011000 0.190000
v 0.105000 0.011000 0.190000
v 0.105000 -0.011000 0.190000
v 0.107000 -0.011000 0.190000
v 0.107000 -0.006750 0.190000
v 0.110336 -0.006750 0.190000
v 0.114000 -0.010414 0.190000
v 0.114000 -0.019586 0.190000
v 0.110336 -0.023250 0.190000
v 0.107000 -0.023250 0.190000
v 0.107000 -0.019000 0.190000
v 0.105000 -0.019000 0.190000
v 0.105000 -0.028000 0.190000
v 0.105268 -0.029000 0.190000
v 0.106000 -0.029732 0.190000
v 0.107000 -0.030000 0.190000
v 0.116000 -0.030000 0.190000
v 0.116000 -0.028000 0.190000
v 0.111750 -0.028000 0.190000
v 0.111750 -0.024664 0.190000
v 0.115414 -0.021000 0.190000
v 0.124586 -0.021000 0.190000
v 0.128250 -0.024664 0.190000
v 0.128250 -0.028000 0.190000
v 0.124000 -0.028000 0.190000
v 0.124000 -0.030000 0.190000
v 0.146000 -0.030000 0.190000
v 0.146000 -0.028000 0.190000
v 0.141750 -0.028000 0.190000
v 0.141750 -0.024664 0.190000
v 0.145414 -0.021000 0.190000
v 0.154586 -0.021000 0.190000
v 0.158250 -0.024664 0.190000
v 0.158250 -0.028000 0.190000
v 0.154000 -0.028000 0.190000
v 0.154000 -0.030000 0.190000
v 0.163000 -0.030000 0.190000
v 0.164000 -0.029732 0.190000
v 0.164732 -0.029000 0.190000
v 0.165000 -0.028000 0.190000
v 0.165000 -0.019000 0.190000
v 0.163000 -0.019000 0.190000
v 0.163000 -0.023250 0.190000
v 0.159664 -0.023250 0.190000
v 0.156000 -0.019586 0.190000
v 0.156000 -0.010414 0.190000
v 0.159664 -0.006750 0.190000
v 0.163000 -0.006750 0.190000
v 0.163000 -0.011000 0.190000
v 0.165000 -0.011000 0.190000
v 0.165000 0.011000 0.190000
v 0.163000 0.011000 0.190000
v 0.163000 0.006750 0.190000
v 0.159664 0.006750 0.190000
v 0.156000 0.010414 0.190000
v 0.156000 0.019586 0.190000
v 0.159664 0.023250 0.190000
v 0.163000 0.023250 0.190000
v 0.163000 0.019000 0.190000
v 0.165000 0.019000 0.190000
v 0.165000 0.028000 0.190000
v 0.164732 0.029000 0.190000
v 0.164000 0.029732 0.190000
v 0.163000 0.030000 0.190000
v 0.154000 0.030000 0.190000
v 0.154000 0.028000 0.190000
v 0.158250 0.028000 0.190000
v 0.158250 0.024664 0.190000
v 0.154586 0.021000 0.190000
v 0.145414 0.021000 0.190000
v 0.141750 0.024664 0.190000
v 0.141750 0.028000 0.190000
v 0.146000 0.028000 0.190000
v 0.146000 0.030000 0.190000
v 0.124000 0.030000 0.190000
v 0.124000 0.028000 0.190000
v 0.128250 0.028000 0.190000
v 0.128250 0.024664 0.190000
v 0.124586 0.021000 0.190000
v 0.115414 0.021000 0.190000
v 0.111750 0.024664 0.190000
v 0.111750 0.028000 0.190000
v 0.116000 0.028000 0.190000
v 0.116000 0.030000 0.190000
v 0.120778 -0.008707 0.190000
v 0.115293 -0.003222 0.190000
v 0.115134 -0.003015 0.190000
v 0.115034 -0.002774 0.190000
v 0.115000 -0.002515 0.190000
v 0.115000 0.002515 0.190000
v 0.115034 0.002774 0.190000
v 0.115134 0.003015 0.190000
v 0.115293 0.003222 0.190000
v 0.120778 0.008707 0.190000
v 0.120985 0.008866 0.190000
v 0.121226 0.008966 0.190000
v 0.121485 0.009000 0.190000
v 0.123000 0.009000 0.190000
v 0.124500 0.009402 0.190000
v 0.125598 0.010500 0.190000
v 0.126000 0.012000 0.190000
v 0.126000 0.013515 0.190000
v 0.126034 0.013774 0.190000
v 0.126134 0.014015 0.190000
v 0.126293 0.014222 0.190000
v 0.131778 0.019707 0.190000
v 0.131985 0.019866 0.190000
v 0.132226 0.019966 0.190000
v 0.132485 0.020000 0.190000
v 0.137515 0.020000 0.190000
v 0.137774 0.019966 0.190000
v 0.138015 0.019866 0.190000
v 0.138222 0.019707 0.190000
v 0.143707 0.014222 0.190000
v 0.143866 0.014015 0.190000
v 0.143966 0.013774 0.190000
v 0.144000 0.013515 0.190000
v 0.144000 0.012000 0.190000
v 0.144402 0.010500 0.190000
v 0.145500 0.009402 0.190000
v 0.147000 0.009000 0.190000
v 0.148515 0.009000 0.190000
v 0.148774 0.008966 0.190000
v 0.149015 0.008866 0.190000
v 0.149222 0.008707 0.190000
v 0.154707 0.003222 0.190000
v 0.154866 0.003015 0.190000
v 0.154966 0.002774 0.190000
v 0.155000 0.002515 0.190000
v 0.155000 -0.002515 0.190000
v 0.154966 -0.002774 0.190000
v 0.154866 -0.003015 0.190000
v 0.154707 -0.003222 0.190000
v 0.149222 -0.008707 0.190000
v 0.149015 -0.008866 0.190000
v 0.148774 -0.008966 0.190000
v 0.148515 -0.009000 0.190000
v 0.147000 -0.009000 0.190000
v 0.145500 -0.009402 0.190000
v 0.144402 -0.010500 0.190000
v 0.144000 -0.012000 0.190000
v 0.144000 -0.013515 0.190000
v 0.143966 -0.013774 0.190000
v 0.143866 -0.014015 0.190000
v 0.143707 -0.014222 0.190000
v 0.138222 -0.019707 0.190000
v 0.138015 -0.019866 0.190000
v 0.137774 -0.019966 0.190000
v 0.137515 -0.020000 0.190000
v 0.132485 -0.020000 0.190000
v 0.132226 -0.019966 0.190000
v 0.131985 -0.019866 0.190000
v 0.131778 -0.019707 0.190000
v 0.126293 -0.014222 0.190000
v 0.126134 -0.014015 0.190000
v 0.126034 -0.013774 0.190000
v 0.126000 -0.013515 0.190000
v 0.126000 -0.012000 0.190000
v 0.125598 -0.010500 0.190000
v 0.124500 -0.009402 0.190000
v 0.123000 -0.009000 0.190000
v 0.121485 -0.009000 0.190000
v 0.121226 -0.008966 0.190000
v 0.120985 -0.008866 0.190000
v 0.146600 -0.015000 0.190000
v 0.148300 -0.012056 0.190000
v 0.151700 -0.012056 0.190000
v 0.153400 -0.015000 0.190000
v 0.151700 -0.017944 0.190000
v 0.148300 -0.017944 0.190000
v 0.146600 0.015000 0.190000
v 0.148300 0.017944 0.190000
v 0.151700 0.017944 0.190000
v 0.153400 0.015000 0.190000
v 0.151700 0.012056 0.190000
v 0.148300 0.012056 0.190000
v 0.116600 -0.015000 0.190000
v 0.118300 -0.012056 0.190000
v 0.121700 -0.012056 0.190000
v 0.123400 -0.015000 0.190000
v 0.121700 -0.017944 0.190000
v 0.118300 -0.017944 0.190000
v 0.123400 0.015000 0.190000
v 0.121700 0.012056 0.190000
v 0.118300 0.012056 0.190000
v 0.116600 0.015000 0.190000
v 0.118300 0.017944 0.190000
v 0.121700 0.017944 0.190000
v 0.144000 -0.012000 -0.000000
v 0.144000 -0.013515 -0.000000
v 0.144000 -0.013515 0.190000
v 0.144000 -0.012000 0.190000
v 0.115000 0.002515 -0.000000
v 0.115034 0.002774 -0.000000
v 0.115134 0.003015 -0.000000
v 0.115293 0.003222 -0.000000
v 0.115293 0.003222 0.190000
v 0.115134 0.003015 0.190000
v 0.115034 0.002774 0.190000
v 0.115000 0.002515 0.190000
v 0.165000 -0.019000 -0.000000
v 0.163000 -0.019000 -0.000000
v 0.163000 -0.019000 0.190000
v 0.165000 -0.019000 0.190000
v 0.121485 -0.009000 -0.000000
v 0.121226 -0.008966 -0.000000
v 0.120985 -0.008866 -0.000000
v 0.120778 -0.008707 -0.000000
v 0.120778 -0.008707 0.190000
v 0.120985 -0.008866 0.190000
v 0.121226 -0.008966 0.190000
v 0.121485 -0.009000 0.190000
v 0.107000 0.019000 -0.000000
v 0.107000 0.023250 -0.000000
v 0.107000 0.023250 0.190000
v 0.107000 0.019000 0.190000
v 0.105000 0.028000 -0.000000
v 0.105000 0.019000 -0.000000
v 0.105000 0.019000 0.190000
v 0.105000 0.028000 0.190000
v 0.123400 0.015000 -0.000000
v 0.121700 0.012056 -0.000000
v 0.118300 0.012056 -0.000000
v 0.116600 0.015000 -0.000000
v 0.118300 0.017944 -0.000000
v 0.121700 0.017944 -0.000000
v 0.123400 0.015000 0.190000
v 0.121700 0.017944 0.190000
v 0.118300 0.017944 0.190000
v 0.116600 0.015000 0.190000
v 0.118300 0.012056 0.190000
v 0.121700 0.012056 0.190000
v 0.123400 0.015000 -0.000000
v 0.123400 0.015000 0.190000
v 0.149222 0.008707 -0.000000
v 0.154707 0.003222 -0.000000
v 0.154707 0.003222 0.190000
v 0.149222 0.008707 0.190000
v 0.147000 -0.009000 -0.000000
v 0.145500 -0.009402 -0.000000
v 0.144402 -0.010500 -0.000000
v 0.144000 -0.012000 -0.000000
v 0.144000 -0.012000 0.190000
v 0.144402 -0.010500 0.190000
v 0.145500 -0.009402 0.190000
v 0.147000 -0.009000 0.190000
v 0.115000 -0.002515 -0.000000
v 0.115000 0.002515 -0.000000
v 0.115000 0.002515 0.190000
v 0.115000 -0.002515 0.190000
v 0.120778 -0.008707 -0.000000
v 0.115293 -0.003222 -0.000000
v 0.115293 -0.003222 0.190000
v 0.120778 -0.008707 0.190000
v 0.105000 0.019000 -0.000000
v 0.107000 0.019000 -0.000000
v 0.107000 0.019000 0.190000
v 0.105000 0.019000 0.190000
v 0.148515 -0.009000 -0.000000
v 0.147000 -0.009000 -0.000000
v 0.147000 -0.009000 0.190000
v 0.148515 -0.009000 0.190000
v 0.115293 -0.003222 -0.000000
v 0.115134 -0.003015 -0.000000
v 0.115034 -0.002774 -0.000000
v 0.115000 -0.002515 -0.000000
v 0.115000 -0.002515 0.190000
v 0.115034 -0.002774 0.190000
v 0.115134 -0.003015 0.190000
v 0.115293 -0.003222 0.190000
v 0.149222 -0.008707 -0.000000
v 0.149015 -0.008866 -0.000000
v 0.148774 -0.008966 -0.000000
v 0.148515 -0.009000 -0.000000
v 0.148515 -0.009000 0.190000
v 0.148774 -0.008966 0.190000
v 0.149015 -0.008866 0.190000
v 0.149222 -0.008707 0.190000
v 0.154707 -0.003222 -0.000000
v 0.149222 -0.008707 -0.000000
v 0.149222 -0.008707 0.190000
v 0.154707 -0.003222 0.190000
v 0.155000 -0.002515 -0.000000
v 0.154966 -0.002774 -0.000000
v 0.154866 -0.003015 -0.000000
v 0.154707 -0.003222 -0.000000
v 0.154707 -0.003222 0.190000
v 0.154866 -0.003015 0.190000
v 0.154966 -0.002774 0.190000
v 0.155000 -0.002515 0.190000
v 0.155000 0.002515 -0.000000
v 0.155000 -0.002515 -0.000000
v 0.155000 -0.002515 0.190000
v 0.155000 0.002515 0.190000
v 0.154707 0.003222 -0.000000
v 0.154866 0.003015 -0.000000
v 0.154966 0.002774 -0.000000
v 0.155000 0.002515 -0.000000
v 0.155000 0.002515 0.190000
v 0.154966 0.002774 0.190000
v 0.154866 0.003015 0.190000
v 0.154707 0.003222 0.190000
v 0.115000 -0.002515 -0.000000
v 0.115034 -0.002774 -0.000000
v 0.115134 -0.003015 -0.000000
v 0.115293 -0.003222 -0.000000
v 0.120778 -0.008707 -0.000000
v 0.120985 -0.008866 -0.000000
v 0.121226 -0.008966 -0.000000
v 0.121485 -0.009000 -0.000000
v 0.123000 -0.009000 -0.000000
v 0.124500 -0.009402 -0.000000
v 0.125598 -0.010500 -0.000000
v 0.126000 -0.012000 -0.000000
v 0.126000 -0.013515 -0.000000
v 0.126034 -0.013774 -0.000000
v 0.126134 -0.014015 -0.000000
v 0.126293 -0.014222 -0.000000
v 0.131778 -0.019707 -0.000000
v 0.131985 -0.019866 -0.000000
v 0.132226 -0.019966 -0.000000
v 0.132485 -0.020000 -0.000000
v 0.137515 -0.020000 -0.000000
v 0.137774 -0.019966 -0.000000
v 0.138015 -0.019866 -0.000000
v 0.138222 -0.019707 -0.000000
v 0.143707 -0.014222 -0.000000
v 0.143866 -0.014015 -0.000000
v 0.143966 -0.013774 -0.000000
v 0.144000 -0.013515 -0.000000
v 0.144000 -0.012000 -0.000000
v 0.144402 -0.010500 -0.000000
v 0.145500 -0.009402 -0.000000
v 0.147000 -0.009000 -0.000000
v 0.148515 -0.009000 -0.000000
v 0.148774 -0.008966 -0.000000
v 0.149015 -0.008866 -0.000000
v 0.149222 -0.008707 -0.000000
v 0.154707 -0.003222 -0.000000
v 0.154866 -0.003015 -0.000000
v 0.154966 -0.002774 -0.000000
v 0.155000 -0.002515 -0.000000
v 0.155000 0.002515 -0.000000
v 0.154966 0.002774 -0.000000
v 0.154866 0.003015 -0.000000
v 0.154707 0.003222 -0.000000
v 0.149222 0.008707 -0.000000
v 0.149015 0.008866 -0.000000
v 0.148774 0.008966 -0.000000
v 0.148515 0.009000 -0.000000
v 0.147000 0.009000 -0.000000
v 0.145500 0.009402 -0.000000
v 0.144402 0.010500 -0.000000
v 0.144000 0.012000 -0.000000
v 0.144000 0.013515 -0.000000
v 0.143966 0.013774 -0.000000
v 0.143866 0.014015 -0.000000
v 0.143707 0.014222 -0.000000
v 0.138222 0.019707 -0.000000
v 0.138015 0.019866 -0.000000
v 0.137774 0.019966 -0.000000
v 0.137515 0.020000 -0.000000
v 0.132485 0.020000 -0.000000
v 0.132226 0.019966 -0.000000
v 0.131985 0.019866 -0.000000
v 0.131778 0.019707 -0.000000
v 0.126293 0.014222 -0.000000
v 0.126134 0.014015 -0.000000
v 0.126034 0.013774 -0.000000
v 0.126000 0.013515 -0.000000
v 0.126000 0.012000 -0.000000
v 0.125598 0.010500 -0.000000
v 0.124500 0.009402 -0.000000
v 0.123000 0.009000 -0.000000
v 0.121485 0.009000 -0.000000
v 0.121226 0.008966 -0.000000
v 0.120985 0.008866 -0.000000
v 0.120778 0.008707 -0.000000
v 0.115293 0.003222 -0.000000
v 0.115134 0.003015 -0.000000
v 0.115034 0.002774 -0.000000
v 0.115000 0.002515 -0.000000
v 0.107000 0.019000 -0.000000
v 0.105000 0.019000 -0.000000
v 0.105000 0.028000 -0.000000
v 0.105268 0.029000 -0.000000
v 0.106000 0.029732 -0.000000
v 0.107000 0.030000 -0.000000
v 0.116000 0.030000 -0.000000
v 0.116000 0.028000 -0.000000
v 0.111750 0.028000 -0.000000
v 0.111750 0.024664 -0.000000
v 0.115414 0.021000 -0.000000
v 0.124586 0.021000 -0.000000
v 0.128250 0.024664 -0.000000
v 0.128250 0.028000 -0.000000
v 0.124000 0.028000 -0.000000
v 0.124000 0.030000 -0.000000
v 0.146000 0.030000 -0.000000
v 0.146000 0.028000 -0.000000
v 0.141750 0.028000 -0.000000
v 0.141750 0.024664 -0.000000
v 0.145414 0.021000 -0.000000
v 0.154586 0.021000 -0.000000
v 0.158250 0.024664 -0.000000
v 0.158250 0.028000 -0.000000
v 0.154000 0.028000 -0.000000
v 0.154000 0.030000 -0.000000
v 0.163000 0.030000 -0.000000
v 0.164000 0.029732 -0.000000
v 0.164732 0.029000 -0.000000
v 0.165000 0.028000 -0.000000
v 0.165000 0.019000 -0.000000
v 0.163000 0.019000 -0.000000
v 0.163000 0.023250 -0.000000
v 0.159664 0.023250 -0.000000
v 0.156000 0.019586 -0.000000
v 0.156000 0.010414 -0.000000
v 0.159664 0.006750 -0.000000
v 0.163000 0.006750 -0.000000
v 0.163000 0.011000 -0.000000
v 0.165000 0.011000 -0.000000
v 0.165000 -0.011000 -0.000000
v 0.163000 -0.011000 -0.000000
v 0.163000 -0.006750 -0.000000
v 0.159664 -0.006750 -0.000000
v 0.156000 -0.010414 -0.000000
v 0.156000 -0.019586 -0.000000
v 0.159664 -0.023250 -0.000000
v 0.163000 -0.023250 -0.000000
v 0.163000 -0.019000 -0.000000
v 0.165000 -0.019000 -0.000000
v 0.165000 -0.028000 -0.000000
v 0.164732 -0.029000 -0.000000
v 0.164000 -0.029732 -0.000000
v 0.163000 -0.030000 -0.000000
v 0.154000 -0.030000 -0.000000
v 0.154000 -0.028000 -0.000000
v 0.158250 -0.028000 -0.000000
v 0.158250 -0.024664 -0.000000
v 0.154586 -0.021000 -0.000000
v 0.145414 -0.021000 -0.000000
v 0.141750 -0.024664 -0.000000
v 0.141750 -0.028000 -0.000000
v 0.146000 -0.028000 -0.000000
v 0.146000 -0.030000 -0.000000
v 0.124000 -0.030000 -0.000000
v 0.124000 -0.028000 -0.000000
v 0.128250 -0.028000 -0.000000
v 0.128250 -0.024664 -0.000000
v 0.124586 -0.021000 -0.000000
v 0.115414 -0.021000 -0.000000
v 0.111750 -0.024664 -0.000000
v 0.111750 -0.028000 -0.000000
v 0.116000 -0.028000 -0.000000
v 0.116000 -0.030000 -0.000000
v 0.107000 -0.030000 -0.000000
v 0.106000 -0.029732 -0.000000
v 0.105268 -0.029000 -0.000000
v 0.105000 -0.028000 -0.000000
v 0.105000 -0.019000 -0.000000
v 0.107000 -0.019000 -0.000000
v 0.107000 -0.023250 -0.000000
v 0.110336 -0.023250 -0.000000
v 0.114000 -0.019586 -0.000000
v 0.114000 -0.010414 -0.000000
v 0.110336 -0.006750 -0.000000
v 0.107000 -0.006750 -0.000000
v 0.107000 -0.011000 -0.000000
v 0.105000 -0.011000 -0.000000
v 0.105000 0.011000 -0.000000
v 0.107000 0.011000 -0.000000
v 0.107000 0.006750 -0.000000
v 0.110336 0.006750 -0.000000
v 0.114000 0.010414 -0.000000
v 0.114000 0.019586 -0.000000
v 0.110336 0.023250 -0.000000
v 0.107000 0.023250 -0.000000
v 0.123400 0.015000 -0.000000
v 0.121700 0.017944 -0.000000
v 0.118300 0.017944 -0.000000
v 0.116600 0.015000 -0.000000
v 0.118300 0.012056 -0.000000
v 0.121700 0.012056 -0.000000
v 0.146600 0.015000 -0.000000
v 0.148300 0.012056 -0.000000
v 0.151700 0.012056 -0.000000
v 0.153400 0.015000 -0.000000
v 0.151700 0.017944 -0.000000
v 0.148300 0.017944 -0.000000
v 0.146600 -0.015000 -0.000000
v 0.148300 -0.017944 -0.000000
v 0.151700 -0.017944 -0.000000
v 0.153400 -0.015000 -0.000000
v 0.151700 -0.012056 -0.000000
v 0.148300 -0.012056 -0.000000
v 0.116600 -0.015000 -0.000000
v 0.118300 -0.017944 -0.000000
v 0.121700 -0.017944 -0.000000
v 0.123400 -0.015000 -0.000000
v 0.121700 -0.012056 -0.000000
v 0.118300 -0.012056 -0.000000
f 5734 5735 5733
f 5733 5735 5736
f 5738 5739 5737
f 5737 5739 5740
f 5741 5742 5744
f 5744 5742 5743
f 5745 5746 5748
f 5748 5746 5747
f 5749 5750 5752
f 5752 5750 5751
f 5760 5753 5759
f 5759 5753 5754
f 5759 5754 5758
f 5758 5754 5755
f 5758 5755 5757
f 5757 5755 5756
f 5762 5763 5761
f 5761 5763 5764
f 5766 5767 5765
f 5765 5767 5768
f 5770 5771 5769
f 5769 5771 5772
f 5773 5774 5776
f 5776 5774 5775
f 5778 5779 5777
f 5777 5779 5780
f 5788 5781 5787
f 5787 5781 5782
f 5787 5782 5786
f 5786 5782 5783
f 5786 5783 5785
f 5785 5783 5784
f 5789 5790 5792
f 5792 5790 5791
f 5794 5795 5793
f 5793 5795 5796
f 5798 5799 5797
f 5797 5799 5800
f 5801 5802 5804
f 5804 5802 5803
f 5806 5807 5805
f 5805 5807 5808
f 5809 5810 5812
f 5812 5810 5811
f 5813 5814 5816
f 5816 5814 5815
f 5818 5819 5817
f 5817 5819 5820
f 5822 5823 5821
f 5821 5823 5824
f 5826 5827 5825
f 5825 5827 5828
f 5830 5831 5829
f 5829 5831 5832
f 5833 5834 5836
f 5836 5834 5835
f 5838 5839 5837
f 5837 5839 5840
f 5842 5843 5841
f 5841 5843 5844
f 5845 5846 5848
f 5848 5846 5847
f 5850 5851 5849
f 5849 5851 5852
f 5853 5854 5856
f 5856 5854 5855
f 5857 5858 5860
f 5860 5858 5859
f 5862 5863 5861
f 5861 5863 5864
f 5866 5867 5865
f 5865 5867 5868
f 5870 5871 5869
f 5869 5871 5872
f 5874 5875 5873
f 5873 5875 5876
f 5877 5878 5880
f 5880 5878 5879
f 5881 5882 5884
f 5884 5882 5883
f 5885 5886 5888
f 5888 5886 5887
f 5890 5891 5889
f 5889 5891 5892
f 5894 5895 5893
f 5893 5895 5896
f 5898 5899 5897
f 5897 5899 5900
f 5902 5903 5901
f 5901 5903 5904
f 5905 5906 5908
f 5908 5906 5907
f 5909 5910 5912
f 5912 5910 5911
f 5914 5915 5913
f 5913 5915 5916
f 5917 5918 5920
f 5920 5918 5919
f 5922 5923 5921
f 5921 5923 5924
f 5926 5927 5925
f 5925 5927 5928
f 5929 5930 5932
f 5932 5930 5931
f 5934 5935 5933
f 5933 5935 5936
f 5937 5938 5940
f 5940 5938 5939
f 5942 5943 5941
f 5941 5943 5944
f 5946 5947 5945
f 5945 5947 5948
f 5949 5950 5952
f 5952 5950 5951
f 5960 5953 5959
f 5959 5953 5954
f 5959 5954 5958
f 5958 5954 5955
f 5958 5955 5957
f 5957 5955 5956
f 5962 5963 5961
f 5961 5963 5964
f 5966 5967 5965
f 5965 5967 5968
f 5969 5970 5972
f 5972 5970 5971
f 5974 5975 5973
f 5973 5975 5976
f 5977 5978 5980
f 5980 5978 5979
f 5981 5982 5984
f 5984 5982 5983
f 5985 5986 5988
f 5988 5986 5987
f 5989 5990 5992
f 5992 5990 5991
f 5994 5995 5993
f 5993 5995 5996
f 5998 5999 5997
f 5997 5999 6000
f 6008 6001 6007
f 6007 6001 6002
f 6007 6002 6006
f 6006 6002 6003
f 6006 6003 6005
f 6005 6003 6004
f 6016 6009 6015
f 6015 6009 6010
f 6015 6010 6014
f 6014 6010 6011
f 6014 6011 6013
f 6013 6011 6012
f 6018 6019 6017
f 6017 6019 6020
f 6022 6023 6021
f 6021 6023 6024
f 6025 6026 6028
f 6028 6026 6027
f 6030 6031 6029
f 6029 6031 6032
f 6033 6034 6036
f 6036 6034 6035
f 6044 6037 6043
f 6043 6037 6038
f 6043 6038 6042
f 6042 6038 6039
f 6042 6039 6041
f 6041 6039 6040
f 6046 6047 6045
f 6045 6047 6048
f 6050 6051 6049
f 6049 6051 6052
f 6053 6054 6056
f 6056 6054 6055
f 6057 6058 6060
f 6060 6058 6059
f 6062 6063 6061
f 6061 6063 6064
f 6065 6066 6068
f 6068 6066 6067
f 6076 6069 6075
f 6075 6069 6070
f 6075 6070 6074
f 6074 6070 6071
f 6074 6071 6073
f 6073 6071 6072
f 6077 6078 6080
f 6080 6078 6079
f 6088 6081 6087
f 6087 6081 6082
f 6087 6082 6083
f 6084 6085 6083
f 6083 6085 6086
f 6083 6086 6087
f 6089 6090 6092
f 6092 6090 6091
f 6100 6093 6099
f 6099 6093 6094
f 6099 6094 6098
f 6098 6094 6095
f 6098 6095 6097
f 6097 6095 6096
f 6102 6103 6101
f 6101 6103 6104
f 6106 6107 6105
f 6105 6107 6108
f 6110 6111 6109
f 6109 6111 6112
f 6114 6115 6113
f 6113 6115 6116
f 6124 6117 6123
f 6123 6117 6118
f 6123 6118 6122
f 6122 6118 6119
f 6122 6119 6121
f 6121 6119 6120
f 6125 6126 6128
f 6128 6126 6127
f 6130 6131 6129
f 6129 6131 6132
f 6134 6135 6133
f 6133 6135 6136
f 6144 6137 6143
f 6143 6137 6138
f 6143 6138 6142
f 6142 6138 6139
f 6142 6139 6141
f 6141 6139 6140
f 6146 6147 6145
f 6145 6147 6148
f 6149 6150 6152
f 6152 6150 6151
f 6154 6164 6153
f 6153 6164 6166
f 6165 6159 6158
f 6158 6159 6160
f 6158 6160 6157
f 6157 6160 6161
f 6157 6161 6156
f 6156 6161 6162
f 6156 6162 6155
f 6155 6162 6163
f 6155 6163 6154
f 6154 6163 6164
f 6174 6167 6173
f 6173 6167 6168
f 6173 6168 6169
f 6170 6171 6169
f 6169 6171 6172
f 6169 6172 6173
f 6175 6176 6178
f 6178 6176 6177
f 6186 6179 6185
f 6185 6179 6180
f 6185 6180 6184
f 6184 6180 6181
f 6184 6181 6183
f 6183 6181 6182
f 6188 6189 6187
f 6187 6189 6190
f 6198 6191 6197
f 6197 6191 6192
f 6197 6192 6193
f 6194 6195 6193
f 6193 6195 6196
f 6193 6196 6197
f 6199 6200 6202
f 6202 6200 6201
f 6204 6205 6203
f 6203 6205 6206
f 6208 6209 6207
f 6207 6209 6210
f 6212 6222 6211
f 6211 6222 6224
f 6223 6217 6216
f 6216 6217 6218
f 6216 6218 6215
f 6215 6218 6219
f 6215 6219 6214
f 6214 6219 6220
f 6214 6220 6213
f 6213 6220 6221
f 6213 6221 6212
f 6212 6221 6222
f 6225 6226 6228
f 6228 6226 6227
f 6236 6229 6235
f 6235 6229 6230
f 6235 6230 6234
f 6234 6230 6231
f 6234 6231 6233
f 6233 6231 6232
f 6237 6238 6240
f 6240 6238 6239
f 6241 6242 6244
f 6244 6242 6243
f 6245 6246 6248
f 6248 6246 6247
f 6250 6251 6249
f 6249 6251 6252
f 6260 6253 6259
f 6259 6253 6254
f 6259 6254 6258
f 6258 6254 6255
f 6258 6255 6257
f 6257 6255 6256
f 6262 6272 6261
f 6261 6272 6274
f 6273 6267 6266
f 6266 6267 6268
f 6266 6268 6265
f 6265 6268 6269
f 6265 6269 6264
f 6264 6269 6270
f 6264 6270 6263
f 6263 6270 6271
f 6263 6271 6262
f 6262 6271 6272
f 6282 6275 6281
f 6281 6275 6276
f 6281 6276 6280
f 6280 6276 6277
f 6280 6277 6279
f 6279 6277 6278
f 6284 6285 6283
f 6283 6285 6286
f 6283 6286 6375
f 6375 6286 6290
f 6375 6290 6374
f 6374 6290 6291
f 6374 6291 6481
f 6481 6291 6480
f 6480 6291 6292
f 6480 6292 6479
f 6479 6292 6388
f 6479 6388 6389
f 6290 6286 6289
f 6289 6286 6287
f 6289 6287 6288
f 6388 6292 6387
f 6387 6292 6293
f 6387 6293 6386
f 6386 6293 6385
f 6385 6293 6384
f 6384 6293 6383
f 6383 6293 6300
f 6383 6300 6382
f 6382 6300 6381
f 6381 6300 6380
f 6380 6300 6301
f 6380 6301 6379
f 6379 6301 6472
f 6379 6472 6458
f 6458 6472 6473
f 6458 6473 6457
f 6457 6473 6456
f 6456 6473 6455
f 6455 6473 6454
f 6454 6473 6453
f 6453 6473 6452
f 6452 6473 6451
f 6451 6473 6474
f 6451 6474 6450
f 6450 6474 6449
f 6449 6474 6448
f 6448 6474 6316
f 6448 6316 6447
f 6447 6316 6317
f 6447 6317 6446
f 6446 6317 6445
f 6445 6317 6444
f 6444 6317 6324
f 6444 6324 6443
f 6443 6324 6442
f 6442 6324 6441
f 6441 6324 6440
f 6440 6324 6325
f 6440 6325 6439
f 6439 6325 6459
f 6439 6459 6438
f 6438 6459 6437
f 6437 6459 6436
f 6436 6459 6460
f 6436 6460 6435
f 6435 6460 6434
f 6434 6460 6433
f 6433 6460 6432
f 6432 6460 6431
f 6431 6460 6430
f 6430 6460 6429
f 6429 6460 6461
f 6429 6461 6428
f 6428 6461 6340
f 6428 6340 6427
f 6427 6340 6341
f 6427 6341 6426
f 6426 6341 6425
f 6425 6341 6424
f 6424 6341 6423
f 6423 6341 6348
f 6423 6348 6422
f 6422 6348 6421
f 6421 6348 6420
f 6420 6348 6349
f 6420 6349 6419
f 6419 6349 6469
f 6419 6469 6418
f 6418 6469 6470
f 6418 6470 6417
f 6417 6470 6416
f 6416 6470 6415
f 6415 6470 6414
f 6414 6470 6413
f 6413 6470 6412
f 6412 6470 6411
f 6411 6470 6465
f 6411 6465 6410
f 6410 6465 6409
f 6409 6465 6408
f 6408 6465 6364
f 6408 6364 6407
f 6407 6364 6365
f 6407 6365 6406
f 6406 6365 6405
f 6405 6365 6404
f 6404 6365 6372
f 6404 6372 6403
f 6403 6372 6402
f 6402 6372 6401
f 6401 6372 6400
f 6400 6372 6373
f 6400 6373 6399
f 6399 6373 6477
f 6399 6477 6398
f 6398 6477 6397
f 6397 6477 6396
f 6396 6477 6478
f 6396 6478 6395
f 6395 6478 6394
f 6394 6478 6393
f 6393 6478 6392
f 6392 6478 6391
f 6391 6478 6390
f 6390 6478 6389
f 6389 6478 6479
f 6293 6294 6300
f 6300 6294 6299
f 6299 6294 6297
f 6299 6297 6298
f 6295 6296 6294
f 6294 6296 6297
f 6472 6301 6471
f 6471 6301 6302
f 6471 6302 6476
f 6476 6302 6315
f 6476 6315 6475
f 6475 6315 6316
f 6475 6316 6474
f 6302 6303 6315
f 6315 6303 6314
f 6314 6303 6307
f 6314 6307 6310
f 6310 6307 6309
f 6309 6307 6308
f 6303 6304 6307
f 6307 6304 6306
f 6306 6304 6305
f 6314 6310 6313
f 6313 6310 6311
f 6313 6311 6312
f 6324 6317 6323
f 6323 6317 6318
f 6323 6318 6321
f 6321 6318 6320
f 6320 6318 6319
f 6321 6322 6323
f 6459 6325 6464
f 6464 6325 6326
f 6464 6326 6463
f 6463 6326 6339
f 6463 6339 6462
f 6462 6339 6340
f 6462 6340 6461
f 6339 6326 6338
f 6338 6326 6327
f 6338 6327 6334
f 6334 6327 6331
f 6334 6331 6332
f 6327 6328 6331
f 6331 6328 6330
f 6330 6328 6329
f 6332 6333 6334
f 6338 6334 6337
f 6337 6334 6335
f 6337 6335 6336
f 6341 6342 6348
f 6348 6342 6347
f 6347 6342 6344
f 6347 6344 6345
f 6342 6343 6344
f 6345 6346 6347
f 6469 6349 6468
f 6468 6349 6350
f 6468 6350 6467
f 6467 6350 6363
f 6467 6363 6466
f 6466 6363 6364
f 6466 6364 6465
f 6350 6351 6363
f 6363 6351 6362
f 6362 6351 6355
f 6362 6355 6358
f 6358 6355 6356
f 6358 6356 6357
f 6351 6352 6355
f 6355 6352 6354
f 6354 6352 6353
f 6362 6358 6361
f 6361 6358 6359
f 6361 6359 6360
f 6372 6365 6371
f 6371 6365 6366
f 6371 6366 6369
f 6369 6366 6368
f 6368 6366 6367
f 6369 6370 6371
f 6477 6373 6482
f 6482 6373 6374
f 6482 6374 6481
f 6375 6376 6283
f 6283 6376 6378
f 6378 6376 6377
f 6484 6485 6483
f 6483 6485 6486
f 6494 6487 6493
f 6493 6487 6488
f 6493 6488 6492
f 6492 6488 6489
f 6492 6489 6491
f 6491 6489 6490
f 6496 6497 6495
f 6495 6497 6498
f 6506 6499 6505
f 6505 6499 6500
f 6505 6500 6504
f 6504 6500 6501
f 6504 6501 6503
f 6503 6501 6502
f 6507 6508 6510
f 6510 6508 6509
f 6511 6512 6514
f 6514 6512 6513
f 6516 6526 6515
f 6515 6526 6528
f 6527 6521 6520
f 6520 6521 6522
f 6520 6522 6519
f 6519 6522 6523
f 6519 6523 6518
f 6518 6523 6524
f 6518 6524 6517
f 6517 6524 6525
f 6517 6525 6516
f 6516 6525 6526
f 6529 6530 6532
f 6532 6530 6531
f 6540 6533 6539
f 6539 6533 6534
f 6539 6534 6535
f 6536 6537 6535
f 6535 6537 6538
f 6535 6538 6539
f 6542 6543 6541
f 6541 6543 6544
f 6545 6546 6548
f 6548 6546 6547
f 6550 6551 6549
f 6549 6551 6552
f 6553 6554 6556
f 6556 6554 6555
f 6564 6557 6563
f 6563 6557 6558
f 6563 6558 6562
f 6562 6558 6559
f 6562 6559 6561
f 6561 6559 6560
f 6572 6565 6571
f 6571 6565 6566
f 6571 6566 6570
f 6570 6566 6567
f 6570 6567 6569
f 6569 6567 6568
f 6573 6574 6576
f 6576 6574 6575
f 6584 6577 6583
f 6583 6577 6578
f 6583 6578 6582
f 6582 6578 6579
f 6582 6579 6581
f 6581 6579 6580
f 6586 6587 6585
f 6585 6587 6588
f 6596 6589 6595
f 6595 6589 6590
f 6595 6590 6594
f 6594 6590 6591
f 6594 6591 6593
f 6593 6591 6592
f 6676 6597 6761
f 6761 6597 6598
f 6761 6598 6599
f 6599 6600 6761
f 6761 6600 6760
f 6760 6600 6601
f 6760 6601 6796
f 6796 6601 6602
f 6796 6602 6795
f 6795 6602 6603
f 6795 6603 6604
f 6604 6605 6795
f 6795 6605 6606
f 6795 6606 6607
f 6607 6608 6795
f 6795 6608 6609
f 6795 6609 6794
f 6794 6609 6610
f 6794 6610 6611
f 6611 6612 6794
f 6794 6612 6745
f 6794 6745 6793
f 6793 6745 6746
f 6793 6746 6792
f 6792 6746 6759
f 6792 6759 6791
f 6791 6759 6760
f 6791 6760 6796
f 6612 6613 6745
f 6745 6613 6744
f 6744 6613 6614
f 6744 6614 6615
f 6615 6616 6744
f 6744 6616 6617
f 6744 6617 6737
f 6737 6617 6618
f 6737 6618 6619
f 6619 6620 6737
f 6737 6620 6736
f 6736 6620 6621
f 6736 6621 6785
f 6785 6621 6622
f 6785 6622 6623
f 6623 6624 6785
f 6785 6624 6790
f 6790 6624 6625
f 6790 6625 6626
f 6626 6627 6790
f 6790 6627 6628
f 6790 6628 6629
f 6629 6630 6790
f 6790 6630 6631
f 6790 6631 6789
f 6789 6631 6632
f 6789 6632 6721
f 6721 6632 6633
f 6721 6633 6720
f 6720 6633 6634
f 6720 6634 6635
f 6635 6636 6720
f 6720 6636 6713
f 6720 6713 6714
f 6636 6637 6713
f 6713 6637 6638
f 6713 6638 6639
f 6639 6640 6713
f 6713 6640 6712
f 6712 6640 6641
f 6712 6641 6781
f 6781 6641 6642
f 6781 6642 6780
f 6780 6642 6643
f 6780 6643 6644
f 6644 6645 6780
f 6780 6645 6646
f 6780 6646 6647
f 6647 6648 6780
f 6780 6648 6649
f 6780 6649 6779
f 6779 6649 6650
f 6779 6650 6651
f 6651 6652 6779
f 6779 6652 6697
f 6779 6697 6784
f 6784 6697 6698
f 6784 6698 6783
f 6783 6698 6711
f 6783 6711 6782
f 6782 6711 6712
f 6782 6712 6781
f 6652 6653 6697
f 6697 6653 6696
f 6696 6653 6654
f 6696 6654 6655
f 6655 6656 6696
f 6696 6656 6657
f 6696 6657 6689
f 6689 6657 6658
f 6689 6658 6659
f 6659 6660 6689
f 6689 6660 6688
f 6688 6660 6661
f 6688 6661 6773
f 6773 6661 6662
f 6773 6662 6663
f 6663 6664 6773
f 6773 6664 6778
f 6778 6664 6665
f 6778 6665 6666
f 6666 6667 6778
f 6778 6667 6668
f 6778 6668 6669
f 6669 6670 6778
f 6778 6670 6671
f 6778 6671 6777
f 6777 6671 6672
f 6777 6672 6769
f 6769 6672 6673
f 6769 6673 6768
f 6768 6673 6674
f 6768 6674 6675
f 6675 6676 6768
f 6768 6676 6761
f 6768 6761 6762
f 6677 6678 6772
f 6772 6678 6679
f 6772 6679 6771
f 6771 6679 6686
f 6771 6686 6687
f 6686 6679 6682
f 6682 6679 6680
f 6682 6680 6681
f 6686 6682 6685
f 6685 6682 6683
f 6685 6683 6684
f 6688 6774 6687
f 6687 6774 6775
f 6687 6775 6770
f 6770 6775 6776
f 6770 6776 6769
f 6769 6776 6777
f 6696 6689 6695
f 6695 6689 6690
f 6695 6690 6693
f 6693 6690 6692
f 6692 6690 6691
f 6693 6694 6695
f 6711 6698 6710
f 6710 6698 6699
f 6710 6699 6706
f 6706 6699 6703
f 6706 6703 6705
f 6705 6703 6704
f 6699 6700 6703
f 6703 6700 6702
f 6702 6700 6701
f 6710 6706 6709
f 6709 6706 6707
f 6709 6707 6708
f 6715 6716 6714
f 6714 6716 6717
f 6714 6717 6719
f 6719 6717 6718
f 6719 6720 6714
f 6789 6721 6788
f 6788 6721 6722
f 6788 6722 6787
f 6787 6722 6735
f 6787 6735 6786
f 6786 6735 6736
f 6786 6736 6785
f 6722 6723 6735
f 6735 6723 6734
f 6734 6723 6727
f 6734 6727 6730
f 6730 6727 6729
f 6729 6727 6728
f 6723 6724 6727
f 6727 6724 6726
f 6726 6724 6725
f 6734 6730 6733
f 6733 6730 6731
f 6733 6731 6732
f 6744 6737 6743
f 6743 6737 6738
f 6743 6738 6741
f 6741 6738 6740
f 6740 6738 6739
f 6741 6742 6743
f 6759 6746 6758
f 6758 6746 6747
f 6758 6747 6754
f 6754 6747 6751
f 6754 6751 6752
f 6747 6748 6751
f 6751 6748 6750
f 6750 6748 6749
f 6752 6753 6754
f 6758 6754 6757
f 6757 6754 6755
f 6757 6755 6756
f 6763 6764 6762
f 6762 6764 6767
f 6762 6767 6768
f 6764 6765 6767
f 6767 6765 6766
f 6770 6771 6687
f 6773 6774 6688
o pillar_l
v 0.107000 -0.281000 -0.000000
v 0.107000 -0.276750 -0.000000
v 0.107000 -0.276750 0.190000
v 0.107000 -0.281000 0.190000
v 0.165000 -0.328000 0.000000
v 0.165000 -0.319000 0.000000
v 0.165000 -0.319000 0.190000
v 0.165000 -0.328000 0.190000
v 0.107000 -0.276750 -0.000000
v 0.110336 -0.276750 -0.000000
v 0.110336 -0.276750 0.190000
v 0.107000 -0.276750 0.190000
v 0.105000 -0.281000 -0.000000
v 0.107000 -0.281000 -0.000000
v 0.107000 -0.281000 0.190000
v 0.105000 -0.281000 0.190000
v 0.165000 -0.319000 0.000000
v 0.163000 -0.319000 0.000000
v 0.163000 -0.319000 0.190000
v 0.165000 -0.319000 0.190000
v 0.163000 -0.330000 0.000000
v 0.164000 -0.329732 0.000000
v 0.164732 -0.329000 0.000000
v 0.165000 -0.328000 0.000000
v 0.165000 -0.328000 0.190000
v 0.164732 -0.329000 0.190000
v 0.164000 -0.329732 0.190000
v 0.163000 -0.330000 0.190000
v 0.110336 -0.276750 -0.000000
v 0.114000 -0.280414 -0.000000
v 0.114000 -0.280414 0.190000
v 0.110336 -0.276750 0.190000
v 0.105000 -0.272000 -0.000000
v 0.105000 -0.281000 -0.000000
v 0.105000 -0.281000 0.190000
v 0.105000 -0.272000 0.190000
v 0.163000 -0.319000 0.000000
v 0.163000 -0.323250 0.000000
v 0.163000 -0.323250 0.190000
v 0.163000 -0.319000 0.190000
v 0.154000 -0.330000 0.000000
v 0.163000 -0.330000 0.000000
v 0.163000 -0.330000 0.190000
v 0.154000 -0.330000 0.190000
v 0.114000 -0.280414 -0.000000
v 0.114000 -0.289586 -0.000000
v 0.114000 -0.289586 0.190000
v 0.114000 -0.280414 0.190000
v 0.107000 -0.270000 -0.000000
v 0.106000 -0.270268 -0.000000
v 0.105268 -0.271000 -0.000000
v 0.105000 -0.272000 -0.000000
v 0.105000 -0.272000 0.190000
v 0.105268 -0.271000 0.190000
v 0.106000 -0.270268 0.190000
v 0.107000 -0.270000 0.190000
v 0.163000 -0.323250 0.000000
v 0.159664 -0.323250 0.000000
v 0.159664 -0.323250 0.190000
v 0.163000 -0.323250 0.190000
v 0.154000 -0.328000 0.000000
v 0.154000 -0.330000 0.000000
v 0.154000 -0.330000 0.190000
v 0.154000 -0.328000 0.190000
v 0.114000 -0.289586 -0.000000
v 0.110336 -0.293250 -0.000000
v 0.110336 -0.293250 0.190000
v 0.114000 -0.289586 0.190000
v 0.116000 -0.270000 -0.000000
v 0.107000 -0.270000 -0.000000
v 0.107000 -0.270000 0.190000
v 0.116000 -0.270000 0.190000
v 0.159664 -0.323250 0.000000
v 0.156000 -0.319586 0.000000
v 0.156000 -0.319586 0.190000
v 0.159664 -0.323250 0.190000
v 0.158250 -0.328000 0.000000
v 0.154000 -0.328000 0.000000
v 0.154000 -0.328000 0.190000
v 0.158250 -0.328000 0.190000
v 0.110336 -0.293250 -0.000000
v 0.107000 -0.293250 -0.000000
v 0.107000 -0.293250 0.190000
v 0.110336 -0.293250 0.190000
v 0.116000 -0.272000 -0.000000
v 0.116000 -0.270000 -0.000000
v 0.116000 -0.270000 0.190000
v 0.116000 -0.272000 0.190000
v 0.156000 -0.319586 0.000000
v 0.156000 -0.310414 0.000000
v 0.156000 -0.310414 0.190000
v 0.156000 -0.319586 0.190000
v 0.158250 -0.324664 0.000000
v 0.158250 -0.328000 0.000000
v 0.158250 -0.328000 0.190000
v 0.158250 -0.324664 0.190000
v 0.107000 -0.293250 -0.000000
v 0.107000 -0.289000 -0.000000
v 0.107000 -0.289000 0.190000
v 0.107000 -0.293250 0.190000
v 0.111750 -0.272000 -0.000000
v 0.116000 -0.272000 -0.000000
v 0.116000 -0.272000 0.190000
v 0.111750 -0.272000 0.190000
v 0.156000 -0.310414 0.000000
v 0.159664 -0.306750 0.000000
v 0.159664 -0.306750 0.190000
v 0.156000 -0.310414 0.190000
v 0.154586 -0.321000 0.000000
v 0.158250 -0.324664 0.000000
v 0.158250 -0.324664 0.190000
v 0.154586 -0.321000 0.190000
v 0.107000 -0.289000 -0.000000
v 0.105000 -0.289000 -0.000000
v 0.105000 -0.289000 0.190000
v 0.107000 -0.289000 0.190000
v 0.111750 -0.275336 -0.000000
v 0.111750 -0.272000 -0.000000
v 0.111750 -0.272000 0.190000
v 0.111750 -0.275336 0.190000
v 0.159664 -0.306750 0.000000
v 0.163000 -0.306750 0.000000
v 0.163000 -0.306750 0.190000
v 0.159664 -0.306750 0.190000
v 0.145414 -0.321000 -0.000000
v 0.154586 -0.321000 0.000000
v 0.154586 -0.321000 0.190000
v 0.145414 -0.321000 0.190000
v 0.105000 -0.289000 -0.000000
v 0.105000 -0.311000 -0.000000
v 0.105000 -0.311000 0.190000
v 0.105000 -0.289000 0.190000
v 0.115414 -0.279000 -0.000000
v 0.111750 -0.275336 -0.000000
v 0.111750 -0.275336 0.190000
v 0.115414 -0.279000 0.190000
v 0.163000 -0.306750 0.000000
v 0.163000 -0.311000 0.000000
v 0.163000 -0.311000 0.190000
v 0.163000 -0.306750 0.190000
v 0.141750 -0.324664 -0.000000
v 0.145414 -0.321000 -0.000000
v 0.145414 -0.321000 0.190000
v 0.141750 -0.324664 0.190000
v 0.105000 -0.311000 -0.000000
v 0.107000 -0.311000 -0.000000
v 0.107000 -0.311000 0.190000
v 0.105000 -0.311000 0.190000
v 0.124586 -0.279000 -0.000000
v 0.115414 -0.279000 -0.000000
v 0.115414 -0.279000 0.190000
v 0.124586 -0.279000 0.190000
v 0.163000 -0.311000 0.000000
v 0.165000 -0.311000 0.000000
v 0.165000 -0.311000 0.190000
v 0.163000 -0.311000 0.190000
v 0.141750 -0.328000 -0.000000
v 0.141750 -0.324664 -0.000000
v 0.141750 -0.324664 0.190000
v 0.141750 -0.328000 0.190000
v 0.107000 -0.311000 -0.000000
v 0.107000 -0.306750 -0.000000
v 0.107000 -0.306750 0.190000
v 0.107000 -0.311000 0.190000
v 0.128250 -0.275336 -0.000000
v 0.124586 -0.279000 -0.000000
v 0.124586 -0.279000 0.190000
v 0.128250 -0.275336 0.190000
v 0.165000 -0.311000 0.000000
v 0.165000 -0.289000 0.000000
v 0.165000 -0.289000 0.190000
v 0.165000 -0.311000 0.190000
v 0.146000 -0.328000 -0.000000
v 0.141750 -0.328000 -0.000000
v 0.141750 -0.328000 0.190000
v 0.146000 -0.328000 0.190000
v 0.107000 -0.306750 -0.000000
v 0.110336 -0.306750 -0.000000
v 0.110336 -0.306750 0.190000
v 0.107000 -0.306750 0.190000
v 0.128250 -0.272000 -0.000000
v 0.128250 -0.275336 -0.000000
v 0.128250 -0.275336 0.190000
v 0.128250 -0.272000 0.190000
v 0.165000 -0.289000 0.000000
v 0.163000 -0.289000 0.000000
v 0.163000 -0.289000 0.190000
v 0.165000 -0.289000 0.190000
v 0.146000 -0.330000 -0.000000
v 0.146000 -0.328000 -0.000000
v 0.146000 -0.328000 0.190000
v 0.146000 -0.330000 0.190000
v 0.110336 -0.306750 -0.000000
v 0.114000 -0.310414 -0.000000
v 0.114000 -0.310414 0.190000
v 0.110336 -0.306750 0.190000
v 0.124000 -0.272000 -0.000000
v 0.128250 -0.272000 -0.000000
v 0.128250 -0.272000 0.190000
v 0.124000 -0.272000 0.190000
v 0.163000 -0.289000 0.000000
v 0.163000 -0.293250 0.000000
v 0.163000 -0.293250 0.190000
v 0.163000 -0.289000 0.190000
v 0.124000 -0.330000 -0.000000
v 0.146000 -0.330000 -0.000000
v 0.146000 -0.330000 0.190000
v 0.124000 -0.330000 0.190000
v 0.114000 -0.310414 -0.000000
v 0.114000 -0.319586 -0.000000
v 0.114000 -0.319586 0.190000
v 0.114000 -0.310414 0.190000
v 0.124000 -0.270000 -0.000000
v 0.124000 -0.272000 -0.000000
v 0.124000 -0.272000 0.190000
v 0.124000 -0.270000 0.190000
v 0.163000 -0.293250 0.000000
v 0.159664 -0.293250 0.000000
v 0.159664 -0.293250 0.190000
v 0.163000 -0.293250 0.190000
v 0.154707 -0.296778 0.000000
v 0.154866 -0.296985 0.000000
v 0.154966 -0.297226 0.000000
v 0.155000 -0.297485 0.000000
v 0.155000 -0.297485 0.190000
v 0.154966 -0.297226 0.190000
v 0.154866 -0.296985 0.190000
v 0.154707 -0.296778 0.190000
v 0.124000 -0.328000 -0.000000
v 0.124000 -0.330000 -0.000000
v 0.124000 -0.330000 0.190000
v 0.124000 -0.328000 0.190000
v 0.114000 -0.319586 -0.000000
v 0.110336 -0.323250 -0.000000
v 0.110336 -0.323250 0.190000
v 0.114000 -0.319586 0.190000
v 0.146000 -0.270000 -0.000000
v 0.124000 -0.270000 -0.000000
v 0.124000 -0.270000 0.190000
v 0.146000 -0.270000 0.190000
v 0.159664 -0.293250 0.000000
v 0.156000 -0.289586 0.000000
v 0.156000 -0.289586 0.190000
v 0.159664 -0.293250 0.190000
v 0.155000 -0.297485 0.000000
v 0.155000 -0.302515 0.000000
v 0.155000 -0.302515 0.190000
v 0.155000 -0.297485 0.190000
v 0.149222 -0.291293 -0.000000
v 0.154707 -0.296778 0.000000
v 0.154707 -0.296778 0.190000
v 0.149222 -0.291293 0.190000
v 0.128250 -0.328000 -0.000000
v 0.124000 -0.328000 -0.000000
v 0.124000 -0.328000 0.190000
v 0.128250 -0.328000 0.190000
v 0.110336 -0.323250 -0.000000
v 0.107000 -0.323250 -0.000000
v 0.107000 -0.323250 0.190000
v 0.110336 -0.323250 0.190000
v 0.146000 -0.272000 -0.000000
v 0.146000 -0.270000 -0.000000
v 0.146000 -0.270000 0.190000
v 0.146000 -0.272000 0.190000
v 0.156000 -0.289586 0.000000
v 0.156000 -0.280414 0.000000
v 0.156000 -0.280414 0.190000
v 0.156000 -0.289586 0.190000
v 0.155000 -0.302515 0.000000
v 0.154966 -0.302774 0.000000
v 0.154866 -0.303015 0.000000
v 0.154707 -0.303222 0.000000
v 0.154707 -0.303222 0.190000
v 0.154866 -0.303015 0.190000
v 0.154966 -0.302774 0.190000
v 0.155000 -0.302515 0.190000
v 0.148515 -0.291000 -0.000000
v 0.148774 -0.291034 -0.000000
v 0.149015 -0.291134 -0.000000
v 0.149222 -0.291293 -0.000000
v 0.149222 -0.291293 0.190000
v 0.149015 -0.291134 0.190000
v 0.148774 -0.291034 0.190000
v 0.148515 -0.291000 0.190000
v 0.128250 -0.324664 -0.000000
v 0.128250 -0.328000 -0.000000
v 0.128250 -0.328000 0.190000
v 0.128250 -0.324664 0.190000
v 0.107000 -0.323250 -0.000000
v 0.107000 -0.319000 -0.000000
v 0.107000 -0.319000 0.190000
v 0.107000 -0.323250 0.190000
v 0.141750 -0.272000 -0.000000
v 0.146000 -0.272000 -0.000000
v 0.146000 -0.272000 0.190000
v 0.141750 -0.272000 0.190000
v 0.156000 -0.280414 0.000000
v 0.159664 -0.276750 0.000000
v 0.159664 -0.276750 0.190000
v 0.156000 -0.280414 0.190000
v 0.154707 -0.303222 0.000000
v 0.149222 -0.308707 -0.000000
v 0.149222 -0.308707 0.190000
v 0.154707 -0.303222 0.190000
v 0.115000 -0.297485 -0.000000
v 0.115034 -0.297226 -0.000000
v 0.115134 -0.296985 -0.000000
v 0.115293 -0.296778 -0.000000
v 0.115293 -0.296778 0.190000
v 0.115134 -0.296985 0.190000
v 0.115034 -0.297226 0.190000
v 0.115000 -0.297485 0.190000
v 0.147000 -0.291000 -0.000000
v 0.148515 -0.291000 -0.000000
v 0.148515 -0.291000 0.190000
v 0.147000 -0.291000 0.190000
v 0.124586 -0.321000 -0.000000
v 0.128250 -0.324664 -0.000000
v 0.128250 -0.324664 0.190000
v 0.124586 -0.321000 0.190000
v 0.115293 -0.296778 -0.000000
v 0.120778 -0.291293 -0.000000
v 0.120778 -0.291293 0.190000
v 0.115293 -0.296778 0.190000
v 0.107000 -0.319000 -0.000000
v 0.105000 -0.319000 -0.000000
v 0.105000 -0.319000 0.190000
v 0.107000 -0.319000 0.190000
v 0.141750 -0.275336 -0.000000
v 0.141750 -0.272000 -0.000000
v 0.141750 -0.272000 0.190000
v 0.141750 -0.275336 0.190000
v 0.159664 -0.276750 0.000000
v 0.163000 -0.276750 0.000000
v 0.163000 -0.276750 0.190000
v 0.159664 -0.276750 0.190000
v 0.149222 -0.308707 -0.000000
v 0.149015 -0.308866 -0.000000
v 0.148774 -0.308966 -0.000000
v 0.148515 -0.309000 -0.000000
v 0.148515 -0.309000 0.190000
v 0.148774 -0.308966 0.190000
v 0.149015 -0.308866 0.190000
v 0.149222 -0.308707 0.190000
v 0.115000 -0.302515 -0.000000
v 0.115000 -0.297485 -0.000000
v 0.115000 -0.297485 0.190000
v 0.115000 -0.302515 0.190000
v 0.144000 -0.288000 -0.000000
v 0.144402 -0.289500 -0.000000
v 0.145500 -0.290598 -0.000000
v 0.147000 -0.291000 -0.000000
v 0.147000 -0.291000 0.190000
v 0.145500 -0.290598 0.190000
v 0.144402 -0.289500 0.190000
v 0.144000 -0.288000 0.190000
v 0.115414 -0.321000 -0.000000
v 0.124586 -0.321000 -0.000000
v 0.124586 -0.321000 0.190000
v 0.115414 -0.321000 0.190000
v 0.120778 -0.291293 -0.000000
v 0.120985 -0.291134 -0.000000
v 0.121226 -0.291034 -0.000000
v 0.121485 -0.291000 -0.000000
v 0.121485 -0.291000 0.190000
v 0.121226 -0.291034 0.190000
v 0.120985 -0.291134 0.190000
v 0.120778 -0.291293 0.190000
v 0.105000 -0.319000 -0.000000
v 0.105000 -0.328000 -0.000000
v 0.105000 -0.328000 0.190000
v 0.105000 -0.319000 0.190000
v 0.145414 -0.279000 -0.000000
v 0.141750 -0.275336 -0.000000
v 0.141750 -0.275336 0.190000
v 0.145414 -0.279000 0.190000
v 0.163000 -0.276750 0.000000
v 0.163000 -0.281000 0.000000
v 0.163000 -0.281000 0.190000
v 0.163000 -0.276750 0.190000
v 0.148515 -0.309000 -0.000000
v 0.147000 -0.309000 -0.000000
v 0.147000 -0.309000 0.190000
v 0.148515 -0.309000 0.190000
v 0.115293 -0.303222 -0.000000
v 0.115134 -0.303015 -0.000000
v 0.115034 -0.302774 -0.000000
v 0.115000 -0.302515 -0.000000
v 0.115000 -0.302515 0.190000
v 0.115034 -0.302774 0.190000
v 0.115134 -0.303015 0.190000
v 0.115293 -0.303222 0.190000
v 0.144000 -0.286485 -0.000000
v 0.144000 -0.288000 -0.000000
v 0.144000 -0.288000 0.190000
v 0.144000 -0.286485 0.190000
v 0.111750 -0.324664 -0.000000
v 0.115414 -0.321000 -0.000000
v 0.115414 -0.321000 0.190000
v 0.111750 -0.324664 0.190000
v 0.121485 -0.291000 -0.000000
v 0.123000 -0.291000 -0.000000
v 0.123000 -0.291000 0.190000
v 0.121485 -0.291000 0.190000
v 0.105000 -0.328000 -0.000000
v 0.105268 -0.329000 -0.000000
v 0.106000 -0.329732 -0.000000
v 0.107000 -0.330000 -0.000000
v 0.107000 -0.330000 0.190000
v 0.106000 -0.329732 0.190000
v 0.105268 -0.329000 0.190000
v 0.105000 -0.328000 0.190000
v 0.154586 -0.279000 0.000000
v 0.145414 -0.279000 -0.000000
v 0.145414 -0.279000 0.190000
v 0.154586 -0.279000 0.190000
v 0.163000 -0.281000 0.000000
v 0.165000 -0.281000 0.000000
v 0.165000 -0.281000 0.190000
v 0.163000 -0.281000 0.190000
v 0.120000 -0.281600 -0.000000
v 0.122944 -0.283300 -0.000000
v 0.122944 -0.286700 -0.000000
v 0.120000 -0.288400 -0.000000
v 0.117056 -0.286700 -0.000000
v 0.117056 -0.283300 -0.000000
v 0.120000 -0.281600 0.190000
v 0.117056 -0.283300 0.190000
v 0.117056 -0.286700 0.190000
v 0.120000 -0.288400 0.190000
v 0.122944 -0.286700 0.190000
v 0.122944 -0.283300 0.190000
v 0.120000 -0.281600 -0.000000
v 0.120000 -0.281600 0.190000
v 0.147000 -0.309000 -0.000000
v 0.145500 -0.309402 -0.000000
v 0.144402 -0.310500 -0.000000
v 0.144000 -0.312000 -0.000000
v 0.144000 -0.312000 0.190000
v 0.144402 -0.310500 0.190000
v 0.145500 -0.309402 0.190000
v 0.147000 -0.309000 0.190000
v 0.120778 -0.308707 -0.000000
v 0.115293 -0.303222 -0.000000
v 0.115293 -0.303222 0.190000
v 0.120778 -0.308707 0.190000
v 0.143707 -0.285778 -0.000000
v 0.143866 -0.285985 -0.000000
v 0.143966 -0.286226 -0.000000
v 0.144000 -0.286485 -0.000000
v 0.144000 -0.286485 0.190000
v 0.143966 -0.286226 0.190000
v 0.143866 -0.285985 0.190000
v 0.143707 -0.285778 0.190000
v 0.111750 -0.328000 -0.000000
v 0.111750 -0.324664 -0.000000
v 0.111750 -0.324664 0.190000
v 0.111750 -0.328000 0.190000
v 0.123000 -0.291000 -0.000000
v 0.124500 -0.290598 -0.000000
v 0.125598 -0.289500 -0.000000
v 0.126000 -0.288000 -0.000000
v 0.126000 -0.288000 0.190000
v 0.125598 -0.289500 0.190000
v 0.124500 -0.290598 0.190000
v 0.123000 -0.291000 0.190000
v 0.107000 -0.330000 -0.000000
v 0.116000 -0.330000 -0.000000
v 0.116000 -0.330000 0.190000
v 0.107000 -0.330000 0.190000
v 0.158250 -0.275336 0.000000
v 0.154586 -0.279000 0.000000
v 0.154586 -0.279000 0.190000
v 0.158250 -0.275336 0.190000
v 0.165000 -0.281000 0.000000
v 0.165000 -0.272000 0.000000
v 0.165000 -0.272000 0.190000
v 0.165000 -0.281000 0.190000
v 0.120000 -0.311600 -0.000000
v 0.122944 -0.313300 -0.000000
v 0.122944 -0.316700 -0.000000
v 0.120000 -0.318400 -0.000000
v 0.117056 -0.316700 -0.000000
v 0.117056 -0.313300 -0.000000
v 0.120000 -0.311600 0.190000
v 0.117056 -0.313300 0.190000
v 0.117056 -0.316700 0.190000
v 0.120000 -0.318400 0.190000
v 0.122944 -0.316700 0.190000
v 0.122944 -0.313300 0.190000
v 0.120000 -0.311600 -0.000000
v 0.120000 -0.311600 0.190000
v 0.144000 -0.312000 -0.000000
v 0.144000 -0.313515 -0.000000
v 0.144000 -0.313515 0.190000
v 0.144000 -0.312000 0.190000
v 0.121485 -0.309000 -0.000000
v 0.121226 -0.308966 -0.000000
v 0.120985 -0.308866 -0.000000
v 0.120778 -0.308707 -0.000000
v 0.120778 -0.308707 0.190000
v 0.120985 -0.308866 0.190000
v 0.121226 -0.308966 0.190000
v 0.121485 -0.309000 0.190000
v 0.138222 -0.280293 -0.000000
v 0.143707 -0.285778 -0.000000
v 0.143707 -0.285778 0.190000
v 0.138222 -0.280293 0.190000
v 0.116000 -0.328000 -0.000000
v 0.111750 -0.328000 -0.000000
v 0.111750 -0.328000 0.190000
v 0.116000 -0.328000 0.190000
v 0.126000 -0.288000 -0.000000
v 0.126000 -0.286485 -0.000000
v 0.126000 -0.286485 0.190000
v 0.126000 -0.288000 0.190000
v 0.158250 -0.272000 0.000000
v 0.158250 -0.275336 0.000000
v 0.158250 -0.275336 0.190000
v 0.158250 -0.272000 0.190000
v 0.165000 -0.272000 0.000000
v 0.164732 -0.271000 0.000000
v 0.164000 -0.270268 0.000000
v 0.163000 -0.270000 0.000000
v 0.163000 -0.270000 0.190000
v 0.164000 -0.270268 0.190000
v 0.164732 -0.271000 0.190000
v 0.165000 -0.272000 0.190000
v 0.150000 -0.311600 -0.000000
v 0.152944 -0.313300 -0.000000
v 0.152944 -0.316700 -0.000000
v 0.150000 -0.318400 -0.000000
v 0.147056 -0.316700 -0.000000
v 0.147056 -0.313300 -0.000000
v 0.150000 -0.311600 0.190000
v 0.147056 -0.313300 0.190000
v 0.147056 -0.316700 0.190000
v 0.150000 -0.318400 0.190000
v 0.152944 -0.316700 0.190000
v 0.152944 -0.313300 0.190000
v 0.150000 -0.311600 -0.000000
v 0.150000 -0.311600 0.190000
v 0.144000 -0.313515 -0.000000
v 0.143966 -0.313774 -0.000000
v 0.143866 -0.314015 -0.000000
v 0.143707 -0.314222 -0.000000
v 0.143707 -0.314222 0.190000
v 0.143866 -0.314015 0.190000
v 0.143966 -0.313774 0.190000
v 0.144000 -0.313515 0.190000
v 0.165000 -0.272000 0.190000
v 0.164732 -0.271000 0.190000
v 0.164000 -0.270268 0.190000
v 0.163000 -0.270000 0.190000
v 0.154000 -0.270000 0.190000
v 0.154000 -0.272000 0.190000
v 0.158250 -0.272000 0.190000
v 0.158250 -0.275336 0.190000
v 0.154586 -0.279000 0.190000
v 0.145414 -0.279000 0.190000
v 0.141750 -0.275336 0.190000
v 0.141750 -0.272000 0.190000
v 0.146000 -0.272000 0.190000
v 0.146000 -0.270000 0.190000
v 0.124000 -0.270000 0.190000
v 0.124000 -0.272000 0.190000
v 0.128250 -0.272000 0.190000
v 0.128250 -0.275336 0.190000
v 0.124586 -0.279000 0.190000
v 0.115414 -0.279000 0.190000
v 0.111750 -0.275336 0.190000
v 0.111750 -0.272000 0.190000
v 0.116000 -0.272000 0.190000
v 0.116000 -0.270000 0.190000
v 0.107000 -0.270000 0.190000
v 0.106000 -0.270268 0.190000
v 0.105268 -0.271000 0.190000
v 0.105000 -0.272000 0.190000
v 0.105000 -0.281000 0.190000
v 0.107000 -0.281000 0.190000
v 0.107000 -0.276750 0.190000
v 0.110336 -0.276750 0.190000
v 0.114000 -0.280414 0.190000
v 0.114000 -0.289586 0.190000
v 0.110336 -0.293250 0.190000
v 0.107000 -0.293250 0.190000
v 0.107000 -0.289000 0.190000
v 0.105000 -0.289000 0.190000
v 0.105000 -0.311000 0.190000
v 0.107000 -0.311000 0.190000
v 0.107000 -0.306750 0.190000
v 0.110336 -0.306750 0.190000
v 0.114000 -0.310414 0.190000
v 0.114000 -0.319586 0.190000
v 0.110336 -0.323250 0.190000
v 0.107000 -0.323250 0.190000
v 0.107000 -0.319000 0.190000
v 0.105000 -0.319000 0.190000
v 0.105000 -0.328000 0.190000
v 0.105268 -0.329000 0.190000
v 0.106000 -0.329732 0.190000
v 0.107000 -0.330000 0.190000
v 0.116000 -0.330000 0.190000
v 0.116000 -0.328000 0.190000
v 0.111750 -0.328000 0.190000
v 0.111750 -0.324664 0.190000
v 0.115414 -0.321000 0.190000
v 0.124586 -0.321000 0.190000
v 0.128250 -0.324664 0.190000
v 0.128250 -0.328000 0.190000
v 0.124000 -0.328000 0.190000
v 0.124000 -0.330000 0.190000
v 0.146000 -0.330000 0.190000
v 0.146000 -0.328000 0.190000
v 0.141750 -0.328000 0.190000
v 0.141750 -0.324664 0.190000
v 0.145414 -0.321000 0.190000
v 0.154586 -0.321000 0.190000
v 0.158250 -0.324664 0.190000
v 0.158250 -0.328000 0.190000
v 0.154000 -0.328000 0.190000
v 0.154000 -0.330000 0.190000
v 0.163000 -0.330000 0.190000
v 0.164000 -0.329732 0.190000
v 0.164732 -0.329000 0.190000
v 0.165000 -0.328000 0.190000
v 0.165000 -0.319000 0.190000
v 0.163000 -0.319000 0.190000
v 0.163000 -0.323250 0.190000
v 0.159664 -0.323250 0.190000
v 0.156000 -0.319586 0.190000
v 0.156000 -0.310414 0.190000
v 0.159664 -0.306750 0.190000
v 0.163000 -0.306750 0.190000
v 0.163000 -0.311000 0.190000
v 0.165000 -0.311000 0.190000
v 0.165000 -0.289000 0.190000
v 0.163000 -0.289000 0.190000
v 0.163000 -0.293250 0.190000
v 0.159664 -0.293250 0.190000
v 0.156000 -0.289586 0.190000
v 0.156000 -0.280414 0.190000
v 0.159664 -0.276750 0.190000
v 0.163000 -0.276750 0.190000
v 0.163000 -0.281000 0.190000
v 0.165000 -0.281000 0.190000
v 0.126293 -0.285778 0.190000
v 0.131778 -0.280293 0.190000
v 0.131985 -0.280134 0.190000
v 0.132226 -0.280034 0.190000
v 0.132485 -0.280000 0.190000
v 0.137515 -0.280000 0.190000
v 0.137774 -0.280034 0.190000
v 0.138015 -0.280134 0.190000
v 0.138222 -0.280293 0.190000
v 0.143707 -0.285778 0.190000
v 0.143866 -0.285985 0.190000
v 0.143966 -0.286226 0.190000
v 0.144000 -0.286485 0.190000
v 0.144000 -0.288000 0.190000
v 0.144402 -0.289500 0.190000
v 0.145500 -0.290598 0.190000
v 0.147000 -0.291000 0.190000
v 0.148515 -0.291000 0.190000
v 0.148774 -0.291034 0.190000
v 0.149015 -0.291134 0.190000
v 0.149222 -0.291293 0.190000
v 0.154707 -0.296778 0.190000
v 0.154866 -0.296985 0.190000
v 0.154966 -0.297226 0.190000
v 0.155000 -0.297485 0.190000
v 0.155000 -0.302515 0.190000
v 0.154966 -0.302774 0.190000
v 0.154866 -0.303015 0.190000
v 0.154707 -0.303222 0.190000
v 0.149222 -0.308707 0.190000
v 0.149015 -0.308866 0.190000
v 0.148774 -0.308966 0.190000
v 0.148515 -0.309000 0.190000
v 0.147000 -0.309000 0.190000
v 0.145500 -0.309402 0.190000
v 0.144402 -0.310500 0.190000
v 0.144000 -0.312000 0.190000
v 0.144000 -0.313515 0.190000
v 0.143966 -0.313774 0.190000
v 0.143866 -0.314015 0.190000
v 0.143707 -0.314222 0.190000
v 0.138222 -0.319707 0.190000
v 0.138015 -0.319866 0.190000
v 0.137774 -0.319966 0.190000
v 0.137515 -0.320000 0.190000
v 0.132485 -0.320000 0.190000
v 0.132226 -0.319966 0.190000
v 0.131985 -0.319866 0.190000
v 0.131778 -0.319707 0.190000
v 0.126293 -0.314222 0.190000
v 0.126134 -0.314015 0.190000
v 0.126034 -0.313774 0.190000
v 0.126000 -0.313515 0.190000
v 0.126000 -0.312000 0.190000
v 0.125598 -0.310500 0.190000
v 0.124500 -0.309402 0.190000
v 0.123000 -0.309000 0.190000
v 0.121485 -0.309000 0.190000
v 0.121226 -0.308966 0.190000
v 0.120985 -0.308866 0.190000
v 0.120778 -0.308707 0.190000
v 0.115293 -0.303222 0.190000
v 0.115134 -0.303015 0.190000
v 0.115034 -0.302774 0.190000
v 0.115000 -0.302515 0.190000
v 0.115000 -0.297485 0.190000
v 0.115034 -0.297226 0.190000
v 0.115134 -0.296985 0.190000
v 0.115293 -0.296778 0.190000
v 0.120778 -0.291293 0.190000
v 0.120985 -0.291134 0.190000
v 0.121226 -0.291034 0.190000
v 0.121485 -0.291000 0.190000
v 0.123000 -0.291000 0.190000
v 0.124500 -0.290598 0.190000
v 0.125598 -0.289500 0.190000
v 0.126000 -0.288000 0.190000
v 0.126000 -0.286485 0.190000
v 0.126034 -0.286226 0.190000
v 0.126134 -0.285985 0.190000
v 0.120000 -0.311600 0.190000
v 0.122944 -0.313300 0.190000
v 0.122944 -0.316700 0.190000
v 0.120000 -0.318400 0.190000
v 0.117056 -0.316700 0.190000
v 0.117056 -0.313300 0.190000
v 0.150000 -0.311600 0.190000
v 0.152944 -0.313300 0.190000
v 0.152944 -0.316700 0.190000
v 0.150000 -0.318400 0.190000
v 0.147056 -0.316700 0.190000
v 0.147056 -0.313300 0.190000
v 0.120000 -0.281600 0.190000
v 0.122944 -0.283300 0.190000
v 0.122944 -0.286700 0.190000
v 0.120000 -0.288400 0.190000
v 0.117056 -0.286700 0.190000
v 0.117056 -0.283300 0.190000
v 0.150000 -0.288400 0.190000
v 0.147056 -0.286700 0.190000
v 0.147056 -0.283300 0.190000
v 0.150000 -0.281600 0.190000
v 0.152944 -0.283300 0.190000
v 0.152944 -0.286700 0.190000
v 0.123000 -0.309000 -0.000000
v 0.121485 -0.309000 -0.000000
v 0.121485 -0.309000 0.190000
v 0.123000 -0.309000 0.190000
v 0.137515 -0.280000 -0.000000
v 0.137774 -0.280034 -0.000000
v 0.138015 -0.280134 -0.000000
v 0.138222 -0.280293 -0.000000
v 0.138222 -0.280293 0.190000
v 0.138015 -0.280134 0.190000
v 0.137774 -0.280034 0.190000
v 0.137515 -0.280000 0.190000
v 0.116000 -0.330000 -0.000000
v 0.116000 -0.328000 -0.000000
v 0.116000 -0.328000 0.190000
v 0.116000 -0.330000 0.190000
v 0.126000 -0.286485 -0.000000
v 0.126034 -0.286226 -0.000000
v 0.126134 -0.285985 -0.000000
v 0.126293 -0.285778 -0.000000
v 0.126293 -0.285778 0.190000
v 0.126134 -0.285985 0.190000
v 0.126034 -0.286226 0.190000
v 0.126000 -0.286485 0.190000
v 0.154000 -0.272000 0.000000
v 0.158250 -0.272000 0.000000
v 0.158250 -0.272000 0.190000
v 0.154000 -0.272000 0.190000
v 0.163000 -0.270000 0.000000
v 0.154000 -0.270000 0.000000
v 0.154000 -0.270000 0.190000
v 0.163000 -0.270000 0.190000
v 0.150000 -0.288400 -0.000000
v 0.147056 -0.286700 -0.000000
v 0.147056 -0.283300 -0.000000
v 0.150000 -0.281600 -0.000000
v 0.152944 -0.283300 -0.000000
v 0.152944 -0.286700 -0.000000
v 0.150000 -0.288400 0.190000
v 0.152944 -0.286700 0.190000
v 0.152944 -0.283300 0.190000
v 0.150000 -0.281600 0.190000
v 0.147056 -0.283300 0.190000
v 0.147056 -0.286700 0.190000
v 0.150000 -0.288400 -0.000000
v 0.150000 -0.288400 0.190000
v 0.143707 -0.314222 -0.000000
v 0.138222 -0.319707 -0.000000
v 0.138222 -0.319707 0.190000
v 0.143707 -0.314222 0.190000
v 0.126000 -0.312000 -0.000000
v 0.125598 -0.310500 -0.000000
v 0.124500 -0.309402 -0.000000
v 0.123000 -0.309000 -0.000000
v 0.123000 -0.309000 0.190000
v 0.124500 -0.309402 0.190000
v 0.125598 -0.310500 0.190000
v 0.126000 -0.312000 0.190000
v 0.132485 -0.280000 -0.000000
v 0.137515 -0.280000 -0.000000
v 0.137515 -0.280000 0.190000
v 0.132485 -0.280000 0.190000
v 0.126293 -0.285778 -0.000000
v 0.131778 -0.280293 -0.000000
v 0.131778 -0.280293 0.190000
v 0.126293 -0.285778 0.190000
v 0.154000 -0.270000 0.000000
v 0.154000 -0.272000 0.000000
v 0.154000 -0.272000 0.190000
v 0.154000 -0.270000 0.190000
v 0.126000 -0.313515 -0.000000
v 0.126000 -0.312000 -0.000000
v 0.126000 -0.312000 0.190000
v 0.126000 -0.313515 0.190000
v 0.131778 -0.280293 -0.000000
v 0.131985 -0.280134 -0.000000
v 0.132226 -0.280034 -0.000000
v 0.132485 -0.280000 -0.000000
v 0.132485 -0.280000 0.190000
v 0.132226 -0.280034 0.190000
v 0.131985 -0.280134 0.190000
v 0.131778 -0.280293 0.190000
v 0.126293 -0.314222 -0.000000
v 0.126134 -0.314015 -0.000000
v 0.126034 -0.313774 -0.000000
v 0.126000 -0.313515 -0.000000
v 0.126000 -0.313515 0.190000
v 0.126034 -0.313774 0.190000
v 0.126134 -0.314015 0.190000
v 0.126293 -0.314222 0.190000
v 0.131778 -0.319707 -0.000000
v 0.126293 -0.314222 -0.000000
v 0.126293 -0.314222 0.190000
v 0.131778 -0.319707 0.190000
v 0.132485 -0.320000 -0.000000
v 0.132226 -0.319966 -0.000000
v 0.131985 -0.319866 -0.000000
v 0.131778 -0.319707 -0.000000
v 0.131778 -0.319707 0.190000
v 0.131985 -0.319866 0.190000
v 0.132226 -0.319966 0.190000
v 0.132485 -0.320000 0.190000
v 0.137515 -0.320000 -0.000000
v 0.132485 -0.320000 -0.000000
v 0.132485 -0.320000 0.190000
v 0.137515 -0.320000 0.190000
v 0.138222 -0.319707 -0.000000
v 0.138015 -0.319866 -0.000000
v 0.137774 -0.319966 -0.000000
v 0.137515 -0.320000 -0.000000
v 0.137515 -0.320000 0.190000
v 0.137774 -0.319966 0.190000
v 0.138015 -0.319866 0.190000
v 0.138222 -0.319707 0.190000
v 0.132485 -0.280000 -0.000000
v 0.132226 -0.280034 -0.000000
v 0.131985 -0.280134 -0.000000
v 0.131778 -0.280293 -0.000000
v 0.126293 -0.285778 -0.000000
v 0.126134 -0.285985 -0.000000
v 0.126034 -0.286226 -0.000000
v 0.126000 -0.286485 -0.000000
v 0.126000 -0.288000 -0.000000
v 0.125598 -0.289500 -0.000000
v 0.124500 -0.290598 -0.000000
v 0.123000 -0.291000 -0.000000
v 0.121485 -0.291000 -0.000000
v 0.121226 -0.291034 -0.000000
v 0.120985 -0.291134 -0.000000
v 0.120778 -0.291293 -0.000000
v 0.115293 -0.296778 -0.000000
v 0.115134 -0.296985 -0.000000
v 0.115034 -0.297226 -0.000000
v 0.115000 -0.297485 -0.000000
v 0.115000 -0.302515 -0.000000
v 0.115034 -0.302774 -0.000000
v 0.115134 -0.303015 -0.000000
v 0.115293 -0.303222 -0.000000
v 0.120778 -0.308707 -0.000000
v 0.120985 -0.308866 -0.000000
v 0.121226 -0.308966 -0.000000
v 0.121485 -0.309000 -0.000000
v 0.123000 -0.309000 -0.000000
v 0.124500 -0.309402 -0.000000
v 0.125598 -0.310500 -0.000000
v 0.126000 -0.312000 -0.000000
v 0.126000 -0.313515 -0.000000
v 0.126034 -0.313774 -0.000000
v 0.126134 -0.314015 -0.000000
v 0.126293 -0.314222 -0.000000
v 0.131778 -0.319707 -0.000000
v 0.131985 -0.319866 -0.000000
v 0.132226 -0.319966 -0.000000
v 0.132485 -0.320000 -0.000000
v 0.137515 -0.320000 -0.000000
v 0.137774 -0.319966 -0.000000
v 0.138015 -0.319866 -0.000000
v 0.138222 -0.319707 -0.000000
v 0.143707 -0.314222 -0.000000
v 0.143866 -0.314015 -0.000000
v 0.143966 -0.313774 -0.000000
v 0.144000 -0.313515 -0.000000
v 0.144000 -0.312000 -0.000000
v 0.144402 -0.310500 -0.000000
v 0.145500 -0.309402 -0.000000
v 0.147000 -0.309000 -0.000000
v 0.148515 -0.309000 -0.000000
v 0.148774 -0.308966 -0.000000
v 0.149015 -0.308866 -0.000000
v 0.149222 -0.308707 -0.000000
v 0.154707 -0.303222 0.000000
v 0.154866 -0.303015 0.000000
v 0.154966 -0.302774 0.000000
v 0.155000 -0.302515 0.000000
v 0.155000 -0.297485 0.000000
v 0.154966 -0.297226 0.000000
v 0.154866 -0.296985 0.000000
v 0.154707 -0.296778 0.000000
v 0.149222 -0.291293 -0.000000
v 0.149015 -0.291134 -0.000000
v 0.148774 -0.291034 -0.000000
v 0.148515 -0.291000 -0.000000
v 0.147000 -0.291000 -0.000000
v 0.145500 -0.290598 -0.000000
v 0.144402 -0.289500 -0.000000
v 0.144000 -0.288000 -0.000000
v 0.144000 -0.286485 -0.000000
v 0.143966 -0.286226 -0.000000
v 0.143866 -0.285985 -0.000000
v 0.143707 -0.285778 -0.000000
v 0.138222 -0.280293 -0.000000
v 0.138015 -0.280134 -0.000000
v 0.137774 -0.280034 -0.000000
v 0.137515 -0.280000 -0.000000
v 0.154000 -0.272000 0.000000
v 0.154000 -0.270000 0.000000
v 0.163000 -0.270000 0.000000
v 0.164000 -0.270268 0.000000
v 0.164732 -0.271000 0.000000
v 0.165000 -0.272000 0.000000
v 0.165000 -0.281000 0.000000
v 0.163000 -0.281000 0.000000
v 0.163000 -0.276750 0.000000
v 0.159664 -0.276750 0.000000
v 0.156000 -0.280414 0.000000
v 0.156000 -0.289586 0.000000
v 0.159664 -0.293250 0.000000
v 0.163000 -0.293250 0.000000
v 0.163000 -0.289000 0.000000
v 0.165000 -0.289000 0.000000
v 0.165000 -0.311000 0.000000
v 0.163000 -0.311000 0.000000
v 0.163000 -0.306750 0.000000
v 0.159664 -0.306750 0.000000
v 0.156000 -0.310414 0.000000
v 0.156000 -0.319586 0.000000
v 0.159664 -0.323250 0.000000
v 0.163000 -0.323250 0.000000
v 0.163000 -0.319000 0.000000
v 0.165000 -0.319000 0.000000
v 0.165000 -0.328000 0.000000
v 0.164732 -0.329000 0.000000
v 0.164000 -0.329732 0.000000
v 0.163000 -0.330000 0.000000
v 0.154000 -0.330000 0.000000
v 0.154000 -0.328000 0.000000
v 0.158250 -0.328000 0.000000
v 0.158250 -0.324664 0.000000
v 0.154586 -0.321000 0.000000
v 0.145414 -0.321000 -0.000000
v 0.141750 -0.324664 -0.000000
v 0.141750 -0.328000 -0.000000
v 0.146000 -0.328000 -0.000000
v 0.146000 -0.330000 -0.000000
v 0.124000 -0.330000 -0.000000
v 0.124000 -0.328000 -0.000000
v 0.128250 -0.328000 -0.000000
v 0.128250 -0.324664 -0.000000
v 0.124586 -0.321000 -0.000000
v 0.115414 -0.321000 -0.000000
v 0.111750 -0.324664 -0.000000
v 0.111750 -0.328000 -0.000000
v 0.116000 -0.328000 -0.000000
v 0.116000 -0.330000 -0.000000
v 0.107000 -0.330000 -0.000000
v 0.106000 -0.329732 -0.000000
v 0.105268 -0.329000 -0.000000
v 0.105000 -0.328000 -0.000000
v 0.105000 -0.319000 -0.000000
v 0.107000 -0.319000 -0.000000
v 0.107000 -0.323250 -0.000000
v 0.110336 -0.323250 -0.000000
v 0.114000 -0.319586 -0.000000
v 0.114000 -0.310414 -0.000000
v 0.110336 -0.306750 -0.000000
v 0.107000 -0.306750 -0.000000
v 0.107000 -0.311000 -0.000000
v 0.105000 -0.311000 -0.000000
v 0.105000 -0.289000 -0.000000
v 0.107000 -0.289000 -0.000000
v 0.107000 -0.293250 -0.000000
v 0.110336 -0.293250 -0.000000
v 0.114000 -0.289586 -0.000000
v 0.114000 -0.280414 -0.000000
v 0.110336 -0.276750 -0.000000
v 0.107000 -0.276750 -0.000000
v 0.107000 -0.281000 -0.000000
v 0.105000 -0.281000 -0.000000
v 0.105000 -0.272000 -0.000000
v 0.105268 -0.271000 -0.000000
v 0.106000 -0.270268 -0.000000
v 0.107000 -0.270000 -0.000000
v 0.116000 -0.270000 -0.000000
v 0.116000 -0.272000 -0.000000
v 0.111750 -0.272000 -0.000000
v 0.111750 -0.275336 -0.000000
v 0.115414 -0.279000 -0.000000
v 0.124586 -0.279000 -0.000000
v 0.128250 -0.275336 -0.000000
v 0.128250 -0.272000 -0.000000
v 0.124000 -0.272000 -0.000000
v 0.124000 -0.270000 -0.000000
v 0.146000 -0.270000 -0.000000
v 0.146000 -0.272000 -0.000000
v 0.141750 -0.272000 -0.000000
v 0.141750 -0.275336 -0.000000
v 0.145414 -0.279000 -0.000000
v 0.154586 -0.279000 0.000000
v 0.158250 -0.275336 0.000000
v 0.158250 -0.272000 0.000000
v 0.150000 -0.288400 -0.000000
v 0.152944 -0.286700 -0.000000
v 0.152944 -0.283300 -0.000000
v 0.150000 -0.281600 -0.000000
v 0.147056 -0.283300 -0.000000
v 0.147056 -0.286700 -0.000000
v 0.150000 -0.311600 -0.000000
v 0.147056 -0.313300 -0.000000
v 0.147056 -0.316700 -0.000000
v 0.150000 -0.318400 -0.000000
v 0.152944 -0.316700 -0.000000
v 0.152944 -0.313300 -0.000000
v 0.120000 -0.311600 -0.000000
v 0.117056 -0.313300 -0.000000
v 0.117056 -0.316700 -0.000000
v 0.120000 -0.318400 -0.000000
v 0.122944 -0.316700 -0.000000
v 0.122944 -0.313300 -0.000000
v 0.120000 -0.281600 -0.000000
v 0.117056 -0.283300 -0.000000
v 0.117056 -0.286700 -0.000000
v 0.120000 -0.288400 -0.000000
v 0.122944 -0.286700 -0.000000
v 0.122944 -0.283300 -0.000000
f 6798 6799 6797
f 6797 6799 6800
f 6802 6803 6801
f 6801 6803 6804
f 6805 6806 6808
f 6808 6806 6807
f 6809 6810 6812
f 6812 6810 6811
f 6813 6814 6816
f 6816 6814 6815
f 6824 6817 6823
f 6823 6817 6818
f 6823 6818 6822
f 6822 6818 6819
f 6822 6819 6821
f 6821 6819 6820
f 6826 6827 6825
f 6825 6827 6828
f 6830 6831 6829
f 6829 6831 6832
f 6834 6835 6833
f 6833 6835 6836
f 6837 6838 6840
f 6840 6838 6839
f 6842 6843 6841
f 6841 6843 6844
f 6852 6845 6851
f 6851 6845 6846
f 6851 6846 6850
f 6850 6846 6847
f 6850 6847 6849
f 6849 6847 6848
f 6853 6854 6856
f 6856 6854 6855
f 6858 6859 6857
f 6857 6859 6860
f 6862 6863 6861
f 6861 6863 6864
f 6865 6866 6868
f 6868 6866 6867
f 6870 6871 6869
f 6869 6871 6872
f 6873 6874 6876
f 6876 6874 6875
f 6877 6878 6880
f 6880 6878 6879
f 6882 6883 6881
f 6881 6883 6884
f 6886 6887 6885
f 6885 6887 6888
f 6890 6891 6889
f 6889 6891 6892
f 6894 6895 6893
f 6893 6895 6896
f 6897 6898 6900
f 6900 6898 6899
f 6902 6903 6901
f 6901 6903 6904
f 6906 6907 6905
f 6905 6907 6908
f 6909 6910 6912
f 6912 6910 6911
f 6914 6915 6913
f 6913 6915 6916
f 6917 6918 6920
f 6920 6918 6919
f 6921 6922 6924
f 6924 6922 6923
f 6926 6927 6925
f 6925 6927 6928
f 6930 6931 6929
f 6929 6931 6932
f 6934 6935 6933
f 6933 6935 6936
f 6938 6939 6937
f 6937 6939 6940
f 6941 6942 6944
f 6944 6942 6943
f 6945 6946 6948
f 6948 6946 6947
f 6949 6950 6952
f 6952 6950 6951
f 6954 6955 6953
f 6953 6955 6956
f 6958 6959 6957
f 6957 6959 6960
f 6962 6963 6961
f 6961 6963 6964
f 6966 6967 6965
f 6965 6967 6968
f 6969 6970 6972
f 6972 6970 6971
f 6973 6974 6976
f 6976 6974 6975
f 6978 6979 6977
f 6977 6979 6980
f 6981 6982 6984
f 6984 6982 6983
f 6986 6987 6985
f 6985 6987 6988
f 6990 6991 6989
f 6989 6991 6992
f 6993 6994 6996
f 6996 6994 6995
f 6998 6999 6997
f 6997 6999 7000
f 7001 7002 7004
f 7004 7002 7003
f 7006 7007 7005
f 7005 7007 7008
f 7010 7011 7009
f 7009 7011 7012
f 7013 7014 7016
f 7016 7014 7015
f 7024 7017 7023
f 7023 7017 7018
f 7023 7018 7022
f 7022 7018 7019
f 7022 7019 7021
f 7021 7019 7020
f 7026 7027 7025
f 7025 7027 7028
f 7030 7031 7029
f 7029 7031 7032
f 7033 7034 7036
f 7036 7034 7035
f 7038 7039 7037
f 7037 7039 7040
f 7041 7042 7044
f 7044 7042 7043
f 7045 7046 7048
f 7048 7046 7047
f 7049 7050 7052
f 7052 7050 7051
f 7053 7054 7056
f 7056 7054 7055
f 7058 7059 7057
f 7057 7059 7060
f 7062 7063 7061
f 7061 7063 7064
f 7072 7065 7071
f 7071 7065 7066
f 7071 7066 7070
f 7070 7066 7067
f 7070 7067 7069
f 7069 7067 7068
f 7080 7073 7079
f 7079 7073 7074
f 7079 7074 7078
f 7078 7074 7075
f 7078 7075 7077
f 7077 7075 7076
f 7082 7083 7081
f 7081 7083 7084
f 7086 7087 7085
f 7085 7087 7088
f 7089 7090 7092
f 7092 7090 7091
f 7094 7095 7093
f 7093 7095 7096
f 7097 7098 7100
f 7100 7098 7099
f 7108 7101 7107
f 7107 7101 7102
f 7107 7102 7106
f 7106 7102 7103
f 7106 7103 7105
f 7105 7103 7104
f 7110 7111 7109
f 7109 7111 7112
f 7114 7115 7113
f 7113 7115 7116
f 7117 7118 7120
f 7120 7118 7119
f 7121 7122 7124
f 7124 7122 7123
f 7126 7127 7125
f 7125 7127 7128
f 7129 7130 7132
f 7132 7130 7131
f 7140 7133 7139
f 7139 7133 7134
f 7139 7134 7138
f 7138 7134 7135
f 7138 7135 7137
f 7137 7135 7136
f 7141 7142 7144
f 7144 7142 7143
f 7152 7145 7151
f 7151 7145 7146
f 7151 7146 7147
f 7148 7149 7147
f 7147 7149 7150
f 7147 7150 7151
f 7153 7154 7156
f 7156 7154 7155
f 7164 7157 7163
f 7163 7157 7158
f 7163 7158 7162
f 7162 7158 7159
f 7162 7159 7161
f 7161 7159 7160
f 7166 7167 7165
f 7165 7167 7168
f 7170 7171 7169
f 7169 7171 7172
f 7174 7175 7173
f 7173 7175 7176
f 7178 7179 7177
f 7177 7179 7180
f 7188 7181 7187
f 7187 7181 7182
f 7187 7182 7186
f 7186 7182 7183
f 7186 7183 7185
f 7185 7183 7184
f 7189 7190 7192
f 7192 7190 7191
f 7194 7195 7193
f 7193 7195 7196
f 7198 7199 7197
f 7197 7199 7200
f 7208 7201 7207
f 7207 7201 7202
f 7207 7202 7206
f 7206 7202 7203
f 7206 7203 7205
f 7205 7203 7204
f 7210 7211 7209
f 7209 7211 7212
f 7213 7214 7216
f 7216 7214 7215
f 7218 7228 7217
f 7217 7228 7230
f 7229 7223 7222
f 7222 7223 7224
f 7222 7224 7221
f 7221 7224 7225
f 7221 7225 7220
f 7220 7225 7226
f 7220 7226 7219
f 7219 7226 7227
f 7219 7227 7218
f 7218 7227 7228
f 7238 7231 7237
f 7237 7231 7232
f 7237 7232 7233
f 7234 7235 7233
f 7233 7235 7236
f 7233 7236 7237
f 7239 7240 7242
f 7242 7240 7241
f 7250 7243 7249
f 7249 7243 7244
f 7249 7244 7248
f 7248 7244 7245
f 7248 7245 7247
f 7247 7245 7246
f 7252 7253 7251
f 7251 7253 7254
f 7262 7255 7261
f 7261 7255 7256
f 7261 7256 7257
f 7258 7259 7257
f 7257 7259 7260
f 7257 7260 7261
f 7263 7264 7266
f 7266 7264 7265
f 7268 7269 7267
f 7267 7269 7270
f 7272 7273 7271
f 7271 7273 7274
f 7276 7286 7275
f 7275 7286 7288
f 7287 7281 7280
f 7280 7281 7282
f 7280 7282 7279
f 7279 7282 7283
f 7279 7283 7278
f 7278 7283 7284
f 7278 7284 7277
f 7277 7284 7285
f 7277 7285 7276
f 7276 7285 7286
f 7289 7290 7292
f 7292 7290 7291
f 7300 7293 7299
f 7299 7293 7294
f 7299 7294 7298
f 7298 7294 7295
f 7298 7295 7297
f 7297 7295 7296
f 7301 7302 7304
f 7304 7302 7303
f 7305 7306 7308
f 7308 7306 7307
f 7309 7310 7312
f 7312 7310 7311
f 7314 7315 7313
f 7313 7315 7316
f 7324 7317 7323
f 7323 7317 7318
f 7323 7318 7322
f 7322 7318 7319
f 7322 7319 7321
f 7321 7319 7320
f 7326 7336 7325
f 7325 7336 7338
f 7337 7331 7330
f 7330 7331 7332
f 7330 7332 7329
f 7329 7332 7333
f 7329 7333 7328
f 7328 7333 7334
f 7328 7334 7327
f 7327 7334 7335
f 7327 7335 7326
f 7326 7335 7336
f 7346 7339 7345
f 7345 7339 7340
f 7345 7340 7344
f 7344 7340 7341
f 7344 7341 7343
f 7343 7341 7342
f 7348 7349 7347
f 7347 7349 7350
f 7347 7350 7439
f 7439 7350 7354
f 7439 7354 7438
f 7438 7354 7355
f 7438 7355 7545
f 7545 7355 7544
f 7544 7355 7356
f 7544 7356 7543
f 7543 7356 7452
f 7543 7452 7453
f 7354 7350 7353
f 7353 7350 7351
f 7353 7351 7352
f 7452 7356 7451
f 7451 7356 7357
f 7451 7357 7450
f 7450 7357 7449
f 7449 7357 7448
f 7448 7357 7447
f 7447 7357 7364
f 7447 7364 7446
f 7446 7364 7445
f 7445 7364 7444
f 7444 7364 7365
f 7444 7365 7443
f 7443 7365 7536
f 7443 7536 7522
f 7522 7536 7537
f 7522 7537 7521
f 7521 7537 7520
f 7520 7537 7519
f 7519 7537 7518
f 7518 7537 7517
f 7517 7537 7516
f 7516 7537 7515
f 7515 7537 7538
f 7515 7538 7514
f 7514 7538 7513
f 7513 7538 7512
f 7512 7538 7380
f 7512 7380 7511
f 7511 7380 7381
f 7511 7381 7510
f 7510 7381 7509
f 7509 7381 7508
f 7508 7381 7388
f 7508 7388 7507
f 7507 7388 7506
f 7506 7388 7505
f 7505 7388 7504
f 7504 7388 7389
f 7504 7389 7503
f 7503 7389 7523
f 7503 7523 7502
f 7502 7523 7501
f 7501 7523 7500
f 7500 7523 7524
f 7500 7524 7499
f 7499 7524 7498
f 7498 7524 7497
f 7497 7524 7496
f 7496 7524 7495
f 7495 7524 7494
f 7494 7524 7493
f 7493 7524 7525
f 7493 7525 7492
f 7492 7525 7404
f 7492 7404 7491
f 7491 7404 7405
f 7491 7405 7490
f 7490 7405 7489
f 7489 7405 7488
f 7488 7405 7487
f 7487 7405 7412
f 7487 7412 7486
f 7486 7412 7485
f 7485 7412 7484
f 7484 7412 7413
f 7484 7413 7483
f 7483 7413 7533
f 7483 7533 7482
f 7482 7533 7534
f 7482 7534 7481
f 7481 7534 7480
f 7480 7534 7479
f 7479 7534 7478
f 7478 7534 7477
f 7477 7534 7476
f 7476 7534 7475
f 7475 7534 7529
f 7475 7529 7474
f 7474 7529 7473
f 7473 7529 7472
f 7472 7529 7428
f 7472 7428 7471
f 7471 7428 7429
f 7471 7429 7470
f 7470 7429 7469
f 7469 7429 7468
f 7468 7429 7436
f 7468 7436 7467
f 7467 7436 7466
f 7466 7436 7465
f 7465 7436 7464
f 7464 7436 7437
f 7464 7437 7463
f 7463 7437 7541
f 7463 7541 7462
f 7462 7541 7461
f 7461 7541 7460
f 7460 7541 7542
f 7460 7542 7459
f 7459 7542 7458
f 7458 7542 7457
f 7457 7542 7456
f 7456 7542 7455
f 7455 7542 7454
f 7454 7542 7453
f 7453 7542 7543
f 7357 7358 7364
f 7364 7358 7363
f 7363 7358 7361
f 7363 7361 7362
f 7359 7360 7358
f 7358 7360 7361
f 7536 7365 7535
f 7535 7365 7366
f 7535 7366 7540
f 7540 7366 7379
f 7540 7379 7539
f 7539 7379 7380
f 7539 7380 7538
f 7366 7367 7379
f 7379 7367 7378
f 7378 7367 7371
f 7378 7371 7374
f 7374 7371 7373
f 7373 7371 7372
f 7367 7368 7371
f 7371 7368 7370
f 7370 7368 7369
f 7378 7374 7377
f 7377 7374 7375
f 7377 7375 7376
f 7388 7381 7387
f 7387 7381 7382
f 7387 7382 7385
f 7385 7382 7384
f 7384 7382 7383
f 7385 7386 7387
f 7523 7389 7528
f 7528 7389 7390
f 7528 7390 7527
f 7527 7390 7403
f 7527 7403 7526
f 7526 7403 7404
f 7526 7404 7525
f 7403 7390 7402
f 7402 7390 7391
f 7402 7391 7398
f 7398 7391 7395
f 7398 7395 7396
f 7391 7392 7395
f 7395 7392 7394
f 7394 7392 7393
f 7396 7397 7398
f 7402 7398 7401
f 7401 7398 7399
f 7401 7399 7400
f 7405 7406 7412
f 7412 7406 7411
f 7411 7406 7408
f 7411 7408 7409
f 7406 7407 7408
f 7409 7410 7411
f 7533 7413 7532
f 7532 7413 7414
f 7532 7414 7531
f 7531 7414 7427
f 7531 7427 7530
f 7530 7427 7428
f 7530 7428 7529
f 7414 7415 7427
f 7427 7415 7426
f 7426 7415 7419
f 7426 7419 7422
f 7422 7419 7420
f 7422 7420 7421
f 7415 7416 7419
f 7419 7416 7418
f 7418 7416 7417
f 7426 7422 7425
f 7425 7422 7423
f 7425 7423 7424
f 7436 7429 7435
f 7435 7429 7430
f 7435 7430 7433
f 7433 7430 7432
f 7432 7430 7431
f 7433 7434 7435
f 7541 7437 7546
f 7546 7437 7438
f 7546 7438 7545
f 7439 7440 7347
f 7347 7440 7442
f 7442 7440 7441
f 7548 7549 7547
f 7547 7549 7550
f 7558 7551 7557
f 7557 7551 7552
f 7557 7552 7556
f 7556 7552 7553
f 7556 7553 7555
f 7555 7553 7554
f 7560 7561 7559
f 7559 7561 7562
f 7570 7563 7569
f 7569 7563 7564
f 7569 7564 7568
f 7568 7564 7565
f 7568 7565 7567
f 7567 7565 7566
f 7571 7572 7574
f 7574 7572 7573
f 7575 7576 7578
f 7578 7576 7577
f 7580 7590 7579
f 7579 7590 7592
f 7591 7585 7584
f 7584 7585 7586
f 7584 7586 7583
f 7583 7586 7587
f 7583 7587 7582
f 7582 7587 7588
f 7582 7588 7581
f 7581 7588 7589
f 7581 7589 7580
f 7580 7589 7590
f 7593 7594 7596
f 7596 7594 7595
f 7604 7597 7603
f 7603 7597 7598
f 7603 7598 7599
f 7600 7601 7599
f 7599 7601 7602
f 7599 7602 7603
f 7606 7607 7605
f 7605 7607 7608
f 7609 7610 7612
f 7612 7610 7611
f 7614 7615 7613
f 7613 7615 7616
f 7617 7618 7620
f 7620 7618 7619
f 7628 7621 7627
f 7627 7621 7622
f 7627 7622 7626
f 7626 7622 7623
f 7626 7623 7625
f 7625 7623 7624
f 7636 7629 7635
f 7635 7629 7630
f 7635 7630 7634
f 7634 7630 7631
f 7634 7631 7633
f 7633 7631 7632
f 7637 7638 7640
f 7640 7638 7639
f 7648 7641 7647
f 7647 7641 7642
f 7647 7642 7646
f 7646 7642 7643
f 7646 7643 7645
f 7645 7643 7644
f 7650 7651 7649
f 7649 7651 7652
f 7660 7653 7659
f 7659 7653 7654
f 7659 7654 7658
f 7658 7654 7655
f 7658 7655 7657
f 7657 7655 7656
f 7740 7661 7825
f 7825 7661 7662
f 7825 7662 7663
f 7663 7664 7825
f 7825 7664 7824
f 7824 7664 7665
f 7824 7665 7860
f 7860 7665 7666
f 7860 7666 7859
f 7859 7666 7667
f 7859 7667 7668
f 7668 7669 7859
f 7859 7669 7670
f 7859 7670 7671
f 7671 7672 7859
f 7859 7672 7673
f 7859 7673 7858
f 7858 7673 7674
f 7858 7674 7675
f 7675 7676 7858
f 7858 7676 7809
f 7858 7809 7857
f 7857 7809 7810
f 7857 7810 7856
f 7856 7810 7823
f 7856 7823 7855
f 7855 7823 7824
f 7855 7824 7860
f 7676 7677 7809
f 7809 7677 7808
f 7808 7677 7678
f 7808 7678 7679
f 7679 7680 7808
f 7808 7680 7681
f 7808 7681 7801
f 7801 7681 7682
f 7801 7682 7683
f 7683 7684 7801
f 7801 7684 7800
f 7800 7684 7685
f 7800 7685 7849
f 7849 7685 7686
f 7849 7686 7687
f 7687 7688 7849
f 7849 7688 7854
f 7854 7688 7689
f 7854 7689 7690
f 7690 7691 7854
f 7854 7691 7692
f 7854 7692 7693
f 7693 7694 7854
f 7854 7694 7695
f 7854 7695 7853
f 7853 7695 7696
f 7853 7696 7785
f 7785 7696 7697
f 7785 7697 7784
f 7784 7697 7698
f 7784 7698 7699
f 7699 7700 7784
f 7784 7700 7777
f 7784 7777 7778
f 7700 7701 7777
f 7777 7701 7702
f 7777 7702 7703
f 7703 7704 7777
f 7777 7704 7776
f 7776 7704 7705
f 7776 7705 7845
f 7845 7705 7706
f 7845 7706 7844
f 7844 7706 7707
f 7844 7707 7708
f 7708 7709 7844
f 7844 7709 7710
f 7844 7710 7711
f 7711 7712 7844
f 7844 7712 7713
f 7844 7713 7843
f 7843 7713 7714
f 7843 7714 7715
f 7715 7716 7843
f 7843 7716 7761
f 7843 7761 7848
f 7848 7761 7762
f 7848 7762 7847
f 7847 7762 7775
f 7847 7775 7846
f 7846 7775 7776
f 7846 7776 7845
f 7716 7717 7761
f 7761 7717 7760
f 7760 7717 7718
f 7760 7718 7719
f 7719 7720 7760
f 7760 7720 7721
f 7760 7721 7753
f 7753 7721 7722
f 7753 7722 7723
f 7723 7724 7753
f 7753 7724 7752
f 7752 7724 7725
f 7752 7725 7837
f 7837 7725 7726
f 7837 7726 7727
f 7727 7728 7837
f 7837 7728 7842
f 7842 7728 7729
f 7842 7729 7730
f 7730 7731 7842
f 7842 7731 7732
f 7842 7732 7733
f 7733 7734 7842
f 7842 7734 7735
f 7842 7735 7841
f 7841 7735 7736
f 7841 7736 7833
f 7833 7736 7737
f 7833 7737 7832
f 7832 7737 7738
f 7832 7738 7739
f 7739 7740 7832
f 7832 7740 7825
f 7832 7825 7826
f 7741 7742 7836
f 7836 7742 7743
f 7836 7743 7835
f 7835 7743 7750
f 7835 7750 7751
f 7750 7743 7746
f 7746 7743 7744
f 7746 7744 7745
f 7750 7746 7749
f 7749 7746 7747
f 7749 7747 7748
f 7752 7838 7751
f 7751 7838 7839
f 7751 7839 7834
f 7834 7839 7840
f 7834 7840 7833
f 7833 7840 7841
f 7760 7753 7759
f 7759 7753 7754
f 7759 7754 7757
f 7757 7754 7756
f 7756 7754 7755
f 7757 7758 7759
f 7775 7762 7774
f 7774 7762 7763
f 7774 7763 7770
f 7770 7763 7767
f 7770 7767 7769
f 7769 7767 7768
f 7763 7764 7767
f 7767 7764 7766
f 7766 7764 7765
f 7774 7770 7773
f 7773 7770 7771
f 7773 7771 7772
f 7779 7780 7778
f 7778 7780 7781
f 7778 7781 7783
f 7783 7781 7782
f 7783 7784 7778
f 7853 7785 7852
f 7852 7785 7786
f 7852 7786 7851
f 7851 7786 7799
f 7851 7799 7850
f 7850 7799 7800
f 7850 7800 7849
f 7786 7787 7799
f 7799 7787 7798
f 7798 7787 7791
f 7798 7791 7794
f 7794 7791 7793
f 7793 7791 7792
f 7787 7788 7791
f 7791 7788 7790
f 7790 7788 7789
f 7798 7794 7797
f 7797 7794 7795
f 7797 7795 7796
f 7808 7801 7807
f 7807 7801 7802
f 7807 7802 7805
f 7805 7802 7804
f 7804 7802 7803
f 7805 7806 7807
f 7823 7810 7822
f 7822 7810 7811
f 7822 7811 7818
f 7818 7811 7815
f 7818 7815 7816
f 7811 7812 7815
f 7815 7812 7814
f 7814 7812 7813
f 7816 7817 7818
f 7822 7818 7821
f 7821 7818 7819
f 7821 7819 7820
f 7827 7828 7826
f 7826 7828 7831
f 7826 7831 7832
f 7828 7829 7831
f 7831 7829 7830
f 7834 7835 7751
f 7837 7838 7752
o pillar_r
v 0.116000 0.272000 -0.000000
v 0.111750 0.272000 -0.000000
v 0.111750 0.272000 0.190000
v 0.116000 0.272000 0.190000
v 0.163000 0.330000 0.000000
v 0.154000 0.330000 0.000000
v 0.154000 0.330000 0.190000
v 0.163000 0.330000 0.190000
v 0.111750 0.272000 -0.000000
v 0.111750 0.275336 -0.000000
v 0.111750 0.275336 0.190000
v 0.111750 0.272000 0.190000
v 0.116000 0.270000 -0.000000
v 0.116000 0.272000 -0.000000
v 0.116000 0.272000 0.190000
v 0.116000 0.270000 0.190000
v 0.154000 0.330000 0.000000
v 0.154000 0.328000 0.000000
v 0.154000 0.328000 0.190000
v 0.154000 0.330000 0.190000
v 0.165000 0.328000 0.000000
v 0.164732 0.329000 0.000000
v 0.164000 0.329732 0.000000
v 0.163000 0.330000 0.000000
v 0.163000 0.330000 0.190000
v 0.164000 0.329732 0.190000
v 0.164732 0.329000 0.190000
v 0.165000 0.328000 0.190000
v 0.111750 0.275336 -0.000000
v 0.115414 0.279000 -0.000000
v 0.115414 0.279000 0.190000
v 0.111750 0.275336 0.190000
v 0.107000 0.270000 -0.000000
v 0.116000 0.270000 -0.000000
v 0.116000 0.270000 0.190000
v 0.107000 0.270000 0.190000
v 0.154000 0.328000 0.000000
v 0.158250 0.328000 0.000000
v 0.158250 0.328000 0.190000
v 0.154000 0.328000 0.190000
v 0.165000 0.319000 0.000000
v 0.165000 0.328000 0.000000
v 0.165000 0.328000 0.190000
v 0.165000 0.319000 0.190000
v 0.115414 0.279000 -0.000000
v 0.124586 0.279000 0.000000
v 0.124586 0.279000 0.190000
v 0.115414 0.279000 0.190000
v 0.105000 0.272000 -0.000000
v 0.105268 0.271000 -0.000000
v 0.106000 0.270268 -0.000000
v 0.107000 0.270000 -0.000000
v 0.107000 0.270000 0.190000
v 0.106000 0.270268 0.190000
v 0.105268 0.271000 0.190000
v 0.105000 0.272000 0.190000
v 0.158250 0.328000 0.000000
v 0.158250 0.324664 0.000000
v 0.158250 0.324664 0.190000
v 0.158250 0.328000 0.190000
v 0.163000 0.319000 0.000000
v 0.165000 0.319000 0.000000
v 0.165000 0.319000 0.190000
v 0.163000 0.319000 0.190000
v 0.124586 0.279000 0.000000
v 0.128250 0.275336 0.000000
v 0.128250 0.275336 0.190000
v 0.124586 0.279000 0.190000
v 0.105000 0.281000 -0.000000
v 0.105000 0.272000 -0.000000
v 0.105000 0.272000 0.190000
v 0.105000 0.281000 0.190000
v 0.158250 0.324664 0.000000
v 0.154586 0.321000 0.000000
v 0.154586 0.321000 0.190000
v 0.158250 0.324664 0.190000
v 0.163000 0.323250 0.000000
v 0.163000 0.319000 0.000000
v 0.163000 0.319000 0.190000
v 0.163000 0.323250 0.190000
v 0.128250 0.275336 0.000000
v 0.128250 0.272000 0.000000
v 0.128250 0.272000 0.190000
v 0.128250 0.275336 0.190000
v 0.107000 0.281000 -0.000000
v 0.105000 0.281000 -0.000000
v 0.105000 0.281000 0.190000
v 0.107000 0.281000 0.190000
v 0.154586 0.321000 0.000000
v 0.145414 0.321000 0.000000
v 0.145414 0.321000 0.190000
v 0.154586 0.321000 0.190000
v 0.159664 0.323250 0.000000
v 0.163000 0.323250 0.000000
v 0.163000 0.323250 0.190000
v 0.159664 0.323250 0.190000
v 0.128250 0.272000 0.000000
v 0.124000 0.272000 0.000000
v 0.124000 0.272000 0.190000
v 0.128250 0.272000 0.190000
v 0.107000 0.276750 -0.000000
v 0.107000 0.281000 -0.000000
v 0.107000 0.281000 0.190000
v 0.107000 0.276750 0.190000
v 0.145414 0.321000 0.000000
v 0.141750 0.324664 0.000000
v 0.141750 0.324664 0.190000
v 0.145414 0.321000 0.190000
v 0.156000 0.319586 0.000000
v 0.159664 0.323250 0.000000
v 0.159664 0.323250 0.190000
v 0.156000 0.319586 0.190000
v 0.124000 0.272000 0.000000
v 0.124000 0.270000 -0.000000
v 0.124000 0.270000 0.190000
v 0.124000 0.272000 0.190000
v 0.110336 0.276750 -0.000000
v 0.107000 0.276750 -0.000000
v 0.107000 0.276750 0.190000
v 0.110336 0.276750 0.190000
v 0.141750 0.324664 0.000000
v 0.141750 0.328000 0.000000
v 0.141750 0.328000 0.190000
v 0.141750 0.324664 0.190000
v 0.156000 0.310414 0.000000
v 0.156000 0.319586 0.000000
v 0.156000 0.319586 0.190000
v 0.156000 0.310414 0.190000
v 0.124000 0.270000 -0.000000
v 0.146000 0.270000 0.000000
v 0.146000 0.270000 0.190000
v 0.124000 0.270000 0.190000
v 0.114000 0.280414 -0.000000
v 0.110336 0.276750 -0.000000
v 0.110336 0.276750 0.190000
v 0.114000 0.280414 0.190000
v 0.141750 0.328000 0.000000
v 0.146000 0.328000 0.000000
v 0.146000 0.328000 0.190000
v 0.141750 0.328000 0.190000
v 0.159664 0.306750 0.000000
v 0.156000 0.310414 0.000000
v 0.156000 0.310414 0.190000
v 0.159664 0.306750 0.190000
v 0.146000 0.270000 0.000000
v 0.146000 0.272000 0.000000
v 0.146000 0.272000 0.190000
v 0.146000 0.270000 0.190000
v 0.114000 0.289586 -0.000000
v 0.114000 0.280414 -0.000000
v 0.114000 0.280414 0.190000
v 0.114000 0.289586 0.190000
v 0.146000 0.328000 0.000000
v 0.146000 0.330000 0.000000
v 0.146000 0.330000 0.190000
v 0.146000 0.328000 0.190000
v 0.163000 0.306750 0.000000
v 0.159664 0.306750 0.000000
v 0.159664 0.306750 0.190000
v 0.163000 0.306750 0.190000
v 0.146000 0.272000 0.000000
v 0.141750 0.272000 0.000000
v 0.141750 0.272000 0.190000
v 0.146000 0.272000 0.190000
v 0.110336 0.293250 -0.000000
v 0.114000 0.289586 -0.000000
v 0.114000 0.289586 0.190000
v 0.110336 0.293250 0.190000
v 0.146000 0.330000 0.000000
v 0.124000 0.330000 0.000000
v 0.124000 0.330000 0.190000
v 0.146000 0.330000 0.190000
v 0.163000 0.311000 0.000000
v 0.163000 0.306750 0.000000
v 0.163000 0.306750 0.190000
v 0.163000 0.311000 0.190000
v 0.141750 0.272000 0.000000
v 0.141750 0.275336 0.000000
v 0.141750 0.275336 0.190000
v 0.141750 0.272000 0.190000
v 0.107000 0.293250 -0.000000
v 0.110336 0.293250 -0.000000
v 0.110336 0.293250 0.190000
v 0.107000 0.293250 0.190000
v 0.124000 0.330000 0.000000
v 0.124000 0.328000 0.000000
v 0.124000 0.328000 0.190000
v 0.124000 0.330000 0.190000
v 0.165000 0.311000 0.000000
v 0.163000 0.311000 0.000000
v 0.163000 0.311000 0.190000
v 0.165000 0.311000 0.190000
v 0.141750 0.275336 0.000000
v 0.145414 0.279000 0.000000
v 0.145414 0.279000 0.190000
v 0.141750 0.275336 0.190000
v 0.107000 0.289000 -0.000000
v 0.107000 0.293250 -0.000000
v 0.107000 0.293250 0.190000
v 0.107000 0.289000 0.190000
v 0.124000 0.328000 0.000000
v 0.128250 0.328000 0.000000
v 0.128250 0.328000 0.190000
v 0.124000 0.328000 0.190000
v 0.165000 0.289000 0.000000
v 0.165000 0.311000 0.000000
v 0.165000 0.311000 0.190000
v 0.165000 0.289000 0.190000
v 0.145414 0.279000 0.000000
v 0.154586 0.279000 0.000000
v 0.154586 0.279000 0.190000
v 0.145414 0.279000 0.190000
v 0.105000 0.289000 -0.000000
v 0.107000 0.289000 -0.000000
v 0.107000 0.289000 0.190000
v 0.105000 0.289000 0.190000
v 0.128250 0.328000 0.000000
v 0.128250 0.324664 0.000000
v 0.128250 0.324664 0.190000
v 0.128250 0.328000 0.190000
v 0.131778 0.319707 0.000000
v 0.131985 0.319866 0.000000
v 0.132226 0.319966 0.000000
v 0.132485 0.320000 0.000000
v 0.132485 0.320000 0.190000
v 0.132226 0.319966 0.190000
v 0.131985 0.319866 0.190000
v 0.131778 0.319707 0.190000
v 0.163000 0.289000 0.000000
v 0.165000 0.289000 0.000000
v 0.165000 0.289000 0.190000
v 0.163000 0.289000 0.190000
v 0.154586 0.279000 0.000000
v 0.158250 0.275336 0.000000
v 0.158250 0.275336 0.190000
v 0.154586 0.279000 0.190000
v 0.105000 0.311000 -0.000000
v 0.105000 0.289000 -0.000000
v 0.105000 0.289000 0.190000
v 0.105000 0.311000 0.190000
v 0.128250 0.324664 0.000000
v 0.124586 0.321000 0.000000
v 0.124586 0.321000 0.190000
v 0.128250 0.324664 0.190000
v 0.132485 0.320000 0.000000
v 0.137515 0.320000 0.000000
v 0.137515 0.320000 0.190000
v 0.132485 0.320000 0.190000
v 0.126293 0.314222 0.000000
v 0.131778 0.319707 0.000000
v 0.131778 0.319707 0.190000
v 0.126293 0.314222 0.190000
v 0.163000 0.293250 0.000000
v 0.163000 0.289000 0.000000
v 0.163000 0.289000 0.190000
v 0.163000 0.293250 0.190000
v 0.158250 0.275336 0.000000
v 0.158250 0.272000 0.000000
v 0.158250 0.272000 0.190000
v 0.158250 0.275336 0.190000
v 0.107000 0.311000 -0.000000
v 0.105000 0.311000 -0.000000
v 0.105000 0.311000 0.190000
v 0.107000 0.311000 0.190000
v 0.124586 0.321000 0.000000
v 0.115414 0.321000 -0.000000
v 0.115414 0.321000 0.190000
v 0.124586 0.321000 0.190000
v 0.137515 0.320000 0.000000
v 0.137774 0.319966 0.000000
v 0.138015 0.319866 0.000000
v 0.138222 0.319707 0.000000
v 0.138222 0.319707 0.190000
v 0.138015 0.319866 0.190000
v 0.137774 0.319966 0.190000
v 0.137515 0.320000 0.190000
v 0.126000 0.313515 0.000000
v 0.126034 0.313774 0.000000
v 0.126134 0.314015 0.000000
v 0.126293 0.314222 0.000000
v 0.126293 0.314222 0.190000
v 0.126134 0.314015 0.190000
v 0.126034 0.313774 0.190000
v 0.126000 0.313515 0.190000
v 0.159664 0.293250 0.000000
v 0.163000 0.293250 0.000000
v 0.163000 0.293250 0.190000
v 0.159664 0.293250 0.190000
v 0.158250 0.272000 0.000000
v 0.154000 0.272000 0.000000
v 0.154000 0.272000 0.190000
v 0.158250 0.272000 0.190000
v 0.107000 0.306750 -0.000000
v 0.107000 0.311000 -0.000000
v 0.107000 0.311000 0.190000
v 0.107000 0.306750 0.190000
v 0.115414 0.321000 -0.000000
v 0.111750 0.324664 -0.000000
v 0.111750 0.324664 0.190000
v 0.115414 0.321000 0.190000
v 0.138222 0.319707 0.000000
v 0.143707 0.314222 0.000000
v 0.143707 0.314222 0.190000
v 0.138222 0.319707 0.190000
v 0.132485 0.280000 0.000000
v 0.132226 0.280034 0.000000
v 0.131985 0.280134 0.000000
v 0.131778 0.280293 0.000000
v 0.131778 0.280293 0.190000
v 0.131985 0.280134 0.190000
v 0.132226 0.280034 0.190000
v 0.132485 0.280000 0.190000
v 0.126000 0.312000 0.000000
v 0.126000 0.313515 0.000000
v 0.126000 0.313515 0.190000
v 0.126000 0.312000 0.190000
v 0.156000 0.289586 0.000000
v 0.159664 0.293250 0.000000
v 0.159664 0.293250 0.190000
v 0.156000 0.289586 0.190000
v 0.131778 0.280293 0.000000
v 0.126293 0.285778 0.000000
v 0.126293 0.285778 0.190000
v 0.131778 0.280293 0.190000
v 0.154000 0.272000 0.000000
v 0.154000 0.270000 0.000000
v 0.154000 0.270000 0.190000
v 0.154000 0.272000 0.190000
v 0.110336 0.306750 -0.000000
v 0.107000 0.306750 -0.000000
v 0.107000 0.306750 0.190000
v 0.110336 0.306750 0.190000
v 0.111750 0.324664 -0.000000
v 0.111750 0.328000 -0.000000
v 0.111750 0.328000 0.190000
v 0.111750 0.324664 0.190000
v 0.143707 0.314222 0.000000
v 0.143866 0.314015 0.000000
v 0.143966 0.313774 0.000000
v 0.144000 0.313515 0.000000
v 0.144000 0.313515 0.190000
v 0.143966 0.313774 0.190000
v 0.143866 0.314015 0.190000
v 0.143707 0.314222 0.190000
v 0.137515 0.280000 0.000000
v 0.132485 0.280000 0.000000
v 0.132485 0.280000 0.190000
v 0.137515 0.280000 0.190000
v 0.123000 0.309000 -0.000000
v 0.124500 0.309402 0.000000
v 0.125598 0.310500 0.000000
v 0.126000 0.312000 0.000000
v 0.126000 0.312000 0.190000
v 0.125598 0.310500 0.190000
v 0.124500 0.309402 0.190000
v 0.123000 0.309000 0.190000
v 0.156000 0.280414 0.000000
v 0.156000 0.289586 0.000000
v 0.156000 0.289586 0.190000
v 0.156000 0.280414 0.190000
v 0.126293 0.285778 0.000000
v 0.126134 0.285985 0.000000
v 0.126034 0.286226 0.000000
v 0.126000 0.286485 0.000000
v 0.126000 0.286485 0.190000
v 0.126034 0.286226 0.190000
v 0.126134 0.285985 0.190000
v 0.126293 0.285778 0.190000
v 0.154000 0.270000 0.000000
v 0.163000 0.270000 0.000000
v 0.163000 0.270000 0.190000
v 0.154000 0.270000 0.190000
v 0.114000 0.310414 -0.000000
v 0.110336 0.306750 -0.000000
v 0.110336 0.306750 0.190000
v 0.114000 0.310414 0.190000
v 0.111750 0.328000 -0.000000
v 0.116000 0.328000 -0.000000
v 0.116000 0.328000 0.190000
v 0.111750 0.328000 0.190000
v 0.144000 0.313515 0.000000
v 0.144000 0.312000 0.000000
v 0.144000 0.312000 0.190000
v 0.144000 0.313515 0.190000
v 0.138222 0.280293 0.000000
v 0.138015 0.280134 0.000000
v 0.137774 0.280034 0.000000
v 0.137515 0.280000 0.000000
v 0.137515 0.280000 0.190000
v 0.137774 0.280034 0.190000
v 0.138015 0.280134 0.190000
v 0.138222 0.280293 0.190000
v 0.121485 0.309000 -0.000000
v 0.123000 0.309000 -0.000000
v 0.123000 0.309000 0.190000
v 0.121485 0.309000 0.190000
v 0.159664 0.276750 0.000000
v 0.156000 0.280414 0.000000
v 0.156000 0.280414 0.190000
v 0.159664 0.276750 0.190000
v 0.126000 0.286485 0.000000
v 0.126000 0.288000 0.000000
v 0.126000 0.288000 0.190000
v 0.126000 0.286485 0.190000
v 0.163000 0.270000 0.000000
v 0.164000 0.270268 0.000000
v 0.164732 0.271000 0.000000
v 0.165000 0.272000 0.000000
v 0.165000 0.272000 0.190000
v 0.164732 0.271000 0.190000
v 0.164000 0.270268 0.190000
v 0.163000 0.270000 0.190000
v 0.114000 0.319586 -0.000000
v 0.114000 0.310414 -0.000000
v 0.114000 0.310414 0.190000
v 0.114000 0.319586 0.190000
v 0.116000 0.328000 -0.000000
v 0.116000 0.330000 -0.000000
v 0.116000 0.330000 0.190000
v 0.116000 0.328000 0.190000
v 0.116600 0.285000 -0.000000
v 0.118300 0.287944 -0.000000
v 0.121700 0.287944 -0.000000
v 0.123400 0.285000 -0.000000
v 0.121700 0.282056 -0.000000
v 0.118300 0.282056 -0.000000
v 0.116600 0.285000 0.190000
v 0.118300 0.282056 0.190000
v 0.121700 0.282056 0.190000
v 0.123400 0.285000 0.190000
v 0.121700 0.287944 0.190000
v 0.118300 0.287944 0.190000
v 0.116600 0.285000 -0.000000
v 0.116600 0.285000 0.190000
v 0.144000 0.312000 0.000000
v 0.144402 0.310500 0.000000
v 0.145500 0.309402 0.000000
v 0.147000 0.309000 0.000000
v 0.147000 0.309000 0.190000
v 0.145500 0.309402 0.190000
v 0.144402 0.310500 0.190000
v 0.144000 0.312000 0.190000
v 0.143707 0.285778 0.000000
v 0.138222 0.280293 0.000000
v 0.138222 0.280293 0.190000
v 0.143707 0.285778 0.190000
v 0.120778 0.308707 -0.000000
v 0.120985 0.308866 -0.000000
v 0.121226 0.308966 -0.000000
v 0.121485 0.309000 -0.000000
v 0.121485 0.309000 0.190000
v 0.121226 0.308966 0.190000
v 0.120985 0.308866 0.190000
v 0.120778 0.308707 0.190000
v 0.163000 0.276750 0.000000
v 0.159664 0.276750 0.000000
v 0.159664 0.276750 0.190000
v 0.163000 0.276750 0.190000
v 0.126000 0.288000 0.000000
v 0.125598 0.289500 0.000000
v 0.124500 0.290598 0.000000
v 0.123000 0.291000 -0.000000
v 0.123000 0.291000 0.190000
v 0.124500 0.290598 0.190000
v 0.125598 0.289500 0.190000
v 0.126000 0.288000 0.190000
v 0.165000 0.272000 0.000000
v 0.165000 0.281000 0.000000
v 0.165000 0.281000 0.190000
v 0.165000 0.272000 0.190000
v 0.110336 0.323250 -0.000000
v 0.114000 0.319586 -0.000000
v 0.114000 0.319586 0.190000
v 0.110336 0.323250 0.190000
v 0.116000 0.330000 -0.000000
v 0.107000 0.330000 -0.000000
v 0.107000 0.330000 0.190000
v 0.116000 0.330000 0.190000
v 0.146600 0.285000 0.000000
v 0.148300 0.287944 0.000000
v 0.151700 0.287944 0.000000
v 0.153400 0.285000 0.000000
v 0.151700 0.282056 0.000000
v 0.148300 0.282056 0.000000
v 0.146600 0.285000 0.190000
v 0.148300 0.282056 0.190000
v 0.151700 0.282056 0.190000
v 0.153400 0.285000 0.190000
v 0.151700 0.287944 0.190000
v 0.148300 0.287944 0.190000
v 0.146600 0.285000 0.000000
v 0.146600 0.285000 0.190000
v 0.147000 0.309000 0.000000
v 0.148515 0.309000 0.000000
v 0.148515 0.309000 0.190000
v 0.147000 0.309000 0.190000
v 0.144000 0.286485 0.000000
v 0.143966 0.286226 0.000000
v 0.143866 0.285985 0.000000
v 0.143707 0.285778 0.000000
v 0.143707 0.285778 0.190000
v 0.143866 0.285985 0.190000
v 0.143966 0.286226 0.190000
v 0.144000 0.286485 0.190000
v 0.115293 0.303222 -0.000000
v 0.120778 0.308707 -0.000000
v 0.120778 0.308707 0.190000
v 0.115293 0.303222 0.190000
v 0.163000 0.281000 0.000000
v 0.163000 0.276750 0.000000
v 0.163000 0.276750 0.190000
v 0.163000 0.281000 0.190000
v 0.123000 0.291000 -0.000000
v 0.121485 0.291000 -0.000000
v 0.121485 0.291000 0.190000
v 0.123000 0.291000 0.190000
v 0.107000 0.323250 -0.000000
v 0.110336 0.323250 -0.000000
v 0.110336 0.323250 0.190000
v 0.107000 0.323250 0.190000
v 0.107000 0.330000 -0.000000
v 0.106000 0.329732 -0.000000
v 0.105268 0.329000 -0.000000
v 0.105000 0.328000 -0.000000
v 0.105000 0.328000 0.190000
v 0.105268 0.329000 0.190000
v 0.106000 0.329732 0.190000
v 0.107000 0.330000 0.190000
v 0.146600 0.315000 0.000000
v 0.148300 0.317944 0.000000
v 0.151700 0.317944 0.000000
v 0.153400 0.315000 0.000000
v 0.151700 0.312056 0.000000
v 0.148300 0.312056 0.000000
v 0.146600 0.315000 0.190000
v 0.148300 0.312056 0.190000
v 0.151700 0.312056 0.190000
v 0.153400 0.315000 0.190000
v 0.151700 0.317944 0.190000
v 0.148300 0.317944 0.190000
v 0.146600 0.315000 0.000000
v 0.146600 0.315000 0.190000
v 0.148515 0.309000 0.000000
v 0.148774 0.308966 0.000000
v 0.149015 0.308866 0.000000
v 0.149222 0.308707 0.000000
v 0.149222 0.308707 0.190000
v 0.149015 0.308866 0.190000
v 0.148774 0.308966 0.190000
v 0.148515 0.309000 0.190000
v 0.107000 0.330000 0.190000
v 0.106000 0.329732 0.190000
v 0.105268 0.329000 0.190000
v 0.105000 0.328000 0.190000
v 0.105000 0.319000 0.190000
v 0.107000 0.319000 0.190000
v 0.107000 0.323250 0.190000
v 0.110336 0.323250 0.190000
v 0.114000 0.319586 0.190000
v 0.114000 0.310414 0.190000
v 0.110336 0.306750 0.190000
v 0.107000 0.306750 0.190000
v 0.107000 0.311000 0.190000
v 0.105000 0.311000 0.190000
v 0.105000 0.289000 0.190000
v 0.107000 0.289000 0.190000
v 0.107000 0.293250 0.190000
v 0.110336 0.293250 0.190000
v 0.114000 0.289586 0.190000
v 0.114000 0.280414 0.190000
v 0.110336 0.276750 0.190000
v 0.107000 0.276750 0.190000
v 0.107000 0.281000 0.190000
v 0.105000 0.281000 0.190000
v 0.105000 0.272000 0.190000
v 0.105268 0.271000 0.190000
v 0.106000 0.270268 0.190000
v 0.107000 0.270000 0.190000
v 0.116000 0.270000 0.190000
v 0.116000 0.272000 0.190000
v 0.111750 0.272000 0.190000
v 0.111750 0.275336 0.190000
v 0.115414 0.279000 0.190000
v 0.124586 0.279000 0.190000
v 0.128250 0.275336 0.190000
v 0.128250 0.272000 0.190000
v 0.124000 0.272000 0.190000
v 0.124000 0.270000 0.190000
v 0.146000 0.270000 0.190000
v 0.146000 0.272000 0.190000
v 0.141750 0.272000 0.190000
v 0.141750 0.275336 0.190000
v 0.145414 0.279000 0.190000
v 0.154586 0.279000 0.190000
v 0.158250 0.275336 0.190000
v 0.158250 0.272000 0.190000
v 0.154000 0.272000 0.190000
v 0.154000 0.270000 0.190000
v 0.163000 0.270000 0.190000
v 0.164000 0.270268 0.190000
v 0.164732 0.271000 0.190000
v 0.165000 0.272000 0.190000
v 0.165000 0.281000 0.190000
v 0.163000 0.281000 0.190000
v 0.163000 0.276750 0.190000
v 0.159664 0.276750 0.190000
v 0.156000 0.280414 0.190000
v 0.156000 0.289586 0.190000
v 0.159664 0.293250 0.190000
v 0.163000 0.293250 0.190000
v 0.163000 0.289000 0.190000
v 0.165000 0.289000 0.190000
v 0.165000 0.311000 0.190000
v 0.163000 0.311000 0.190000
v 0.163000 0.306750 0.190000
v 0.159664 0.306750 0.190000
v 0.156000 0.310414 0.190000
v 0.156000 0.319586 0.190000
v 0.159664 0.323250 0.190000
v 0.163000 0.323250 0.190000
v 0.163000 0.319000 0.190000
v 0.165000 0.319000 0.190000
v 0.165000 0.328000 0.190000
v 0.164732 0.329000 0.190000
v 0.164000 0.329732 0.190000
v 0.163000 0.330000 0.190000
v 0.154000 0.330000 0.190000
v 0.154000 0.328000 0.190000
v 0.158250 0.328000 0.190000
v 0.158250 0.324664 0.190000
v 0.154586 0.321000 0.190000
v 0.145414 0.321000 0.190000
v 0.141750 0.324664 0.190000
v 0.141750 0.328000 0.190000
v 0.146000 0.328000 0.190000
v 0.146000 0.330000 0.190000
v 0.124000 0.330000 0.190000
v 0.124000 0.328000 0.190000
v 0.128250 0.328000 0.190000
v 0.128250 0.324664 0.190000
v 0.124586 0.321000 0.190000
v 0.115414 0.321000 0.190000
v 0.111750 0.324664 0.190000
v 0.111750 0.328000 0.190000
v 0.116000 0.328000 0.190000
v 0.116000 0.330000 0.190000
v 0.120778 0.291293 0.190000
v 0.115293 0.296778 0.190000
v 0.115134 0.296985 0.190000
v 0.115034 0.297226 0.190000
v 0.115000 0.297485 0.190000
v 0.115000 0.302515 0.190000
v 0.115034 0.302774 0.190000
v 0.115134 0.303015 0.190000
v 0.115293 0.303222 0.190000
v 0.120778 0.308707 0.190000
v 0.120985 0.308866 0.190000
v 0.121226 0.308966 0.190000
v 0.121485 0.309000 0.190000
v 0.123000 0.309000 0.190000
v 0.124500 0.309402 0.190000
v 0.125598 0.310500 0.190000
v 0.126000 0.312000 0.190000
v 0.126000 0.313515 0.190000
v 0.126034 0.313774 0.190000
v 0.126134 0.314015 0.190000
v 0.126293 0.314222 0.190000
v 0.131778 0.319707 0.190000
v 0.131985 0.319866 0.190000
v 0.132226 0.319966 0.190000
v 0.132485 0.320000 0.190000
v 0.137515 0.320000 0.190000
v 0.137774 0.319966 0.190000
v 0.138015 0.319866 0.190000
v 0.138222 0.319707 0.190000
v 0.143707 0.314222 0.190000
v 0.143866 0.314015 0.190000
v 0.143966 0.313774 0.190000
v 0.144000 0.313515 0.190000
v 0.144000 0.312000 0.190000
v 0.144402 0.310500 0.190000
v 0.145500 0.309402 0.190000
v 0.147000 0.309000 0.190000
v 0.148515 0.309000 0.190000
v 0.148774 0.308966 0.190000
v 0.149015 0.308866 0.190000
v 0.149222 0.308707 0.190000
v 0.154707 0.303222 0.190000
v 0.154866 0.303015 0.190000
v 0.154966 0.302774 0.190000
v 0.155000 0.302515 0.190000
v 0.155000 0.297485 0.190000
v 0.154966 0.297226 0.190000
v 0.154866 0.296985 0.190000
v 0.154707 0.296778 0.190000
v 0.149222 0.291293 0.190000
v 0.149015 0.291134 0.190000
v 0.148774 0.291034 0.190000
v 0.148515 0.291000 0.190000
v 0.147000 0.291000 0.190000
v 0.145500 0.290598 0.190000
v 0.144402 0.289500 0.190000
v 0.144000 0.288000 0.190000
v 0.144000 0.286485 0.190000
v 0.143966 0.286226 0.190000
v 0.143866 0.285985 0.190000
v 0.143707 0.285778 0.190000
v 0.138222 0.280293 0.190000
v 0.138015 0.280134 0.190000
v 0.137774 0.280034 0.190000
v 0.137515 0.280000 0.190000
v 0.132485 0.280000 0.190000
v 0.132226 0.280034 0.190000
v 0.131985 0.280134 0.190000
v 0.131778 0.280293 0.190000
v 0.126293 0.285778 0.190000
v 0.126134 0.285985 0.190000
v 0.126034 0.286226 0.190000
v 0.126000 0.286485 0.190000
v 0.126000 0.288000 0.190000
v 0.125598 0.289500 0.190000
v 0.124500 0.290598 0.190000
v 0.123000 0.291000 0.190000
v 0.121485 0.291000 0.190000
v 0.121226 0.291034 0.190000
v 0.120985 0.291134 0.190000
v 0.146600 0.285000 0.190000
v 0.148300 0.287944 0.190000
v 0.151700 0.287944 0.190000
v 0.153400 0.285000 0.190000
v 0.151700 0.282056 0.190000
v 0.148300 0.282056 0.190000
v 0.146600 0.315000 0.190000
v 0.148300 0.317944 0.190000
v 0.151700 0.317944 0.190000
v 0.153400 0.315000 0.190000
v 0.151700 0.312056 0.190000
v 0.148300 0.312056 0.190000
v 0.116600 0.285000 0.190000
v 0.118300 0.287944 0.190000
v 0.121700 0.287944 0.190000
v 0.123400 0.285000 0.190000
v 0.121700 0.282056 0.190000
v 0.118300 0.282056 0.190000
v 0.123400 0.315000 0.190000
v 0.121700 0.312056 0.190000
v 0.118300 0.312056 0.190000
v 0.116600 0.315000 0.190000
v 0.118300 0.317944 0.190000
v 0.121700 0.317944 0.190000
v 0.144000 0.288000 0.000000
v 0.144000 0.286485 0.000000
v 0.144000 0.286485 0.190000
v 0.144000 0.288000 0.190000
v 0.115000 0.302515 -0.000000
v 0.115034 0.302774 -0.000000
v 0.115134 0.303015 -0.000000
v 0.115293 0.303222 -0.000000
v 0.115293 0.303222 0.190000
v 0.115134 0.303015 0.190000
v 0.115034 0.302774 0.190000
v 0.115000 0.302515 0.190000
v 0.165000 0.281000 0.000000
v 0.163000 0.281000 0.000000
v 0.163000 0.281000 0.190000
v 0.165000 0.281000 0.190000
v 0.121485 0.291000 -0.000000
v 0.121226 0.291034 -0.000000
v 0.120985 0.291134 -0.000000
v 0.120778 0.291293 -0.000000
v 0.120778 0.291293 0.190000
v 0.120985 0.291134 0.190000
v 0.121226 0.291034 0.190000
v 0.121485 0.291000 0.190000
v 0.107000 0.319000 -0.000000
v 0.107000 0.323250 -0.000000
v 0.107000 0.323250 0.190000
v 0.107000 0.319000 0.190000
v 0.105000 0.328000 -0.000000
v 0.105000 0.319000 -0.000000
v 0.105000 0.319000 0.190000
v 0.105000 0.328000 0.190000
v 0.123400 0.315000 0.000000
v 0.121700 0.312056 -0.000000
v 0.118300 0.312056 -0.000000
v 0.116600 0.315000 -0.000000
v 0.118300 0.317944 -0.000000
v 0.121700 0.317944 -0.000000
v 0.123400 0.315000 0.190000
v 0.121700 0.317944 0.190000
v 0.118300 0.317944 0.190000
v 0.116600 0.315000 0.190000
v 0.118300 0.312056 0.190000
v 0.121700 0.312056 0.190000
v 0.123400 0.315000 0.000000
v 0.123400 0.315000 0.190000
v 0.149222 0.308707 0.000000
v 0.154707 0.303222 0.000000
v 0.154707 0.303222 0.190000
v 0.149222 0.308707 0.190000
v 0.147000 0.291000 0.000000
v 0.145500 0.290598 0.000000
v 0.144402 0.289500 0.000000
v 0.144000 0.288000 0.000000
v 0.144000 0.288000 0.190000
v 0.144402 0.289500 0.190000
v 0.145500 0.290598 0.190000
v 0.147000 0.291000 0.190000
v 0.115000 0.297485 -0.000000
v 0.115000 0.302515 -0.000000
v 0.115000 0.302515 0.190000
v 0.115000 0.297485 0.190000
v 0.120778 0.291293 -0.000000
v 0.115293 0.296778 -0.000000
v 0.115293 0.296778 0.190000
v 0.120778 0.291293 0.190000
v 0.105000 0.319000 -0.000000
v 0.107000 0.319000 -0.000000
v 0.107000 0.319000 0.190000
v 0.105000 0.319000 0.190000
v 0.148515 0.291000 0.000000
v 0.147000 0.291000 0.000000
v 0.147000 0.291000 0.190000
v 0.148515 0.291000 0.190000
v 0.115293 0.296778 -0.000000
v 0.115134 0.296985 -0.000000
v 0.115034 0.297226 -0.000000
v 0.115000 0.297485 -0.000000
v 0.115000 0.297485 0.190000
v 0.115034 0.297226 0.190000
v 0.115134 0.296985 0.190000
v 0.115293 0.296778 0.190000
v 0.149222 0.291293 0.000000
v 0.149015 0.291134 0.000000
v 0.148774 0.291034 0.000000
v 0.148515 0.291000 0.000000
v 0.148515 0.291000 0.190000
v 0.148774 0.291034 0.190000
v 0.149015 0.291134 0.190000
v 0.149222 0.291293 0.190000
v 0.154707 0.296778 0.000000
v 0.149222 0.291293 0.000000
v 0.149222 0.291293 0.190000
v 0.154707 0.296778 0.190000
v 0.155000 0.297485 0.000000
v 0.154966 0.297226 0.000000
v 0.154866 0.296985 0.000000
v 0.154707 0.296778 0.000000
v 0.154707 0.296778 0.190000
v 0.154866 0.296985 0.190000
v 0.154966 0.297226 0.190000
v 0.155000 0.297485 0.190000
v 0.155000 0.302515 0.000000
v 0.155000 0.297485 0.000000
v 0.155000 0.297485 0.190000
v 0.155000 0.302515 0.190000
v 0.154707 0.303222 0.000000
v 0.154866 0.303015 0.000000
v 0.154966 0.302774 0.000000
v 0.155000 0.302515 0.000000
v 0.155000 0.302515 0.190000
v 0.154966 0.302774 0.190000
v 0.154866 0.303015 0.190000
v 0.154707 0.303222 0.190000
v 0.115000 0.297485 -0.000000
v 0.115034 0.297226 -0.000000
v 0.115134 0.296985 -0.000000
v 0.115293 0.296778 -0.000000
v 0.120778 0.291293 -0.000000
v 0.120985 0.291134 -0.000000
v 0.121226 0.291034 -0.000000
v 0.121485 0.291000 -0.000000
v 0.123000 0.291000 -0.000000
v 0.124500 0.290598 0.000000
v 0.125598 0.289500 0.000000
v 0.126000 0.288000 0.000000
v 0.126000 0.286485 0.000000
v 0.126034 0.286226 0.000000
v 0.126134 0.285985 0.000000
v 0.126293 0.285778 0.000000
v 0.131778 0.280293 0.000000
v 0.131985 0.280134 0.000000
v 0.132226 0.280034 0.000000
v 0.132485 0.280000 0.000000
v 0.137515 0.280000 0.000000
v 0.137774 0.280034 0.000000
v 0.138015 0.280134 0.000000
v 0.138222 0.280293 0.000000
v 0.143707 0.285778 0.000000
v 0.143866 0.285985 0.000000
v 0.143966 0.286226 0.000000
v 0.144000 0.286485 0.000000
v 0.144000 0.288000 0.000000
v 0.144402 0.289500 0.000000
v 0.145500 0.290598 0.000000
v 0.147000 0.291000 0.000000
v 0.148515 0.291000 0.000000
v 0.148774 0.291034 0.000000
v 0.149015 0.291134 0.000000
v 0.149222 0.291293 0.000000
v 0.154707 0.296778 0.000000
v 0.154866 0.296985 0.000000
v 0.154966 0.297226 0.000000
v 0.155000 0.297485 0.000000
v 0.155000 0.302515 0.000000
v 0.154966 0.302774 0.000000
v 0.154866 0.303015 0.000000
v 0.154707 0.303222 0.000000
v 0.149222 0.308707 0.000000
v 0.149015 0.308866 0.000000
v 0.148774 0.308966 0.000000
v 0.148515 0.309000 0.000000
v 0.147000 0.309000 0.000000
v 0.145500 0.309402 0.000000
v 0.144402 0.310500 0.000000
v 0.144000 0.312000 0.000000
v 0.144000 0.313515 0.000000
v 0.143966 0.313774 0.000000
v 0.143866 0.314015 0.000000
v 0.143707 0.314222 0.000000
v 0.138222 0.319707 0.000000
v 0.138015 0.319866 0.000000
v 0.137774 0.319966 0.000000
v 0.137515 0.320000 0.000000
v 0.132485 0.320000 0.000000
v 0.132226 0.319966 0.000000
v 0.131985 0.319866 0.000000
v 0.131778 0.319707 0.000000
v 0.126293 0.314222 0.000000
v 0.126134 0.314015 0.000000
v 0.126034 0.313774 0.000000
v 0.126000 0.313515 0.000000
v 0.126000 0.312000 0.000000
v 0.125598 0.310500 0.000000
v 0.124500 0.309402 0.000000
v 0.123000 0.309000 -0.000000
v 0.121485 0.309000 -0.000000
v 0.121226 0.308966 -0.000000
v 0.120985 0.308866 -0.000000
v 0.120778 0.308707 -0.000000
v 0.115293 0.303222 -0.000000
v 0.115134 0.303015 -0.000000
v 0.115034 0.302774 -0.000000
v 0.115000 0.302515 -0.000000
v 0.107000 0.319000 -0.000000
v 0.105000 0.319000 -0.000000
v 0.105000 0.328000 -0.000000
v 0.105268 0.329000 -0.000000
v 0.106000 0.329732 -0.000000
v 0.107000 0.330000 -0.000000
v 0.116000 0.330000 -0.000000
v 0.116000 0.328000 -0.000000
v 0.111750 0.328000 -0.000000
v 0.111750 0.324664 -0.000000
v 0.115414 0.321000 -0.000000
v 0.124586 0.321000 0.000000
v 0.128250 0.324664 0.000000
v 0.128250 0.328000 0.000000
v 0.124000 0.328000 0.000000
v 0.124000 0.330000 0.000000
v 0.146000 0.330000 0.000000
v 0.146000 0.328000 0.000000
v 0.141750 0.328000 0.000000
v 0.141750 0.324664 0.000000
v 0.145414 0.321000 0.000000
v 0.154586 0.321000 0.000000
v 0.158250 0.324664 0.000000
v 0.158250 0.328000 0.000000
v 0.154000 0.328000 0.000000
v 0.154000 0.330000 0.000000
v 0.163000 0.330000 0.000000
v 0.164000 0.329732 0.000000
v 0.164732 0.329000 0.000000
v 0.165000 0.328000 0.000000
v 0.165000 0.319000 0.000000
v 0.163000 0.319000 0.000000
v 0.163000 0.323250 0.000000
v 0.159664 0.323250 0.000000
v 0.156000 0.319586 0.000000
v 0.156000 0.310414 0.000000
v 0.159664 0.306750 0.000000
v 0.163000 0.306750 0.000000
v 0.163000 0.311000 0.000000
v 0.165000 0.311000 0.000000
v 0.165000 0.289000 0.000000
v 0.163000 0.289000 0.000000
v 0.163000 0.293250 0.000000
v 0.159664 0.293250 0.000000
v 0.156000 0.289586 0.000000
v 0.156000 0.280414 0.000000
v 0.159664 0.276750 0.000000
v 0.163000 0.276750 0.000000
v 0.163000 0.281000 0.000000
v 0.165000 0.281000 0.000000
v 0.165000 0.272000 0.000000
v 0.164732 0.271000 0.000000
v 0.164000 0.270268 0.000000
v 0.163000 0.270000 0.000000
v 0.154000 0.270000 0.000000
v 0.154000 0.272000 0.000000
v 0.158250 0.272000 0.000000
v 0.158250 0.275336 0.000000
v 0.154586 0.279000 0.000000
v 0.145414 0.279000 0.000000
v 0.141750 0.275336 0.000000
v 0.141750 0.272000 0.000000
v 0.146000 0.272000 0.000000
v 0.146000 0.270000 0.000000
v 0.124000 0.270000 -0.000000
v 0.124000 0.272000 0.000000
v 0.128250 0.272000 0.000000
v 0.128250 0.275336 0.000000
v 0.124586 0.279000 0.000000
v 0.115414 0.279000 -0.000000
v 0.111750 0.275336 -0.000000
v 0.111750 0.272000 -0.000000
v 0.116000 0.272000 -0.000000
v 0.116000 0.270000 -0.000000
v 0.107000 0.270000 -0.000000
v 0.106000 0.270268 -0.000000
v 0.105268 0.271000 -0.000000
v 0.105000 0.272000 -0.000000
v 0.105000 0.281000 -0.000000
v 0.107000 0.281000 -0.000000
v 0.107000 0.276750 -0.000000
v 0.110336 0.276750 -0.000000
v 0.114000 0.280414 -0.000000
v 0.114000 0.289586 -0.000000
v 0.110336 0.293250 -0.000000
v 0.107000 0.293250 -0.000000
v 0.107000 0.289000 -0.000000
v 0.105000 0.289000 -0.000000
v 0.105000 0.311000 -0.000000
v 0.107000 0.311000 -0.000000
v 0.107000 0.306750 -0.000000
v 0.110336 0.306750 -0.000000
v 0.114000 0.310414 -0.000000
v 0.114000 0.319586 -0.000000
v 0.110336 0.323250 -0.000000
v 0.107000 0.323250 -0.000000
v 0.123400 0.315000 0.000000
v 0.121700 0.317944 -0.000000
v 0.118300 0.317944 -0.000000
v 0.116600 0.315000 -0.000000
v 0.118300 0.312056 -0.000000
v 0.121700 0.312056 -0.000000
v 0.146600 0.315000 0.000000
v 0.148300 0.312056 0.000000
v 0.151700 0.312056 0.000000
v 0.153400 0.315000 0.000000
v 0.151700 0.317944 0.000000
v 0.148300 0.317944 0.000000
v 0.146600 0.285000 0.000000
v 0.148300 0.282056 0.000000
v 0.151700 0.282056 0.000000
v 0.153400 0.285000 0.000000
v 0.151700 0.287944 0.000000
v 0.148300 0.287944 0.000000
v 0.116600 0.285000 -0.000000
v 0.118300 0.282056 -0.000000
v 0.121700 0.282056 -0.000000
v 0.123400 0.285000 -0.000000
v 0.121700 0.287944 -0.000000
v 0.118300 0.287944 -0.000000
f 7862 7863 7861
f 7861 7863 7864
f 7866 7867 7865
f 7865 7867 7868
f 7869 7870 7872
f 7872 7870 7871
f 7873 7874 7876
f 7876 7874 7875
f 7877 7878 7880
f 7880 7878 7879
f 7888 7881 7887
f 7887 7881 7882
f 7887 7882 7886
f 7886 7882 7883
f 7886 7883 7885
f 7885 7883 7884
f 7890 7891 7889
f 7889 7891 7892
f 7894 7895 7893
f 7893 7895 7896
f 7898 7899 7897
f 7897 7899 7900
f 7901 7902 7904
f 7904 7902 7903
f 7906 7907 7905
f 7905 7907 7908
f 7916 7909 7915
f 7915 7909 7910
f 7915 7910 7914
f 7914 7910 7911
f 7914 7911 7913
f 7913 7911 7912
f 7917 7918 7920
f 7920 7918 7919
f 7922 7923 7921
f 7921 7923 7924
f 7926 7927 7925
f 7925 7927 7928
f 7929 7930 7932
f 7932 7930 7931
f 7934 7935 7933
f 7933 7935 7936
f 7937 7938 7940
f 7940 7938 7939
f 7941 7942 7944
f 7944 7942 7943
f 7946 7947 7945
f 7945 7947 7948
f 7950 7951 7949
f 7949 7951 7952
f 7954 7955 7953
f 7953 7955 7956
f 7958 7959 7957
f 7957 7959 7960
f 7961 7962 7964
f 7964 7962 7963
f 7966 7967 7965
f 7965 7967 7968
f 7970 7971 7969
f 7969 7971 7972
f 7973 7974 7976
f 7976 7974 7975
f 7978 7979 7977
f 7977 7979 7980
f 7981 7982 7984
f 7984 7982 7983
f 7985 7986 7988
f 7988 7986 7987
f 7990 7991 7989
f 7989 7991 7992
f 7994 7995 7993
f 7993 7995 7996
f 7998 7999 7997
f 7997 7999 8000
f 8002 8003 8001
f 8001 8003 8004
f 8005 8006 8008
f 8008 8006 8007
f 8009 8010 8012
f 8012 8010 8011
f 8013 8014 8016
f 8016 8014 8015
f 8018 8019 8017
f 8017 8019 8020
f 8022 8023 8021
f 8021 8023 8024
f 8026 8027 8025
f 8025 8027 8028
f 8030 8031 8029
f 8029 8031 8032
f 8033 8034 8036
f 8036 8034 8035
f 8037 8038 8040
f 8040 8038 8039
f 8042 8043 8041
f 8041 8043 8044
f 8045 8046 8048
f 8048 8046 8047
f 8050 8051 8049
f 8049 8051 8052
f 8054 8055 8053
f 8053 8055 8056
f 8057 8058 8060
f 8060 8058 8059
f 8062 8063 8061
f 8061 8063 8064
f 8065 8066 8068
f 8068 8066 8067
f 8070 8071 8069
f 8069 8071 8072
f 8074 8075 8073
f 8073 8075 8076
f 8077 8078 8080
f 8080 8078 8079
f 8088 8081 8087
f 8087 8081 8082
f 8087 8082 8086
f 8086 8082 8083
f 8086 8083 8085
f 8085 8083 8084
f 8090 8091 8089
f 8089 8091 8092
f 8094 8095 8093
f 8093 8095 8096
f 8097 8098 8100
f 8100 8098 8099
f 8102 8103 8101
f 8101 8103 8104
f 8105 8106 8108
f 8108 8106 8107
f 8109 8110 8112
f 8112 8110 8111
f 8113 8114 8116
f 8116 8114 8115
f 8117 8118 8120
f 8120 8118 8119
f 8122 8123 8121
f 8121 8123 8124
f 8126 8127 8125
f 8125 8127 8128
f 8136 8129 8135
f 8135 8129 8130
f 8135 8130 8134
f 8134 8130 8131
f 8134 8131 8133
f 8133 8131 8132
f 8144 8137 8143
f 8143 8137 8138
f 8143 8138 8142
f 8142 8138 8139
f 8142 8139 8141
f 8141 8139 8140
f 8146 8147 8145
f 8145 8147 8148
f 8150 8151 8149
f 8149 8151 8152
f 8153 8154 8156
f 8156 8154 8155
f 8158 8159 8157
f 8157 8159 8160
f 8161 8162 8164
f 8164 8162 8163
f 8172 8165 8171
f 8171 8165 8166
f 8171 8166 8170
f 8170 8166 8167
f 8170 8167 8169
f 8169 8167 8168
f 8174 8175 8173
f 8173 8175 8176
f 8178 8179 8177
f 8177 8179 8180
f 8181 8182 8184
f 8184 8182 8183
f 8185 8186 8188
f 8188 8186 8187
f 8190 8191 8189
f 8189 8191 8192
f 8193 8194 8196
f 8196 8194 8195
f 8204 8197 8203
f 8203 8197 8198
f 8203 8198 8202
f 8202 8198 8199
f 8202 8199 8201
f 8201 8199 8200
f 8205 8206 8208
f 8208 8206 8207
f 8216 8209 8215
f 8215 8209 8210
f 8215 8210 8211
f 8212 8213 8211
f 8211 8213 8214
f 8211 8214 8215
f 8217 8218 8220
f 8220 8218 8219
f 8228 8221 8227
f 8227 8221 8222
f 8227 8222 8226
f 8226 8222 8223
f 8226 8223 8225
f 8225 8223 8224
f 8230 8231 8229
f 8229 8231 8232
f 8234 8235 8233
f 8233 8235 8236
f 8238 8239 8237
f 8237 8239 8240
f 8242 8243 8241
f 8241 8243 8244
f 8252 8245 8251
f 8251 8245 8246
f 8251 8246 8250
f 8250 8246 8247
f 8250 8247 8249
f 8249 8247 8248
f 8253 8254 8256
f 8256 8254 8255
f 8258 8259 8257
f 8257 8259 8260
f 8262 8263 8261
f 8261 8263 8264
f 8272 8265 8271
f 8271 8265 8266
f 8271 8266 8270
f 8270 8266 8267
f 8270 8267 8269
f 8269 8267 8268
f 8274 8275 8273
f 8273 8275 8276
f 8277 8278 8280
f 8280 8278 8279
f 8282 8292 8281
f 8281 8292 8294
f 8293 8287 8286
f 8286 8287 8288
f 8286 8288 8285
f 8285 8288 8289
f 8285 8289 8284
f 8284 8289 8290
f 8284 8290 8283
f 8283 8290 8291
f 8283 8291 8282
f 8282 8291 8292
f 8302 8295 8301
f 8301 8295 8296
f 8301 8296 8297
f 8298 8299 8297
f 8297 8299 8300
f 8297 8300 8301
f 8303 8304 8306
f 8306 8304 8305
f 8314 8307 8313
f 8313 8307 8308
f 8313 8308 8312
f 8312 8308 8309
f 8312 8309 8311
f 8311 8309 8310
f 8316 8317 8315
f 8315 8317 8318
f 8326 8319 8325
f 8325 8319 8320
f 8325 8320 8321
f 8322 8323 8321
f 8321 8323 8324
f 8321 8324 8325
f 8327 8328 8330
f 8330 8328 8329
f 8332 8333 8331
f 8331 8333 8334
f 8336 8337 8335
f 8335 8337 8338
f 8340 8350 8339
f 8339 8350 8352
f 8351 8345 8344
f 8344 8345 8346
f 8344 8346 8343
f 8343 8346 8347
f 8343 8347 8342
f 8342 8347 8348
f 8342 8348 8341
f 8341 8348 8349
f 8341 8349 8340
f 8340 8349 8350
f 8353 8354 8356
f 8356 8354 8355
f 8364 8357 8363
f 8363 8357 8358
f 8363 8358 8362
f 8362 8358 8359
f 8362 8359 8361
f 8361 8359 8360
f 8365 8366 8368
f 8368 8366 8367
f 8369 8370 8372
f 8372 8370 8371
f 8373 8374 8376
f 8376 8374 8375
f 8378 8379 8377
f 8377 8379 8380
f 8388 8381 8387
f 8387 8381 8382
f 8387 8382 8386
f 8386 8382 8383
f 8386 8383 8385
f 8385 8383 8384
f 8390 8400 8389
f 8389 8400 8402
f 8401 8395 8394
f 8394 8395 8396
f 8394 8396 8393
f 8393 8396 8397
f 8393 8397 8392
f 8392 8397 8398
f 8392 8398 8391
f 8391 8398 8399
f 8391 8399 8390
f 8390 8399 8400
f 8410 8403 8409
f 8409 8403 8404
f 8409 8404 8408
f 8408 8404 8405
f 8408 8405 8407
f 8407 8405 8406
f 8412 8413 8411
f 8411 8413 8414
f 8411 8414 8503
f 8503 8414 8418
f 8503 8418 8502
f 8502 8418 8419
f 8502 8419 8609
f 8609 8419 8608
f 8608 8419 8420
f 8608 8420 8607
f 8607 8420 8516
f 8607 8516 8517
f 8418 8414 8417
f 8417 8414 8415
f 8417 8415 8416
f 8516 8420 8515
f 8515 8420 8421
f 8515 8421 8514
f 8514 8421 8513
f 8513 8421 8512
f 8512 8421 8511
f 8511 8421 8428
f 8511 8428 8510
f 8510 8428 8509
f 8509 8428 8508
f 8508 8428 8429
f 8508 8429 8507
f 8507 8429 8600
f 8507 8600 8586
f 8586 8600 8601
f 8586 8601 8585
f 8585 8601 8584
f 8584 8601 8583
f 8583 8601 8582
f 8582 8601 8581
f 8581 8601 8580
f 8580 8601 8579
f 8579 8601 8602
f 8579 8602 8578
f 8578 8602 8577
f 8577 8602 8576
f 8576 8602 8444
f 8576 8444 8575
f 8575 8444 8445
f 8575 8445 8574
f 8574 8445 8573
f 8573 8445 8572
f 8572 8445 8452
f 8572 8452 8571
f 8571 8452 8570
f 8570 8452 8569
f 8569 8452 8568
f 8568 8452 8453
f 8568 8453 8567
f 8567 8453 8587
f 8567 8587 8566
f 8566 8587 8565
f 8565 8587 8564
f 8564 8587 8588
f 8564 8588 8563
f 8563 8588 8562
f 8562 8588 8561
f 8561 8588 8560
f 8560 8588 8559
f 8559 8588 8558
f 8558 8588 8557
f 8557 8588 8589
f 8557 8589 8556
f 8556 8589 8468
f 8556 8468 8555
f 8555 8468 8469
f 8555 8469 8554
f 8554 8469 8553
f 8553 8469 8552
f 8552 8469 8551
f 8551 8469 8476
f 8551 8476 8550
f 8550 8476 8549
f 8549 8476 8548
f 8548 8476 8477
f 8548 8477 8547
f 8547 8477 8597
f 8547 8597 8546
f 8546 8597 8598
f 8546 8598 8545
f 8545 8598 8544
f 8544 8598 8543
f 8543 8598 8542
f 8542 8598 8541
f 8541 8598 8540
f 8540 8598 8539
f 8539 8598 8593
f 8539 8593 8538
f 8538 8593 8537
f 8537 8593 8536
f 8536 8593 8492
f 8536 8492 8535
f 8535 8492 8493
f 8535 8493 8534
f 8534 8493 8533
f 8533 8493 8532
f 8532 8493 8500
f 8532 8500 8531
f 8531 8500 8530
f 8530 8500 8529
f 8529 8500 8528
f 8528 8500 8501
f 8528 8501 8527
f 8527 8501 8605
f 8527 8605 8526
f 8526 8605 8525
f 8525 8605 8524
f 8524 8605 8606
f 8524 8606 8523
f 8523 8606 8522
f 8522 8606 8521
f 8521 8606 8520
f 8520 8606 8519
f 8519 8606 8518
f 8518 8606 8517
f 8517 8606 8607
f 8421 8422 8428
f 8428 8422 8427
f 8427 8422 8425
f 8427 8425 8426
f 8423 8424 8422
f 8422 8424 8425
f 8600 8429 8599
f 8599 8429 8430
f 8599 8430 8604
f 8604 8430 8443
f 8604 8443 8603
f 8603 8443 8444
f 8603 8444 8602
f 8430 8431 8443
f 8443 8431 8442
f 8442 8431 8435
f 8442 8435 8438
f 8438 8435 8437
f 8437 8435 8436
f 8431 8432 8435
f 8435 8432 8434
f 8434 8432 8433
f 8442 8438 8441
f 8441 8438 8439
f 8441 8439 8440
f 8452 8445 8451
f 8451 8445 8446
f 8451 8446 8449
f 8449 8446 8448
f 8448 8446 8447
f 8449 8450 8451
f 8587 8453 8592
f 8592 8453 8454
f 8592 8454 8591
f 8591 8454 8467
f 8591 8467 8590
f 8590 8467 8468
f 8590 8468 8589
f 8467 8454 8466
f 8466 8454 8455
f 8466 8455 8462
f 8462 8455 8459
f 8462 8459 8460
f 8455 8456 8459
f 8459 8456 8458
f 8458 8456 8457
f 8460 8461 8462
f 8466 8462 8465
f 8465 8462 8463
f 8465 8463 8464
f 8469 8470 8476
f 8476 8470 8475
f 8475 8470 8472
f 8475 8472 8473
f 8470 8471 8472
f 8473 8474 8475
f 8597 8477 8596
f 8596 8477 8478
f 8596 8478 8595
f 8595 8478 8491
f 8595 8491 8594
f 8594 8491 8492
f 8594 8492 8593
f 8478 8479 8491
f 8491 8479 8490
f 8490 8479 8483
f 8490 8483 8486
f 8486 8483 8484
f 8486 8484 8485
f 8479 8480 8483
f 8483 8480 8482
f 8482 8480 8481
f 8490 8486 8489
f 8489 8486 8487
f 8489 8487 8488
f 8500 8493 8499
f 8499 8493 8494
f 8499 8494 8497
f 8497 8494 8496
f 8496 8494 8495
f 8497 8498 8499
f 8605 8501 8610
f 8610 8501 8502
f 8610 8502 8609
f 8503 8504 8411
f 8411 8504 8506
f 8506 8504 8505
f 8612 8613 8611
f 8611 8613 8614
f 8622 8615 8621
f 8621 8615 8616
f 8621 8616 8620
f 8620 8616 8617
f 8620 8617 8619
f 8619 8617 8618
f 8624 8625 8623
f 8623 8625 8626
f 8634 8627 8633
f 8633 8627 8628
f 8633 8628 8632
f 8632 8628 8629
f 8632 8629 8631
f 8631 8629 8630
f 8635 8636 8638
f 8638 8636 8637
f 8639 8640 8642
f 8642 8640 8641
f 8644 8654 8643
f 8643 8654 8656
f 8655 8649 8648
f 8648 8649 8650
f 8648 8650 8647
f 8647 8650 8651
f 8647 8651 8646
f 8646 8651 8652
f 8646 8652 8645
f 8645 8652 8653
f 8645 8653 8644
f 8644 8653 8654
f 8657 8658 8660
f 8660 8658 8659
f 8668 8661 8667
f 8667 8661 8662
f 8667 8662 8663
f 8664 8665 8663
f 8663 8665 8666
f 8663 8666 8667
f 8670 8671 8669
f 8669 8671 8672
f 8673 8674 8676
f 8676 8674 8675
f 8678 8679 8677
f 8677 8679 8680
f 8681 8682 8684
f 8684 8682 8683
f 8692 8685 8691
f 8691 8685 8686
f 8691 8686 8690
f 8690 8686 8687
f 8690 8687 8689
f 8689 8687 8688
f 8700 8693 8699
f 8699 8693 8694
f 8699 8694 8698
f 8698 8694 8695
f 8698 8695 8697
f 8697 8695 8696
f 8701 8702 8704
f 8704 8702 8703
f 8712 8705 8711
f 8711 8705 8706
f 8711 8706 8710
f 8710 8706 8707
f 8710 8707 8709
f 8709 8707 8708
f 8714 8715 8713
f 8713 8715 8716
f 8724 8717 8723
f 8723 8717 8718
f 8723 8718 8722
f 8722 8718 8719
f 8722 8719 8721
f 8721 8719 8720
f 8804 8725 8889
f 8889 8725 8726
f 8889 8726 8727
f 8727 8728 8889
f 8889 8728 8888
f 8888 8728 8729
f 8888 8729 8924
f 8924 8729 8730
f 8924 8730 8923
f 8923 8730 8731
f 8923 8731 8732
f 8732 8733 8923
f 8923 8733 8734
f 8923 8734 8735
f 8735 8736 8923
f 8923 8736 8737
f 8923 8737 8922
f 8922 8737 8738
f 8922 8738 8739
f 8739 8740 8922
f 8922 8740 8873
f 8922 8873 8921
f 8921 8873 8874
f 8921 8874 8920
f 8920 8874 8887
f 8920 8887 8919
f 8919 8887 8888
f 8919 8888 8924
f 8740 8741 8873
f 8873 8741 8872
f 8872 8741 8742
f 8872 8742 8743
f 8743 8744 8872
f 8872 8744 8745
f 8872 8745 8865
f 8865 8745 8746
f 8865 8746 8747
f 8747 8748 8865
f 8865 8748 8864
f 8864 8748 8749
f 8864 8749 8913
f 8913 8749 8750
f 8913 8750 8751
f 8751 8752 8913
f 8913 8752 8918
f 8918 8752 8753
f 8918 8753 8754
f 8754 8755 8918
f 8918 8755 8756
f 8918 8756 8757
f 8757 8758 8918
f 8918 8758 8759
f 8918 8759 8917
f 8917 8759 8760
f 8917 8760 8849
f 8849 8760 8761
f 8849 8761 8848
f 8848 8761 8762
f 8848 8762 8763
f 8763 8764 8848
f 8848 8764 8841
f 8848 8841 8842
f 8764 8765 8841
f 8841 8765 8766
f 8841 8766 8767
f 8767 8768 8841
f 8841 8768 8840
f 8840 8768 8769
f 8840 8769 8909
f 8909 8769 8770
f 8909 8770 8908
f 8908 8770 8771
f 8908 8771 8772
f 8772 8773 8908
f 8908 8773 8774
f 8908 8774 8775
f 8775 8776 8908
f 8908 8776 8777
f 8908 8777 8907
f 8907 8777 8778
f 8907 8778 8779
f 8779 8780 8907
f 8907 8780 8825
f 8907 8825 8912
f 8912 8825 8826
f 8912 8826 8911
f 8911 8826 8839
f 8911 8839 8910
f 8910 8839 8840
f 8910 8840 8909
f 8780 8781 8825
f 8825 8781 8824
f 8824 8781 8782
f 8824 8782 8783
f 8783 8784 8824
f 8824 8784 8785
f 8824 8785 8817
f 8817 8785 8786
f 8817 8786 8787
f 8787 8788 8817
f 8817 8788 8816
f 8816 8788 8789
f 8816 8789 8901
f 8901 8789 8790
f 8901 8790 8791
f 8791 8792 8901
f 8901 8792 8906
f 8906 8792 8793
f 8906 8793 8794
f 8794 8795 8906
f 8906 8795 8796
f 8906 8796 8797
f 8797 8798 8906
f 8906 8798 8799
f 8906 8799 8905
f 8905 8799 8800
f 8905 8800 8897
f 8897 8800 8801
f 8897 8801 8896
f 8896 8801 8802
f 8896 8802 8803
f 8803 8804 8896
f 8896 8804 8889
f 8896 8889 8890
f 8805 8806 8900
f 8900 8806 8807
f 8900 8807 8899
f 8899 8807 8814
f 8899 8814 8815
f 8814 8807 8810
f 8810 8807 8808
f 8810 8808 8809
f 8814 8810 8813
f 8813 8810 8811
f 8813 8811 8812
f 8816 8902 8815
f 8815 8902 8903
f 8815 8903 8898
f 8898 8903 8904
f 8898 8904 8897
f 8897 8904 8905
f 8824 8817 8823
f 8823 8817 8818
f 8823 8818 8821
f 8821 8818 8820
f 8820 8818 8819
f 8821 8822 8823
f 8839 8826 8838
f 8838 8826 8827
f 8838 8827 8834
f 8834 8827 8831
f 8834 8831 8833
f 8833 8831 8832
f 8827 8828 8831
f 8831 8828 8830
f 8830 8828 8829
f 8838 8834 8837
f 8837 8834 8835
f 8837 8835 8836
f 8843 8844 8842
f 8842 8844 8845
f 8842 8845 8847
f 8847 8845 8846
f 8847 8848 8842
f 8917 8849 8916
f 8916 8849 8850
f 8916 8850 8915
f 8915 8850 8863
f 8915 8863 8914
f 8914 8863 8864
f 8914 8864 8913
f 8850 8851 8863
f 8863 8851 8862
f 8862 8851 8855
f 8862 8855 8858
f 8858 8855 8857
f 8857 8855 8856
f 8851 8852 8855
f 8855 8852 8854
f 8854 8852 8853
f 8862 8858 8861
f 8861 8858 8859
f 8861 8859 8860
f 8872 8865 8871
f 8871 8865 8866
f 8871 8866 8869
f 8869 8866 8868
f 8868 8866 8867
f 8869 8870 8871
f 8887 8874 8886
f 8886 8874 8875
f 8886 8875 8882
f 8882 8875 8879
f 8882 8879 8880
f 8875 8876 8879
f 8879 8876 8878
f 8878 8876 8877
f 8880 8881 8882
f 8886 8882 8885
f 8885 8882 8883
f 8885 8883 8884
f 8891 8892 8890
f 8890 8892 8895
f 8890 8895 8896
f 8892 8893 8895
f 8895 8893 8894
f 8898 8899 8815
f 8901 8902 8816
o top_plate
v 0.120000 0.319000 0.190000
v 0.123127 0.317494 0.190000
v 0.123900 0.314110 0.190000
v 0.121736 0.311396 0.190000
v 0.118264 0.311396 0.190000
v 0.116100 0.314110 0.190000
v 0.116873 0.317494 0.190000
v 0.120000 0.311000 0.195000
v 0.123127 0.312506 0.195000
v 0.123900 0.315890 0.195000
v 0.121736 0.318604 0.195000
v 0.118264 0.318604 0.195000
v 0.116100 0.315890 0.195000
v 0.116873 0.312506 0.195000
v 0.121736 0.318604 0.195000
v 0.120000 0.319000 0.190000
v 0.120000 0.306000 0.200000
v 0.125290 0.307719 0.200000
v 0.128560 0.312219 0.200000
v 0.128560 0.317781 0.200000
v 0.125290 0.322281 0.200000
v 0.120000 0.324000 0.200000
v 0.114710 0.322281 0.200000
v 0.111440 0.317781 0.200000
v 0.111440 0.312219 0.200000
v 0.114710 0.307719 0.200000
v 0.120000 0.311000 0.195000
v 0.116873 0.312506 0.195000
v 0.116100 0.315890 0.195000
v 0.118264 0.318604 0.195000
v 0.121736 0.318604 0.195000
v 0.123900 0.315890 0.195000
v 0.123127 0.312506 0.195000
v 0.120000 0.324000 0.200000
v 0.118264 0.318604 0.195000
v 0.150000 0.319000 0.190000
v 0.153127 0.317494 0.190000
v 0.153900 0.314110 0.190000
v 0.151736 0.311396 0.190000
v 0.148264 0.311396 0.190000
v 0.146100 0.314110 0.190000
v 0.146873 0.317494 0.190000
v 0.150000 0.311000 0.195000
v 0.153127 0.312506 0.195000
v 0.153900 0.315890 0.195000
v 0.151736 0.318604 0.195000
v 0.148264 0.318604 0.195000
v 0.146100 0.315890 0.195000
v 0.146873 0.312506 0.195000
v 0.151736 0.318604 0.195000
v 0.150000 0.319000 0.190000
v 0.150000 0.306000 0.200000
v 0.155290 0.307719 0.200000
v 0.158560 0.312219 0.200000
v 0.158560 0.317781 0.200000
v 0.155290 0.322281 0.200000
v 0.150000 0.324000 0.200000
v 0.144710 0.322281 0.200000
v 0.141440 0.317781 0.200000
v 0.141440 0.312219 0.200000
v 0.144710 0.307719 0.200000
v 0.150000 0.311000 0.195000
v 0.146873 0.312506 0.195000
v 0.146100 0.315890 0.195000
v 0.148264 0.318604 0.195000
v 0.151736 0.318604 0.195000
v 0.153900 0.315890 0.195000
v 0.153127 0.312506 0.195000
v 0.150000 0.324000 0.200000
v 0.148264 0.318604 0.195000
v 0.120000 0.289000 0.190000
v 0.123127 0.287494 0.190000
v 0.123900 0.284110 0.190000
v 0.121736 0.281396 0.190000
v 0.118264 0.281396 0.190000
v 0.116100 0.284110 0.190000
v 0.116873 0.287494 0.190000
v 0.120000 0.281000 0.195000
v 0.123127 0.282506 0.195000
v 0.123900 0.285890 0.195000
v 0.121736 0.288604 0.195000
v 0.118264 0.288604 0.195000
v 0.116100 0.285890 0.195000
v 0.116873 0.282506 0.195000
v 0.121736 0.288604 0.195000
v 0.120000 0.289000 0.190000
v 0.120000 0.276000 0.200000
v 0.125290 0.277719 0.200000
v 0.128560 0.282219 0.200000
v 0.128560 0.287781 0.200000
v 0.125290 0.292281 0.200000
v 0.120000 0.294000 0.200000
v 0.114710 0.292281 0.200000
v 0.111440 0.287781 0.200000
v 0.111440 0.282219 0.200000
v 0.114710 0.277719 0.200000
v 0.120000 0.281000 0.195000
v 0.116873 0.282506 0.195000
v 0.116100 0.285890 0.195000
v 0.118264 0.288604 0.195000
v 0.121736 0.288604 0.195000
v 0.123900 0.285890 0.195000
v 0.123127 0.282506 0.195000
v 0.120000 0.294000 0.200000
v 0.118264 0.288604 0.195000
v 0.150000 0.289000 0.190000
v 0.153127 0.287494 0.190000
v 0.153900 0.284110 0.190000
v 0.151736 0.281396 0.190000
v 0.148264 0.281396 0.190000
v 0.146100 0.284110 0.190000
v 0.146873 0.287494 0.190000
v 0.150000 0.281000 0.195000
v 0.153127 0.282506 0.195000
v 0.153900 0.285890 0.195000
v 0.151736 0.288604 0.195000
v 0.148264 0.288604 0.195000
v 0.146100 0.285890 0.195000
v 0.146873 0.282506 0.195000
v 0.151736 0.288604 0.195000
v 0.150000 0.289000 0.190000
v 0.150000 0.276000 0.200000
v 0.155290 0.277719 0.200000
v 0.158560 0.282219 0.200000
v 0.158560 0.287781 0.200000
v 0.155290 0.292281 0.200000
v 0.150000 0.294000 0.200000
v 0.144710 0.292281 0.200000
v 0.141440 0.287781 0.200000
v 0.141440 0.282219 0.200000
v 0.144710 0.277719 0.200000
v 0.150000 0.281000 0.195000
v 0.146873 0.282506 0.195000
v 0.146100 0.285890 0.195000
v 0.148264 0.288604 0.195000
v 0.151736 0.288604 0.195000
v 0.153900 0.285890 0.195000
v 0.153127 0.282506 0.195000
v 0.150000 0.294000 0.200000
v 0.148264 0.288604 0.195000
v 0.120000 -0.319000 0.190000
v 0.116873 -0.317494 0.190000
v 0.116100 -0.314110 0.190000
v 0.118264 -0.311396 0.190000
v 0.121736 -0.311396 0.190000
v 0.123900 -0.314110 0.190000
v 0.123127 -0.317494 0.190000
v 0.120000 -0.311000 0.195000
v 0.116873 -0.312506 0.195000
v 0.116100 -0.315890 0.195000
v 0.118264 -0.318604 0.195000
v 0.121736 -0.318604 0.195000
v 0.123900 -0.315890 0.195000
v 0.123127 -0.312506 0.195000
v 0.118264 -0.318604 0.195000
v 0.120000 -0.319000 0.190000
v 0.120000 -0.306000 0.200000
v 0.114710 -0.307719 0.200000
v 0.111440 -0.312219 0.200000
v 0.111440 -0.317781 0.200000
v 0.114710 -0.322281 0.200000
v 0.120000 -0.324000 0.200000
v 0.125290 -0.322281 0.200000
v 0.128560 -0.317781 0.200000
v 0.128560 -0.312219 0.200000
v 0.125290 -0.307719 0.200000
v 0.120000 -0.311000 0.195000
v 0.123127 -0.312506 0.195000
v 0.123900 -0.315890 0.195000
v 0.121736 -0.318604 0.195000
v 0.118264 -0.318604 0.195000
v 0.116100 -0.315890 0.195000
v 0.116873 -0.312506 0.195000
v 0.120000 -0.324000 0.200000
v 0.121736 -0.318604 0.195000
v 0.150000 -0.319000 0.190000
v 0.146873 -0.317494 0.190000
v 0.146100 -0.314110 0.190000
v 0.148264 -0.311396 0.190000
v 0.151736 -0.311396 0.190000
v 0.153900 -0.314110 0.190000
v 0.153127 -0.317494 0.190000
v 0.150000 -0.311000 0.195000
v 0.146873 -0.312506 0.195000
v 0.146100 -0.315890 0.195000
v 0.148264 -0.318604 0.195000
v 0.151736 -0.318604 0.195000
v 0.153900 -0.315890 0.195000
v 0.153127 -0.312506 0.195000
v 0.148264 -0.318604 0.195000
v 0.150000 -0.319000 0.190000
v 0.150000 -0.306000 0.200000
v 0.144710 -0.307719 0.200000
v 0.141440 -0.312219 0.200000
v 0.141440 -0.317781 0.200000
v 0.144710 -0.322281 0.200000
v 0.150000 -0.324000 0.200000
v 0.155290 -0.322281 0.200000
v 0.158560 -0.317781 0.200000
v 0.158560 -0.312219 0.200000
v 0.155290 -0.307719 0.200000
v 0.150000 -0.311000 0.195000
v 0.153127 -0.312506 0.195000
v 0.153900 -0.315890 0.195000
v 0.151736 -0.318604 0.195000
v 0.148264 -0.318604 0.195000
v 0.146100 -0.315890 0.195000
v 0.146873 -0.312506 0.195000
v 0.150000 -0.324000 0.200000
v 0.151736 -0.318604 0.195000
v 0.120000 -0.289000 0.190000
v 0.116873 -0.287494 0.190000
v 0.116100 -0.284110 0.190000
v 0.118264 -0.281396 0.190000
v 0.121736 -0.281396 0.190000
v 0.123900 -0.284110 0.190000
v 0.123127 -0.287494 0.190000
v 0.120000 -0.281000 0.195000
v 0.116873 -0.282506 0.195000
v 0.116100 -0.285890 0.195000
v 0.118264 -0.288604 0.195000
v 0.121736 -0.288604 0.195000
v 0.123900 -0.285890 0.195000
v 0.123127 -0.282506 0.195000
v 0.118264 -0.288604 0.195000
v 0.120000 -0.289000 0.190000
v 0.120000 -0.276000 0.200000
v 0.114710 -0.277719 0.200000
v 0.111440 -0.282219 0.200000
v 0.111440 -0.287781 0.200000
v 0.114710 -0.292281 0.200000
v 0.120000 -0.294000 0.200000
v 0.125290 -0.292281 0.200000
v 0.128560 -0.287781 0.200000
v 0.128560 -0.282219 0.200000
v 0.125290 -0.277719 0.200000
v 0.120000 -0.281000 0.195000
v 0.123127 -0.282506 0.195000
v 0.123900 -0.285890 0.195000
v 0.121736 -0.288604 0.195000
v 0.118264 -0.288604 0.195000
v 0.116100 -0.285890 0.195000
v 0.116873 -0.282506 0.195000
v 0.120000 -0.294000 0.200000
v 0.121736 -0.288604 0.195000
v 0.150000 -0.289000 0.190000
v 0.146873 -0.287494 0.190000
v 0.146100 -0.284110 0.190000
v 0.148264 -0.281396 0.190000
v 0.151736 -0.281396 0.190000
v 0.153900 -0.284110 0.190000
v 0.153127 -0.287494 0.190000
v 0.150000 -0.281000 0.195000
v 0.146873 -0.282506 0.195000
v 0.146100 -0.285890 0.195000
v 0.148264 -0.288604 0.195000
v 0.151736 -0.288604 0.195000
v 0.153900 -0.285890 0.195000
v 0.153127 -0.282506 0.195000
v 0.148264 -0.288604 0.195000
v 0.150000 -0.289000 0.190000
v 0.150000 -0.276000 0.200000
v 0.144710 -0.277719 0.200000
v 0.141440 -0.282219 0.200000
v 0.141440 -0.287781 0.200000
v 0.144710 -0.292281 0.200000
v 0.150000 -0.294000 0.200000
v 0.155290 -0.292281 0.200000
v 0.158560 -0.287781 0.200000
v 0.158560 -0.282219 0.200000
v 0.155290 -0.277719 0.200000
v 0.150000 -0.281000 0.195000
v 0.153127 -0.282506 0.195000
v 0.153900 -0.285890 0.195000
v 0.151736 -0.288604 0.195000
v 0.148264 -0.288604 0.195000
v 0.146100 -0.285890 0.195000
v 0.146873 -0.282506 0.195000
v 0.150000 -0.294000 0.200000
v 0.151736 -0.288604 0.195000
v 0.120000 0.019000 0.190000
v 0.123127 0.017494 0.190000
v 0.123900 0.014110 0.190000
v 0.121736 0.011396 0.190000
v 0.118264 0.011396 0.190000
v 0.116100 0.014110 0.190000
v 0.116873 0.017494 0.190000
v 0.120000 0.011000 0.195000
v 0.123127 0.012506 0.195000
v 0.123900 0.015890 0.195000
v 0.121736 0.018604 0.195000
v 0.118264 0.018604 0.195000
v 0.116100 0.015890 0.195000
v 0.116873 0.012506 0.195000
v 0.121736 0.018604 0.195000
v 0.120000 0.019000 0.190000
v 0.120000 0.006000 0.200000
v 0.125290 0.007719 0.200000
v 0.128560 0.012219 0.200000
v 0.128560 0.017781 0.200000
v 0.125290 0.022281 0.200000
v 0.120000 0.024000 0.200000
v 0.114710 0.022281 0.200000
v 0.111440 0.017781 0.200000
v 0.111440 0.012219 0.200000
v 0.114710 0.007719 0.200000
v 0.120000 0.011000 0.195000
v 0.116873 0.012506 0.195000
v 0.116100 0.015890 0.195000
v 0.118264 0.018604 0.195000
v 0.121736 0.018604 0.195000
v 0.123900 0.015890 0.195000
v 0.123127 0.012506 0.195000
v 0.120000 0.024000 0.200000
v 0.118264 0.018604 0.195000
v 0.150000 0.019000 0.190000
v 0.153127 0.017494 0.190000
v 0.153900 0.014110 0.190000
v 0.151736 0.011396 0.190000
v 0.148264 0.011396 0.190000
v 0.146100 0.014110 0.190000
v 0.146873 0.017494 0.190000
v 0.150000 0.011000 0.195000
v 0.153127 0.012506 0.195000
v 0.153900 0.015890 0.195000
v 0.151736 0.018604 0.195000
v 0.148264 0.018604 0.195000
v 0.146100 0.015890 0.195000
v 0.146873 0.012506 0.195000
v 0.151736 0.018604 0.195000
v 0.150000 0.019000 0.190000
v 0.150000 0.006000 0.200000
v 0.155290 0.007719 0.200000
v 0.158560 0.012219 0.200000
v 0.158560 0.017781 0.200000
v 0.155290 0.022281 0.200000
v 0.150000 0.024000 0.200000
v 0.144710 0.022281 0.200000
v 0.141440 0.017781 0.200000
v 0.141440 0.012219 0.200000
v 0.144710 0.007719 0.200000
v 0.150000 0.011000 0.195000
v 0.146873 0.012506 0.195000
v 0.146100 0.015890 0.195000
v 0.148264 0.018604 0.195000
v 0.151736 0.018604 0.195000
v 0.153900 0.015890 0.195000
v 0.153127 0.012506 0.195000
v 0.150000 0.024000 0.200000
v 0.148264 0.018604 0.195000
v 0.255000 0.319000 0.190000
v 0.258127 0.317494 0.190000
v 0.258900 0.314110 0.190000
v 0.256736 0.311396 0.190000
v 0.253264 0.311396 0.190000
v 0.251100 0.314110 0.190000
v 0.251873 0.317494 0.190000
v 0.255000 0.311000 0.195000
v 0.258127 0.312506 0.195000
v 0.258900 0.315890 0.195000
v 0.256736 0.318604 0.195000
v 0.253264 0.318604 0.195000
v 0.251100 0.315890 0.195000
v 0.251873 0.312506 0.195000
v 0.256736 0.318604 0.195000
v 0.255000 0.319000 0.190000
v 0.470000 0.440000 0.190000
v 0.470000 0.440000 0.200000
v 0.470000 -0.440000 0.200000
v 0.470000 -0.440000 0.190000
v 0.120000 -0.011000 0.190000
v 0.123127 -0.012506 0.190000
v 0.123900 -0.015890 0.190000
v 0.121736 -0.018604 0.190000
v 0.118264 -0.018604 0.190000
v 0.116100 -0.015890 0.190000
v 0.116873 -0.012506 0.190000
v 0.120000 -0.019000 0.195000
v 0.123127 -0.017494 0.195000
v 0.123900 -0.014110 0.195000
v 0.121736 -0.011396 0.195000
v 0.118264 -0.011396 0.195000
v 0.116100 -0.014110 0.195000
v 0.116873 -0.017494 0.195000
v 0.121736 -0.011396 0.195000
v 0.120000 -0.011000 0.190000
v 0.255000 0.306000 0.200000
v 0.260290 0.307719 0.200000
v 0.263560 0.312219 0.200000
v 0.263560 0.317781 0.200000
v 0.260290 0.322281 0.200000
v 0.255000 0.324000 0.200000
v 0.249710 0.322281 0.200000
v 0.246440 0.317781 0.200000
v 0.246440 0.312219 0.200000
v 0.249710 0.307719 0.200000
v 0.255000 0.311000 0.195000
v 0.251873 0.312506 0.195000
v 0.251100 0.315890 0.195000
v 0.253264 0.318604 0.195000
v 0.256736 0.318604 0.195000
v 0.258900 0.315890 0.195000
v 0.258127 0.312506 0.195000
v 0.255000 0.324000 0.200000
v 0.253264 0.318604 0.195000
v 0.070000 0.440000 0.200000
v 0.070000 0.440000 0.190000
v 0.070000 -0.440000 0.190000
v 0.070000 -0.440000 0.200000
v 0.120000 -0.024000 0.200000
v 0.125290 -0.022281 0.200000
v 0.128560 -0.017781 0.200000
v 0.128560 -0.012219 0.200000
v 0.125290 -0.007719 0.200000
v 0.120000 -0.006000 0.200000
v 0.114710 -0.007719 0.200000
v 0.111440 -0.012219 0.200000
v 0.111440 -0.017781 0.200000
v 0.114710 -0.022281 0.200000
v 0.120000 -0.019000 0.195000
v 0.116873 -0.017494 0.195000
v 0.116100 -0.014110 0.195000
v 0.118264 -0.011396 0.195000
v 0.121736 -0.011396 0.195000
v 0.123900 -0.014110 0.195000
v 0.123127 -0.017494 0.195000
v 0.120000 -0.006000 0.200000
v 0.118264 -0.011396 0.195000
v 0.285000 0.319000 0.190000
v 0.288127 0.317494 0.190000
v 0.288900 0.314110 0.190000
v 0.286736 0.311396 0.190000
v 0.283264 0.311396 0.190000
v 0.281100 0.314110 0.190000
v 0.281873 0.317494 0.190000
v 0.285000 0.311000 0.195000
v 0.288127 0.312506 0.195000
v 0.288900 0.315890 0.195000
v 0.286736 0.318604 0.195000
v 0.283264 0.318604 0.195000
v 0.281100 0.315890 0.195000
v 0.281873 0.312506 0.195000
v 0.286736 0.318604 0.195000
v 0.285000 0.319000 0.190000
v 0.150000 -0.011000 0.190000
v 0.153127 -0.012506 0.190000
v 0.153900 -0.015890 0.190000
v 0.151736 -0.018604 0.190000
v 0.148264 -0.018604 0.190000
v 0.146100 -0.015890 0.190000
v 0.146873 -0.012506 0.190000
v 0.150000 -0.019000 0.195000
v 0.153127 -0.017494 0.195000
v 0.153900 -0.014110 0.195000
v 0.151736 -0.011396 0.195000
v 0.148264 -0.011396 0.195000
v 0.146100 -0.014110 0.195000
v 0.146873 -0.017494 0.195000
v 0.151736 -0.011396 0.195000
v 0.150000 -0.011000 0.190000
v 0.285000 0.306000 0.200000
v 0.290290 0.307719 0.200000
v 0.293560 0.312219 0.200000
v 0.293560 0.317781 0.200000
v 0.290290 0.322281 0.200000
v 0.285000 0.324000 0.200000
v 0.279710 0.322281 0.200000
v 0.276440 0.317781 0.200000
v 0.276440 0.312219 0.200000
v 0.279710 0.307719 0.200000
v 0.285000 0.311000 0.195000
v 0.281873 0.312506 0.195000
v 0.281100 0.315890 0.195000
v 0.283264 0.318604 0.195000
v 0.286736 0.318604 0.195000
v 0.288900 0.315890 0.195000
v 0.288127 0.312506 0.195000
v 0.285000 0.324000 0.200000
v 0.283264 0.318604 0.195000
v 0.470000 0.440000 0.190000
v 0.468660 0.445000 0.190000
v 0.465000 0.448660 0.190000
v 0.460000 0.450000 0.190000
v 0.460000 0.450000 0.200000
v 0.465000 0.448660 0.200000
v 0.468660 0.445000 0.200000
v 0.470000 0.440000 0.200000
v 0.150000 -0.024000 0.200000
v 0.155290 -0.022281 0.200000
v 0.158560 -0.017781 0.200000
v 0.158560 -0.012219 0.200000
v 0.155290 -0.007719 0.200000
v 0.150000 -0.006000 0.200000
v 0.144710 -0.007719 0.200000
v 0.141440 -0.012219 0.200000
v 0.141440 -0.017781 0.200000
v 0.144710 -0.022281 0.200000
v 0.150000 -0.019000 0.195000
v 0.146873 -0.017494 0.195000
v 0.146100 -0.014110 0.195000
v 0.148264 -0.011396 0.195000
v 0.151736 -0.011396 0.195000
v 0.153900 -0.014110 0.195000
v 0.153127 -0.017494 0.195000
v 0.150000 -0.006000 0.200000
v 0.148264 -0.011396 0.195000
v 0.255000 0.289000 0.190000
v 0.258127 0.287494 0.190000
v 0.258900 0.284110 0.190000
v 0.256736 0.281396 0.190000
v 0.253264 0.281396 0.190000
v 0.251100 0.284110 0.190000
v 0.251873 0.287494 0.190000
v 0.255000 0.281000 0.195000
v 0.258127 0.282506 0.195000
v 0.258900 0.285890 0.195000
v 0.256736 0.288604 0.195000
v 0.253264 0.288604 0.195000
v 0.251100 0.285890 0.195000
v 0.251873 0.282506 0.195000
v 0.256736 0.288604 0.195000
v 0.255000 0.289000 0.190000
v 0.070000 -0.440000 0.190000
v 0.071340 -0.445000 0.190000
v 0.075000 -0.448660 0.190000
v 0.080000 -0.450000 0.190000
v 0.080000 -0.450000 0.200000
v 0.075000 -0.448660 0.200000
v 0.071340 -0.445000 0.200000
v 0.070000 -0.440000 0.200000
v 0.255000 0.276000 0.200000
v 0.260290 0.277719 0.200000
v 0.263560 0.282219 0.200000
v 0.263560 0.287781 0.200000
v 0.260290 0.292281 0.200000
v 0.255000 0.294000 0.200000
v 0.249710 0.292281 0.200000
v 0.246440 0.287781 0.200000
v 0.246440 0.282219 0.200000
v 0.249710 0.277719 0.200000
v 0.255000 0.281000 0.195000
v 0.251873 0.282506 0.195000
v 0.251100 0.285890 0.195000
v 0.253264 0.288604 0.195000
v 0.256736 0.288604 0.195000
v 0.258900 0.285890 0.195000
v 0.258127 0.282506 0.195000
v 0.255000 0.294000 0.200000
v 0.253264 0.288604 0.195000
v 0.460000 -0.450000 0.190000
v 0.460000 -0.450000 0.200000
v 0.080000 -0.450000 0.200000
v 0.080000 -0.450000 0.190000
v 0.285000 0.289000 0.190000
v 0.288127 0.287494 0.190000
v 0.288900 0.284110 0.190000
v 0.286736 0.281396 0.190000
v 0.283264 0.281396 0.190000
v 0.281100 0.284110 0.190000
v 0.281873 0.287494 0.190000
v 0.285000 0.281000 0.195000
v 0.288127 0.282506 0.195000
v 0.288900 0.285890 0.195000
v 0.286736 0.288604 0.195000
v 0.283264 0.288604 0.195000
v 0.281100 0.285890 0.195000
v 0.281873 0.282506 0.195000
v 0.286736 0.288604 0.195000
v 0.285000 0.289000 0.190000
v 0.460000 -0.450000 0.190000
v 0.465000 -0.448660 0.190000
v 0.468660 -0.445000 0.190000
v 0.470000 -0.440000 0.190000
v 0.470000 -0.440000 0.200000
v 0.468660 -0.445000 0.200000
v 0.465000 -0.448660 0.200000
v 0.460000 -0.450000 0.200000
v 0.285000 0.276000 0.200000
v 0.290290 0.277719 0.200000
v 0.293560 0.282219 0.200000
v 0.293560 0.287781 0.200000
v 0.290290 0.292281 0.200000
v 0.285000 0.294000 0.200000
v 0.279710 0.292281 0.200000
v 0.276440 0.287781 0.200000
v 0.276440 0.282219 0.200000
v 0.279710 0.277719 0.200000
v 0.285000 0.281000 0.195000
v 0.281873 0.282506 0.195000
v 0.281100 0.285890 0.195000
v 0.283264 0.288604 0.195000
v 0.286736 0.288604 0.195000
v 0.288900 0.285890 0.195000
v 0.288127 0.282506 0.195000
v 0.285000 0.294000 0.200000
v 0.283264 0.288604 0.195000
v 0.080000 0.450000 0.190000
v 0.075000 0.448660 0.190000
v 0.071340 0.445000 0.190000
v 0.070000 0.440000 0.190000
v 0.070000 0.440000 0.200000
v 0.071340 0.445000 0.200000
v 0.075000 0.448660 0.200000
v 0.080000 0.450000 0.200000
v 0.285000 -0.289000 0.190000
v 0.281873 -0.287494 0.190000
v 0.281100 -0.284110 0.190000
v 0.283264 -0.281396 0.190000
v 0.286736 -0.281396 0.190000
v 0.288900 -0.284110 0.190000
v 0.288127 -0.287494 0.190000
v 0.285000 -0.281000 0.195000
v 0.281873 -0.282506 0.195000
v 0.281100 -0.285890 0.195000
v 0.283264 -0.288604 0.195000
v 0.286736 -0.288604 0.195000
v 0.288900 -0.285890 0.195000
v 0.288127 -0.282506 0.195000
v 0.283264 -0.288604 0.195000
v 0.285000 -0.289000 0.190000
v 0.460000 0.450000 0.200000
v 0.460000 0.450000 0.190000
v 0.080000 0.450000 0.190000
v 0.080000 0.450000 0.200000
v 0.255000 -0.319000 0.190000
v 0.258127 -0.317494 0.190000
v 0.258900 -0.314110 0.190000
v 0.256736 -0.311396 0.190000
v 0.253264 -0.311396 0.190000
v 0.251100 -0.314110 0.190000
v 0.251873 -0.317494 0.190000
v 0.285000 -0.319000 0.190000
v 0.288127 -0.317494 0.190000
v 0.288900 -0.314110 0.190000
v 0.286736 -0.311396 0.190000
v 0.283264 -0.311396 0.190000
v 0.281100 -0.314110 0.190000
v 0.281873 -0.317494 0.190000
v 0.255000 -0.289000 0.190000
v 0.258127 -0.287494 0.190000
v 0.258900 -0.284110 0.190000
v 0.256736 -0.281396 0.190000
v 0.253264 -0.281396 0.190000
v 0.251100 -0.284110 0.190000
v 0.251873 -0.287494 0.190000
v 0.285000 -0.289000 0.190000
v 0.288127 -0.287494 0.190000
v 0.288900 -0.284110 0.190000
v 0.286736 -0.281396 0.190000
v 0.283264 -0.281396 0.190000
v 0.281100 -0.284110 0.190000
v 0.281873 -0.287494 0.190000
v 0.285000 0.289000 0.190000
v 0.281873 0.287494 0.190000
v 0.281100 0.284110 0.190000
v 0.283264 0.281396 0.190000
v 0.286736 0.281396 0.190000
v 0.288900 0.284110 0.190000
v 0.288127 0.287494 0.190000
v 0.255000 0.289000 0.190000
v 0.251873 0.287494 0.190000
v 0.251100 0.284110 0.190000
v 0.253264 0.281396 0.190000
v 0.256736 0.281396 0.190000
v 0.258900 0.284110 0.190000
v 0.258127 0.287494 0.190000
v 0.285000 0.319000 0.190000
v 0.281873 0.317494 0.190000
v 0.281100 0.314110 0.190000
v 0.283264 0.311396 0.190000
v 0.286736 0.311396 0.190000
v 0.288900 0.314110 0.190000
v 0.288127 0.317494 0.190000
v 0.255000 0.319000 0.190000
v 0.251873 0.317494 0.190000
v 0.251100 0.314110 0.190000
v 0.253264 0.311396 0.190000
v 0.256736 0.311396 0.190000
v 0.258900 0.314110 0.190000
v 0.258127 0.317494 0.190000
v 0.460000 0.450000 0.190000
v 0.465000 0.448660 0.190000
v 0.468660 0.445000 0.190000
v 0.470000 0.440000 0.190000
v 0.470000 -0.440000 0.190000
v 0.468660 -0.445000 0.190000
v 0.465000 -0.448660 0.190000
v 0.460000 -0.450000 0.190000
v 0.080000 -0.450000 0.190000
v 0.075000 -0.448660 0.190000
v 0.071340 -0.445000 0.190000
v 0.070000 -0.440000 0.190000
v 0.070000 0.440000 0.190000
v 0.071340 0.445000 0.190000
v 0.075000 0.448660 0.190000
v 0.080000 0.450000 0.190000
v 0.150000 -0.011000 0.190000
v 0.146873 -0.012506 0.190000
v 0.146100 -0.015890 0.190000
v 0.148264 -0.018604 0.190000
v 0.151736 -0.018604 0.190000
v 0.153900 -0.015890 0.190000
v 0.153127 -0.012506 0.190000
v 0.120000 -0.011000 0.190000
v 0.116873 -0.012506 0.190000
v 0.116100 -0.015890 0.190000
v 0.118264 -0.018604 0.190000
v 0.121736 -0.018604 0.190000
v 0.123900 -0.015890 0.190000
v 0.123127 -0.012506 0.190000
v 0.150000 0.019000 0.190000
v 0.146873 0.017494 0.190000
v 0.146100 0.014110 0.190000
v 0.148264 0.011396 0.190000
v 0.151736 0.011396 0.190000
v 0.153900 0.014110 0.190000
v 0.153127 0.017494 0.190000
v 0.120000 0.019000 0.190000
v 0.116873 0.017494 0.190000
v 0.116100 0.014110 0.190000
v 0.118264 0.011396 0.190000
v 0.121736 0.011396 0.190000
v 0.123900 0.014110 0.190000
v 0.123127 0.017494 0.190000
v 0.150000 -0.289000 0.190000
v 0.153127 -0.287494 0.190000
v 0.153900 -0.284110 0.190000
v 0.151736 -0.281396 0.190000
v 0.148264 -0.281396 0.190000
v 0.146100 -0.284110 0.190000
v 0.146873 -0.287494 0.190000
v 0.120000 -0.289000 0.190000
v 0.123127 -0.287494 0.190000
v 0.123900 -0.284110 0.190000
v 0.121736 -0.281396 0.190000
v 0.118264 -0.281396 0.190000
v 0.116100 -0.284110 0.190000
v 0.116873 -0.287494 0.190000
v 0.150000 -0.319000 0.190000
v 0.153127 -0.317494 0.190000
v 0.153900 -0.314110 0.190000
v 0.151736 -0.311396 0.190000
v 0.148264 -0.311396 0.190000
v 0.146100 -0.314110 0.190000
v 0.146873 -0.317494 0.190000
v 0.120000 -0.319000 0.190000
v 0.123127 -0.317494 0.190000
v 0.123900 -0.314110 0.190000
v 0.121736 -0.311396 0.190000
v 0.118264 -0.311396 0.190000
v 0.116100 -0.314110 0.190000
v 0.116873 -0.317494 0.190000
v 0.150000 0.289000 0.190000
v 0.146873 0.287494 0.190000
v 0.146100 0.284110 0.190000
v 0.148264 0.281396 0.190000
v 0.151736 0.281396 0.190000
v 0.153900 0.284110 0.190000
v 0.153127 0.287494 0.190000
v 0.120000 0.289000 0.190000
v 0.116873 0.287494 0.190000
v 0.116100 0.284110 0.190000
v 0.118264 0.281396 0.190000
v 0.121736 0.281396 0.190000
v 0.123900 0.284110 0.190000
v 0.123127 0.287494 0.190000
v 0.150000 0.319000 0.190000
v 0.146873 0.317494 0.190000
v 0.146100 0.314110 0.190000
v 0.148264 0.311396 0.190000
v 0.151736 0.311396 0.190000
v 0.153900 0.314110 0.190000
v 0.153127 0.317494 0.190000
v 0.120000 0.319000 0.190000
v 0.116873 0.317494 0.190000
v 0.116100 0.314110 0.190000
v 0.118264 0.311396 0.190000
v 0.121736 0.311396 0.190000
v 0.123900 0.314110 0.190000
v 0.123127 0.317494 0.190000
v 0.285000 -0.276000 0.200000
v 0.279710 -0.277719 0.200000
v 0.276440 -0.282219 0.200000
v 0.276440 -0.287781 0.200000
v 0.279710 -0.292281 0.200000
v 0.285000 -0.294000 0.200000
v 0.290290 -0.292281 0.200000
v 0.293560 -0.287781 0.200000
v 0.293560 -0.282219 0.200000
v 0.290290 -0.277719 0.200000
v 0.285000 -0.281000 0.195000
v 0.288127 -0.282506 0.195000
v 0.288900 -0.285890 0.195000
v 0.286736 -0.288604 0.195000
v 0.283264 -0.288604 0.195000
v 0.281100 -0.285890 0.195000
v 0.281873 -0.282506 0.195000
v 0.285000 -0.294000 0.200000
v 0.286736 -0.288604 0.195000
v 0.255000 -0.306000 0.200000
v 0.260290 -0.307719 0.200000
v 0.263560 -0.312219 0.200000
v 0.263560 -0.317781 0.200000
v 0.260290 -0.322281 0.200000
v 0.255000 -0.324000 0.200000
v 0.249710 -0.322281 0.200000
v 0.246440 -0.317781 0.200000
v 0.246440 -0.312219 0.200000
v 0.249710 -0.307719 0.200000
v 0.285000 -0.306000 0.200000
v 0.290290 -0.307719 0.200000
v 0.293560 -0.312219 0.200000
v 0.293560 -0.317781 0.200000
v 0.290290 -0.322281 0.200000
v 0.285000 -0.324000 0.200000
v 0.279710 -0.322281 0.200000
v 0.276440 -0.317781 0.200000
v 0.276440 -0.312219 0.200000
v 0.279710 -0.307719 0.200000
v 0.255000 -0.276000 0.200000
v 0.260290 -0.277719 0.200000
v 0.263560 -0.282219 0.200000
v 0.263560 -0.287781 0.200000
v 0.260290 -0.292281 0.200000
v 0.255000 -0.294000 0.200000
v 0.249710 -0.292281 0.200000
v 0.246440 -0.287781 0.200000
v 0.246440 -0.282219 0.200000
v 0.249710 -0.277719 0.200000
v 0.285000 -0.276000 0.200000
v 0.290290 -0.277719 0.200000
v 0.293560 -0.282219 0.200000
v 0.293560 -0.287781 0.200000
v 0.290290 -0.292281 0.200000
v 0.285000 -0.294000 0.200000
v 0.279710 -0.292281 0.200000
v 0.276440 -0.287781 0.200000
v 0.276440 -0.282219 0.200000
v 0.279710 -0.277719 0.200000
v 0.285000 0.276000 0.200000
v 0.279710 0.277719 0.200000
v 0.276440 0.282219 0.200000
v 0.276440 0.287781 0.200000
v 0.279710 0.292281 0.200000
v 0.285000 0.294000 0.200000
v 0.290290 0.292281 0.200000
v 0.293560 0.287781 0.200000
v 0.293560 0.282219 0.200000
v 0.290290 0.277719 0.200000
v 0.255000 0.276000 0.200000
v 0.249710 0.277719 0.200000
v 0.246440 0.282219 0.200000
v 0.246440 0.287781 0.200000
v 0.249710 0.292281 0.200000
v 0.255000 0.294000 0.200000
v 0.260290 0.292281 0.200000
v 0.263560 0.287781 0.200000
v 0.263560 0.282219 0.200000
v 0.260290 0.277719 0.200000
v 0.285000 0.306000 0.200000
v 0.279710 0.307719 0.200000
v 0.276440 0.312219 0.200000
v 0.276440 0.317781 0.200000
v 0.279710 0.322281 0.200000
v 0.285000 0.324000 0.200000
v 0.290290 0.322281 0.200000
v 0.293560 0.317781 0.200000
v 0.293560 0.312219 0.200000
v 0.290290 0.307719 0.200000
v 0.255000 0.306000 0.200000
v 0.249710 0.307719 0.200000
v 0.246440 0.312219 0.200000
v 0.246440 0.317781 0.200000
v 0.249710 0.322281 0.200000
v 0.255000 0.324000 0.200000
v 0.260290 0.322281 0.200000
v 0.263560 0.317781 0.200000
v 0.263560 0.312219 0.200000
v 0.260290 0.307719 0.200000
v 0.150000 -0.024000 0.200000
v 0.144710 -0.022281 0.200000
v 0.141440 -0.017781 0.200000
v 0.141440 -0.012219 0.200000
v 0.144710 -0.007719 0.200000
v 0.150000 -0.006000 0.200000
v 0.155290 -0.007719 0.200000
v 0.158560 -0.012219 0.200000
v 0.158560 -0.017781 0.200000
v 0.155290 -0.022281 0.200000
v 0.120000 -0.024000 0.200000
v 0.114710 -0.022281 0.200000
v 0.111440 -0.017781 0.200000
v 0.111440 -0.012219 0.200000
v 0.114710 -0.007719 0.200000
v 0.120000 -0.006000 0.200000
v 0.125290 -0.007719 0.200000
v 0.128560 -0.012219 0.200000
v 0.128560 -0.017781 0.200000
v 0.125290 -0.022281 0.200000
v 0.150000 0.006000 0.200000
v 0.144710 0.007719 0.200000
v 0.141440 0.012219 0.200000
v 0.141440 0.017781 0.200000
v 0.144710 0.022281 0.200000
v 0.150000 0.024000 0.200000
v 0.155290 0.022281 0.200000
v 0.158560 0.017781 0.200000
v 0.158560 0.012219 0.200000
v 0.155290 0.007719 0.200000
v 0.120000 0.006000 0.200000
v 0.114710 0.007719 0.200000
v 0.111440 0.012219 0.200000
v 0.111440 0.017781 0.200000
v 0.114710 0.022281 0.200000
v 0.120000 0.024000 0.200000
v 0.125290 0.022281 0.200000
v 0.128560 0.017781 0.200000
v 0.128560 0.012219 0.200000
v 0.125290 0.007719 0.200000
v 0.150000 -0.276000 0.200000
v 0.155290 -0.277719 0.200000
v 0.158560 -0.282219 0.200000
v 0.158560 -0.287781 0.200000
v 0.155290 -0.292281 0.200000
v 0.150000 -0.294000 0.200000
v 0.144710 -0.292281 0.200000
v 0.141440 -0.287781 0.200000
v 0.141440 -0.282219 0.200000
v 0.144710 -0.277719 0.200000
v 0.120000 -0.276000 0.200000
v 0.125290 -0.277719 0.200000
v 0.128560 -0.282219 0.200000
v 0.128560 -0.287781 0.200000
v 0.125290 -0.292281 0.200000
v 0.120000 -0.294000 0.200000
v 0.114710 -0.292281 0.200000
v 0.111440 -0.287781 0.200000
v 0.111440 -0.282219 0.200000
v 0.114710 -0.277719 0.200000
v 0.150000 -0.306000 0.200000
v 0.155290 -0.307719 0.200000
v 0.158560 -0.312219 0.200000
v 0.158560 -0.317781 0.200000
v 0.155290 -0.322281 0.200000
v 0.150000 -0.324000 0.200000
v 0.144710 -0.322281 0.200000
v 0.141440 -0.317781 0.200000
v 0.141440 -0.312219 0.200000
v 0.144710 -0.307719 0.200000
v 0.120000 -0.306000 0.200000
v 0.125290 -0.307719 0.200000
v 0.128560 -0.312219 0.200000
v 0.128560 -0.317781 0.200000
v 0.125290 -0.322281 0.200000
v 0.120000 -0.324000 0.200000
v 0.114710 -0.322281 0.200000
v 0.111440 -0.317781 0.200000
v 0.111440 -0.312219 0.200000
v 0.114710 -0.307719 0.200000
v 0.150000 0.276000 0.200000
v 0.144710 0.277719 0.200000
v 0.141440 0.282219 0.200000
v 0.141440 0.287781 0.200000
v 0.144710 0.292281 0.200000
v 0.150000 0.294000 0.200000
v 0.155290 0.292281 0.200000
v 0.158560 0.287781 0.200000
v 0.158560 0.282219 0.200000
v 0.155290 0.277719 0.200000
v 0.120000 0.276000 0.200000
v 0.114710 0.277719 0.200000
v 0.111440 0.282219 0.200000
v 0.111440 0.287781 0.200000
v 0.114710 0.292281 0.200000
v 0.120000 0.294000 0.200000
v 0.125290 0.292281 0.200000
v 0.128560 0.287781 0.200000
v 0.128560 0.282219 0.200000
v 0.125290 0.277719 0.200000
v 0.150000 0.306000 0.200000
v 0.144710 0.307719 0.200000
v 0.141440 0.312219 0.200000
v 0.141440 0.317781 0.200000
v 0.144710 0.322281 0.200000
v 0.150000 0.324000 0.200000
v 0.155290 0.322281 0.200000
v 0.158560 0.317781 0.200000
v 0.158560 0.312219 0.200000
v 0.155290 0.307719 0.200000
v 0.120000 0.306000 0.200000
v 0.114710 0.307719 0.200000
v 0.111440 0.312219 0.200000
v 0.111440 0.317781 0.200000
v 0.114710 0.322281 0.200000
v 0.120000 0.324000 0.200000
v 0.125290 0.322281 0.200000
v 0.128560 0.317781 0.200000
v 0.128560 0.312219 0.200000
v 0.125290 0.307719 0.200000
v 0.470000 0.440000 0.200000
v 0.468660 0.445000 0.200000
v 0.465000 0.448660 0.200000
v 0.460000 0.450000 0.200000
v 0.080000 0.450000 0.200000
v 0.075000 0.448660 0.200000
v 0.071340 0.445000 0.200000
v 0.070000 0.440000 0.200000
v 0.070000 -0.440000 0.200000
v 0.071340 -0.445000 0.200000
v 0.075000 -0.448660 0.200000
v 0.080000 -0.450000 0.200000
v 0.460000 -0.450000 0.200000
v 0.465000 -0.448660 0.200000
v 0.468660 -0.445000 0.200000
v 0.470000 -0.440000 0.200000
v 0.255000 -0.289000 0.190000
v 0.251873 -0.287494 0.190000
v 0.251100 -0.284110 0.190000
v 0.253264 -0.281396 0.190000
v 0.256736 -0.281396 0.190000
v 0.258900 -0.284110 0.190000
v 0.258127 -0.287494 0.190000
v 0.255000 -0.281000 0.195000
v 0.251873 -0.282506 0.195000
v 0.251100 -0.285890 0.195000
v 0.253264 -0.288604 0.195000
v 0.256736 -0.288604 0.195000
v 0.258900 -0.285890 0.195000
v 0.258127 -0.282506 0.195000
v 0.253264 -0.288604 0.195000
v 0.255000 -0.289000 0.190000
v 0.255000 -0.276000 0.200000
v 0.249710 -0.277719 0.200000
v 0.246440 -0.282219 0.200000
v 0.246440 -0.287781 0.200000
v 0.249710 -0.292281 0.200000
v 0.255000 -0.294000 0.200000
v 0.260290 -0.292281 0.200000
v 0.263560 -0.287781 0.200000
v 0.263560 -0.282219 0.200000
v 0.260290 -0.277719 0.200000
v 0.255000 -0.281000 0.195000
v 0.258127 -0.282506 0.195000
v 0.258900 -0.285890 0.195000
v 0.256736 -0.288604 0.195000
v 0.253264 -0.288604 0.195000
v 0.251100 -0.285890 0.195000
v 0.251873 -0.282506 0.195000
v 0.255000 -0.294000 0.200000
v 0.256736 -0.288604 0.195000
v 0.285000 -0.319000 0.190000
v 0.281873 -0.317494 0.190000
v 0.281100 -0.314110 0.190000
v 0.283264 -0.311396 0.190000
v 0.286736 -0.311396 0.190000
v 0.288900 -0.314110 0.190000
v 0.288127 -0.317494 0.190000
v 0.285000 -0.311000 0.195000
v 0.281873 -0.312506 0.195000
v 0.281100 -0.315890 0.195000
v 0.283264 -0.318604 0.195000
v 0.286736 -0.318604 0.195000
v 0.288900 -0.315890 0.195000
v 0.288127 -0.312506 0.195000
v 0.283264 -0.318604 0.195000
v 0.285000 -0.319000 0.190000
v 0.285000 -0.306000 0.200000
v 0.279710 -0.307719 0.200000
v 0.276440 -0.312219 0.200000
v 0.276440 -0.317781 0.200000
v 0.279710 -0.322281 0.200000
v 0.285000 -0.324000 0.200000
v 0.290290 -0.322281 0.200000
v 0.293560 -0.317781 0.200000
v 0.293560 -0.312219 0.200000
v 0.290290 -0.307719 0.200000
v 0.285000 -0.311000 0.195000
v 0.288127 -0.312506 0.195000
v 0.288900 -0.315890 0.195000
v 0.286736 -0.318604 0.195000
v 0.283264 -0.318604 0.195000
v 0.281100 -0.315890 0.195000
v 0.281873 -0.312506 0.195000
v 0.285000 -0.324000 0.200000
v 0.286736 -0.318604 0.195000
v 0.255000 -0.319000 0.190000
v 0.251873 -0.317494 0.190000
v 0.251100 -0.314110 0.190000
v 0.253264 -0.311396 0.190000
v 0.256736 -0.311396 0.190000
v 0.258900 -0.314110 0.190000
v 0.258127 -0.317494 0.190000
v 0.255000 -0.311000 0.195000
v 0.251873 -0.312506 0.195000
v 0.251100 -0.315890 0.195000
v 0.253264 -0.318604 0.195000
v 0.256736 -0.318604 0.195000
v 0.258900 -0.315890 0.195000
v 0.258127 -0.312506 0.195000
v 0.253264 -0.318604 0.195000
v 0.255000 -0.319000 0.190000
v 0.255000 -0.306000 0.200000
v 0.249710 -0.307719 0.200000
v 0.246440 -0.312219 0.200000
v 0.246440 -0.317781 0.200000
v 0.249710 -0.322281 0.200000
v 0.255000 -0.324000 0.200000
v 0.260290 -0.322281 0.200000
v 0.263560 -0.317781 0.200000
v 0.263560 -0.312219 0.200000
v 0.260290 -0.307719 0.200000
v 0.255000 -0.311000 0.195000
v 0.258127 -0.312506 0.195000
v 0.258900 -0.315890 0.195000
v 0.256736 -0.318604 0.195000
v 0.253264 -0.318604 0.195000
v 0.251100 -0.315890 0.195000
v 0.251873 -0.312506 0.195000
v 0.255000 -0.324000 0.200000
v 0.256736 -0.318604 0.195000
f 8926 8939 8925
f 8940 8935 8936
f 8940 8936 8931
f 8931 8936 8937
f 8931 8937 8930
f 8930 8937 8938
f 8930 8938 8929
f 8929 8938 8932
f 8929 8932 8928
f 8928 8932 8933
f 8928 8933 8927
f 8927 8933 8934
f 8927 8934 8926
f 8926 8934 8939
f 8950 8941 8951
f 8951 8941 8942
f 8951 8942 8957
f 8957 8942 8943
f 8957 8943 8956
f 8956 8943 8944
f 8956 8944 8945
f 8956 8945 8955
f 8955 8945 8958
f 8955 8958 8954
f 8959 8946 8947
f 8959 8947 8953
f 8953 8947 8948
f 8953 8948 8949
f 8953 8949 8952
f 8952 8949 8950
f 8952 8950 8951
f 8961 8974 8960
f 8975 8970 8971
f 8975 8971 8966
f 8966 8971 8972
f 8966 8972 8965
f 8965 8972 8973
f 8965 8973 8964
f 8964 8973 8967
f 8964 8967 8963
f 8963 8967 8968
f 8963 8968 8962
f 8962 8968 8969
f 8962 8969 8961
f 8961 8969 8974
f 8985 8976 8986
f 8986 8976 8977
f 8986 8977 8992
f 8992 8977 8978
f 8992 8978 8991
f 8991 8978 8979
f 8991 8979 8980
f 8991 8980 8990
f 8990 8980 8993
f 8990 8993 8989
f 8994 8981 8982
f 8994 8982 8988
f 8988 8982 8983
f 8988 8983 8984
f 8988 8984 8987
f 8987 8984 8985
f 8987 8985 8986
f 8996 9009 8995
f 9010 9005 9006
f 9010 9006 9001
f 9001 9006 9007
f 9001 9007 9000
f 9000 9007 9008
f 9000 9008 8999
f 8999 9008 9002
f 8999 9002 8998
f 8998 9002 9003
f 8998 9003 8997
f 8997 9003 9004
f 8997 9004 8996
f 8996 9004 9009
f 9020 9011 9021
f 9021 9011 9012
f 9021 9012 9027
f 9027 9012 9013
f 9027 9013 9026
f 9026 9013 9014
f 9026 9014 9015
f 9026 9015 9025
f 9025 9015 9028
f 9025 9028 9024
f 9029 9016 9017
f 9029 9017 9023
f 9023 9017 9018
f 9023 9018 9019
f 9023 9019 9022
f 9022 9019 9020
f 9022 9020 9021
f 9031 9044 9030
f 9045 9040 9041
f 9045 9041 9036
f 9036 9041 9042
f 9036 9042 9035
f 9035 9042 9043
f 9035 9043 9034
f 9034 9043 9037
f 9034 9037 9033
f 9033 9037 9038
f 9033 9038 9032
f 9032 9038 9039
f 9032 9039 9031
f 9031 9039 9044
f 9055 9046 9056
f 9056 9046 9047
f 9056 9047 9062
f 9062 9047 9048
f 9062 9048 9061
f 9061 9048 9049
f 9061 9049 9050
f 9061 9050 9060
f 9060 9050 9063
f 9060 9063 9059
f 9064 9051 9052
f 9064 9052 9058
f 9058 9052 9053
f 9058 9053 9054
f 9058 9054 9057
f 9057 9054 9055
f 9057 9055 9056
f 9066 9079 9065
f 9080 9075 9076
f 9080 9076 9071
f 9071 9076 9077
f 9071 9077 9070
f 9070 9077 9078
f 9070 9078 9069
f 9069 9078 9072
f 9069 9072 9068
f 9068 9072 9073
f 9068 9073 9067
f 9067 9073 9074
f 9067 9074 9066
f 9066 9074 9079
f 9090 9081 9091
f 9091 9081 9082
f 9091 9082 9097
f 9097 9082 9083
f 9097 9083 9096
f 9096 9083 9084
f 9096 9084 9085
f 9096 9085 9095
f 9095 9085 9098
f 9095 9098 9094
f 9099 9086 9087
f 9099 9087 9093
f 9093 9087 9088
f 9093 9088 9089
f 9093 9089 9092
f 9092 9089 9090
f 9092 9090 9091
f 9101 9114 9100
f 9115 9110 9111
f 9115 9111 9106
f 9106 9111 9112
f 9106 9112 9105
f 9105 9112 9113
f 9105 9113 9104
f 9104 9113 9107
f 9104 9107 9103
f 9103 9107 9108
f 9103 9108 9102
f 9102 9108 9109
f 9102 9109 9101
f 9101 9109 9114
f 9125 9116 9126
f 9126 9116 9117
f 9126 9117 9132
f 9132 9117 9118
f 9132 9118 9131
f 9131 9118 9119
f 9131 9119 9120
f 9131 9120 9130
f 9130 9120 9133
f 9130 9133 9129
f 9134 9121 9122
f 9134 9122 9128
f 9128 9122 9123
f 9128 9123 9124
f 9128 9124 9127
f 9127 9124 9125
f 9127 9125 9126
f 9136 9149 9135
f 9150 9145 9146
f 9150 9146 9141
f 9141 9146 9147
f 9141 9147 9140
f 9140 9147 9148
f 9140 9148 9139
f 9139 9148 9142
f 9139 9142 9138
f 9138 9142 9143
f 9138 9143 9137
f 9137 9143 9144
f 9137 9144 9136
f 9136 9144 9149
f 9160 9151 9161
f 9161 9151 9152
f 9161 9152 9167
f 9167 9152 9153
f 9167 9153 9166
f 9166 9153 9154
f 9166 9154 9155
f 9166 9155 9165
f 9165 9155 9168
f 9165 9168 9164
f 9169 9156 9157
f 9169 9157 9163
f 9163 9157 9158
f 9163 9158 9159
f 9163 9159 9162
f 9162 9159 9160
f 9162 9160 9161
f 9171 9184 9170
f 9185 9180 9181
f 9185 9181 9176
f 9176 9181 9182
f 9176 9182 9175
f 9175 9182 9183
f 9175 9183 9174
f 9174 9183 9177
f 9174 9177 9173
f 9173 9177 9178
f 9173 9178 9172
f 9172 9178 9179
f 9172 9179 9171
f 9171 9179 9184
f 9195 9186 9196
f 9196 9186 9187
f 9196 9187 9202
f 9202 9187 9188
f 9202 9188 9201
f 9201 9188 9189
f 9201 9189 9190
f 9201 9190 9200
f 9200 9190 9203
f 9200 9203 9199
f 9204 9191 9192
f 9204 9192 9198
f 9198 9192 9193
f 9198 9193 9194
f 9198 9194 9197
f 9197 9194 9195
f 9197 9195 9196
f 9206 9219 9205
f 9220 9215 9216
f 9220 9216 9211
f 9211 9216 9217
f 9211 9217 9210
f 9210 9217 9218
f 9210 9218 9209
f 9209 9218 9212
f 9209 9212 9208
f 9208 9212 9213
f 9208 9213 9207
f 9207 9213 9214
f 9207 9214 9206
f 9206 9214 9219
f 9230 9221 9231
f 9231 9221 9222
f 9231 9222 9237
f 9237 9222 9223
f 9237 9223 9236
f 9236 9223 9224
f 9236 9224 9225
f 9236 9225 9235
f 9235 9225 9238
f 9235 9238 9234
f 9239 9226 9227
f 9239 9227 9233
f 9233 9227 9228
f 9233 9228 9229
f 9233 9229 9232
f 9232 9229 9230
f 9232 9230 9231
f 9241 9254 9240
f 9255 9250 9251
f 9255 9251 9246
f 9246 9251 9252
f 9246 9252 9245
f 9245 9252 9253
f 9245 9253 9244
f 9244 9253 9247
f 9244 9247 9243
f 9243 9247 9248
f 9243 9248 9242
f 9242 9248 9249
f 9242 9249 9241
f 9241 9249 9254
f 9265 9256 9266
f 9266 9256 9257
f 9266 9257 9272
f 9272 9257 9258
f 9272 9258 9271
f 9271 9258 9259
f 9271 9259 9260
f 9271 9260 9270
f 9270 9260 9273
f 9270 9273 9269
f 9274 9261 9262
f 9274 9262 9268
f 9268 9262 9263
f 9268 9263 9264
f 9268 9264 9267
f 9267 9264 9265
f 9267 9265 9266
f 9276 9289 9275
f 9290 9285 9286
f 9290 9286 9281
f 9281 9286 9287
f 9281 9287 9280
f 9280 9287 9288
f 9280 9288 9279
f 9279 9288 9282
f 9279 9282 9278
f 9278 9282 9283
f 9278 9283 9277
f 9277 9283 9284
f 9277 9284 9276
f 9276 9284 9289
f 9292 9293 9291
f 9291 9293 9294
f 9296 9309 9295
f 9310 9305 9306
f 9310 9306 9301
f 9301 9306 9307
f 9301 9307 9300
f 9300 9307 9308
f 9300 9308 9299
f 9299 9308 9302
f 9299 9302 9298
f 9298 9302 9303
f 9298 9303 9297
f 9297 9303 9304
f 9297 9304 9296
f 9296 9304 9309
f 9320 9311 9321
f 9321 9311 9312
f 9321 9312 9327
f 9327 9312 9313
f 9327 9313 9326
f 9326 9313 9314
f 9326 9314 9315
f 9326 9315 9325
f 9325 9315 9328
f 9325 9328 9324
f 9329 9316 9317
f 9329 9317 9323
f 9323 9317 9318
f 9323 9318 9319
f 9323 9319 9322
f 9322 9319 9320
f 9322 9320 9321
f 9331 9332 9330
f 9330 9332 9333
f 9343 9334 9344
f 9344 9334 9335
f 9344 9335 9350
f 9350 9335 9336
f 9350 9336 9349
f 9349 9336 9337
f 9349 9337 9338
f 9349 9338 9348
f 9348 9338 9351
f 9348 9351 9347
f 9352 9339 9340
f 9352 9340 9346
f 9346 9340 9341
f 9346 9341 9342
f 9346 9342 9345
f 9345 9342 9343
f 9345 9343 9344
f 9354 9367 9353
f 9368 9363 9364
f 9368 9364 9359
f 9359 9364 9365
f 9359 9365 9358
f 9358 9365 9366
f 9358 9366 9357
f 9357 9366 9360
f 9357 9360 9356
f 9356 9360 9361
f 9356 9361 9355
f 9355 9361 9362
f 9355 9362 9354
f 9354 9362 9367
f 9370 9383 9369
f 9384 9379 9380
f 9384 9380 9375
f 9375 9380 9381
f 9375 9381 9374
f 9374 9381 9382
f 9374 9382 9373
f 9373 9382 9376
f 9373 9376 9372
f 9372 9376 9377
f 9372 9377 9371
f 9371 9377 9378
f 9371 9378 9370
f 9370 9378 9383
f 9394 9385 9395
f 9395 9385 9386
f 9395 9386 9401
f 9401 9386 9387
f 9401 9387 9400
f 9400 9387 9388
f 9400 9388 9389
f 9400 9389 9399
f 9399 9389 9402
f 9399 9402 9398
f 9403 9390 9391
f 9403 9391 9397
f 9397 9391 9392
f 9397 9392 9393
f 9397 9393 9396
f 9396 9393 9394
f 9396 9394 9395
f 9411 9404 9410
f 9410 9404 9405
f 9410 9405 9409
f 9409 9405 9406
f 9409 9406 9408
f 9408 9406 9407
f 9421 9412 9422
f 9422 9412 9413
f 9422 9413 9428
f 9428 9413 9414
f 9428 9414 9427
f 9427 9414 9415
f 9427 9415 9416
f 9427 9416 9426
f 9426 9416 9429
f 9426 9429 9425
f 9430 9417 9418
f 9430 9418 9424
f 9424 9418 9419
f 9424 9419 9420
f 9424 9420 9423
f 9423 9420 9421
f 9423 9421 9422
f 9432 9445 9431
f 9446 9441 9442
f 9446 9442 9437
f 9437 9442 9443
f 9437 9443 9436
f 9436 9443 9444
f 9436 9444 9435
f 9435 9444 9438
f 9435 9438 9434
f 9434 9438 9439
f 9434 9439 9433
f 9433 9439 9440
f 9433 9440 9432
f 9432 9440 9445
f 9454 9447 9453
f 9453 9447 9448
f 9453 9448 9452
f 9452 9448 9449
f 9452 9449 9451
f 9451 9449 9450
f 9464 9455 9465
f 9465 9455 9456
f 9465 9456 9471
f 9471 9456 9457
f 9471 9457 9470
f 9470 9457 9458
f 9470 9458 9459
f 9470 9459 9469
f 9469 9459 9472
f 9469 9472 9468
f 9473 9460 9461
f 9473 9461 9467
f 9467 9461 9462
f 9467 9462 9463
f 9467 9463 9466
f 9466 9463 9464
f 9466 9464 9465
f 9475 9476 9474
f 9474 9476 9477
f 9479 9492 9478
f 9493 9488 9489
f 9493 9489 9484
f 9484 9489 9490
f 9484 9490 9483
f 9483 9490 9491
f 9483 9491 9482
f 9482 9491 9485
f 9482 9485 9481
f 9481 9485 9486
f 9481 9486 9480
f 9480 9486 9487
f 9480 9487 9479
f 9479 9487 9492
f 9501 9494 9500
f 9500 9494 9495
f 9500 9495 9499
f 9499 9495 9496
f 9499 9496 9498
f 9498 9496 9497
f 9511 9502 9512
f 9512 9502 9503
f 9512 9503 9518
f 9518 9503 9504
f 9518 9504 9517
f 9517 9504 9505
f 9517 9505 9506
f 9517 9506 9516
f 9516 9506 9519
f 9516 9519 9515
f 9520 9507 9508
f 9520 9508 9514
f 9514 9508 9509
f 9514 9509 9510
f 9514 9510 9513
f 9513 9510 9511
f 9513 9511 9512
f 9528 9521 9527
f 9527 9521 9522
f 9527 9522 9526
f 9526 9522 9523
f 9526 9523 9525
f 9525 9523 9524
f 9530 9543 9529
f 9544 9539 9540
f 9544 9540 9535
f 9535 9540 9541
f 9535 9541 9534
f 9534 9541 9542
f 9534 9542 9533
f 9533 9542 9536
f 9533 9536 9532
f 9532 9536 9537
f 9532 9537 9531
f 9531 9537 9538
f 9531 9538 9530
f 9530 9538 9543
f 9546 9547 9545
f 9545 9547 9548
f 9550 9562 9549
f 9549 9562 9556
f 9549 9556 9612
f 9612 9556 9557
f 9612 9557 9558
f 9550 9551 9562
f 9562 9551 9561
f 9561 9551 9564
f 9561 9564 9565
f 9551 9552 9564
f 9564 9552 9563
f 9563 9552 9553
f 9563 9553 9569
f 9569 9553 9554
f 9569 9554 9568
f 9568 9554 9651
f 9568 9651 9626
f 9626 9651 9625
f 9625 9651 9652
f 9625 9652 9624
f 9624 9652 9653
f 9624 9653 9632
f 9632 9653 9659
f 9632 9659 9631
f 9631 9659 9660
f 9631 9660 9630
f 9630 9660 9661
f 9630 9661 9616
f 9616 9661 9675
f 9616 9675 9676
f 9651 9554 9665
f 9665 9554 9555
f 9665 9555 9664
f 9664 9555 9613
f 9664 9613 9663
f 9663 9613 9669
f 9669 9613 9671
f 9669 9671 9672
f 9555 9549 9613
f 9613 9549 9612
f 9559 9571 9558
f 9558 9571 9572
f 9558 9572 9612
f 9612 9572 9609
f 9612 9609 9611
f 9611 9609 9610
f 9571 9559 9570
f 9570 9559 9560
f 9570 9560 9576
f 9576 9560 9561
f 9576 9561 9565
f 9566 9574 9565
f 9565 9574 9575
f 9565 9575 9576
f 9574 9566 9626
f 9626 9566 9567
f 9626 9567 9568
f 9573 9581 9572
f 9572 9581 9582
f 9572 9582 9609
f 9609 9582 9608
f 9608 9582 9605
f 9608 9605 9606
f 9581 9573 9580
f 9580 9573 9574
f 9580 9574 9640
f 9640 9574 9626
f 9640 9626 9627
f 9578 9594 9577
f 9577 9594 9595
f 9577 9595 9583
f 9583 9595 9596
f 9583 9596 9582
f 9582 9596 9605
f 9579 9603 9578
f 9578 9603 9593
f 9578 9593 9594
f 9580 9589 9579
f 9579 9589 9590
f 9579 9590 9603
f 9603 9590 9602
f 9602 9590 9584
f 9602 9584 9601
f 9601 9584 9585
f 9601 9585 9600
f 9600 9585 9586
f 9600 9586 9696
f 9696 9586 9682
f 9696 9682 9683
f 9682 9586 9641
f 9641 9586 9587
f 9641 9587 9640
f 9640 9587 9588
f 9640 9588 9580
f 9580 9588 9589
f 9592 9598 9591
f 9591 9598 9605
f 9591 9605 9597
f 9597 9605 9596
f 9593 9603 9592
f 9592 9603 9604
f 9592 9604 9598
f 9605 9598 9620
f 9620 9598 9599
f 9620 9599 9697
f 9697 9599 9696
f 9696 9599 9600
f 9606 9607 9608
f 9614 9616 9613
f 9613 9616 9676
f 9613 9676 9670
f 9614 9615 9616
f 9630 9616 9644
f 9644 9616 9617
f 9644 9617 9686
f 9686 9617 9700
f 9686 9700 9685
f 9685 9700 9701
f 9685 9701 9684
f 9684 9701 9702
f 9684 9702 9690
f 9690 9702 9703
f 9690 9703 9679
f 9679 9703 9678
f 9678 9703 9693
f 9678 9693 9694
f 9618 9619 9617
f 9617 9619 9620
f 9617 9620 9699
f 9699 9620 9698
f 9698 9620 9704
f 9704 9620 9692
f 9704 9692 9703
f 9703 9692 9693
f 9622 9638 9621
f 9621 9638 9639
f 9621 9639 9627
f 9627 9639 9640
f 9623 9647 9622
f 9622 9647 9637
f 9622 9637 9638
f 9624 9633 9623
f 9623 9633 9634
f 9623 9634 9647
f 9647 9634 9646
f 9646 9634 9628
f 9646 9628 9645
f 9645 9628 9629
f 9645 9629 9644
f 9644 9629 9630
f 9632 9633 9624
f 9636 9680 9635
f 9635 9680 9681
f 9635 9681 9641
f 9641 9681 9682
f 9637 9647 9636
f 9636 9647 9648
f 9636 9648 9688
f 9688 9648 9642
f 9688 9642 9687
f 9687 9642 9643
f 9687 9643 9686
f 9686 9643 9644
f 9650 9666 9649
f 9649 9666 9667
f 9649 9667 9655
f 9655 9667 9668
f 9655 9668 9658
f 9658 9668 9657
f 9657 9668 9672
f 9657 9672 9673
f 9666 9650 9665
f 9665 9650 9651
f 9659 9653 9658
f 9658 9653 9654
f 9658 9654 9655
f 9657 9673 9656
f 9656 9673 9674
f 9656 9674 9662
f 9662 9674 9675
f 9662 9675 9661
f 9668 9669 9672
f 9670 9671 9613
f 9678 9694 9677
f 9677 9694 9695
f 9677 9695 9683
f 9683 9695 9696
f 9690 9679 9689
f 9689 9679 9680
f 9689 9680 9688
f 9688 9680 9636
f 9697 9691 9620
f 9620 9691 9692
f 9699 9700 9617
f 9714 9705 9715
f 9715 9705 9706
f 9715 9706 9721
f 9721 9706 9707
f 9721 9707 9720
f 9720 9707 9708
f 9720 9708 9709
f 9720 9709 9719
f 9719 9709 9722
f 9719 9722 9718
f 9723 9710 9711
f 9723 9711 9717
f 9717 9711 9712
f 9717 9712 9713
f 9717 9713 9716
f 9716 9713 9714
f 9716 9714 9715
f 9725 9748 9724
f 9724 9748 9749
f 9724 9749 9733
f 9733 9749 9750
f 9733 9750 9732
f 9732 9750 9751
f 9732 9751 9866
f 9866 9751 9847
f 9866 9847 9865
f 9865 9847 9848
f 9865 9848 9864
f 9864 9848 9849
f 9864 9849 9873
f 9873 9849 9850
f 9873 9850 9872
f 9872 9850 9851
f 9872 9851 9876
f 9876 9851 9857
f 9876 9857 9875
f 9875 9857 9858
f 9875 9858 9874
f 9874 9858 9859
f 9874 9859 9883
f 9883 9859 9860
f 9883 9860 9882
f 9882 9860 9861
f 9882 9861 9932
f 9932 9861 9862
f 9932 9862 9816
f 9816 9862 9815
f 9815 9862 9863
f 9815 9863 9814
f 9814 9863 9854
f 9814 9854 9823
f 9823 9854 9855
f 9823 9855 9805
f 9805 9855 9853
f 9805 9853 9804
f 9804 9853 9844
f 9804 9844 9813
f 9813 9844 9845
f 9813 9845 9812
f 9812 9845 9846
f 9812 9846 9752
f 9752 9846 9847
f 9752 9847 9751
f 9748 9725 9747
f 9747 9725 9726
f 9747 9726 9761
f 9761 9726 9742
f 9761 9742 9760
f 9760 9742 9743
f 9760 9743 9759
f 9759 9743 9734
f 9759 9734 9758
f 9758 9734 9735
f 9758 9735 9757
f 9757 9735 9736
f 9757 9736 9936
f 9936 9736 9737
f 9936 9737 9738
f 9726 9727 9742
f 9742 9727 9741
f 9741 9727 9740
f 9740 9727 9728
f 9740 9728 9729
f 9730 9935 9729
f 9729 9935 9936
f 9729 9936 9739
f 9739 9936 9738
f 9731 9867 9730
f 9730 9867 9868
f 9730 9868 9935
f 9935 9868 9869
f 9935 9869 9870
f 9731 9732 9867
f 9867 9732 9866
f 9739 9740 9729
f 9745 9754 9744
f 9744 9754 9812
f 9744 9812 9753
f 9753 9812 9752
f 9754 9745 9763
f 9763 9745 9746
f 9763 9746 9762
f 9762 9746 9747
f 9762 9747 9761
f 9755 9773 9754
f 9754 9773 9764
f 9754 9764 9811
f 9811 9764 9832
f 9811 9832 9810
f 9810 9832 9833
f 9810 9833 9809
f 9809 9833 9824
f 9809 9824 9808
f 9808 9824 9825
f 9808 9825 9807
f 9807 9825 9826
f 9807 9826 9821
f 9821 9826 9842
f 9821 9842 9820
f 9820 9842 9843
f 9820 9843 9819
f 9819 9843 9834
f 9819 9834 9818
f 9818 9834 9835
f 9818 9835 9817
f 9817 9835 9836
f 9817 9836 9932
f 9932 9836 9931
f 9931 9836 9837
f 9931 9837 9896
f 9896 9837 9895
f 9895 9837 9838
f 9895 9838 9894
f 9894 9838 9839
f 9894 9839 9903
f 9903 9839 9840
f 9903 9840 9885
f 9885 9840 9828
f 9885 9828 9884
f 9884 9828 9829
f 9884 9829 9893
f 9893 9829 9830
f 9893 9830 9892
f 9892 9830 9831
f 9892 9831 9776
f 9776 9831 9775
f 9775 9831 9774
f 9774 9831 9764
f 9774 9764 9765
f 9773 9755 9772
f 9772 9755 9756
f 9772 9756 9924
f 9924 9756 9939
f 9939 9756 9936
f 9939 9936 9937
f 9756 9757 9936
f 9766 9782 9765
f 9765 9782 9783
f 9765 9783 9774
f 9766 9767 9782
f 9782 9767 9781
f 9781 9767 9786
f 9781 9786 9802
f 9802 9786 9787
f 9802 9787 9801
f 9801 9787 9788
f 9801 9788 9800
f 9800 9788 9799
f 9799 9788 9789
f 9799 9789 9927
f 9927 9789 9790
f 9927 9790 9791
f 9786 9767 9785
f 9785 9767 9768
f 9785 9768 9784
f 9784 9768 9769
f 9784 9769 9793
f 9793 9769 9770
f 9793 9770 9792
f 9792 9770 9771
f 9792 9771 9927
f 9927 9771 9772
f 9927 9772 9924
f 9776 9777 9892
f 9892 9777 9891
f 9891 9777 9796
f 9891 9796 9912
f 9912 9796 9797
f 9912 9797 9911
f 9911 9797 9798
f 9911 9798 9910
f 9910 9798 9928
f 9910 9928 9909
f 9909 9928 9908
f 9908 9928 9920
f 9908 9920 9921
f 9796 9777 9795
f 9795 9777 9778
f 9795 9778 9794
f 9794 9778 9779
f 9794 9779 9803
f 9803 9779 9780
f 9803 9780 9802
f 9802 9780 9781
f 9791 9792 9927
f 9798 9799 9928
f 9928 9799 9927
f 9823 9805 9822
f 9822 9805 9806
f 9822 9806 9807
f 9811 9812 9754
f 9816 9817 9932
f 9821 9822 9807
f 9826 9827 9842
f 9842 9827 9841
f 9841 9827 9828
f 9841 9828 9840
f 9831 9832 9764
f 9851 9852 9857
f 9857 9852 9856
f 9856 9852 9853
f 9856 9853 9855
f 9871 9877 9870
f 9870 9877 9878
f 9870 9878 9935
f 9935 9878 9879
f 9935 9879 9880
f 9871 9872 9877
f 9877 9872 9876
f 9880 9881 9935
f 9935 9881 9932
f 9935 9932 9934
f 9934 9932 9933
f 9881 9882 9932
f 9903 9885 9902
f 9902 9885 9886
f 9902 9886 9887
f 9888 9905 9887
f 9887 9905 9906
f 9887 9906 9901
f 9901 9906 9922
f 9901 9922 9900
f 9900 9922 9923
f 9900 9923 9899
f 9899 9923 9914
f 9899 9914 9898
f 9898 9914 9915
f 9898 9915 9897
f 9897 9915 9916
f 9897 9916 9931
f 9931 9916 9917
f 9931 9917 9928
f 9928 9917 9918
f 9928 9918 9919
f 9905 9888 9904
f 9904 9888 9889
f 9904 9889 9913
f 9913 9889 9890
f 9913 9890 9912
f 9912 9890 9891
f 9896 9897 9931
f 9901 9902 9887
f 9906 9907 9922
f 9922 9907 9921
f 9921 9907 9908
f 9919 9920 9928
f 9925 9926 9924
f 9924 9926 9927
f 9928 9929 9931
f 9931 9929 9930
f 9937 9938 9939
f 9941 9954 9940
f 9955 9950 9951
f 9955 9951 9946
f 9946 9951 9952
f 9946 9952 9945
f 9945 9952 9953
f 9945 9953 9944
f 9944 9953 9947
f 9944 9947 9943
f 9943 9947 9948
f 9943 9948 9942
f 9942 9948 9949
f 9942 9949 9941
f 9941 9949 9954
f 9965 9956 9966
f 9966 9956 9957
f 9966 9957 9972
f 9972 9957 9958
f 9972 9958 9971
f 9971 9958 9959
f 9971 9959 9960
f 9971 9960 9970
f 9970 9960 9973
f 9970 9973 9969
f 9974 9961 9962
f 9974 9962 9968
f 9968 9962 9963
f 9968 9963 9964
f 9968 9964 9967
f 9967 9964 9965
f 9967 9965 9966
f 9976 9989 9975
f 9990 9985 9986
f 9990 9986 9981
f 9981 9986 9987
f 9981 9987 9980
f 9980 9987 9988
f 9980 9988 9979
f 9979 9988 9982
f 9979 9982 9978
f 9978 9982 9983
f 9978 9983 9977
f 9977 9983 9984
f 9977 9984 9976
f 9976 9984 9989
f 10000 9991 10001
f 10001 9991 9992
f 10001 9992 10007
f 10007 9992 9993
f 10007 9993 10006
f 10006 9993 9994
f 10006 9994 9995
f 10006 9995 10005
f 10005 9995 10008
f 10005 10008 10004
f 10009 9996 9997
f 10009 9997 10003
f 10003 9997 9998
f 10003 9998 9999
f 10003 9999 10002
f 10002 9999 10000
f 10002 10000 10001
f 10011 10024 10010
f 10025 10020 10021
f 10025 10021 10016
f 10016 10021 10022
f 10016 10022 10015
f 10015 10022 10023
f 10015 10023 10014
f 10014 10023 10017
f 10014 10017 10013
f 10013 10017 10018
f 10013 10018 10012
f 10012 10018 10019
f 10012 10019 10011
f 10011 10019 10024
f 10035 10026 10036
f 10036 10026 10027
f 10036 10027 10042
f 10042 10027 10028
f 10042 10028 10041
f 10041 10028 10029
f 10041 10029 10030
f 10041 10030 10040
f 10040 10030 10043
f 10040 10043 10039
f 10044 10031 10032
f 10044 10032 10038
f 10038 10032 10033
f 10038 10033 10034
f 10038 10034 10037
f 10037 10034 10035
f 10037 10035 10036
