#usda 1.0
(
    customLayerData = {
        dictionary cameraSettings = {
            dictionary Front = {
                double3 position = (5, 0, 0)
                double radius = 5
            }
            dictionary Perspective = {
                double3 position = (0.9025241365095563, -1.7701479803591929, 0.9956098097192925)
                double3 target = (-1.2631542894693948, 3.3771759356687667, -1.21680297288552)
            }
            dictionary Right = {
                double3 position = (0, -5, 0)
                double radius = 5
            }
            dictionary Top = {
                double3 position = (0, 0, 5)
                double radius = 5
            }
            string boundCamera = "/OmniverseKit_Persp"
        }
        dictionary omni_layer = {
            string authoring_layer = "./env.usda"
        }
        dictionary renderSettings = {
        }
    }
    defaultPrim = "Env"
    doc = "Static RL environment fixture from Fusion env.f3d. Meters, Z-up. Static triangle-mesh colliders (no rigid body)."
    metersPerUnit = 1
    upAxis = "Z"
)

def Xform "Env"
{
    def Scope "Looks"
    {
        def Material "GrayPlastic"
        {
            token outputs:surface.connect = </Env/Looks/GrayPlastic/Shader.outputs:surface>

            def Shader "Shader"
            {
                uniform token info:id = "UsdPreviewSurface"
                color3f inputs:diffuseColor = (0.6, 0.6, 0.62)
                float inputs:metallic = 0
                float inputs:roughness = 0.7
                token outputs:surface
            }
        }
    }

    def Mesh "base_plate" (
        prepend apiSchemas = ["PhysicsCollisionAPI", "PhysicsMeshCollisionAPI", "MaterialBindingAPI"]
    )
    {
        int[] faceVertexCounts = [3, 3, 3, 3, 3, 3, 3, 3, 3, 3, 3, 3, 3, 3, 3, 3, 3, 3, 3, 3, 3, 3, 3, 3, 3, 3, 3, 3, 3, 3, 3, 3, 3, 3, 3, 3, 3, 3, 3, 3, 3, 3, 3, 3, 3, 3, 3, 3, 3, 3, 3, 3, 3, 3, 3, 3, 3, 3, 3, 3, 3, 3, 3, 3, 3, 3, 3, 3, 3, 3, 3, 3, 3, 3, 3, 3, 3, 3, 3, 3, 3, 3, 3, 3, 3, 3, 3, 3, 3, 3, 3, 3, 3, 3, 3, 3, 3, 3, 3, 3, 3, 3, 3, 3, 3, 3, 3, 3, 3, 3, 3, 3, 3, 3, 3, 3, 3, 3, 3, 3, 3, 3, 3, 3, 3, 3, 3, 3, 3, 3, 3, 3, 3, 3, 3, 3, 3, 3, 3, 3, 3, 3, 3, 3, 3, 3, 3, 3, 3, 3, 3, 3, 3, 3, 3, 3, 3, 3, 3, 3, 3, 3, 3, 3, 3, 3, 3, 3, 3, 3, 3, 3, 3, 3, 3, 3, 3, 3, 3, 3, 3, 3, 3, 3, 3, 3, 3, 3, 3, 3, 3, 3, 3, 3, 3, 3, 3, 3, 3, 3, 3, 3, 3, 3, 3, 3, 3, 3, 3, 3, 3, 3, 3, 3, 3, 3, 3, 3, 3, 3, 3, 3, 3, 3, 3, 3, 3, 3, 3, 3, 3, 3, 3, 3, 3, 3, 3, 3, 3, 3, 3, 3, 3, 3, 3, 3, 3, 3, 3, 3, 3, 3, 3, 3, 3, 3, 3, 3, 3, 3, 3, 3, 3, 3, 3, 3, 3, 3, 3, 3, 3, 3, 3, 3, 3, 3, 3, 3, 3, 3, 3, 3, 3, 3, 3, 3, 3, 3, 3, 3, 3, 3, 3, 3, 3, 3, 3, 3, 3, 3, 3, 3, 3, 3, 3, 3, 3, 3, 3, 3, 3, 3, 3, 3, 3, 3, 3, 3, 3, 3, 3, 3, 3, 3, 3, 3, 3, 3, 3, 3, 3, 3, 3, 3, 3, 3, 3, 3, 3, 3, 3, 3, 3, 3, 3, 3, 3, 3, 3, 3, 3, 3, 3, 3, 3, 3, 3, 3, 3, 3, 3, 3, 3, 3, 3, 3, 3, 3, 3, 3, 3, 3, 3, 3, 3, 3, 3, 3, 3, 3, 3, 3, 3, 3, 3, 3, 3, 3, 3, 3, 3, 3, 3, 3, 3, 3, 3, 3, 3, 3, 3, 3, 3, 3, 3, 3, 3, 3, 3, 3, 3, 3, 3, 3, 3, 3, 3, 3, 3, 3, 3, 3, 3, 3, 3, 3, 3, 3, 3, 3, 3, 3, 3, 3, 3, 3, 3, 3, 3, 3, 3, 3, 3, 3, 3, 3, 3, 3, 3, 3, 3, 3, 3, 3, 3, 3, 3, 3, 3, 3, 3, 3, 3, 3, 3, 3, 3, 3, 3, 3, 3, 3, 3, 3, 3, 3, 3, 3, 3, 3, 3, 3, 3, 3, 3, 3, 3, 3, 3, 3, 3, 3, 3, 3, 3, 3, 3, 3, 3, 3, 3, 3, 3, 3, 3, 3, 3, 3, 3, 3, 3, 3, 3, 3, 3, 3, 3, 3, 3, 3, 3, 3, 3, 3, 3, 3, 3, 3, 3, 3, 3, 3, 3, 3, 3, 3, 3, 3, 3, 3, 3, 3, 3, 3, 3, 3, 3, 3, 3, 3, 3, 3, 3, 3, 3, 3, 3, 3, 3, 3, 3, 3, 3, 3, 3, 3, 3, 3, 3, 3, 3, 3, 3, 3, 3, 3, 3, 3, 3, 3, 3, 3, 3, 3, 3, 3, 3, 3, 3, 3, 3, 3, 3, 3, 3, 3, 3, 3, 3, 3, 3, 3, 3, 3, 3, 3, 3, 3, 3, 3, 3, 3, 3, 3, 3, 3, 3, 3, 3, 3, 3, 3, 3, 3, 3, 3, 3, 3, 3, 3, 3, 3, 3, 3, 3, 3, 3, 3, 3, 3, 3, 3, 3, 3, 3, 3, 3, 3, 3, 3, 3, 3, 3, 3, 3, 3, 3, 3, 3, 3, 3, 3, 3, 3, 3, 3, 3, 3, 3, 3, 3, 3, 3, 3, 3, 3, 3, 3, 3, 3, 3, 3, 3, 3, 3, 3, 3, 3, 3, 3, 3, 3, 3, 3, 3, 3, 3, 3, 3, 3, 3, 3, 3, 3, 3, 3, 3, 3, 3, 3, 3, 3, 3, 3, 3, 3, 3, 3, 3, 3, 3, 3, 3, 3, 3, 3, 3, 3, 3, 3, 3, 3, 3, 3, 3, 3, 3, 3, 3, 3, 3, 3, 3, 3, 3, 3, 3, 3, 3, 3, 3, 3, 3, 3, 3, 3, 3, 3, 3, 3, 3, 3, 3, 3, 3, 3, 3, 3, 3, 3, 3, 3, 3, 3, 3, 3, 3, 3, 3, 3, 3, 3, 3, 3, 3, 3, 3, 3, 3, 3, 3, 3, 3, 3, 3, 3, 3, 3, 3, 3, 3, 3, 3, 3, 3, 3, 3, 3, 3, 3, 3, 3, 3, 3, 3, 3, 3, 3, 3, 3, 3, 3, 3, 3, 3, 3, 3, 3, 3, 3, 3, 3, 3, 3, 3, 3, 3, 3, 3, 3, 3, 3, 3, 3, 3, 3, 3, 3, 3, 3, 3, 3, 3, 3, 3, 3, 3, 3, 3, 3, 3, 3, 3, 3, 3, 3, 3, 3, 3, 3, 3, 3, 3, 3, 3, 3, 3, 3, 3, 3, 3, 3, 3, 3, 3, 3, 3, 3, 3, 3, 3, 3, 3, 3, 3, 3, 3, 3, 3, 3, 3, 3, 3, 3, 3, 3, 3, 3, 3, 3, 3, 3, 3, 3, 3, 3, 3, 3, 3, 3, 3, 3, 3, 3, 3, 3, 3, 3, 3, 3, 3, 3, 3, 3, 3, 3, 3, 3, 3, 3, 3, 3, 3, 3, 3, 3, 3, 3, 3, 3, 3, 3, 3, 3, 3, 3, 3, 3, 3, 3, 3, 3, 3, 3, 3, 3, 3, 3, 3, 3, 3, 3, 3, 3, 3, 3, 3, 3, 3, 3, 3, 3, 3, 3, 3, 3, 3, 3, 3, 3, 3, 3, 3, 3, 3, 3, 3, 3, 3, 3, 3, 3, 3, 3, 3, 3, 3, 3, 3, 3, 3, 3, 3, 3, 3, 3, 3, 3, 3, 3, 3, 3, 3, 3, 3, 3, 3, 3, 3, 3, 3, 3, 3, 3, 3, 3, 3, 3, 3, 3, 3, 3, 3, 3, 3, 3, 3, 3, 3, 3, 3, 3, 3, 3, 3, 3, 3, 3, 3, 3, 3, 3, 3, 3, 3, 3, 3, 3, 3, 3, 3, 3, 3, 3, 3, 3, 3, 3, 3, 3, 3, 3, 3, 3, 3, 3, 3, 3, 3, 3, 3, 3, 3, 3, 3, 3, 3, 3, 3, 3, 3, 3, 3, 3, 3, 3, 3, 3, 3, 3, 3, 3, 3, 3, 3, 3, 3, 3, 3, 3, 3, 3, 3, 3, 3, 3, 3, 3, 3, 3, 3, 3, 3, 3, 3, 3, 3, 3, 3, 3, 3, 3, 3, 3, 3, 3, 3, 3, 3, 3, 3, 3, 3, 3, 3, 3, 3, 3, 3, 3, 3, 3, 3, 3, 3, 3, 3, 3, 3, 3, 3, 3, 3, 3, 3, 3, 3, 3, 3, 3, 3, 3, 3, 3, 3, 3, 3, 3, 3, 3, 3, 3, 3, 3, 3, 3, 3, 3, 3, 3, 3, 3, 3, 3, 3, 3, 3, 3, 3, 3, 3, 3, 3, 3, 3, 3, 3, 3, 3, 3, 3, 3, 3, 3, 3, 3, 3, 3, 3, 3, 3, 3, 3, 3, 3, 3, 3, 3, 3, 3, 3, 3, 3, 3, 3, 3, 3, 3, 3, 3, 3, 3, 3, 3, 3, 3, 3, 3, 3, 3, 3, 3, 3, 3, 3, 3, 3, 3, 3, 3, 3, 3, 3, 3, 3, 3, 3, 3, 3, 3, 3, 3, 3, 3, 3, 3, 3, 3, 3, 3, 3, 3, 3, 3, 3, 3, 3, 3, 3, 3, 3, 3, 3, 3, 3, 3, 3, 3, 3, 3, 3, 3, 3, 3, 3, 3, 3, 3, 3, 3, 3, 3, 3, 3, 3, 3, 3, 3, 3, 3, 3, 3, 3, 3, 3, 3, 3, 3, 3, 3, 3, 3, 3, 3, 3, 3, 3, 3, 3, 3, 3, 3, 3, 3, 3, 3, 3, 3, 3, 3, 3, 3, 3, 3, 3, 3, 3, 3, 3, 3, 3, 3, 3, 3, 3, 3, 3, 3, 3, 3, 3, 3, 3, 3, 3, 3, 3, 3, 3, 3, 3, 3, 3, 3, 3, 3, 3, 3, 3, 3, 3, 3, 3, 3, 3, 3, 3, 3, 3, 3, 3, 3, 3, 3, 3, 3, 3, 3, 3, 3, 3, 3, 3, 3, 3, 3, 3, 3, 3, 3, 3, 3, 3, 3, 3, 3, 3, 3, 3, 3, 3, 3, 3, 3, 3, 3, 3, 3, 3, 3, 3, 3, 3, 3, 3, 3, 3, 3, 3, 3, 3, 3, 3, 3, 3, 3, 3, 3, 3, 3, 3, 3, 3, 3, 3, 3, 3, 3, 3, 3, 3, 3, 3, 3, 3, 3, 3, 3, 3, 3, 3, 3, 3, 3, 3, 3, 3, 3, 3, 3, 3, 3, 3, 3, 3, 3, 3, 3, 3, 3, 3, 3, 3, 3, 3, 3, 3, 3, 3, 3, 3, 3, 3, 3, 3, 3, 3, 3, 3, 3, 3, 3, 3, 3, 3, 3, 3, 3, 3, 3, 3, 3, 3, 3, 3, 3, 3, 3, 3, 3, 3, 3, 3, 3, 3, 3, 3, 3, 3, 3, 3, 3, 3, 3, 3, 3, 3, 3, 3, 3, 3, 3, 3, 3, 3, 3, 3, 3, 3, 3, 3, 3, 3, 3, 3, 3, 3, 3, 3, 3, 3, 3, 3, 3, 3, 3, 3, 3, 3, 3, 3, 3, 3, 3, 3, 3, 3, 3, 3, 3, 3, 3, 3, 3, 3, 3, 3, 3, 3, 3, 3, 3, 3, 3, 3, 3, 3, 3, 3, 3, 3, 3, 3, 3, 3, 3, 3, 3, 3, 3, 3, 3, 3, 3, 3, 3, 3, 3, 3, 3, 3, 3, 3, 3, 3, 3, 3, 3, 3, 3, 3, 3, 3, 3, 3, 3, 3, 3, 3, 3, 3, 3, 3, 3, 3, 3, 3, 3, 3, 3, 3, 3, 3, 3, 3, 3, 3, 3, 3, 3, 3, 3, 3, 3, 3, 3, 3, 3, 3, 3, 3, 3, 3, 3, 3, 3, 3, 3, 3, 3, 3, 3, 3, 3, 3, 3, 3, 3, 3, 3, 3, 3, 3, 3, 3, 3, 3, 3, 3, 3, 3, 3, 3, 3, 3, 3, 3, 3, 3, 3, 3, 3, 3, 3, 3, 3, 3, 3, 3, 3, 3, 3, 3, 3, 3, 3, 3, 3, 3, 3, 3, 3, 3, 3, 3, 3, 3, 3, 3, 3, 3, 3, 3, 3, 3, 3, 3, 3, 3, 3, 3, 3, 3, 3, 3, 3, 3, 3, 3, 3, 3, 3, 3, 3, 3, 3, 3, 3, 3, 3, 3, 3, 3, 3, 3, 3, 3, 3, 3, 3, 3, 3, 3, 3, 3, 3, 3, 3, 3, 3, 3, 3, 3, 3, 3, 3, 3, 3, 3, 3, 3, 3, 3, 3, 3, 3, 3, 3, 3, 3, 3, 3, 3, 3, 3, 3, 3, 3, 3, 3, 3, 3, 3, 3, 3, 3, 3, 3, 3, 3, 3, 3, 3, 3, 3, 3, 3, 3, 3, 3, 3, 3, 3, 3, 3, 3, 3, 3, 3, 3, 3, 3, 3, 3, 3, 3, 3, 3, 3, 3, 3, 3, 3, 3, 3, 3, 3, 3, 3, 3, 3, 3, 3, 3, 3, 3, 3, 3, 3, 3, 3, 3, 3, 3, 3, 3, 3, 3, 3, 3, 3, 3, 3, 3, 3, 3, 3, 3, 3, 3, 3, 3, 3, 3, 3, 3, 3, 3, 3, 3, 3, 3, 3, 3, 3, 3, 3, 3, 3, 3, 3, 3, 3, 3, 3, 3, 3, 3, 3, 3, 3, 3, 3, 3, 3, 3, 3, 3, 3, 3, 3, 3, 3, 3, 3, 3, 3, 3, 3, 3, 3, 3, 3, 3, 3, 3, 3, 3, 3, 3, 3, 3, 3, 3, 3, 3, 3, 3, 3, 3, 3, 3, 3, 3, 3, 3, 3, 3, 3, 3, 3, 3, 3, 3, 3, 3, 3, 3, 3, 3, 3, 3, 3, 3, 3, 3, 3, 3, 3, 3, 3, 3, 3, 3, 3, 3, 3, 3, 3, 3, 3, 3, 3, 3, 3, 3, 3, 3, 3, 3, 3, 3, 3, 3, 3, 3, 3, 3, 3, 3, 3, 3, 3, 3, 3, 3, 3, 3, 3, 3, 3, 3, 3, 3, 3, 3, 3, 3, 3, 3, 3, 3, 3, 3, 3, 3, 3, 3, 3, 3, 3, 3, 3, 3, 3, 3, 3, 3, 3, 3, 3, 3, 3, 3, 3, 3, 3, 3, 3, 3, 3, 3, 3, 3, 3, 3, 3, 3, 3, 3, 3, 3, 3, 3, 3, 3, 3, 3, 3, 3, 3, 3, 3, 3, 3, 3, 3, 3, 3, 3, 3, 3, 3, 3, 3, 3, 3, 3, 3, 3, 3, 3, 3, 3, 3, 3, 3, 3, 3, 3, 3, 3, 3, 3, 3, 3, 3, 3, 3, 3, 3, 3, 3, 3, 3, 3, 3, 3, 3, 3, 3, 3, 3, 3, 3, 3, 3, 3, 3, 3, 3, 3, 3, 3, 3, 3, 3, 3, 3, 3, 3, 3, 3, 3, 3, 3, 3, 3, 3, 3, 3, 3, 3, 3, 3, 3, 3, 3, 3, 3, 3, 3, 3, 3, 3, 3, 3, 3, 3, 3, 3, 3, 3, 3, 3, 3, 3, 3, 3, 3, 3, 3, 3, 3, 3, 3, 3, 3, 3, 3, 3, 3, 3, 3, 3, 3, 3, 3, 3, 3, 3, 3, 3, 3, 3, 3, 3, 3, 3, 3, 3, 3, 3, 3, 3, 3, 3, 3, 3, 3, 3, 3, 3, 3, 3, 3, 3, 3, 3, 3, 3, 3, 3, 3, 3, 3, 3, 3, 3, 3, 3, 3, 3, 3, 3, 3, 3, 3, 3, 3, 3, 3, 3, 3, 3, 3, 3, 3, 3, 3, 3, 3, 3, 3, 3, 3, 3, 3, 3, 3, 3, 3, 3, 3, 3, 3, 3, 3, 3, 3, 3, 3, 3, 3, 3, 3, 3, 3, 3, 3, 3, 3, 3, 3, 3, 3, 3, 3, 3, 3, 3, 3, 3, 3, 3, 3, 3, 3, 3, 3, 3, 3, 3, 3, 3, 3, 3, 3, 3, 3, 3, 3, 3, 3, 3, 3, 3, 3, 3, 3, 3, 3, 3, 3, 3, 3, 3, 3, 3, 3, 3, 3, 3, 3, 3, 3, 3, 3, 3, 3, 3, 3, 3, 3, 3, 3, 3, 3, 3, 3, 3, 3, 3, 3, 3, 3, 3, 3, 3, 3, 3, 3, 3, 3, 3, 3, 3, 3, 3, 3, 3, 3, 3, 3, 3, 3, 3, 3, 3, 3, 3, 3, 3, 3, 3, 3, 3, 3, 3, 3, 3, 3, 3, 3, 3, 3, 3, 3, 3, 3, 3, 3, 3, 3, 3, 3, 3, 3, 3, 3, 3, 3, 3, 3, 3, 3, 3, 3, 3, 3, 3, 3, 3, 3, 3, 3, 3, 3, 3, 3, 3, 3, 3, 3, 3, 3, 3, 3, 3, 3, 3, 3, 3, 3, 3, 3, 3, 3, 3, 3, 3, 3, 3, 3, 3, 3, 3, 3, 3, 3, 3, 3, 3, 3, 3, 3, 3, 3, 3, 3, 3, 3, 3, 3, 3, 3, 3, 3, 3, 3, 3, 3, 3, 3, 3, 3, 3, 3, 3, 3, 3, 3, 3, 3, 3, 3, 3, 3, 3, 3, 3, 3, 3, 3, 3, 3, 3, 3, 3, 3, 3, 3, 3, 3, 3, 3, 3, 3, 3, 3, 3, 3, 3, 3, 3, 3, 3, 3, 3, 3, 3, 3, 3, 3, 3, 3, 3, 3, 3, 3, 3, 3, 3, 3, 3, 3, 3, 3, 3, 3, 3, 3, 3, 3, 3, 3, 3, 3, 3, 3, 3, 3, 3, 3, 3, 3, 3, 3, 3, 3, 3, 3, 3, 3, 3, 3, 3, 3, 3, 3, 3, 3, 3, 3, 3, 3, 3, 3, 3, 3, 3, 3, 3, 3, 3, 3, 3, 3, 3, 3, 3, 3, 3, 3, 3, 3, 3, 3, 3, 3, 3, 3, 3, 3, 3, 3, 3, 3, 3, 3, 3, 3, 3, 3, 3, 3, 3, 3, 3, 3, 3, 3, 3, 3, 3, 3, 3, 3, 3, 3, 3, 3, 3, 3, 3, 3, 3, 3, 3, 3, 3, 3, 3, 3, 3, 3, 3, 3, 3, 3, 3, 3, 3, 3, 3, 3, 3, 3, 3, 3, 3, 3, 3, 3, 3, 3, 3, 3, 3, 3, 3, 3, 3, 3, 3, 3, 3, 3, 3, 3, 3, 3, 3, 3, 3, 3, 3, 3, 3, 3, 3, 3, 3, 3, 3, 3, 3, 3, 3, 3, 3, 3, 3, 3, 3, 3, 3, 3, 3, 3, 3, 3, 3, 3, 3, 3, 3, 3, 3, 3, 3, 3, 3, 3, 3, 3, 3, 3, 3, 3, 3, 3, 3, 3, 3, 3, 3, 3, 3, 3, 3, 3, 3, 3, 3, 3, 3, 3]
        int[] faceVertexIndices = [1, 7, 0, 0, 7, 8, 0, 8, 6, 6, 8, 9, 6, 9, 5, 5, 9, 15, 5, 15, 4, 14, 10, 11, 14, 11, 3, 3, 11, 12, 3, 12, 2, 2, 12, 13, 2, 13, 1, 1, 13, 7, 17, 23, 16, 16, 23, 24, 16, 24, 22, 22, 24, 25, 22, 25, 21, 21, 25, 31, 21, 31, 20, 30, 26, 27, 30, 27, 19, 19, 27, 28, 19, 28, 18, 18, 28, 29, 18, 29, 17, 17, 29, 23, 33, 39, 32, 32, 39, 40, 32, 40, 38, 38, 40, 41, 38, 41, 37, 37, 41, 47, 37, 47, 36, 46, 42, 43, 46, 43, 35, 35, 43, 44, 35, 44, 34, 34, 44, 45, 34, 45, 33, 33, 45, 39, 48, 49, 51, 51, 49, 50, 52, 53, 55, 55, 53, 54, 56, 57, 59, 59, 57, 58, 60, 61, 63, 63, 61, 62, 65, 71, 64, 64, 71, 72, 64, 72, 70, 70, 72, 73, 70, 73, 69, 69, 73, 79, 69, 79, 68, 78, 74, 75, 78, 75, 67, 67, 75, 76, 67, 76, 66, 66, 76, 77, 66, 77, 65, 65, 77, 71, 81, 87, 80, 80, 87, 88, 80, 88, 86, 86, 88, 89, 86, 89, 85, 85, 89, 95, 85, 95, 84, 94, 90, 91, 94, 91, 83, 83, 91, 92, 83, 92, 82, 82, 92, 93, 82, 93, 81, 81, 93, 87, 97, 103, 96, 96, 103, 104, 96, 104, 102, 102, 104, 105, 102, 105, 101, 101, 105, 111, 101, 111, 100, 110, 106, 107, 110, 107, 99, 99, 107, 108, 99, 108, 98, 98, 108, 109, 98, 109, 97, 97, 109, 103, 113, 119, 112, 112, 119, 120, 112, 120, 118, 118, 120, 121, 118, 121, 117, 117, 121, 127, 117, 127, 116, 126, 122, 123, 126, 123, 115, 115, 123, 124, 115, 124, 114, 114, 124, 125, 114, 125, 113, 113, 125, 119, 129, 135, 128, 128, 135, 136, 128, 136, 134, 134, 136, 137, 134, 137, 133, 133, 137, 143, 133, 143, 132, 142, 138, 139, 142, 139, 131, 131, 139, 140, 131, 140, 130, 130, 140, 141, 130, 141, 129, 129, 141, 135, 145, 151, 144, 144, 151, 152, 144, 152, 150, 150, 152, 153, 150, 153, 149, 149, 153, 159, 149, 159, 148, 158, 154, 155, 158, 155, 147, 147, 155, 156, 147, 156, 146, 146, 156, 157, 146, 157, 145, 145, 157, 151, 161, 167, 160, 160, 167, 168, 160, 168, 166, 166, 168, 169, 166, 169, 165, 165, 169, 175, 165, 175, 164, 174, 170, 171, 174, 171, 163, 163, 171, 172, 163, 172, 162, 162, 172, 173, 162, 173, 161, 161, 173, 167, 177, 183, 176, 176, 183, 184, 176, 184, 182, 182, 184, 185, 182, 185, 181, 181, 185, 191, 181, 191, 180, 190, 186, 187, 190, 187, 179, 179, 187, 188, 179, 188, 178, 178, 188, 189, 178, 189, 177, 177, 189, 183, 193, 199, 192, 192, 199, 200, 192, 200, 198, 198, 200, 201, 198, 201, 197, 197, 201, 207, 197, 207, 196, 206, 202, 203, 206, 203, 195, 195, 203, 204, 195, 204, 194, 194, 204, 205, 194, 205, 193, 193, 205, 199, 209, 215, 208, 208, 215, 216, 208, 216, 214, 214, 216, 217, 214, 217, 213, 213, 217, 223, 213, 223, 212, 222, 218, 219, 222, 219, 211, 211, 219, 220, 211, 220, 210, 210, 220, 221, 210, 221, 209, 209, 221, 215, 225, 231, 224, 224, 231, 232, 224, 232, 230, 230, 232, 233, 230, 233, 229, 229, 233, 239, 229, 239, 228, 238, 234, 235, 238, 235, 227, 227, 235, 236, 227, 236, 226, 226, 236, 237, 226, 237, 225, 225, 237, 231, 241, 247, 240, 240, 247, 248, 240, 248, 246, 246, 248, 249, 246, 249, 245, 245, 249, 255, 245, 255, 244, 254, 250, 251, 254, 251, 243, 243, 251, 252, 243, 252, 242, 242, 252, 253, 242, 253, 241, 241, 253, 247, 257, 263, 256, 256, 263, 264, 256, 264, 262, 262, 264, 265, 262, 265, 261, 261, 265, 271, 261, 271, 260, 270, 266, 267, 270, 267, 259, 259, 267, 268, 259, 268, 258, 258, 268, 269, 258, 269, 257, 257, 269, 263, 273, 279, 272, 272, 279, 280, 272, 280, 278, 278, 280, 281, 278, 281, 277, 277, 281, 287, 277, 287, 276, 286, 282, 283, 286, 283, 275, 275, 283, 284, 275, 284, 274, 274, 284, 285, 274, 285, 273, 273, 285, 279, 289, 295, 288, 288, 295, 296, 288, 296, 294, 294, 296, 297, 294, 297, 293, 293, 297, 303, 293, 303, 292, 302, 298, 299, 302, 299, 291, 291, 299, 300, 291, 300, 290, 290, 300, 301, 290, 301, 289, 289, 301, 295, 305, 311, 304, 304, 311, 312, 304, 312, 310, 310, 312, 313, 310, 313, 309, 309, 313, 319, 309, 319, 308, 318, 314, 315, 318, 315, 307, 307, 315, 316, 307, 316, 306, 306, 316, 317, 306, 317, 305, 305, 317, 311, 321, 327, 320, 320, 327, 328, 320, 328, 326, 326, 328, 329, 326, 329, 325, 325, 329, 335, 325, 335, 324, 334, 330, 331, 334, 331, 323, 323, 331, 332, 323, 332, 322, 322, 332, 333, 322, 333, 321, 321, 333, 327, 337, 343, 336, 336, 343, 344, 336, 344, 342, 342, 344, 345, 342, 345, 341, 341, 345, 351, 341, 351, 340, 350, 346, 347, 350, 347, 339, 339, 347, 348, 339, 348, 338, 338, 348, 349, 338, 349, 337, 337, 349, 343, 353, 359, 352, 352, 359, 360, 352, 360, 358, 358, 360, 361, 358, 361, 357, 357, 361, 367, 357, 367, 356, 366, 362, 363, 366, 363, 355, 355, 363, 364, 355, 364, 354, 354, 364, 365, 354, 365, 353, 353, 365, 359, 369, 375, 368, 368, 375, 376, 368, 376, 374, 374, 376, 377, 374, 377, 373, 373, 377, 383, 373, 383, 372, 382, 378, 379, 382, 379, 371, 371, 379, 380, 371, 380, 370, 370, 380, 381, 370, 381, 369, 369, 381, 375, 385, 391, 384, 384, 391, 392, 384, 392, 390, 390, 392, 393, 390, 393, 389, 389, 393, 399, 389, 399, 388, 398, 394, 395, 398, 395, 387, 387, 395, 396, 387, 396, 386, 386, 396, 397, 386, 397, 385, 385, 397, 391, 401, 407, 400, 400, 407, 408, 400, 408, 406, 406, 408, 409, 406, 409, 405, 405, 409, 415, 405, 415, 404, 414, 410, 411, 414, 411, 403, 403, 411, 412, 403, 412, 402, 402, 412, 413, 402, 413, 401, 401, 413, 407, 417, 423, 416, 416, 423, 424, 416, 424, 422, 422, 424, 425, 422, 425, 421, 421, 425, 431, 421, 431, 420, 430, 426, 427, 430, 427, 419, 419, 427, 428, 419, 428, 418, 418, 428, 429, 418, 429, 417, 417, 429, 423, 433, 439, 432, 432, 439, 440, 432, 440, 438, 438, 440, 441, 438, 441, 437, 437, 441, 447, 437, 447, 436, 446, 442, 443, 446, 443, 435, 435, 443, 444, 435, 444, 434, 434, 444, 445, 434, 445, 433, 433, 445, 439, 449, 455, 448, 448, 455, 456, 448, 456, 454, 454, 456, 457, 454, 457, 453, 453, 457, 463, 453, 463, 452, 462, 458, 459, 462, 459, 451, 451, 459, 460, 451, 460, 450, 450, 460, 461, 450, 461, 449, 449, 461, 455, 465, 471, 464, 464, 471, 472, 464, 472, 470, 470, 472, 473, 470, 473, 469, 469, 473, 479, 469, 479, 468, 478, 474, 475, 478, 475, 467, 467, 475, 476, 467, 476, 466, 466, 476, 477, 466, 477, 465, 465, 477, 471, 481, 487, 480, 480, 487, 488, 480, 488, 486, 486, 488, 489, 486, 489, 485, 485, 489, 495, 485, 495, 484, 494, 490, 491, 494, 491, 483, 483, 491, 492, 483, 492, 482, 482, 492, 493, 482, 493, 481, 481, 493, 487, 497, 503, 496, 496, 503, 504, 496, 504, 502, 502, 504, 505, 502, 505, 501, 501, 505, 511, 501, 511, 500, 510, 506, 507, 510, 507, 499, 499, 507, 508, 499, 508, 498, 498, 508, 509, 498, 509, 497, 497, 509, 503, 513, 519, 512, 512, 519, 520, 512, 520, 518, 518, 520, 521, 518, 521, 517, 517, 521, 527, 517, 527, 516, 526, 522, 523, 526, 523, 515, 515, 523, 524, 515, 524, 514, 514, 524, 525, 514, 525, 513, 513, 525, 519, 529, 535, 528, 528, 535, 536, 528, 536, 534, 534, 536, 537, 534, 537, 533, 533, 537, 543, 533, 543, 532, 542, 538, 539, 542, 539, 531, 531, 539, 540, 531, 540, 530, 530, 540, 541, 530, 541, 529, 529, 541, 535, 545, 551, 544, 544, 551, 552, 544, 552, 550, 550, 552, 553, 550, 553, 549, 549, 553, 559, 549, 559, 548, 558, 554, 555, 558, 555, 547, 547, 555, 556, 547, 556, 546, 546, 556, 557, 546, 557, 545, 545, 557, 551, 561, 567, 560, 560, 567, 568, 560, 568, 566, 566, 568, 569, 566, 569, 565, 565, 569, 575, 565, 575, 564, 574, 570, 571, 574, 571, 563, 563, 571, 572, 563, 572, 562, 562, 572, 573, 562, 573, 561, 561, 573, 567, 577, 583, 576, 576, 583, 584, 576, 584, 582, 582, 584, 585, 582, 585, 581, 581, 585, 591, 581, 591, 580, 590, 586, 587, 590, 587, 579, 579, 587, 588, 579, 588, 578, 578, 588, 589, 578, 589, 577, 577, 589, 583, 593, 599, 592, 592, 599, 600, 592, 600, 598, 598, 600, 601, 598, 601, 597, 597, 601, 607, 597, 607, 596, 606, 602, 603, 606, 603, 595, 595, 603, 604, 595, 604, 594, 594, 604, 605, 594, 605, 593, 593, 605, 599, 609, 615, 608, 608, 615, 616, 608, 616, 614, 614, 616, 617, 614, 617, 613, 613, 617, 623, 613, 623, 612, 622, 618, 619, 622, 619, 611, 611, 619, 620, 611, 620, 610, 610, 620, 621, 610, 621, 609, 609, 621, 615, 625, 631, 624, 624, 631, 632, 624, 632, 630, 630, 632, 633, 630, 633, 629, 629, 633, 639, 629, 639, 628, 638, 634, 635, 638, 635, 627, 627, 635, 636, 627, 636, 626, 626, 636, 637, 626, 637, 625, 625, 637, 631, 641, 647, 640, 640, 647, 648, 640, 648, 646, 646, 648, 649, 646, 649, 645, 645, 649, 655, 645, 655, 644, 654, 650, 651, 654, 651, 643, 643, 651, 652, 643, 652, 642, 642, 652, 653, 642, 653, 641, 641, 653, 647, 657, 663, 656, 656, 663, 664, 656, 664, 662, 662, 664, 665, 662, 665, 661, 661, 665, 671, 661, 671, 660, 670, 666, 667, 670, 667, 659, 659, 667, 668, 659, 668, 658, 658, 668, 669, 658, 669, 657, 657, 669, 663, 673, 679, 672, 672, 679, 680, 672, 680, 678, 678, 680, 681, 678, 681, 677, 677, 681, 687, 677, 687, 676, 686, 682, 683, 686, 683, 675, 675, 683, 684, 675, 684, 674, 674, 684, 685, 674, 685, 673, 673, 685, 679, 689, 695, 688, 688, 695, 696, 688, 696, 694, 694, 696, 697, 694, 697, 693, 693, 697, 703, 693, 703, 692, 702, 698, 699, 702, 699, 691, 691, 699, 700, 691, 700, 690, 690, 700, 701, 690, 701, 689, 689, 701, 695, 705, 711, 704, 704, 711, 712, 704, 712, 710, 710, 712, 713, 710, 713, 709, 709, 713, 719, 709, 719, 708, 718, 714, 715, 718, 715, 707, 707, 715, 716, 707, 716, 706, 706, 716, 717, 706, 717, 705, 705, 717, 711, 721, 727, 720, 720, 727, 728, 720, 728, 726, 726, 728, 729, 726, 729, 725, 725, 729, 735, 725, 735, 724, 734, 730, 731, 734, 731, 723, 723, 731, 732, 723, 732, 722, 722, 732, 733, 722, 733, 721, 721, 733, 727, 737, 743, 736, 736, 743, 744, 736, 744, 742, 742, 744, 745, 742, 745, 741, 741, 745, 751, 741, 751, 740, 750, 746, 747, 750, 747, 739, 739, 747, 748, 739, 748, 738, 738, 748, 749, 738, 749, 737, 737, 749, 743, 753, 759, 752, 752, 759, 760, 752, 760, 758, 758, 760, 761, 758, 761, 757, 757, 761, 767, 757, 767, 756, 766, 762, 763, 766, 763, 755, 755, 763, 764, 755, 764, 754, 754, 764, 765, 754, 765, 753, 753, 765, 759, 769, 775, 768, 768, 775, 776, 768, 776, 774, 774, 776, 777, 774, 777, 773, 773, 777, 783, 773, 783, 772, 782, 778, 779, 782, 779, 771, 771, 779, 780, 771, 780, 770, 770, 780, 781, 770, 781, 769, 769, 781, 775, 785, 791, 784, 784, 791, 792, 784, 792, 790, 790, 792, 793, 790, 793, 789, 789, 793, 799, 789, 799, 788, 798, 794, 795, 798, 795, 787, 787, 795, 796, 787, 796, 786, 786, 796, 797, 786, 797, 785, 785, 797, 791, 801, 807, 800, 800, 807, 808, 800, 808, 806, 806, 808, 809, 806, 809, 805, 805, 809, 815, 805, 815, 804, 814, 810, 811, 814, 811, 803, 803, 811, 812, 803, 812, 802, 802, 812, 813, 802, 813, 801, 801, 813, 807, 817, 823, 816, 816, 823, 824, 816, 824, 822, 822, 824, 825, 822, 825, 821, 821, 825, 831, 821, 831, 820, 830, 826, 827, 830, 827, 819, 819, 827, 828, 819, 828, 818, 818, 828, 829, 818, 829, 817, 817, 829, 823, 833, 839, 832, 832, 839, 840, 832, 840, 838, 838, 840, 841, 838, 841, 837, 837, 841, 847, 837, 847, 836, 846, 842, 843, 846, 843, 835, 835, 843, 844, 835, 844, 834, 834, 844, 845, 834, 845, 833, 833, 845, 839, 849, 855, 848, 848, 855, 856, 848, 856, 854, 854, 856, 857, 854, 857, 853, 853, 857, 863, 853, 863, 852, 862, 858, 859, 862, 859, 851, 851, 859, 860, 851, 860, 850, 850, 860, 861, 850, 861, 849, 849, 861, 855, 865, 871, 864, 864, 871, 872, 864, 872, 870, 870, 872, 873, 870, 873, 869, 869, 873, 879, 869, 879, 868, 878, 874, 875, 878, 875, 867, 867, 875, 876, 867, 876, 866, 866, 876, 877, 866, 877, 865, 865, 877, 871, 881, 887, 880, 880, 887, 888, 880, 888, 886, 886, 888, 889, 886, 889, 885, 885, 889, 895, 885, 895, 884, 894, 890, 891, 894, 891, 883, 883, 891, 892, 883, 892, 882, 882, 892, 893, 882, 893, 881, 881, 893, 887, 897, 903, 896, 896, 903, 904, 896, 904, 902, 902, 904, 905, 902, 905, 901, 901, 905, 911, 901, 911, 900, 910, 906, 907, 910, 907, 899, 899, 907, 908, 899, 908, 898, 898, 908, 909, 898, 909, 897, 897, 909, 903, 913, 919, 912, 912, 919, 920, 912, 920, 918, 918, 920, 921, 918, 921, 917, 917, 921, 927, 917, 927, 916, 926, 922, 923, 926, 923, 915, 915, 923, 924, 915, 924, 914, 914, 924, 925, 914, 925, 913, 913, 925, 919, 929, 935, 928, 928, 935, 936, 928, 936, 934, 934, 936, 937, 934, 937, 933, 933, 937, 943, 933, 943, 932, 942, 938, 939, 942, 939, 931, 931, 939, 940, 931, 940, 930, 930, 940, 941, 930, 941, 929, 929, 941, 935, 945, 951, 944, 944, 951, 952, 944, 952, 950, 950, 952, 953, 950, 953, 949, 949, 953, 959, 949, 959, 948, 958, 954, 955, 958, 955, 947, 947, 955, 956, 947, 956, 946, 946, 956, 957, 946, 957, 945, 945, 957, 951, 961, 967, 960, 960, 967, 968, 960, 968, 966, 966, 968, 969, 966, 969, 965, 965, 969, 975, 965, 975, 964, 974, 970, 971, 974, 971, 963, 963, 971, 972, 963, 972, 962, 962, 972, 973, 962, 973, 961, 961, 973, 967, 977, 983, 976, 976, 983, 984, 976, 984, 982, 982, 984, 985, 982, 985, 981, 981, 985, 991, 981, 991, 980, 990, 986, 987, 990, 987, 979, 979, 987, 988, 979, 988, 978, 978, 988, 989, 978, 989, 977, 977, 989, 983, 993, 999, 992, 992, 999, 1000, 992, 1000, 998, 998, 1000, 1001, 998, 1001, 997, 997, 1001, 1007, 997, 1007, 996, 1006, 1002, 1003, 1006, 1003, 995, 995, 1003, 1004, 995, 1004, 994, 994, 1004, 1005, 994, 1005, 993, 993, 1005, 999, 1009, 1015, 1008, 1008, 1015, 1016, 1008, 1016, 1014, 1014, 1016, 1017, 1014, 1017, 1013, 1013, 1017, 1023, 1013, 1023, 1012, 1022, 1018, 1019, 1022, 1019, 1011, 1011, 1019, 1020, 1011, 1020, 1010, 1010, 1020, 1021, 1010, 1021, 1009, 1009, 1021, 1015, 1025, 1031, 1024, 1024, 1031, 1032, 1024, 1032, 1030, 1030, 1032, 1033, 1030, 1033, 1029, 1029, 1033, 1039, 1029, 1039, 1028, 1038, 1034, 1035, 1038, 1035, 1027, 1027, 1035, 1036, 1027, 1036, 1026, 1026, 1036, 1037, 1026, 1037, 1025, 1025, 1037, 1031, 1041, 1047, 1040, 1040, 1047, 1048, 1040, 1048, 1046, 1046, 1048, 1049, 1046, 1049, 1045, 1045, 1049, 1055, 1045, 1055, 1044, 1054, 1050, 1051, 1054, 1051, 1043, 1043, 1051, 1052, 1043, 1052, 1042, 1042, 1052, 1053, 1042, 1053, 1041, 1041, 1053, 1047, 1057, 1063, 1056, 1056, 1063, 1064, 1056, 1064, 1062, 1062, 1064, 1065, 1062, 1065, 1061, 1061, 1065, 1071, 1061, 1071, 1060, 1070, 1066, 1067, 1070, 1067, 1059, 1059, 1067, 1068, 1059, 1068, 1058, 1058, 1068, 1069, 1058, 1069, 1057, 1057, 1069, 1063, 1073, 1079, 1072, 1072, 1079, 1080, 1072, 1080, 1078, 1078, 1080, 1081, 1078, 1081, 1077, 1077, 1081, 1087, 1077, 1087, 1076, 1086, 1082, 1083, 1086, 1083, 1075, 1075, 1083, 1084, 1075, 1084, 1074, 1074, 1084, 1085, 1074, 1085, 1073, 1073, 1085, 1079, 1089, 1095, 1088, 1088, 1095, 1096, 1088, 1096, 1094, 1094, 1096, 1097, 1094, 1097, 1093, 1093, 1097, 1103, 1093, 1103, 1092, 1102, 1098, 1099, 1102, 1099, 1091, 1091, 1099, 1100, 1091, 1100, 1090, 1090, 1100, 1101, 1090, 1101, 1089, 1089, 1101, 1095, 1105, 1111, 1104, 1104, 1111, 1112, 1104, 1112, 1110, 1110, 1112, 1113, 1110, 1113, 1109, 1109, 1113, 1119, 1109, 1119, 1108, 1118, 1114, 1115, 1118, 1115, 1107, 1107, 1115, 1116, 1107, 1116, 1106, 1106, 1116, 1117, 1106, 1117, 1105, 1105, 1117, 1111, 1121, 1127, 1120, 1120, 1127, 1128, 1120, 1128, 1126, 1126, 1128, 1129, 1126, 1129, 1125, 1125, 1129, 1135, 1125, 1135, 1124, 1134, 1130, 1131, 1134, 1131, 1123, 1123, 1131, 1132, 1123, 1132, 1122, 1122, 1132, 1133, 1122, 1133, 1121, 1121, 1133, 1127, 1137, 1143, 1136, 1136, 1143, 1144, 1136, 1144, 1142, 1142, 1144, 1145, 1142, 1145, 1141, 1141, 1145, 1151, 1141, 1151, 1140, 1150, 1146, 1147, 1150, 1147, 1139, 1139, 1147, 1148, 1139, 1148, 1138, 1138, 1148, 1149, 1138, 1149, 1137, 1137, 1149, 1143, 1153, 1159, 1152, 1152, 1159, 1160, 1152, 1160, 1158, 1158, 1160, 1161, 1158, 1161, 1157, 1157, 1161, 1167, 1157, 1167, 1156, 1166, 1162, 1163, 1166, 1163, 1155, 1155, 1163, 1164, 1155, 1164, 1154, 1154, 1164, 1165, 1154, 1165, 1153, 1153, 1165, 1159, 1169, 1175, 1168, 1168, 1175, 1176, 1168, 1176, 1174, 1174, 1176, 1177, 1174, 1177, 1173, 1173, 1177, 1183, 1173, 1183, 1172, 1182, 1178, 1179, 1182, 1179, 1171, 1171, 1179, 1180, 1171, 1180, 1170, 1170, 1180, 1181, 1170, 1181, 1169, 1169, 1181, 1175, 1185, 1191, 1184, 1184, 1191, 1192, 1184, 1192, 1190, 1190, 1192, 1193, 1190, 1193, 1189, 1189, 1193, 1199, 1189, 1199, 1188, 1198, 1194, 1195, 1198, 1195, 1187, 1187, 1195, 1196, 1187, 1196, 1186, 1186, 1196, 1197, 1186, 1197, 1185, 1185, 1197, 1191, 1201, 1207, 1200, 1200, 1207, 1208, 1200, 1208, 1206, 1206, 1208, 1209, 1206, 1209, 1205, 1205, 1209, 1215, 1205, 1215, 1204, 1214, 1210, 1211, 1214, 1211, 1203, 1203, 1211, 1212, 1203, 1212, 1202, 1202, 1212, 1213, 1202, 1213, 1201, 1201, 1213, 1207, 1217, 1223, 1216, 1216, 1223, 1224, 1216, 1224, 1222, 1222, 1224, 1225, 1222, 1225, 1221, 1221, 1225, 1231, 1221, 1231, 1220, 1230, 1226, 1227, 1230, 1227, 1219, 1219, 1227, 1228, 1219, 1228, 1218, 1218, 1228, 1229, 1218, 1229, 1217, 1217, 1229, 1223, 1233, 1239, 1232, 1232, 1239, 1240, 1232, 1240, 1238, 1238, 1240, 1241, 1238, 1241, 1237, 1237, 1241, 1247, 1237, 1247, 1236, 1246, 1242, 1243, 1246, 1243, 1235, 1235, 1243, 1244, 1235, 1244, 1234, 1234, 1244, 1245, 1234, 1245, 1233, 1233, 1245, 1239, 1249, 1255, 1248, 1248, 1255, 1256, 1248, 1256, 1254, 1254, 1256, 1257, 1254, 1257, 1253, 1253, 1257, 1263, 1253, 1263, 1252, 1262, 1258, 1259, 1262, 1259, 1251, 1251, 1259, 1260, 1251, 1260, 1250, 1250, 1260, 1261, 1250, 1261, 1249, 1249, 1261, 1255, 1265, 1271, 1264, 1264, 1271, 1272, 1264, 1272, 1270, 1270, 1272, 1273, 1270, 1273, 1269, 1269, 1273, 1279, 1269, 1279, 1268, 1278, 1274, 1275, 1278, 1275, 1267, 1267, 1275, 1276, 1267, 1276, 1266, 1266, 1276, 1277, 1266, 1277, 1265, 1265, 1277, 1271, 1281, 1287, 1280, 1280, 1287, 1288, 1280, 1288, 1286, 1286, 1288, 1289, 1286, 1289, 1285, 1285, 1289, 1295, 1285, 1295, 1284, 1294, 1290, 1291, 1294, 1291, 1283, 1283, 1291, 1292, 1283, 1292, 1282, 1282, 1292, 1293, 1282, 1293, 1281, 1281, 1293, 1287, 1297, 1303, 1296, 1296, 1303, 1304, 1296, 1304, 1302, 1302, 1304, 1305, 1302, 1305, 1301, 1301, 1305, 1311, 1301, 1311, 1300, 1310, 1306, 1307, 1310, 1307, 1299, 1299, 1307, 1308, 1299, 1308, 1298, 1298, 1308, 1309, 1298, 1309, 1297, 1297, 1309, 1303, 1313, 1319, 1312, 1312, 1319, 1320, 1312, 1320, 1318, 1318, 1320, 1321, 1318, 1321, 1317, 1317, 1321, 1327, 1317, 1327, 1316, 1326, 1322, 1323, 1326, 1323, 1315, 1315, 1323, 1324, 1315, 1324, 1314, 1314, 1324, 1325, 1314, 1325, 1313, 1313, 1325, 1319, 1329, 1335, 1328, 1328, 1335, 1336, 1328, 1336, 1334, 1334, 1336, 1337, 1334, 1337, 1333, 1333, 1337, 1343, 1333, 1343, 1332, 1342, 1338, 1339, 1342, 1339, 1331, 1331, 1339, 1340, 1331, 1340, 1330, 1330, 1340, 1341, 1330, 1341, 1329, 1329, 1341, 1335, 1345, 1351, 1344, 1344, 1351, 1352, 1344, 1352, 1350, 1350, 1352, 1353, 1350, 1353, 1349, 1349, 1353, 1359, 1349, 1359, 1348, 1358, 1354, 1355, 1358, 1355, 1347, 1347, 1355, 1356, 1347, 1356, 1346, 1346, 1356, 1357, 1346, 1357, 1345, 1345, 1357, 1351, 1361, 1977, 1360, 1360, 1977, 1437, 1360, 1437, 1366, 1366, 1437, 1438, 1366, 1438, 1439, 1361, 1362, 1977, 1977, 1362, 1368, 1977, 1368, 1369, 1362, 1363, 1368, 1368, 1363, 1367, 1367, 1363, 1364, 1367, 1364, 1373, 1373, 1364, 1365, 1373, 1365, 1439, 1439, 1365, 1366, 1370, 1375, 1369, 1369, 1375, 1376, 1369, 1376, 1977, 1977, 1376, 1383, 1977, 1383, 1390, 1390, 1383, 1389, 1389, 1383, 1384, 1389, 1384, 1388, 1388, 1384, 1385, 1388, 1385, 1394, 1394, 1385, 1386, 1394, 1386, 1460, 1460, 1386, 1387, 1460, 1387, 1459, 1459, 1387, 1453, 1459, 1453, 1454, 1375, 1370, 1374, 1374, 1370, 1371, 1374, 1371, 1380, 1380, 1371, 1372, 1380, 1372, 1446, 1446, 1372, 1373, 1446, 1373, 1445, 1445, 1373, 1439, 1445, 1439, 1440, 1383, 1376, 1382, 1382, 1376, 1377, 1382, 1377, 1381, 1381, 1377, 1378, 1381, 1378, 1387, 1387, 1378, 1379, 1387, 1379, 1453, 1453, 1379, 1380, 1453, 1380, 1452, 1452, 1380, 1446, 1452, 1446, 1447, 1391, 1396, 1390, 1390, 1396, 1397, 1390, 1397, 1977, 1977, 1397, 1976, 1976, 1397, 1404, 1976, 1404, 1411, 1411, 1404, 1410, 1410, 1404, 1405, 1410, 1405, 1409, 1409, 1405, 1406, 1409, 1406, 1415, 1415, 1406, 1407, 1415, 1407, 1481, 1481, 1407, 1408, 1481, 1408, 1480, 1480, 1408, 1474, 1480, 1474, 1475, 1396, 1391, 1395, 1395, 1391, 1392, 1395, 1392, 1401, 1401, 1392, 1393, 1401, 1393, 1467, 1467, 1393, 1394, 1467, 1394, 1466, 1466, 1394, 1460, 1466, 1460, 1461, 1404, 1397, 1403, 1403, 1397, 1398, 1403, 1398, 1402, 1402, 1398, 1399, 1402, 1399, 1408, 1408, 1399, 1400, 1408, 1400, 1474, 1474, 1400, 1401, 1474, 1401, 1473, 1473, 1401, 1467, 1473, 1467, 1468, 1412, 1417, 1411, 1411, 1417, 1418, 1411, 1418, 1976, 1976, 1418, 1425, 1976, 1425, 1431, 1431, 1425, 1426, 1431, 1426, 1430, 1430, 1426, 1427, 1430, 1427, 1436, 1436, 1427, 1428, 1436, 1428, 1502, 1502, 1428, 1429, 1502, 1429, 1501, 1501, 1429, 1495, 1501, 1495, 1496, 1417, 1412, 1416, 1416, 1412, 1413, 1416, 1413, 1422, 1422, 1413, 1414, 1422, 1414, 1488, 1488, 1414, 1415, 1488, 1415, 1487, 1487, 1415, 1481, 1487, 1481, 1482, 1425, 1418, 1424, 1424, 1418, 1419, 1424, 1419, 1423, 1423, 1419, 1420, 1423, 1420, 1429, 1429, 1420, 1421, 1429, 1421, 1495, 1495, 1421, 1422, 1495, 1422, 1494, 1494, 1422, 1488, 1494, 1488, 1489, 1431, 1432, 1976, 1976, 1432, 1433, 1976, 1433, 1434, 1435, 1509, 1434, 1434, 1509, 1510, 1434, 1510, 1976, 1976, 1510, 1511, 1976, 1511, 1587, 1587, 1511, 1586, 1586, 1511, 1512, 1586, 1512, 1513, 1435, 1436, 1509, 1509, 1436, 1508, 1508, 1436, 1502, 1508, 1502, 1503, 1445, 1440, 1444, 1444, 1440, 1441, 1444, 1441, 1450, 1450, 1441, 1442, 1450, 1442, 1516, 1516, 1442, 1443, 1516, 1443, 1515, 1515, 1443, 1437, 1515, 1437, 1514, 1514, 1437, 1977, 1514, 1977, 1591, 1591, 1977, 1668, 1591, 1668, 1669, 1452, 1447, 1451, 1451, 1447, 1448, 1451, 1448, 1457, 1457, 1448, 1449, 1457, 1449, 1523, 1523, 1449, 1450, 1523, 1450, 1522, 1522, 1450, 1516, 1522, 1516, 1517, 1459, 1454, 1458, 1458, 1454, 1455, 1458, 1455, 1464, 1464, 1455, 1456, 1464, 1456, 1530, 1530, 1456, 1457, 1530, 1457, 1529, 1529, 1457, 1523, 1529, 1523, 1524, 1466, 1461, 1465, 1465, 1461, 1462, 1465, 1462, 1471, 1471, 1462, 1463, 1471, 1463, 1537, 1537, 1463, 1464, 1537, 1464, 1536, 1536, 1464, 1530, 1536, 1530, 1531, 1473, 1468, 1472, 1472, 1468, 1469, 1472, 1469, 1478, 1478, 1469, 1470, 1478, 1470, 1544, 1544, 1470, 1471, 1544, 1471, 1543, 1543, 1471, 1537, 1543, 1537, 1538, 1480, 1475, 1479, 1479, 1475, 1476, 1479, 1476, 1485, 1485, 1476, 1477, 1485, 1477, 1551, 1551, 1477, 1478, 1551, 1478, 1550, 1550, 1478, 1544, 1550, 1544, 1545, 1487, 1482, 1486, 1486, 1482, 1483, 1486, 1483, 1492, 1492, 1483, 1484, 1492, 1484, 1558, 1558, 1484, 1485, 1558, 1485, 1557, 1557, 1485, 1551, 1557, 1551, 1552, 1494, 1489, 1493, 1493, 1489, 1490, 1493, 1490, 1499, 1499, 1490, 1491, 1499, 1491, 1565, 1565, 1491, 1492, 1565, 1492, 1564, 1564, 1492, 1558, 1564, 1558, 1559, 1501, 1496, 1500, 1500, 1496, 1497, 1500, 1497, 1506, 1506, 1497, 1498, 1506, 1498, 1572, 1572, 1498, 1499, 1572, 1499, 1571, 1571, 1499, 1565, 1571, 1565, 1566, 1508, 1503, 1507, 1507, 1503, 1504, 1507, 1504, 1513, 1513, 1504, 1505, 1513, 1505, 1579, 1579, 1505, 1506, 1579, 1506, 1578, 1578, 1506, 1572, 1578, 1572, 1573, 1522, 1517, 1521, 1521, 1517, 1518, 1521, 1518, 1527, 1527, 1518, 1519, 1527, 1519, 1593, 1593, 1519, 1520, 1593, 1520, 1592, 1592, 1520, 1514, 1592, 1514, 1591, 1529, 1524, 1528, 1528, 1524, 1525, 1528, 1525, 1534, 1534, 1525, 1526, 1534, 1526, 1600, 1600, 1526, 1527, 1600, 1527, 1599, 1599, 1527, 1593, 1599, 1593, 1594, 1536, 1531, 1535, 1535, 1531, 1532, 1535, 1532, 1541, 1541, 1532, 1533, 1541, 1533, 1607, 1607, 1533, 1534, 1607, 1534, 1606, 1606, 1534, 1600, 1606, 1600, 1601, 1543, 1538, 1542, 1542, 1538, 1539, 1542, 1539, 1548, 1548, 1539, 1540, 1548, 1540, 1614, 1614, 1540, 1541, 1614, 1541, 1613, 1613, 1541, 1607, 1613, 1607, 1608, 1550, 1545, 1549, 1549, 1545, 1546, 1549, 1546, 1555, 1555, 1546, 1547, 1555, 1547, 1621, 1621, 1547, 1548, 1621, 1548, 1620, 1620, 1548, 1614, 1620, 1614, 1615, 1557, 1552, 1556, 1556, 1552, 1553, 1556, 1553, 1562, 1562, 1553, 1554, 1562, 1554, 1628, 1628, 1554, 1555, 1628, 1555, 1627, 1627, 1555, 1621, 1627, 1621, 1622, 1564, 1559, 1563, 1563, 1559, 1560, 1563, 1560, 1569, 1569, 1560, 1561, 1569, 1561, 1635, 1635, 1561, 1562, 1635, 1562, 1634, 1634, 1562, 1628, 1634, 1628, 1629, 1571, 1566, 1570, 1570, 1566, 1567, 1570, 1567, 1576, 1576, 1567, 1568, 1576, 1568, 1642, 1642, 1568, 1569, 1642, 1569, 1641, 1641, 1569, 1635, 1641, 1635, 1636, 1578, 1573, 1577, 1577, 1573, 1574, 1577, 1574, 1583, 1583, 1574, 1575, 1583, 1575, 1649, 1649, 1575, 1576, 1649, 1576, 1648, 1648, 1576, 1642, 1648, 1642, 1643, 1513, 1579, 1585, 1585, 1579, 1580, 1585, 1580, 1584, 1584, 1580, 1581, 1584, 1581, 1590, 1590, 1581, 1582, 1590, 1582, 1656, 1656, 1582, 1583, 1656, 1583, 1655, 1655, 1583, 1649, 1655, 1649, 1650, 1585, 1586, 1513, 1587, 1588, 1976, 1976, 1588, 1664, 1976, 1664, 1665, 1664, 1588, 1663, 1663, 1588, 1589, 1663, 1589, 1590, 1599, 1594, 1598, 1598, 1594, 1595, 1598, 1595, 1604, 1604, 1595, 1596, 1604, 1596, 1670, 1670, 1596, 1597, 1670, 1597, 1669, 1669, 1597, 1591, 1606, 1601, 1605, 1605, 1601, 1602, 1605, 1602, 1611, 1611, 1602, 1603, 1611, 1603, 1677, 1677, 1603, 1604, 1677, 1604, 1676, 1676, 1604, 1670, 1676, 1670, 1671, 1613, 1608, 1612, 1612, 1608, 1609, 1612, 1609, 1618, 1618, 1609, 1610, 1618, 1610, 1684, 1684, 1610, 1611, 1684, 1611, 1683, 1683, 1611, 1677, 1683, 1677, 1678, 1620, 1615, 1619, 1619, 1615, 1616, 1619, 1616, 1625, 1625, 1616, 1617, 1625, 1617, 1691, 1691, 1617, 1618, 1691, 1618, 1690, 1690, 1618, 1684, 1690, 1684, 1685, 1627, 1622, 1626, 1626, 1622, 1623, 1626, 1623, 1632, 1632, 1623, 1624, 1632, 1624, 1698, 1698, 1624, 1625, 1698, 1625, 1697, 1697, 1625, 1691, 1697, 1691, 1692, 1634, 1629, 1633, 1633, 1629, 1630, 1633, 1630, 1639, 1639, 1630, 1631, 1639, 1631, 1705, 1705, 1631, 1632, 1705, 1632, 1704, 1704, 1632, 1698, 1704, 1698, 1699, 1641, 1636, 1640, 1640, 1636, 1637, 1640, 1637, 1646, 1646, 1637, 1638, 1646, 1638, 1712, 1712, 1638, 1639, 1712, 1639, 1711, 1711, 1639, 1705, 1711, 1705, 1706, 1648, 1643, 1647, 1647, 1643, 1644, 1647, 1644, 1653, 1653, 1644, 1645, 1653, 1645, 1719, 1719, 1645, 1646, 1719, 1646, 1718, 1718, 1646, 1712, 1718, 1712, 1713, 1655, 1650, 1654, 1654, 1650, 1651, 1654, 1651, 1660, 1660, 1651, 1652, 1660, 1652, 1726, 1726, 1652, 1653, 1726, 1653, 1725, 1725, 1653, 1719, 1725, 1719, 1720, 1590, 1656, 1662, 1662, 1656, 1657, 1662, 1657, 1661, 1661, 1657, 1658, 1661, 1658, 1667, 1667, 1658, 1659, 1667, 1659, 1733, 1733, 1659, 1660, 1733, 1660, 1732, 1732, 1660, 1726, 1732, 1726, 1727, 1662, 1663, 1590, 1666, 1740, 1665, 1665, 1740, 1741, 1665, 1741, 1976, 1976, 1741, 1979, 1979, 1741, 1742, 1979, 1742, 1818, 1818, 1742, 1817, 1817, 1742, 1743, 1817, 1743, 1744, 1666, 1667, 1740, 1740, 1667, 1739, 1739, 1667, 1733, 1739, 1733, 1734, 1676, 1671, 1675, 1675, 1671, 1672, 1675, 1672, 1681, 1681, 1672, 1673, 1681, 1673, 1747, 1747, 1673, 1674, 1747, 1674, 1746, 1746, 1674, 1668, 1746, 1668, 1745, 1745, 1668, 1978, 1745, 1978, 1822, 1822, 1978, 1899, 1822, 1899, 1900, 1683, 1678, 1682, 1682, 1678, 1679, 1682, 1679, 1688, 1688, 1679, 1680, 1688, 1680, 1754, 1754, 1680, 1681, 1754, 1681, 1753, 1753, 1681, 1747, 1753, 1747, 1748, 1690, 1685, 1689, 1689, 1685, 1686, 1689, 1686, 1695, 1695, 1686, 1687, 1695, 1687, 1761, 1761, 1687, 1688, 1761, 1688, 1760, 1760, 1688, 1754, 1760, 1754, 1755, 1697, 1692, 1696, 1696, 1692, 1693, 1696, 1693, 1702, 1702, 1693, 1694, 1702, 1694, 1768, 1768, 1694, 1695, 1768, 1695, 1767, 1767, 1695, 1761, 1767, 1761, 1762, 1704, 1699, 1703, 1703, 1699, 1700, 1703, 1700, 1709, 1709, 1700, 1701, 1709, 1701, 1775, 1775, 1701, 1702, 1775, 1702, 1774, 1774, 1702, 1768, 1774, 1768, 1769, 1711, 1706, 1710, 1710, 1706, 1707, 1710, 1707, 1716, 1716, 1707, 1708, 1716, 1708, 1782, 1782, 1708, 1709, 1782, 1709, 1781, 1781, 1709, 1775, 1781, 1775, 1776, 1718, 1713, 1717, 1717, 1713, 1714, 1717, 1714, 1723, 1723, 1714, 1715, 1723, 1715, 1789, 1789, 1715, 1716, 1789, 1716, 1788, 1788, 1716, 1782, 1788, 1782, 1783, 1725, 1720, 1724, 1724, 1720, 1721, 1724, 1721, 1730, 1730, 1721, 1722, 1730, 1722, 1796, 1796, 1722, 1723, 1796, 1723, 1795, 1795, 1723, 1789, 1795, 1789, 1790, 1732, 1727, 1731, 1731, 1727, 1728, 1731, 1728, 1737, 1737, 1728, 1729, 1737, 1729, 1803, 1803, 1729, 1730, 1803, 1730, 1802, 1802, 1730, 1796, 1802, 1796, 1797, 1739, 1734, 1738, 1738, 1734, 1735, 1738, 1735, 1744, 1744, 1735, 1736, 1744, 1736, 1810, 1810, 1736, 1737, 1810, 1737, 1809, 1809, 1737, 1803, 1809, 1803, 1804, 1753, 1748, 1752, 1752, 1748, 1749, 1752, 1749, 1758, 1758, 1749, 1750, 1758, 1750, 1824, 1824, 1750, 1751, 1824, 1751, 1823, 1823, 1751, 1745, 1823, 1745, 1822, 1760, 1755, 1759, 1759, 1755, 1756, 1759, 1756, 1765, 1765, 1756, 1757, 1765, 1757, 1831, 1831, 1757, 1758, 1831, 1758, 1830, 1830, 1758, 1824, 1830, 1824, 1825, 1767, 1762, 1766, 1766, 1762, 1763, 1766, 1763, 1772, 1772, 1763, 1764, 1772, 1764, 1838, 1838, 1764, 1765, 1838, 1765, 1837, 1837, 1765, 1831, 1837, 1831, 1832, 1774, 1769, 1773, 1773, 1769, 1770, 1773, 1770, 1779, 1779, 1770, 1771, 1779, 1771, 1845, 1845, 1771, 1772, 1845, 1772, 1844, 1844, 1772, 1838, 1844, 1838, 1839, 1781, 1776, 1780, 1780, 1776, 1777, 1780, 1777, 1786, 1786, 1777, 1778, 1786, 1778, 1852, 1852, 1778, 1779, 1852, 1779, 1851, 1851, 1779, 1845, 1851, 1845, 1846, 1788, 1783, 1787, 1787, 1783, 1784, 1787, 1784, 1793, 1793, 1784, 1785, 1793, 1785, 1859, 1859, 1785, 1786, 1859, 1786, 1858, 1858, 1786, 1852, 1858, 1852, 1853, 1795, 1790, 1794, 1794, 1790, 1791, 1794, 1791, 1800, 1800, 1791, 1792, 1800, 1792, 1866, 1866, 1792, 1793, 1866, 1793, 1865, 1865, 1793, 1859, 1865, 1859, 1860, 1802, 1797, 1801, 1801, 1797, 1798, 1801, 1798, 1807, 1807, 1798, 1799, 1807, 1799, 1873, 1873, 1799, 1800, 1873, 1800, 1872, 1872, 1800, 1866, 1872, 1866, 1867, 1809, 1804, 1808, 1808, 1804, 1805, 1808, 1805, 1814, 1814, 1805, 1806, 1814, 1806, 1880, 1880, 1806, 1807, 1880, 1807, 1879, 1879, 1807, 1873, 1879, 1873, 1874, 1744, 1810, 1816, 1816, 1810, 1811, 1816, 1811, 1815, 1815, 1811, 1812, 1815, 1812, 1821, 1821, 1812, 1813, 1821, 1813, 1887, 1887, 1813, 1814, 1887, 1814, 1886, 1886, 1814, 1880, 1886, 1880, 1881, 1816, 1817, 1744, 1818, 1819, 1979, 1979, 1819, 1895, 1979, 1895, 1896, 1895, 1819, 1894, 1894, 1819, 1820, 1894, 1820, 1821, 1830, 1825, 1829, 1829, 1825, 1826, 1829, 1826, 1835, 1835, 1826, 1827, 1835, 1827, 1901, 1901, 1827, 1828, 1901, 1828, 1900, 1900, 1828, 1822, 1837, 1832, 1836, 1836, 1832, 1833, 1836, 1833, 1842, 1842, 1833, 1834, 1842, 1834, 1908, 1908, 1834, 1835, 1908, 1835, 1907, 1907, 1835, 1901, 1907, 1901, 1902, 1844, 1839, 1843, 1843, 1839, 1840, 1843, 1840, 1849, 1849, 1840, 1841, 1849, 1841, 1915, 1915, 1841, 1842, 1915, 1842, 1914, 1914, 1842, 1908, 1914, 1908, 1909, 1851, 1846, 1850, 1850, 1846, 1847, 1850, 1847, 1856, 1856, 1847, 1848, 1856, 1848, 1922, 1922, 1848, 1849, 1922, 1849, 1921, 1921, 1849, 1915, 1921, 1915, 1916, 1858, 1853, 1857, 1857, 1853, 1854, 1857, 1854, 1863, 1863, 1854, 1855, 1863, 1855, 1929, 1929, 1855, 1856, 1929, 1856, 1928, 1928, 1856, 1922, 1928, 1922, 1923, 1865, 1860, 1864, 1864, 1860, 1861, 1864, 1861, 1870, 1870, 1861, 1862, 1870, 1862, 1936, 1936, 1862, 1863, 1936, 1863, 1935, 1935, 1863, 1929, 1935, 1929, 1930, 1872, 1867, 1871, 1871, 1867, 1868, 1871, 1868, 1877, 1877, 1868, 1869, 1877, 1869, 1943, 1943, 1869, 1870, 1943, 1870, 1942, 1942, 1870, 1936, 1942, 1936, 1937, 1879, 1874, 1878, 1878, 1874, 1875, 1878, 1875, 1884, 1884, 1875, 1876, 1884, 1876, 1950, 1950, 1876, 1877, 1950, 1877, 1949, 1949, 1877, 1943, 1949, 1943, 1944, 1886, 1881, 1885, 1885, 1881, 1882, 1885, 1882, 1891, 1891, 1882, 1883, 1891, 1883, 1957, 1957, 1883, 1884, 1957, 1884, 1956, 1956, 1884, 1950, 1956, 1950, 1951, 1821, 1887, 1893, 1893, 1887, 1888, 1893, 1888, 1892, 1892, 1888, 1889, 1892, 1889, 1898, 1898, 1889, 1890, 1898, 1890, 1964, 1964, 1890, 1891, 1964, 1891, 1963, 1963, 1891, 1957, 1963, 1957, 1958, 1893, 1894, 1821, 1897, 1971, 1896, 1896, 1971, 1972, 1896, 1972, 1979, 1979, 1972, 1973, 1979, 1973, 1974, 1897, 1898, 1971, 1971, 1898, 1970, 1970, 1898, 1964, 1970, 1964, 1965, 1907, 1902, 1906, 1906, 1902, 1903, 1906, 1903, 1912, 1912, 1903, 1904, 1912, 1904, 1978, 1978, 1904, 1905, 1978, 1905, 1899, 1914, 1909, 1913, 1913, 1909, 1910, 1913, 1910, 1919, 1919, 1910, 1911, 1919, 1911, 1918, 1918, 1911, 1978, 1918, 1978, 1925, 1925, 1978, 1932, 1925, 1932, 1933, 1911, 1912, 1978, 1921, 1916, 1920, 1920, 1916, 1917, 1920, 1917, 1926, 1926, 1917, 1918, 1926, 1918, 1925, 1928, 1923, 1927, 1927, 1923, 1924, 1927, 1924, 1933, 1933, 1924, 1925, 1935, 1930, 1934, 1934, 1930, 1931, 1934, 1931, 1940, 1940, 1931, 1932, 1940, 1932, 1939, 1939, 1932, 1978, 1939, 1978, 1979, 1942, 1937, 1941, 1941, 1937, 1938, 1941, 1938, 1947, 1947, 1938, 1939, 1947, 1939, 1946, 1946, 1939, 1979, 1946, 1979, 1953, 1953, 1979, 1960, 1953, 1960, 1961, 1949, 1944, 1948, 1948, 1944, 1945, 1948, 1945, 1954, 1954, 1945, 1946, 1954, 1946, 1953, 1956, 1951, 1955, 1955, 1951, 1952, 1955, 1952, 1961, 1961, 1952, 1953, 1963, 1958, 1962, 1962, 1958, 1959, 1962, 1959, 1968, 1968, 1959, 1960, 1968, 1960, 1967, 1967, 1960, 1979, 1967, 1979, 1975, 1975, 1979, 1974, 1970, 1965, 1969, 1969, 1965, 1966, 1969, 1966, 1975, 1975, 1966, 1967, 1977, 1978, 1668, 1981, 1987, 1980, 1980, 1987, 1988, 1980, 1988, 1986, 1986, 1988, 1989, 1986, 1989, 1985, 1985, 1989, 1995, 1985, 1995, 1984, 1994, 1990, 1991, 1994, 1991, 1983, 1983, 1991, 1992, 1983, 1992, 1982, 1982, 1992, 1993, 1982, 1993, 1981, 1981, 1993, 1987, 1997, 2073, 1996, 1996, 2073, 2612, 1996, 2612, 2002, 2002, 2612, 2001, 2001, 2612, 2009, 2001, 2009, 2000, 2000, 2009, 2003, 2000, 2003, 1999, 1999, 2003, 2004, 1999, 2004, 1998, 1998, 2004, 2078, 1998, 2078, 1997, 1997, 2078, 2079, 1997, 2079, 2073, 2005, 2085, 2004, 2004, 2085, 2086, 2004, 2086, 2078, 2078, 2086, 2077, 2077, 2086, 2080, 2077, 2080, 2076, 2076, 2080, 2081, 2076, 2081, 2075, 2075, 2081, 2155, 2075, 2155, 2074, 2074, 2155, 2156, 2074, 2156, 2073, 2073, 2156, 2150, 2073, 2150, 2612, 2612, 2150, 2227, 2612, 2227, 2304, 2304, 2227, 2310, 2310, 2227, 2228, 2310, 2228, 2309, 2309, 2228, 2229, 2309, 2229, 2235, 2235, 2229, 2230, 2235, 2230, 2234, 2234, 2230, 2231, 2234, 2231, 2240, 2240, 2231, 2232, 2240, 2232, 2158, 2158, 2232, 2152, 2158, 2152, 2153, 2085, 2005, 2011, 2011, 2005, 2006, 2011, 2006, 2010, 2010, 2006, 2007, 2010, 2007, 2016, 2016, 2007, 2008, 2016, 2008, 2015, 2015, 2008, 2612, 2015, 2612, 2022, 2022, 2612, 2029, 2022, 2029, 2030, 2008, 2009, 2612, 2012, 2092, 2011, 2011, 2092, 2093, 2011, 2093, 2085, 2085, 2093, 2084, 2084, 2093, 2087, 2084, 2087, 2083, 2083, 2087, 2088, 2083, 2088, 2082, 2082, 2088, 2162, 2082, 2162, 2081, 2081, 2162, 2163, 2081, 2163, 2155, 2155, 2163, 2154, 2154, 2163, 2157, 2154, 2157, 2153, 2153, 2157, 2158, 2092, 2012, 2018, 2018, 2012, 2013, 2018, 2013, 2017, 2017, 2013, 2014, 2017, 2014, 2023, 2023, 2014, 2015, 2023, 2015, 2022, 2019, 2099, 2018, 2018, 2099, 2100, 2018, 2100, 2092, 2092, 2100, 2091, 2091, 2100, 2094, 2091, 2094, 2090, 2090, 2094, 2095, 2090, 2095, 2089, 2089, 2095, 2169, 2089, 2169, 2088, 2088, 2169, 2170, 2088, 2170, 2162, 2162, 2170, 2161, 2161, 2170, 2164, 2161, 2164, 2160, 2160, 2164, 2165, 2160, 2165, 2159, 2159, 2165, 2239, 2159, 2239, 2158, 2158, 2239, 2240, 2099, 2019, 2025, 2025, 2019, 2020, 2025, 2020, 2024, 2024, 2020, 2021, 2024, 2021, 2030, 2030, 2021, 2022, 2026, 2106, 2025, 2025, 2106, 2107, 2025, 2107, 2099, 2099, 2107, 2098, 2098, 2107, 2101, 2098, 2101, 2097, 2097, 2101, 2102, 2097, 2102, 2096, 2096, 2102, 2176, 2096, 2176, 2095, 2095, 2176, 2177, 2095, 2177, 2169, 2169, 2177, 2168, 2168, 2177, 2171, 2168, 2171, 2167, 2167, 2171, 2172, 2167, 2172, 2166, 2166, 2172, 2246, 2166, 2246, 2165, 2165, 2246, 2247, 2165, 2247, 2239, 2239, 2247, 2238, 2238, 2247, 2241, 2238, 2241, 2237, 2237, 2241, 2242, 2237, 2242, 2236, 2236, 2242, 2316, 2236, 2316, 2235, 2235, 2316, 2317, 2235, 2317, 2309, 2309, 2317, 2308, 2308, 2317, 2311, 2308, 2311, 2307, 2307, 2311, 2312, 2307, 2312, 2306, 2306, 2312, 2386, 2306, 2386, 2305, 2305, 2386, 2387, 2305, 2387, 2304, 2304, 2387, 2381, 2304, 2381, 2615, 2615, 2381, 2458, 2615, 2458, 2535, 2535, 2458, 2541, 2541, 2458, 2459, 2541, 2459, 2540, 2540, 2459, 2460, 2540, 2460, 2466, 2466, 2460, 2461, 2466, 2461, 2465, 2465, 2461, 2462, 2465, 2462, 2471, 2471, 2462, 2463, 2471, 2463, 2389, 2389, 2463, 2383, 2389, 2383, 2384, 2106, 2026, 2032, 2032, 2026, 2027, 2032, 2027, 2031, 2031, 2027, 2028, 2031, 2028, 2037, 2037, 2028, 2029, 2037, 2029, 2036, 2036, 2029, 2612, 2036, 2612, 2613, 2033, 2113, 2032, 2032, 2113, 2114, 2032, 2114, 2106, 2106, 2114, 2105, 2105, 2114, 2108, 2105, 2108, 2104, 2104, 2108, 2109, 2104, 2109, 2103, 2103, 2109, 2183, 2103, 2183, 2102, 2102, 2183, 2184, 2102, 2184, 2176, 2176, 2184, 2175, 2175, 2184, 2178, 2175, 2178, 2174, 2174, 2178, 2179, 2174, 2179, 2173, 2173, 2179, 2253, 2173, 2253, 2172, 2172, 2253, 2254, 2172, 2254, 2246, 2246, 2254, 2245, 2245, 2254, 2248, 2245, 2248, 2244, 2244, 2248, 2249, 2244, 2249, 2243, 2243, 2249, 2323, 2243, 2323, 2242, 2242, 2323, 2324, 2242, 2324, 2316, 2316, 2324, 2315, 2315, 2324, 2318, 2315, 2318, 2314, 2314, 2318, 2319, 2314, 2319, 2313, 2313, 2319, 2393, 2313, 2393, 2312, 2312, 2393, 2394, 2312, 2394, 2386, 2386, 2394, 2385, 2385, 2394, 2388, 2385, 2388, 2384, 2384, 2388, 2389, 2113, 2033, 2039, 2039, 2033, 2034, 2039, 2034, 2038, 2038, 2034, 2035, 2038, 2035, 2044, 2044, 2035, 2036, 2044, 2036, 2043, 2043, 2036, 2613, 2043, 2613, 2050, 2050, 2613, 2057, 2050, 2057, 2058, 2040, 2120, 2039, 2039, 2120, 2121, 2039, 2121, 2113, 2113, 2121, 2112, 2112, 2121, 2115, 2112, 2115, 2111, 2111, 2115, 2116, 2111, 2116, 2110, 2110, 2116, 2190, 2110, 2190, 2109, 2109, 2190, 2191, 2109, 2191, 2183, 2183, 2191, 2182, 2182, 2191, 2185, 2182, 2185, 2181, 2181, 2185, 2186, 2181, 2186, 2180, 2180, 2186, 2260, 2180, 2260, 2179, 2179, 2260, 2261, 2179, 2261, 2253, 2253, 2261, 2252, 2252, 2261, 2255, 2252, 2255, 2251, 2251, 2255, 2256, 2251, 2256, 2250, 2250, 2256, 2330, 2250, 2330, 2249, 2249, 2330, 2331, 2249, 2331, 2323, 2323, 2331, 2322, 2322, 2331, 2325, 2322, 2325, 2321, 2321, 2325, 2326, 2321, 2326, 2320, 2320, 2326, 2400, 2320, 2400, 2319, 2319, 2400, 2401, 2319, 2401, 2393, 2393, 2401, 2392, 2392, 2401, 2395, 2392, 2395, 2391, 2391, 2395, 2396, 2391, 2396, 2390, 2390, 2396, 2470, 2390, 2470, 2389, 2389, 2470, 2471, 2120, 2040, 2046, 2046, 2040, 2041, 2046, 2041, 2045, 2045, 2041, 2042, 2045, 2042, 2051, 2051, 2042, 2043, 2051, 2043, 2050, 2047, 2127, 2046, 2046, 2127, 2128, 2046, 2128, 2120, 2120, 2128, 2119, 2119, 2128, 2122, 2119, 2122, 2118, 2118, 2122, 2123, 2118, 2123, 2117, 2117, 2123, 2197, 2117, 2197, 2116, 2116, 2197, 2198, 2116, 2198, 2190, 2190, 2198, 2189, 2189, 2198, 2192, 2189, 2192, 2188, 2188, 2192, 2193, 2188, 2193, 2187, 2187, 2193, 2267, 2187, 2267, 2186, 2186, 2267, 2268, 2186, 2268, 2260, 2260, 2268, 2259, 2259, 2268, 2262, 2259, 2262, 2258, 2258, 2262, 2263, 2258, 2263, 2257, 2257, 2263, 2337, 2257, 2337, 2256, 2256, 2337, 2338, 2256, 2338, 2330, 2330, 2338, 2329, 2329, 2338, 2332, 2329, 2332, 2328, 2328, 2332, 2333, 2328, 2333, 2327, 2327, 2333, 2407, 2327, 2407, 2326, 2326, 2407, 2408, 2326, 2408, 2400, 2400, 2408, 2399, 2399, 2408, 2402, 2399, 2402, 2398, 2398, 2402, 2403, 2398, 2403, 2397, 2397, 2403, 2477, 2397, 2477, 2396, 2396, 2477, 2478, 2396, 2478, 2470, 2470, 2478, 2469, 2469, 2478, 2472, 2469, 2472, 2468, 2468, 2472, 2473, 2468, 2473, 2467, 2467, 2473, 2547, 2467, 2547, 2466, 2466, 2547, 2548, 2466, 2548, 2540, 2540, 2548, 2539, 2539, 2548, 2542, 2539, 2542, 2538, 2538, 2542, 2543, 2538, 2543, 2537, 2537, 2543, 2615, 2537, 2615, 2536, 2536, 2615, 2535, 2127, 2047, 2053, 2053, 2047, 2048, 2053, 2048, 2052, 2052, 2048, 2049, 2052, 2049, 2058, 2058, 2049, 2050, 2054, 2134, 2053, 2053, 2134, 2135, 2053, 2135, 2127, 2127, 2135, 2126, 2126, 2135, 2129, 2126, 2129, 2125, 2125, 2129, 2130, 2125, 2130, 2124, 2124, 2130, 2204, 2124, 2204, 2123, 2123, 2204, 2205, 2123, 2205, 2197, 2197, 2205, 2196, 2196, 2205, 2199, 2196, 2199, 2195, 2195, 2199, 2200, 2195, 2200, 2194, 2194, 2200, 2274, 2194, 2274, 2193, 2193, 2274, 2275, 2193, 2275, 2267, 2267, 2275, 2266, 2266, 2275, 2269, 2266, 2269, 2265, 2265, 2269, 2270, 2265, 2270, 2264, 2264, 2270, 2344, 2264, 2344, 2263, 2263, 2344, 2345, 2263, 2345, 2337, 2337, 2345, 2336, 2336, 2345, 2339, 2336, 2339, 2335, 2335, 2339, 2340, 2335, 2340, 2334, 2334, 2340, 2414, 2334, 2414, 2333, 2333, 2414, 2415, 2333, 2415, 2407, 2407, 2415, 2406, 2406, 2415, 2409, 2406, 2409, 2405, 2405, 2409, 2410, 2405, 2410, 2404, 2404, 2410, 2484, 2404, 2484, 2403, 2403, 2484, 2485, 2403, 2485, 2477, 2477, 2485, 2476, 2476, 2485, 2479, 2476, 2479, 2475, 2475, 2479, 2480, 2475, 2480, 2474, 2474, 2480, 2554, 2474, 2554, 2473, 2473, 2554, 2555, 2473, 2555, 2547, 2547, 2555, 2546, 2546, 2555, 2549, 2546, 2549, 2545, 2545, 2549, 2550, 2545, 2550, 2544, 2544, 2550, 2551, 2544, 2551, 2615, 2615, 2551, 2558, 2615, 2558, 2565, 2565, 2558, 2564, 2564, 2558, 2559, 2564, 2559, 2563, 2563, 2559, 2560, 2563, 2560, 2569, 2569, 2560, 2561, 2569, 2561, 2487, 2487, 2561, 2481, 2487, 2481, 2482, 2134, 2054, 2060, 2060, 2054, 2055, 2060, 2055, 2059, 2059, 2055, 2056, 2059, 2056, 2065, 2065, 2056, 2057, 2065, 2057, 2064, 2064, 2057, 2613, 2064, 2613, 2072, 2072, 2613, 2071, 2071, 2613, 2070, 2070, 2613, 2069, 2069, 2613, 2147, 2069, 2147, 2148, 2061, 2141, 2060, 2060, 2141, 2142, 2060, 2142, 2134, 2134, 2142, 2133, 2133, 2142, 2136, 2133, 2136, 2132, 2132, 2136, 2137, 2132, 2137, 2131, 2131, 2137, 2211, 2131, 2211, 2130, 2130, 2211, 2212, 2130, 2212, 2204, 2204, 2212, 2203, 2203, 2212, 2206, 2203, 2206, 2202, 2202, 2206, 2207, 2202, 2207, 2201, 2201, 2207, 2281, 2201, 2281, 2200, 2200, 2281, 2282, 2200, 2282, 2274, 2274, 2282, 2273, 2273, 2282, 2276, 2273, 2276, 2272, 2272, 2276, 2277, 2272, 2277, 2271, 2271, 2277, 2351, 2271, 2351, 2270, 2270, 2351, 2352, 2270, 2352, 2344, 2344, 2352, 2343, 2343, 2352, 2346, 2343, 2346, 2342, 2342, 2346, 2347, 2342, 2347, 2341, 2341, 2347, 2421, 2341, 2421, 2340, 2340, 2421, 2422, 2340, 2422, 2414, 2414, 2422, 2413, 2413, 2422, 2416, 2413, 2416, 2412, 2412, 2416, 2417, 2412, 2417, 2411, 2411, 2417, 2491, 2411, 2491, 2410, 2410, 2491, 2492, 2410, 2492, 2484, 2484, 2492, 2483, 2483, 2492, 2486, 2483, 2486, 2482, 2482, 2486, 2487, 2141, 2061, 2067, 2067, 2061, 2062, 2067, 2062, 2066, 2066, 2062, 2063, 2066, 2063, 2072, 2072, 2063, 2064, 2068, 2148, 2067, 2067, 2148, 2149, 2067, 2149, 2141, 2141, 2149, 2140, 2140, 2149, 2143, 2140, 2143, 2139, 2139, 2143, 2144, 2139, 2144, 2138, 2138, 2144, 2218, 2138, 2218, 2137, 2137, 2218, 2219, 2137, 2219, 2211, 2211, 2219, 2210, 2210, 2219, 2213, 2210, 2213, 2209, 2209, 2213, 2214, 2209, 2214, 2208, 2208, 2214, 2288, 2208, 2288, 2207, 2207, 2288, 2289, 2207, 2289, 2281, 2281, 2289, 2280, 2280, 2289, 2283, 2280, 2283, 2279, 2279, 2283, 2284, 2279, 2284, 2278, 2278, 2284, 2358, 2278, 2358, 2277, 2277, 2358, 2359, 2277, 2359, 2351, 2351, 2359, 2350, 2350, 2359, 2353, 2350, 2353, 2349, 2349, 2353, 2354, 2349, 2354, 2348, 2348, 2354, 2428, 2348, 2428, 2347, 2347, 2428, 2429, 2347, 2429, 2421, 2421, 2429, 2420, 2420, 2429, 2423, 2420, 2423, 2419, 2419, 2423, 2424, 2419, 2424, 2418, 2418, 2424, 2498, 2418, 2498, 2417, 2417, 2498, 2499, 2417, 2499, 2491, 2491, 2499, 2490, 2490, 2499, 2493, 2490, 2493, 2489, 2489, 2493, 2494, 2489, 2494, 2488, 2488, 2494, 2568, 2488, 2568, 2487, 2487, 2568, 2569, 2068, 2069, 2148, 2145, 2225, 2144, 2144, 2225, 2226, 2144, 2226, 2218, 2218, 2226, 2217, 2217, 2226, 2220, 2217, 2220, 2216, 2216, 2220, 2221, 2216, 2221, 2215, 2215, 2221, 2295, 2215, 2295, 2214, 2214, 2295, 2296, 2214, 2296, 2288, 2288, 2296, 2287, 2287, 2296, 2290, 2287, 2290, 2286, 2286, 2290, 2291, 2286, 2291, 2285, 2285, 2291, 2365, 2285, 2365, 2284, 2284, 2365, 2366, 2284, 2366, 2358, 2358, 2366, 2357, 2357, 2366, 2360, 2357, 2360, 2356, 2356, 2360, 2361, 2356, 2361, 2355, 2355, 2361, 2435, 2355, 2435, 2354, 2354, 2435, 2436, 2354, 2436, 2428, 2428, 2436, 2427, 2427, 2436, 2430, 2427, 2430, 2426, 2426, 2430, 2431, 2426, 2431, 2425, 2425, 2431, 2505, 2425, 2505, 2424, 2424, 2505, 2506, 2424, 2506, 2498, 2498, 2506, 2497, 2497, 2506, 2500, 2497, 2500, 2496, 2496, 2500, 2501, 2496, 2501, 2495, 2495, 2501, 2575, 2495, 2575, 2494, 2494, 2575, 2576, 2494, 2576, 2568, 2568, 2576, 2567, 2567, 2576, 2570, 2567, 2570, 2566, 2566, 2570, 2571, 2566, 2571, 2565, 2565, 2571, 2572, 2565, 2572, 2615, 2615, 2572, 2614, 2614, 2572, 2579, 2614, 2579, 2586, 2586, 2579, 2585, 2585, 2579, 2580, 2585, 2580, 2584, 2584, 2580, 2581, 2584, 2581, 2590, 2590, 2581, 2582, 2590, 2582, 2508, 2508, 2582, 2502, 2508, 2502, 2503, 2145, 2146, 2225, 2225, 2146, 2224, 2224, 2146, 2613, 2224, 2613, 2223, 2223, 2613, 2301, 2223, 2301, 2302, 2146, 2147, 2613, 2227, 2150, 2233, 2233, 2150, 2151, 2233, 2151, 2232, 2232, 2151, 2152, 2222, 2302, 2221, 2221, 2302, 2303, 2221, 2303, 2295, 2295, 2303, 2294, 2294, 2303, 2297, 2294, 2297, 2293, 2293, 2297, 2298, 2293, 2298, 2292, 2292, 2298, 2372, 2292, 2372, 2291, 2291, 2372, 2373, 2291, 2373, 2365, 2365, 2373, 2364, 2364, 2373, 2367, 2364, 2367, 2363, 2363, 2367, 2368, 2363, 2368, 2362, 2362, 2368, 2442, 2362, 2442, 2361, 2361, 2442, 2443, 2361, 2443, 2435, 2435, 2443, 2434, 2434, 2443, 2437, 2434, 2437, 2433, 2433, 2437, 2438, 2433, 2438, 2432, 2432, 2438, 2512, 2432, 2512, 2431, 2431, 2512, 2513, 2431, 2513, 2505, 2505, 2513, 2504, 2504, 2513, 2507, 2504, 2507, 2503, 2503, 2507, 2508, 2222, 2223, 2302, 2299, 2379, 2298, 2298, 2379, 2380, 2298, 2380, 2372, 2372, 2380, 2371, 2371, 2380, 2374, 2371, 2374, 2370, 2370, 2374, 2375, 2370, 2375, 2369, 2369, 2375, 2449, 2369, 2449, 2368, 2368, 2449, 2450, 2368, 2450, 2442, 2442, 2450, 2441, 2441, 2450, 2444, 2441, 2444, 2440, 2440, 2444, 2445, 2440, 2445, 2439, 2439, 2445, 2519, 2439, 2519, 2438, 2438, 2519, 2520, 2438, 2520, 2512, 2512, 2520, 2511, 2511, 2520, 2514, 2511, 2514, 2510, 2510, 2514, 2515, 2510, 2515, 2509, 2509, 2515, 2589, 2509, 2589, 2508, 2508, 2589, 2590, 2299, 2300, 2379, 2379, 2300, 2378, 2378, 2300, 2613, 2378, 2613, 2614, 2300, 2301, 2613, 2376, 2456, 2375, 2375, 2456, 2457, 2375, 2457, 2449, 2449, 2457, 2448, 2448, 2457, 2451, 2448, 2451, 2447, 2447, 2451, 2452, 2447, 2452, 2446, 2446, 2452, 2526, 2446, 2526, 2445, 2445, 2526, 2527, 2445, 2527, 2519, 2519, 2527, 2518, 2518, 2527, 2521, 2518, 2521, 2517, 2517, 2521, 2522, 2517, 2522, 2516, 2516, 2522, 2596, 2516, 2596, 2515, 2515, 2596, 2597, 2515, 2597, 2589, 2589, 2597, 2588, 2588, 2597, 2591, 2588, 2591, 2587, 2587, 2591, 2592, 2587, 2592, 2586, 2586, 2592, 2593, 2586, 2593, 2614, 2614, 2593, 2600, 2614, 2600, 2606, 2606, 2600, 2601, 2606, 2601, 2605, 2605, 2601, 2602, 2605, 2602, 2611, 2611, 2602, 2603, 2611, 2603, 2529, 2529, 2603, 2523, 2529, 2523, 2524, 2376, 2377, 2456, 2456, 2377, 2455, 2455, 2377, 2614, 2455, 2614, 2454, 2454, 2614, 2532, 2454, 2532, 2533, 2377, 2378, 2614, 2458, 2381, 2464, 2464, 2381, 2382, 2464, 2382, 2463, 2463, 2382, 2383, 2453, 2533, 2452, 2452, 2533, 2534, 2452, 2534, 2526, 2526, 2534, 2525, 2525, 2534, 2528, 2525, 2528, 2524, 2524, 2528, 2529, 2453, 2454, 2533, 2481, 2561, 2480, 2480, 2561, 2562, 2480, 2562, 2554, 2554, 2562, 2553, 2553, 2562, 2556, 2553, 2556, 2552, 2552, 2556, 2557, 2552, 2557, 2551, 2551, 2557, 2558, 2502, 2582, 2501, 2501, 2582, 2583, 2501, 2583, 2575, 2575, 2583, 2574, 2574, 2583, 2577, 2574, 2577, 2573, 2573, 2577, 2578, 2573, 2578, 2572, 2572, 2578, 2579, 2523, 2603, 2522, 2522, 2603, 2604, 2522, 2604, 2596, 2596, 2604, 2595, 2595, 2604, 2598, 2595, 2598, 2594, 2594, 2598, 2599, 2594, 2599, 2593, 2593, 2599, 2600, 2611, 2529, 2610, 2610, 2529, 2530, 2610, 2530, 2531, 2532, 2614, 2531, 2531, 2614, 2609, 2531, 2609, 2610, 2543, 2544, 2615, 2606, 2607, 2614, 2614, 2607, 2608, 2614, 2608, 2609, 2615, 2612, 2304, 2617, 2623, 2616, 2616, 2623, 2624, 2616, 2624, 2622, 2622, 2624, 2625, 2622, 2625, 2621, 2621, 2625, 2631, 2621, 2631, 2620, 2630, 2626, 2627, 2630, 2627, 2619, 2619, 2627, 2628, 2619, 2628, 2618, 2618, 2628, 2629, 2618, 2629, 2617, 2617, 2629, 2623, 2633, 2639, 2632, 2632, 2639, 2640, 2632, 2640, 2638, 2638, 2640, 2641, 2638, 2641, 2637, 2637, 2641, 2647, 2637, 2647, 2636, 2646, 2642, 2643, 2646, 2643, 2635, 2635, 2643, 2644, 2635, 2644, 2634, 2634, 2644, 2645, 2634, 2645, 2633, 2633, 2645, 2639, 2649, 2655, 2648, 2648, 2655, 2656, 2648, 2656, 2654, 2654, 2656, 2657, 2654, 2657, 2653, 2653, 2657, 2663, 2653, 2663, 2652, 2662, 2658, 2659, 2662, 2659, 2651, 2651, 2659, 2660, 2651, 2660, 2650, 2650, 2660, 2661, 2650, 2661, 2649, 2649, 2661, 2655]
        rel material:binding = </Env/Looks/GrayPlastic>
        uniform token physics:approximation = "none"
        point3f[] points = [(0.154, -0.35, -0.025), (0.152494, -0.353127, -0.025), (0.14911, -0.3539, -0.025), (0.146396, -0.351736, -0.025), (0.146396, -0.348264, -0.025), (0.14911, -0.3461, -0.025), (0.152494, -0.346873, -0.025), (0.154, -0.35, -0.015), (0.152494, -0.346873, -0.015), (0.14911, -0.3461, -0.015), (0.146396, -0.348264, -0.015), (0.146396, -0.351736, -0.015), (0.14911, -0.3539, -0.015), (0.152494, -0.353127, -0.015), (0.146396, -0.348264, -0.025), (0.146396, -0.348264, -0.015), (0.254, -0.35, -0.025), (0.252494, -0.353127, -0.025), (0.24911, -0.3539, -0.025), (0.246396, -0.351736, -0.025), (0.246396, -0.348264, -0.025), (0.24911, -0.3461, -0.025), (0.252494, -0.346873, -0.025), (0.254, -0.35, -0.015), (0.252494, -0.346873, -0.015), (0.24911, -0.3461, -0.015), (0.246396, -0.348264, -0.015), (0.246396, -0.351736, -0.015), (0.24911, -0.3539, -0.015), (0.252494, -0.353127, -0.015), (0.246396, -0.348264, -0.025), (0.246396, -0.348264, -0.015), (0.354, -0.35, -0.025), (0.352494, -0.353127, -0.025), (0.34911, -0.3539, -0.025), (0.346396, -0.351736, -0.025), (0.346396, -0.348264, -0.025), (0.34911, -0.3461, -0.025), (0.352494, -0.346873, -0.025), (0.354, -0.35, -0.015), (0.352494, -0.346873, -0.015), (0.34911, -0.3461, -0.015), (0.346396, -0.348264, -0.015), (0.346396, -0.351736, -0.015), (0.34911, -0.3539, -0.015), (0.352494, -0.353127, -0.015), (0.346396, -0.348264, -0.025), (0.346396, -0.348264, -0.015), (0.45, -0.45, -0.015), (-0.75, -0.45, -0.015), (-0.75, -0.45, -0.025), (0.45, -0.45, -0.025), (-0.75, -0.45, -0.015), (-0.75, 0.45, -0.015), (-0.75, 0.45, -0.025), (-0.75, -0.45, -0.025), (-0.75, 0.45, -0.015), (0.45, 0.45, -0.015), (0.45, 0.45, -0.025), (-0.75, 0.45, -0.025), (0.45, 0.45, -0.015), (0.45, -0.45, -0.015), (0.45, -0.45, -0.025), (0.45, 0.45, -0.025), (-0.646, 0.35, -0.025), (-0.647506, 0.346873, -0.025), (-0.65089, 0.3461, -0.025), (-0.653604, 0.348264, -0.025), (-0.653604, 0.351736, -0.025), (-0.65089, 0.3539, -0.025), (-0.647506, 0.353127, -0.025), (-0.646, 0.35, -0.015), (-0.647506, 0.353127, -0.015), (-0.65089, 0.3539, -0.015), (-0.653604, 0.351736, -0.015), (-0.653604, 0.348264, -0.015), (-0.65089, 0.3461, -0.015), (-0.647506, 0.346873, -0.015), (-0.653604, 0.351736, -0.025), (-0.653604, 0.351736, -0.015), (-0.546, 0.35, -0.025), (-0.547506, 0.346873, -0.025), (-0.55089, 0.3461, -0.025), (-0.553604, 0.348264, -0.025), (-0.553604, 0.351736, -0.025), (-0.55089, 0.3539, -0.025), (-0.547506, 0.353127, -0.025), (-0.546, 0.35, -0.015), (-0.547506, 0.353127, -0.015), (-0.55089, 0.3539, -0.015), (-0.553604, 0.351736, -0.015), (-0.553604, 0.348264, -0.015), (-0.55089, 0.3461, -0.015), (-0.547506, 0.346873, -0.015), (-0.553604, 0.351736, -0.025), (-0.553604, 0.351736, -0.015), (-0.446, 0.35, -0.025), (-0.447506, 0.346873, -0.025), (-0.45089, 0.3461, -0.025), (-0.453604, 0.348264, -0.025), (-0.453604, 0.351736, -0.025), (-0.45089, 0.3539, -0.025), (-0.447506, 0.353127, -0.025), (-0.446, 0.35, -0.015), (-0.447506, 0.353127, -0.015), (-0.45089, 0.3539, -0.015), (-0.453604, 0.351736, -0.015), (-0.453604, 0.348264, -0.015), (-0.45089, 0.3461, -0.015), (-0.447506, 0.346873, -0.015), (-0.453604, 0.351736, -0.025), (-0.453604, 0.351736, -0.015), (-0.346, 0.35, -0.025), (-0.347506, 0.346873, -0.025), (-0.35089, 0.3461, -0.025), (-0.353604, 0.348264, -0.025), (-0.353604, 0.351736, -0.025), (-0.35089, 0.3539, -0.025), (-0.347506, 0.353127, -0.025), (-0.346, 0.35, -0.015), (-0.347506, 0.353127, -0.015), (-0.35089, 0.3539, -0.015), (-0.353604, 0.351736, -0.015), (-0.353604, 0.348264, -0.015), (-0.35089, 0.3461, -0.015), (-0.347506, 0.346873, -0.015), (-0.353604, 0.351736, -0.025), (-0.353604, 0.351736, -0.015), (-0.246, 0.35, -0.025), (-0.247506, 0.346873, -0.025), (-0.25089, 0.3461, -0.025), (-0.253604, 0.348264, -0.025), (-0.253604, 0.351736, -0.025), (-0.25089, 0.3539, -0.025), (-0.247506, 0.353127, -0.025), (-0.246, 0.35, -0.015), (-0.247506, 0.353127, -0.015), (-0.25089, 0.3539, -0.015), (-0.253604, 0.351736, -0.015), (-0.253604, 0.348264, -0.015), (-0.25089, 0.3461, -0.015), (-0.247506, 0.346873, -0.015), (-0.253604, 0.351736, -0.025), (-0.253604, 0.351736, -0.015), (-0.146, 0.35, -0.025), (-0.147506, 0.346873, -0.025), (-0.15089, 0.3461, -0.025), (-0.153604, 0.348264, -0.025), (-0.153604, 0.351736, -0.025), (-0.15089, 0.3539, -0.025), (-0.147506, 0.353127, -0.025), (-0.146, 0.35, -0.015), (-0.147506, 0.353127, -0.015), (-0.15089, 0.3539, -0.015), (-0.153604, 0.351736, -0.015), (-0.153604, 0.348264, -0.015), (-0.15089, 0.3461, -0.015), (-0.147506, 0.346873, -0.015), (-0.153604, 0.351736, -0.025), (-0.153604, 0.351736, -0.015), (-0.046, 0.35, -0.025), (-0.047506, 0.346873, -0.025), (-0.0508901, 0.3461, -0.025), (-0.0536039, 0.348264, -0.025), (-0.0536039, 0.351736, -0.025), (-0.0508901, 0.3539, -0.025), (-0.047506, 0.353127, -0.025), (-0.046, 0.35, -0.015), (-0.047506, 0.353127, -0.015), (-0.0508901, 0.3539, -0.015), (-0.0536039, 0.351736, -0.015), (-0.0536039, 0.348264, -0.015), (-0.0508901, 0.3461, -0.015), (-0.047506, 0.346873, -0.015), (-0.0536039, 0.351736, -0.025), (-0.0536039, 0.351736, -0.015), (0.054, 0.35, -0.025), (0.052494, 0.346873, -0.025), (0.0491099, 0.3461, -0.025), (0.0463961, 0.348264, -0.025), (0.0463961, 0.351736, -0.025), (0.0491099, 0.3539, -0.025), (0.052494, 0.353127, -0.025), (0.054, 0.35, -0.015), (0.052494, 0.353127, -0.015), (0.0491099, 0.3539, -0.015), (0.0463961, 0.351736, -0.015), (0.0463961, 0.348264, -0.015), (0.0491099, 0.3461, -0.015), (0.052494, 0.346873, -0.015), (0.0463961, 0.351736, -0.025), (0.0463961, 0.351736, -0.015), (0.154, 0.35, -0.025), (0.152494, 0.346873, -0.025), (0.14911, 0.3461, -0.025), (0.146396, 0.348264, -0.025), (0.146396, 0.351736, -0.025), (0.14911, 0.3539, -0.025), (0.152494, 0.353127, -0.025), (0.154, 0.35, -0.015), (0.152494, 0.353127, -0.015), (0.14911, 0.3539, -0.015), (0.146396, 0.351736, -0.015), (0.146396, 0.348264, -0.015), (0.14911, 0.3461, -0.015), (0.152494, 0.346873, -0.015), (0.146396, 0.351736, -0.025), (0.146396, 0.351736, -0.015), (0.254, 0.35, -0.025), (0.252494, 0.346873, -0.025), (0.24911, 0.3461, -0.025), (0.246396, 0.348264, -0.025), (0.246396, 0.351736, -0.025), (0.24911, 0.3539, -0.025), (0.252494, 0.353127, -0.025), (0.254, 0.35, -0.015), (0.252494, 0.353127, -0.015), (0.24911, 0.3539, -0.015), (0.246396, 0.351736, -0.015), (0.246396, 0.348264, -0.015), (0.24911, 0.3461, -0.015), (0.252494, 0.346873, -0.015), (0.246396, 0.351736, -0.025), (0.246396, 0.351736, -0.015), (0.354, 0.35, -0.025), (0.352494, 0.346873, -0.025), (0.34911, 0.3461, -0.025), (0.346396, 0.348264, -0.025), (0.346396, 0.351736, -0.025), (0.34911, 0.3539, -0.025), (0.352494, 0.353127, -0.025), (0.354, 0.35, -0.015), (0.352494, 0.353127, -0.015), (0.34911, 0.3539, -0.015), (0.346396, 0.351736, -0.015), (0.346396, 0.348264, -0.015), (0.34911, 0.3461, -0.015), (0.352494, 0.346873, -0.015), (0.346396, 0.351736, -0.025), (0.346396, 0.351736, -0.015), (-0.646, 0.25, -0.025), (-0.647506, 0.246873, -0.025), (-0.65089, 0.2461, -0.025), (-0.653604, 0.248264, -0.025), (-0.653604, 0.251736, -0.025), (-0.65089, 0.2539, -0.025), (-0.647506, 0.253127, -0.025), (-0.646, 0.25, -0.015), (-0.647506, 0.253127, -0.015), (-0.65089, 0.2539, -0.015), (-0.653604, 0.251736, -0.015), (-0.653604, 0.248264, -0.015), (-0.65089, 0.2461, -0.015), (-0.647506, 0.246873, -0.015), (-0.653604, 0.251736, -0.025), (-0.653604, 0.251736, -0.015), (-0.546, 0.25, -0.025), (-0.547506, 0.246873, -0.025), (-0.55089, 0.2461, -0.025), (-0.553604, 0.248264, -0.025), (-0.553604, 0.251736, -0.025), (-0.55089, 0.2539, -0.025), (-0.547506, 0.253127, -0.025), (-0.546, 0.25, -0.015), (-0.547506, 0.253127, -0.015), (-0.55089, 0.2539, -0.015), (-0.553604, 0.251736, -0.015), (-0.553604, 0.248264, -0.015), (-0.55089, 0.2461, -0.015), (-0.547506, 0.246873, -0.015), (-0.553604, 0.251736, -0.025), (-0.553604, 0.251736, -0.015), (-0.446, 0.25, -0.025), (-0.447506, 0.246873, -0.025), (-0.45089, 0.2461, -0.025), (-0.453604, 0.248264, -0.025), (-0.453604, 0.251736, -0.025), (-0.45089, 0.2539, -0.025), (-0.447506, 0.253127, -0.025), (-0.446, 0.25, -0.015), (-0.447506, 0.253127, -0.015), (-0.45089, 0.2539, -0.015), (-0.453604, 0.251736, -0.015), (-0.453604, 0.248264, -0.015), (-0.45089, 0.2461, -0.015), (-0.447506, 0.246873, -0.015), (-0.453604, 0.251736, -0.025), (-0.453604, 0.251736, -0.015), (-0.346, 0.25, -0.025), (-0.347506, 0.246873, -0.025), (-0.35089, 0.2461, -0.025), (-0.353604, 0.248264, -0.025), (-0.353604, 0.251736, -0.025), (-0.35089, 0.2539, -0.025), (-0.347506, 0.253127, -0.025), (-0.346, 0.25, -0.015), (-0.347506, 0.253127, -0.015), (-0.35089, 0.2539, -0.015), (-0.353604, 0.251736, -0.015), (-0.353604, 0.248264, -0.015), (-0.35089, 0.2461, -0.015), (-0.347506, 0.246873, -0.015), (-0.353604, 0.251736, -0.025), (-0.353604, 0.251736, -0.015), (-0.246, 0.25, -0.025), (-0.247506, 0.246873, -0.025), (-0.25089, 0.2461, -0.025), (-0.253604, 0.248264, -0.025), (-0.253604, 0.251736, -0.025), (-0.25089, 0.2539, -0.025), (-0.247506, 0.253127, -0.025), (-0.246, 0.25, -0.015), (-0.247506, 0.253127, -0.015), (-0.25089, 0.2539, -0.015), (-0.253604, 0.251736, -0.015), (-0.253604, 0.248264, -0.015), (-0.25089, 0.2461, -0.015), (-0.247506, 0.246873, -0.015), (-0.253604, 0.251736, -0.025), (-0.253604, 0.251736, -0.015), (-0.146, 0.25, -0.025), (-0.147506, 0.246873, -0.025), (-0.15089, 0.2461, -0.025), (-0.153604, 0.248264, -0.025), (-0.153604, 0.251736, -0.025), (-0.15089, 0.2539, -0.025), (-0.147506, 0.253127, -0.025), (-0.146, 0.25, -0.015), (-0.147506, 0.253127, -0.015), (-0.15089, 0.2539, -0.015), (-0.153604, 0.251736, -0.015), (-0.153604, 0.248264, -0.015), (-0.15089, 0.2461, -0.015), (-0.147506, 0.246873, -0.015), (-0.153604, 0.251736, -0.025), (-0.153604, 0.251736, -0.015), (-0.046, 0.25, -0.025), (-0.047506, 0.246873, -0.025), (-0.0508901, 0.2461, -0.025), (-0.0536039, 0.248264, -0.025), (-0.0536039, 0.251736, -0.025), (-0.0508901, 0.2539, -0.025), (-0.047506, 0.253127, -0.025), (-0.046, 0.25, -0.015), (-0.047506, 0.253127, -0.015), (-0.0508901, 0.2539, -0.015), (-0.0536039, 0.251736, -0.015), (-0.0536039, 0.248264, -0.015), (-0.0508901, 0.2461, -0.015), (-0.047506, 0.246873, -0.015), (-0.0536039, 0.251736, -0.025), (-0.0536039, 0.251736, -0.015), (0.054, 0.25, -0.025), (0.052494, 0.246873, -0.025), (0.0491099, 0.2461, -0.025), (0.0463961, 0.248264, -0.025), (0.0463961, 0.251736, -0.025), (0.0491099, 0.2539, -0.025), (0.052494, 0.253127, -0.025), (0.054, 0.25, -0.015), (0.052494, 0.253127, -0.015), (0.0491099, 0.2539, -0.015), (0.0463961, 0.251736, -0.015), (0.0463961, 0.248264, -0.015), (0.0491099, 0.2461, -0.015), (0.052494, 0.246873, -0.015), (0.0463961, 0.251736, -0.025), (0.0463961, 0.251736, -0.015), (0.154, 0.25, -0.025), (0.152494, 0.246873, -0.025), (0.14911, 0.2461, -0.025), (0.146396, 0.248264, -0.025), (0.146396, 0.251736, -0.025), (0.14911, 0.2539, -0.025), (0.152494, 0.253127, -0.025), (0.154, 0.25, -0.015), (0.152494, 0.253127, -0.015), (0.14911, 0.2539, -0.015), (0.146396, 0.251736, -0.015), (0.146396, 0.248264, -0.015), (0.14911, 0.2461, -0.015), (0.152494, 0.246873, -0.015), (0.146396, 0.251736, -0.025), (0.146396, 0.251736, -0.015), (0.254, 0.25, -0.025), (0.252494, 0.246873, -0.025), (0.24911, 0.2461, -0.025), (0.246396, 0.248264, -0.025), (0.246396, 0.251736, -0.025), (0.24911, 0.2539, -0.025), (0.252494, 0.253127, -0.025), (0.254, 0.25, -0.015), (0.252494, 0.253127, -0.015), (0.24911, 0.2539, -0.015), (0.246396, 0.251736, -0.015), (0.246396, 0.248264, -0.015), (0.24911, 0.2461, -0.015), (0.252494, 0.246873, -0.015), (0.246396, 0.251736, -0.025), (0.246396, 0.251736, -0.015), (0.354, 0.25, -0.025), (0.352494, 0.246873, -0.025), (0.34911, 0.2461, -0.025), (0.346396, 0.248264, -0.025), (0.346396, 0.251736, -0.025), (0.34911, 0.2539, -0.025), (0.352494, 0.253127, -0.025), (0.354, 0.25, -0.015), (0.352494, 0.253127, -0.015), (0.34911, 0.2539, -0.015), (0.346396, 0.251736, -0.015), (0.346396, 0.248264, -0.015), (0.34911, 0.2461, -0.015), (0.352494, 0.246873, -0.015), (0.346396, 0.251736, -0.025), (0.346396, 0.251736, -0.015), (-0.646, 0.15, -0.025), (-0.647506, 0.146873, -0.025), (-0.65089, 0.1461, -0.025), (-0.653604, 0.148264, -0.025), (-0.653604, 0.151736, -0.025), (-0.65089, 0.1539, -0.025), (-0.647506, 0.153127, -0.025), (-0.646, 0.15, -0.015), (-0.647506, 0.153127, -0.015), (-0.65089, 0.1539, -0.015), (-0.653604, 0.151736, -0.015), (-0.653604, 0.148264, -0.015), (-0.65089, 0.1461, -0.015), (-0.647506, 0.146873, -0.015), (-0.653604, 0.151736, -0.025), (-0.653604, 0.151736, -0.015), (-0.546, 0.15, -0.025), (-0.547506, 0.146873, -0.025), (-0.55089, 0.1461, -0.025), (-0.553604, 0.148264, -0.025), (-0.553604, 0.151736, -0.025), (-0.55089, 0.1539, -0.025), (-0.547506, 0.153127, -0.025), (-0.546, 0.15, -0.015), (-0.547506, 0.153127, -0.015), (-0.55089, 0.1539, -0.015), (-0.553604, 0.151736, -0.015), (-0.553604, 0.148264, -0.015), (-0.55089, 0.1461, -0.015), (-0.547506, 0.146873, -0.015), (-0.553604, 0.151736, -0.025), (-0.553604, 0.151736, -0.015), (-0.446, 0.15, -0.025), (-0.447506, 0.146873, -0.025), (-0.45089, 0.1461, -0.025), (-0.453604, 0.148264, -0.025), (-0.453604, 0.151736, -0.025), (-0.45089, 0.1539, -0.025), (-0.447506, 0.153127, -0.025), (-0.446, 0.15, -0.015), (-0.447506, 0.153127, -0.015), (-0.45089, 0.1539, -0.015), (-0.453604, 0.151736, -0.015), (-0.453604, 0.148264, -0.015), (-0.45089, 0.1461, -0.015), (-0.447506, 0.146873, -0.015), (-0.453604, 0.151736, -0.025), (-0.453604, 0.151736, -0.015), (-0.346, 0.15, -0.025), (-0.347506, 0.146873, -0.025), (-0.35089, 0.1461, -0.025), (-0.353604, 0.148264, -0.025), (-0.353604, 0.151736, -0.025), (-0.35089, 0.1539, -0.025), (-0.347506, 0.153127, -0.025), (-0.346, 0.15, -0.015), (-0.347506, 0.153127, -0.015), (-0.35089, 0.1539, -0.015), (-0.353604, 0.151736, -0.015), (-0.353604, 0.148264, -0.015), (-0.35089, 0.1461, -0.015), (-0.347506, 0.146873, -0.015), (-0.353604, 0.151736, -0.025), (-0.353604, 0.151736, -0.015), (-0.246, 0.15, -0.025), (-0.247506, 0.146873, -0.025), (-0.25089, 0.1461, -0.025), (-0.253604, 0.148264, -0.025), (-0.253604, 0.151736, -0.025), (-0.25089, 0.1539, -0.025), (-0.247506, 0.153127, -0.025), (-0.246, 0.15, -0.015), (-0.247506, 0.153127, -0.015), (-0.25089, 0.1539, -0.015), (-0.253604, 0.151736, -0.015), (-0.253604, 0.148264, -0.015), (-0.25089, 0.1461, -0.015), (-0.247506, 0.146873, -0.015), (-0.253604, 0.151736, -0.025), (-0.253604, 0.151736, -0.015), (-0.146, 0.15, -0.025), (-0.147506, 0.146873, -0.025), (-0.15089, 0.1461, -0.025), (-0.153604, 0.148264, -0.025), (-0.153604, 0.151736, -0.025), (-0.15089, 0.1539, -0.025), (-0.147506, 0.153127, -0.025), (-0.146, 0.15, -0.015), (-0.147506, 0.153127, -0.015), (-0.15089, 0.1539, -0.015), (-0.153604, 0.151736, -0.015), (-0.153604, 0.148264, -0.015), (-0.15089, 0.1461, -0.015), (-0.147506, 0.146873, -0.015), (-0.153604, 0.151736, -0.025), (-0.153604, 0.151736, -0.015), (-0.046, 0.15, -0.025), (-0.047506, 0.146873, -0.025), (-0.0508901, 0.1461, -0.025), (-0.0536039, 0.148264, -0.025), (-0.0536039, 0.151736, -0.025), (-0.0508901, 0.1539, -0.025), (-0.047506, 0.153127, -0.025), (-0.046, 0.15, -0.015), (-0.047506, 0.153127, -0.015), (-0.0508901, 0.1539, -0.015), (-0.0536039, 0.151736, -0.015), (-0.0536039, 0.148264, -0.015), (-0.0508901, 0.1461, -0.015), (-0.047506, 0.146873, -0.015), (-0.0536039, 0.151736, -0.025), (-0.0536039, 0.151736, -0.015), (0.054, 0.15, -0.025), (0.052494, 0.146873, -0.025), (0.0491099, 0.1461, -0.025), (0.0463961, 0.148264, -0.025), (0.0463961, 0.151736, -0.025), (0.0491099, 0.1539, -0.025), (0.052494, 0.153127, -0.025), (0.054, 0.15, -0.015), (0.052494, 0.153127, -0.015), (0.0491099, 0.1539, -0.015), (0.0463961, 0.151736, -0.015), (0.0463961, 0.148264, -0.015), (0.0491099, 0.1461, -0.015), (0.052494, 0.146873, -0.015), (0.0463961, 0.151736, -0.025), (0.0463961, 0.151736, -0.015), (0.154, 0.15, -0.025), (0.152494, 0.146873, -0.025), (0.14911, 0.1461, -0.025), (0.146396, 0.148264, -0.025), (0.146396, 0.151736, -0.025), (0.14911, 0.1539, -0.025), (0.152494, 0.153127, -0.025), (0.154, 0.15, -0.015), (0.152494, 0.153127, -0.015), (0.14911, 0.1539, -0.015), (0.146396, 0.151736, -0.015), (0.146396, 0.148264, -0.015), (0.14911, 0.1461, -0.015), (0.152494, 0.146873, -0.015), (0.146396, 0.151736, -0.025), (0.146396, 0.151736, -0.015), (0.254, 0.15, -0.025), (0.252494, 0.146873, -0.025), (0.24911, 0.1461, -0.025), (0.246396, 0.148264, -0.025), (0.246396, 0.151736, -0.025), (0.24911, 0.1539, -0.025), (0.252494, 0.153127, -0.025), (0.254, 0.15, -0.015), (0.252494, 0.153127, -0.015), (0.24911, 0.1539, -0.015), (0.246396, 0.151736, -0.015), (0.246396, 0.148264, -0.015), (0.24911, 0.1461, -0.015), (0.252494, 0.146873, -0.015), (0.246396, 0.151736, -0.025), (0.246396, 0.151736, -0.015), (0.354, 0.15, -0.025), (0.352494, 0.146873, -0.025), (0.34911, 0.1461, -0.025), (0.346396, 0.148264, -0.025), (0.346396, 0.151736, -0.025), (0.34911, 0.1539, -0.025), (0.352494, 0.153127, -0.025), (0.354, 0.15, -0.015), (0.352494, 0.153127, -0.015), (0.34911, 0.1539, -0.015), (0.346396, 0.151736, -0.015), (0.346396, 0.148264, -0.015), (0.34911, 0.1461, -0.015), (0.352494, 0.146873, -0.015), (0.346396, 0.151736, -0.025), (0.346396, 0.151736, -0.015), (-0.646, 0.05, -0.025), (-0.647506, 0.0468727, -0.025), (-0.65089, 0.0461003, -0.025), (-0.653604, 0.0482645, -0.025), (-0.653604, 0.0517355, -0.025), (-0.65089, 0.0538997, -0.025), (-0.647506, 0.0531273, -0.025), (-0.646, 0.05, -0.015), (-0.647506, 0.0531273, -0.015), (-0.65089, 0.0538997, -0.015), (-0.653604, 0.0517355, -0.015), (-0.653604, 0.0482645, -0.015), (-0.65089, 0.0461003, -0.015), (-0.647506, 0.0468727, -0.015), (-0.653604, 0.0517355, -0.025), (-0.653604, 0.0517355, -0.015), (-0.546, 0.05, -0.025), (-0.547506, 0.0468727, -0.025), (-0.55089, 0.0461003, -0.025), (-0.553604, 0.0482645, -0.025), (-0.553604, 0.0517355, -0.025), (-0.55089, 0.0538997, -0.025), (-0.547506, 0.0531273, -0.025), (-0.546, 0.05, -0.015), (-0.547506, 0.0531273, -0.015), (-0.55089, 0.0538997, -0.015), (-0.553604, 0.0517355, -0.015), (-0.553604, 0.0482645, -0.015), (-0.55089, 0.0461003, -0.015), (-0.547506, 0.0468727, -0.015), (-0.553604, 0.0517355, -0.025), (-0.553604, 0.0517355, -0.015), (-0.446, 0.05, -0.025), (-0.447506, 0.0468727, -0.025), (-0.45089, 0.0461003, -0.025), (-0.453604, 0.0482645, -0.025), (-0.453604, 0.0517355, -0.025), (-0.45089, 0.0538997, -0.025), (-0.447506, 0.0531273, -0.025), (-0.446, 0.05, -0.015), (-0.447506, 0.0531273, -0.015), (-0.45089, 0.0538997, -0.015), (-0.453604, 0.0517355, -0.015), (-0.453604, 0.0482645, -0.015), (-0.45089, 0.0461003, -0.015), (-0.447506, 0.0468727, -0.015), (-0.453604, 0.0517355, -0.025), (-0.453604, 0.0517355, -0.015), (-0.346, 0.05, -0.025), (-0.347506, 0.0468727, -0.025), (-0.35089, 0.0461003, -0.025), (-0.353604, 0.0482645, -0.025), (-0.353604, 0.0517355, -0.025), (-0.35089, 0.0538997, -0.025), (-0.347506, 0.0531273, -0.025), (-0.346, 0.05, -0.015), (-0.347506, 0.0531273, -0.015), (-0.35089, 0.0538997, -0.015), (-0.353604, 0.0517355, -0.015), (-0.353604, 0.0482645, -0.015), (-0.35089, 0.0461003, -0.015), (-0.347506, 0.0468727, -0.015), (-0.353604, 0.0517355, -0.025), (-0.353604, 0.0517355, -0.015), (-0.246, 0.05, -0.025), (-0.247506, 0.0468727, -0.025), (-0.25089, 0.0461003, -0.025), (-0.253604, 0.0482645, -0.025), (-0.253604, 0.0517355, -0.025), (-0.25089, 0.0538997, -0.025), (-0.247506, 0.0531273, -0.025), (-0.246, 0.05, -0.015), (-0.247506, 0.0531273, -0.015), (-0.25089, 0.0538997, -0.015), (-0.253604, 0.0517355, -0.015), (-0.253604, 0.0482645, -0.015), (-0.25089, 0.0461003, -0.015), (-0.247506, 0.0468727, -0.015), (-0.253604, 0.0517355, -0.025), (-0.253604, 0.0517355, -0.015), (-0.146, 0.05, -0.025), (-0.147506, 0.0468727, -0.025), (-0.15089, 0.0461003, -0.025), (-0.153604, 0.0482645, -0.025), (-0.153604, 0.0517355, -0.025), (-0.15089, 0.0538997, -0.025), (-0.147506, 0.0531273, -0.025), (-0.146, 0.05, -0.015), (-0.147506, 0.0531273, -0.015), (-0.15089, 0.0538997, -0.015), (-0.153604, 0.0517355, -0.015), (-0.153604, 0.0482645, -0.015), (-0.15089, 0.0461003, -0.015), (-0.147506, 0.0468727, -0.015), (-0.153604, 0.0517355, -0.025), (-0.153604, 0.0517355, -0.015), (-0.046, 0.05, -0.025), (-0.047506, 0.0468727, -0.025), (-0.0508901, 0.0461003, -0.025), (-0.0536039, 0.0482645, -0.025), (-0.0536039, 0.0517355, -0.025), (-0.0508901, 0.0538997, -0.025), (-0.047506, 0.0531273, -0.025), (-0.046, 0.05, -0.015), (-0.047506, 0.0531273, -0.015), (-0.0508901, 0.0538997, -0.015), (-0.0536039, 0.0517355, -0.015), (-0.0536039, 0.0482645, -0.015), (-0.0508901, 0.0461003, -0.015), (-0.047506, 0.0468727, -0.015), (-0.0536039, 0.0517355, -0.025), (-0.0536039, 0.0517355, -0.015), (0.054, 0.05, -0.025), (0.052494, 0.0468727, -0.025), (0.0491099, 0.0461003, -0.025), (0.0463961, 0.0482645, -0.025), (0.0463961, 0.0517355, -0.025), (0.0491099, 0.0538997, -0.025), (0.052494, 0.0531273, -0.025), (0.054, 0.05, -0.015), (0.052494, 0.0531273, -0.015), (0.0491099, 0.0538997, -0.015), (0.0463961, 0.0517355, -0.015), (0.0463961, 0.0482645, -0.015), (0.0491099, 0.0461003, -0.015), (0.052494, 0.0468727, -0.015), (0.0463961, 0.0517355, -0.025), (0.0463961, 0.0517355, -0.015), (0.154, 0.05, -0.025), (0.152494, 0.0468727, -0.025), (0.14911, 0.0461003, -0.025), (0.146396, 0.0482645, -0.025), (0.146396, 0.0517355, -0.025), (0.14911, 0.0538997, -0.025), (0.152494, 0.0531273, -0.025), (0.154, 0.05, -0.015), (0.152494, 0.0531273, -0.015), (0.14911, 0.0538997, -0.015), (0.146396, 0.0517355, -0.015), (0.146396, 0.0482645, -0.015), (0.14911, 0.0461003, -0.015), (0.152494, 0.0468727, -0.015), (0.146396, 0.0517355, -0.025), (0.146396, 0.0517355, -0.015), (0.254, 0.05, -0.025), (0.252494, 0.0468727, -0.025), (0.24911, 0.0461003, -0.025), (0.246396, 0.0482645, -0.025), (0.246396, 0.0517355, -0.025), (0.24911, 0.0538997, -0.025), (0.252494, 0.0531273, -0.025), (0.254, 0.05, -0.015), (0.252494, 0.0531273, -0.015), (0.24911, 0.0538997, -0.015), (0.246396, 0.0517355, -0.015), (0.246396, 0.0482645, -0.015), (0.24911, 0.0461003, -0.015), (0.252494, 0.0468727, -0.015), (0.246396, 0.0517355, -0.025), (0.246396, 0.0517355, -0.015), (0.354, 0.05, -0.025), (0.352494, 0.0468727, -0.025), (0.34911, 0.0461003, -0.025), (0.346396, 0.0482645, -0.025), (0.346396, 0.0517355, -0.025), (0.34911, 0.0538997, -0.025), (0.352494, 0.0531273, -0.025), (0.354, 0.05, -0.015), (0.352494, 0.0531273, -0.015), (0.34911, 0.0538997, -0.015), (0.346396, 0.0517355, -0.015), (0.346396, 0.0482645, -0.015), (0.34911, 0.0461003, -0.015), (0.352494, 0.0468727, -0.015), (0.346396, 0.0517355, -0.025), (0.346396, 0.0517355, -0.015), (-0.646, -0.05, -0.025), (-0.647506, -0.0531273, -0.025), (-0.65089, -0.0538997, -0.025), (-0.653604, -0.0517355, -0.025), (-0.653604, -0.0482645, -0.025), (-0.65089, -0.0461003, -0.025), (-0.647506, -0.0468727, -0.025), (-0.646, -0.05, -0.015), (-0.647506, -0.0468727, -0.015), (-0.65089, -0.0461003, -0.015), (-0.653604, -0.0482645, -0.015), (-0.653604, -0.0517355, -0.015), (-0.65089, -0.0538997, -0.015), (-0.647506, -0.0531273, -0.015), (-0.653604, -0.0482645, -0.025), (-0.653604, -0.0482645, -0.015), (-0.546, -0.05, -0.025), (-0.547506, -0.0531273, -0.025), (-0.55089, -0.0538997, -0.025), (-0.553604, -0.0517355, -0.025), (-0.553604, -0.0482645, -0.025), (-0.55089, -0.0461003, -0.025), (-0.547506, -0.0468727, -0.025), (-0.546, -0.05, -0.015), (-0.547506, -0.0468727, -0.015), (-0.55089, -0.0461003, -0.015), (-0.553604, -0.0482645, -0.015), (-0.553604, -0.0517355, -0.015), (-0.55089, -0.0538997, -0.015), (-0.547506, -0.0531273, -0.015), (-0.553604, -0.0482645, -0.025), (-0.553604, -0.0482645, -0.015), (-0.446, -0.05, -0.025), (-0.447506, -0.0531273, -0.025), (-0.45089, -0.0538997, -0.025), (-0.453604, -0.0517355, -0.025), (-0.453604, -0.0482645, -0.025), (-0.45089, -0.0461003, -0.025), (-0.447506, -0.0468727, -0.025), (-0.446, -0.05, -0.015), (-0.447506, -0.0468727, -0.015), (-0.45089, -0.0461003, -0.015), (-0.453604, -0.0482645, -0.015), (-0.453604, -0.0517355, -0.015), (-0.45089, -0.0538997, -0.015), (-0.447506, -0.0531273, -0.015), (-0.453604, -0.0482645, -0.025), (-0.453604, -0.0482645, -0.015), (-0.346, -0.05, -0.025), (-0.347506, -0.0531273, -0.025), (-0.35089, -0.0538997, -0.025), (-0.353604, -0.0517355, -0.025), (-0.353604, -0.0482645, -0.025), (-0.35089, -0.0461003, -0.025), (-0.347506, -0.0468727, -0.025), (-0.346, -0.05, -0.015), (-0.347506, -0.0468727, -0.015), (-0.35089, -0.0461003, -0.015), (-0.353604, -0.0482645, -0.015), (-0.353604, -0.0517355, -0.015), (-0.35089, -0.0538997, -0.015), (-0.347506, -0.0531273, -0.015), (-0.353604, -0.0482645, -0.025), (-0.353604, -0.0482645, -0.015), (-0.246, -0.05, -0.025), (-0.247506, -0.0531273, -0.025), (-0.25089, -0.0538997, -0.025), (-0.253604, -0.0517355, -0.025), (-0.253604, -0.0482645, -0.025), (-0.25089, -0.0461003, -0.025), (-0.247506, -0.0468727, -0.025), (-0.246, -0.05, -0.015), (-0.247506, -0.0468727, -0.015), (-0.25089, -0.0461003, -0.015), (-0.253604, -0.0482645, -0.015), (-0.253604, -0.0517355, -0.015), (-0.25089, -0.0538997, -0.015), (-0.247506, -0.0531273, -0.015), (-0.253604, -0.0482645, -0.025), (-0.253604, -0.0482645, -0.015), (-0.146, -0.05, -0.025), (-0.147506, -0.0531273, -0.025), (-0.15089, -0.0538997, -0.025), (-0.153604, -0.0517355, -0.025), (-0.153604, -0.0482645, -0.025), (-0.15089, -0.0461003, -0.025), (-0.147506, -0.0468727, -0.025), (-0.146, -0.05, -0.015), (-0.147506, -0.0468727, -0.015), (-0.15089, -0.0461003, -0.015), (-0.153604, -0.0482645, -0.015), (-0.153604, -0.0517355, -0.015), (-0.15089, -0.0538997, -0.015), (-0.147506, -0.0531273, -0.015), (-0.153604, -0.0482645, -0.025), (-0.153604, -0.0482645, -0.015), (-0.046, -0.05, -0.025), (-0.047506, -0.0531273, -0.025), (-0.0508901, -0.0538997, -0.025), (-0.0536039, -0.0517355, -0.025), (-0.0536039, -0.0482645, -0.025), (-0.0508901, -0.0461003, -0.025), (-0.047506, -0.0468727, -0.025), (-0.046, -0.05, -0.015), (-0.047506, -0.0468727, -0.015), (-0.0508901, -0.0461003, -0.015), (-0.0536039, -0.0482645, -0.015), (-0.0536039, -0.0517355, -0.015), (-0.0508901, -0.0538997, -0.015), (-0.047506, -0.0531273, -0.015), (-0.0536039, -0.0482645, -0.025), (-0.0536039, -0.0482645, -0.015), (0.054, -0.05, -0.025), (0.052494, -0.0531273, -0.025), (0.0491099, -0.0538997, -0.025), (0.0463961, -0.0517355, -0.025), (0.0463961, -0.0482645, -0.025), (0.0491099, -0.0461003, -0.025), (0.052494, -0.0468727, -0.025), (0.054, -0.05, -0.015), (0.052494, -0.0468727, -0.015), (0.0491099, -0.0461003, -0.015), (0.0463961, -0.0482645, -0.015), (0.0463961, -0.0517355, -0.015), (0.0491099, -0.0538997, -0.015), (0.052494, -0.0531273, -0.015), (0.0463961, -0.0482645, -0.025), (0.0463961, -0.0482645, -0.015), (0.154, -0.05, -0.025), (0.152494, -0.0531273, -0.025), (0.14911, -0.0538997, -0.025), (0.146396, -0.0517355, -0.025), (0.146396, -0.0482645, -0.025), (0.14911, -0.0461003, -0.025), (0.152494, -0.0468727, -0.025), (0.154, -0.05, -0.015), (0.152494, -0.0468727, -0.015), (0.14911, -0.0461003, -0.015), (0.146396, -0.0482645, -0.015), (0.146396, -0.0517355, -0.015), (0.14911, -0.0538997, -0.015), (0.152494, -0.0531273, -0.015), (0.146396, -0.0482645, -0.025), (0.146396, -0.0482645, -0.015), (0.254, -0.05, -0.025), (0.252494, -0.0531273, -0.025), (0.24911, -0.0538997, -0.025), (0.246396, -0.0517355, -0.025), (0.246396, -0.0482645, -0.025), (0.24911, -0.0461003, -0.025), (0.252494, -0.0468727, -0.025), (0.254, -0.05, -0.015), (0.252494, -0.0468727, -0.015), (0.24911, -0.0461003, -0.015), (0.246396, -0.0482645, -0.015), (0.246396, -0.0517355, -0.015), (0.24911, -0.0538997, -0.015), (0.252494, -0.0531273, -0.015), (0.246396, -0.0482645, -0.025), (0.246396, -0.0482645, -0.015), (0.354, -0.05, -0.025), (0.352494, -0.0531273, -0.025), (0.34911, -0.0538997, -0.025), (0.346396, -0.0517355, -0.025), (0.346396, -0.0482645, -0.025), (0.34911, -0.0461003, -0.025), (0.352494, -0.0468727, -0.025), (0.354, -0.05, -0.015), (0.352494, -0.0468727, -0.015), (0.34911, -0.0461003, -0.015), (0.346396, -0.0482645, -0.015), (0.346396, -0.0517355, -0.015), (0.34911, -0.0538997, -0.015), (0.352494, -0.0531273, -0.015), (0.346396, -0.0482645, -0.025), (0.346396, -0.0482645, -0.015), (-0.646, -0.15, -0.025), (-0.647506, -0.153127, -0.025), (-0.65089, -0.1539, -0.025), (-0.653604, -0.151736, -0.025), (-0.653604, -0.148264, -0.025), (-0.65089, -0.1461, -0.025), (-0.647506, -0.146873, -0.025), (-0.646, -0.15, -0.015), (-0.647506, -0.146873, -0.015), (-0.65089, -0.1461, -0.015), (-0.653604, -0.148264, -0.015), (-0.653604, -0.151736, -0.015), (-0.65089, -0.1539, -0.015), (-0.647506, -0.153127, -0.015), (-0.653604, -0.148264, -0.025), (-0.653604, -0.148264, -0.015), (-0.546, -0.15, -0.025), (-0.547506, -0.153127, -0.025), (-0.55089, -0.1539, -0.025), (-0.553604, -0.151736, -0.025), (-0.553604, -0.148264, -0.025), (-0.55089, -0.1461, -0.025), (-0.547506, -0.146873, -0.025), (-0.546, -0.15, -0.015), (-0.547506, -0.146873, -0.015), (-0.55089, -0.1461, -0.015), (-0.553604, -0.148264, -0.015), (-0.553604, -0.151736, -0.015), (-0.55089, -0.1539, -0.015), (-0.547506, -0.153127, -0.015), (-0.553604, -0.148264, -0.025), (-0.553604, -0.148264, -0.015), (-0.446, -0.15, -0.025), (-0.447506, -0.153127, -0.025), (-0.45089, -0.1539, -0.025), (-0.453604, -0.151736, -0.025), (-0.453604, -0.148264, -0.025), (-0.45089, -0.1461, -0.025), (-0.447506, -0.146873, -0.025), (-0.446, -0.15, -0.015), (-0.447506, -0.146873, -0.015), (-0.45089, -0.1461, -0.015), (-0.453604, -0.148264, -0.015), (-0.453604, -0.151736, -0.015), (-0.45089, -0.1539, -0.015), (-0.447506, -0.153127, -0.015), (-0.453604, -0.148264, -0.025), (-0.453604, -0.148264, -0.015), (-0.346, -0.15, -0.025), (-0.347506, -0.153127, -0.025), (-0.35089, -0.1539, -0.025), (-0.353604, -0.151736, -0.025), (-0.353604, -0.148264, -0.025), (-0.35089, -0.1461, -0.025), (-0.347506, -0.146873, -0.025), (-0.346, -0.15, -0.015), (-0.347506, -0.146873, -0.015), (-0.35089, -0.1461, -0.015), (-0.353604, -0.148264, -0.015), (-0.353604, -0.151736, -0.015), (-0.35089, -0.1539, -0.015), (-0.347506, -0.153127, -0.015), (-0.353604, -0.148264, -0.025), (-0.353604, -0.148264, -0.015), (-0.246, -0.15, -0.025), (-0.247506, -0.153127, -0.025), (-0.25089, -0.1539, -0.025), (-0.253604, -0.151736, -0.025), (-0.253604, -0.148264, -0.025), (-0.25089, -0.1461, -0.025), (-0.247506, -0.146873, -0.025), (-0.246, -0.15, -0.015), (-0.247506, -0.146873, -0.015), (-0.25089, -0.1461, -0.015), (-0.253604, -0.148264, -0.015), (-0.253604, -0.151736, -0.015), (-0.25089, -0.1539, -0.015), (-0.247506, -0.153127, -0.015), (-0.253604, -0.148264, -0.025), (-0.253604, -0.148264, -0.015), (-0.146, -0.15, -0.025), (-0.147506, -0.153127, -0.025), (-0.15089, -0.1539, -0.025), (-0.153604, -0.151736, -0.025), (-0.153604, -0.148264, -0.025), (-0.15089, -0.1461, -0.025), (-0.147506, -0.146873, -0.025), (-0.146, -0.15, -0.015), (-0.147506, -0.146873, -0.015), (-0.15089, -0.1461, -0.015), (-0.153604, -0.148264, -0.015), (-0.153604, -0.151736, -0.015), (-0.15089, -0.1539, -0.015), (-0.147506, -0.153127, -0.015), (-0.153604, -0.148264, -0.025), (-0.153604, -0.148264, -0.015), (-0.046, -0.15, -0.025), (-0.047506, -0.153127, -0.025), (-0.0508901, -0.1539, -0.025), (-0.0536039, -0.151736, -0.025), (-0.0536039, -0.148264, -0.025), (-0.0508901, -0.1461, -0.025), (-0.047506, -0.146873, -0.025), (-0.046, -0.15, -0.015), (-0.047506, -0.146873, -0.015), (-0.0508901, -0.1461, -0.015), (-0.0536039, -0.148264, -0.015), (-0.0536039, -0.151736, -0.015), (-0.0508901, -0.1539, -0.015), (-0.047506, -0.153127, -0.015), (-0.0536039, -0.148264, -0.025), (-0.0536039, -0.148264, -0.015), (0.054, -0.15, -0.025), (0.052494, -0.153127, -0.025), (0.0491099, -0.1539, -0.025), (0.0463961, -0.151736, -0.025), (0.0463961, -0.148264, -0.025), (0.0491099, -0.1461, -0.025), (0.052494, -0.146873, -0.025), (0.054, -0.15, -0.015), (0.052494, -0.146873, -0.015), (0.0491099, -0.1461, -0.015), (0.0463961, -0.148264, -0.015), (0.0463961, -0.151736, -0.015), (0.0491099, -0.1539, -0.015), (0.052494, -0.153127, -0.015), (0.0463961, -0.148264, -0.025), (0.0463961, -0.148264, -0.015), (0.154, -0.15, -0.025), (0.152494, -0.153127, -0.025), (0.14911, -0.1539, -0.025), (0.146396, -0.151736, -0.025), (0.146396, -0.148264, -0.025), (0.14911, -0.1461, -0.025), (0.152494, -0.146873, -0.025), (0.154, -0.15, -0.015), (0.152494, -0.146873, -0.015), (0.14911, -0.1461, -0.015), (0.146396, -0.148264, -0.015), (0.146396, -0.151736, -0.015), (0.14911, -0.1539, -0.015), (0.152494, -0.153127, -0.015), (0.146396, -0.148264, -0.025), (0.146396, -0.148264, -0.015), (0.254, -0.15, -0.025), (0.252494, -0.153127, -0.025), (0.24911, -0.1539, -0.025), (0.246396, -0.151736, -0.025), (0.246396, -0.148264, -0.025), (0.24911, -0.1461, -0.025), (0.252494, -0.146873, -0.025), (0.254, -0.15, -0.015), (0.252494, -0.146873, -0.015), (0.24911, -0.1461, -0.015), (0.246396, -0.148264, -0.015), (0.246396, -0.151736, -0.015), (0.24911, -0.1539, -0.015), (0.252494, -0.153127, -0.015), (0.246396, -0.148264, -0.025), (0.246396, -0.148264, -0.015), (0.354, -0.15, -0.025), (0.352494, -0.153127, -0.025), (0.34911, -0.1539, -0.025), (0.346396, -0.151736, -0.025), (0.346396, -0.148264, -0.025), (0.34911, -0.1461, -0.025), (0.352494, -0.146873, -0.025), (0.354, -0.15, -0.015), (0.352494, -0.146873, -0.015), (0.34911, -0.1461, -0.015), (0.346396, -0.148264, -0.015), (0.346396, -0.151736, -0.015), (0.34911, -0.1539, -0.015), (0.352494, -0.153127, -0.015), (0.346396, -0.148264, -0.025), (0.346396, -0.148264, -0.015), (-0.646, -0.25, -0.025), (-0.647506, -0.253127, -0.025), (-0.65089, -0.2539, -0.025), (-0.653604, -0.251736, -0.025), (-0.653604, -0.248264, -0.025), (-0.65089, -0.2461, -0.025), (-0.647506, -0.246873, -0.025), (-0.646, -0.25, -0.015), (-0.647506, -0.246873, -0.015), (-0.65089, -0.2461, -0.015), (-0.653604, -0.248264, -0.015), (-0.653604, -0.251736, -0.015), (-0.65089, -0.2539, -0.015), (-0.647506, -0.253127, -0.015), (-0.653604, -0.248264, -0.025), (-0.653604, -0.248264, -0.015), (-0.546, -0.25, -0.025), (-0.547506, -0.253127, -0.025), (-0.55089, -0.2539, -0.025), (-0.553604, -0.251736, -0.025), (-0.553604, -0.248264, -0.025), (-0.55089, -0.2461, -0.025), (-0.547506, -0.246873, -0.025), (-0.546, -0.25, -0.015), (-0.547506, -0.246873, -0.015), (-0.55089, -0.2461, -0.015), (-0.553604, -0.248264, -0.015), (-0.553604, -0.251736, -0.015), (-0.55089, -0.2539, -0.015), (-0.547506, -0.253127, -0.015), (-0.553604, -0.248264, -0.025), (-0.553604, -0.248264, -0.015), (-0.446, -0.25, -0.025), (-0.447506, -0.253127, -0.025), (-0.45089, -0.2539, -0.025), (-0.453604, -0.251736, -0.025), (-0.453604, -0.248264, -0.025), (-0.45089, -0.2461, -0.025), (-0.447506, -0.246873, -0.025), (-0.446, -0.25, -0.015), (-0.447506, -0.246873, -0.015), (-0.45089, -0.2461, -0.015), (-0.453604, -0.248264, -0.015), (-0.453604, -0.251736, -0.015), (-0.45089, -0.2539, -0.015), (-0.447506, -0.253127, -0.015), (-0.453604, -0.248264, -0.025), (-0.453604, -0.248264, -0.015), (-0.346, -0.25, -0.025), (-0.347506, -0.253127, -0.025), (-0.35089, -0.2539, -0.025), (-0.353604, -0.251736, -0.025), (-0.353604, -0.248264, -0.025), (-0.35089, -0.2461, -0.025), (-0.347506, -0.246873, -0.025), (-0.346, -0.25, -0.015), (-0.347506, -0.246873, -0.015), (-0.35089, -0.2461, -0.015), (-0.353604, -0.248264, -0.015), (-0.353604, -0.251736, -0.015), (-0.35089, -0.2539, -0.015), (-0.347506, -0.253127, -0.015), (-0.353604, -0.248264, -0.025), (-0.353604, -0.248264, -0.015), (-0.246, -0.25, -0.025), (-0.247506, -0.253127, -0.025), (-0.25089, -0.2539, -0.025), (-0.253604, -0.251736, -0.025), (-0.253604, -0.248264, -0.025), (-0.25089, -0.2461, -0.025), (-0.247506, -0.246873, -0.025), (-0.246, -0.25, -0.015), (-0.247506, -0.246873, -0.015), (-0.25089, -0.2461, -0.015), (-0.253604, -0.248264, -0.015), (-0.253604, -0.251736, -0.015), (-0.25089, -0.2539, -0.015), (-0.247506, -0.253127, -0.015), (-0.253604, -0.248264, -0.025), (-0.253604, -0.248264, -0.015), (-0.146, -0.25, -0.025), (-0.147506, -0.253127, -0.025), (-0.15089, -0.2539, -0.025), (-0.153604, -0.251736, -0.025), (-0.153604, -0.248264, -0.025), (-0.15089, -0.2461, -0.025), (-0.147506, -0.246873, -0.025), (-0.146, -0.25, -0.015), (-0.147506, -0.246873, -0.015), (-0.15089, -0.2461, -0.015), (-0.153604, -0.248264, -0.015), (-0.153604, -0.251736, -0.015), (-0.15089, -0.2539, -0.015), (-0.147506, -0.253127, -0.015), (-0.153604, -0.248264, -0.025), (-0.153604, -0.248264, -0.015), (-0.046, -0.25, -0.025), (-0.047506, -0.253127, -0.025), (-0.0508901, -0.2539, -0.025), (-0.0536039, -0.251736, -0.025), (-0.0536039, -0.248264, -0.025), (-0.0508901, -0.2461, -0.025), (-0.047506, -0.246873, -0.025), (-0.046, -0.25, -0.015), (-0.047506, -0.246873, -0.015), (-0.0508901, -0.2461, -0.015), (-0.0536039, -0.248264, -0.015), (-0.0536039, -0.251736, -0.015), (-0.0508901, -0.2539, -0.015), (-0.047506, -0.253127, -0.015), (-0.0536039, -0.248264, -0.025), (-0.0536039, -0.248264, -0.015), (0.054, -0.25, -0.025), (0.052494, -0.253127, -0.025), (0.0491099, -0.2539, -0.025), (0.0463961, -0.251736, -0.025), (0.0463961, -0.248264, -0.025), (0.0491099, -0.2461, -0.025), (0.052494, -0.246873, -0.025), (0.054, -0.25, -0.015), (0.052494, -0.246873, -0.015), (0.0491099, -0.2461, -0.015), (0.0463961, -0.248264, -0.015), (0.0463961, -0.251736, -0.015), (0.0491099, -0.2539, -0.015), (0.052494, -0.253127, -0.015), (0.0463961, -0.248264, -0.025), (0.0463961, -0.248264, -0.015), (0.154, -0.25, -0.025), (0.152494, -0.253127, -0.025), (0.14911, -0.2539, -0.025), (0.146396, -0.251736, -0.025), (0.146396, -0.248264, -0.025), (0.14911, -0.2461, -0.025), (0.152494, -0.246873, -0.025), (0.154, -0.25, -0.015), (0.152494, -0.246873, -0.015), (0.14911, -0.2461, -0.015), (0.146396, -0.248264, -0.015), (0.146396, -0.251736, -0.015), (0.14911, -0.2539, -0.015), (0.152494, -0.253127, -0.015), (0.146396, -0.248264, -0.025), (0.146396, -0.248264, -0.015), (0.254, -0.25, -0.025), (0.252494, -0.253127, -0.025), (0.24911, -0.2539, -0.025), (0.246396, -0.251736, -0.025), (0.246396, -0.248264, -0.025), (0.24911, -0.2461, -0.025), (0.252494, -0.246873, -0.025), (0.254, -0.25, -0.015), (0.252494, -0.246873, -0.015), (0.24911, -0.2461, -0.015), (0.246396, -0.248264, -0.015), (0.246396, -0.251736, -0.015), (0.24911, -0.2539, -0.015), (0.252494, -0.253127, -0.015), (0.246396, -0.248264, -0.025), (0.246396, -0.248264, -0.015), (0.354, -0.25, -0.025), (0.352494, -0.253127, -0.025), (0.34911, -0.2539, -0.025), (0.346396, -0.251736, -0.025), (0.346396, -0.248264, -0.025), (0.34911, -0.2461, -0.025), (0.352494, -0.246873, -0.025), (0.354, -0.25, -0.015), (0.352494, -0.246873, -0.015), (0.34911, -0.2461, -0.015), (0.346396, -0.248264, -0.015), (0.346396, -0.251736, -0.015), (0.34911, -0.2539, -0.015), (0.352494, -0.253127, -0.015), (0.346396, -0.248264, -0.025), (0.346396, -0.248264, -0.015), (-0.646, -0.35, -0.025), (-0.647506, -0.353127, -0.025), (-0.65089, -0.3539, -0.025), (-0.653604, -0.351736, -0.025), (-0.653604, -0.348264, -0.025), (-0.65089, -0.3461, -0.025), (-0.647506, -0.346873, -0.025), (-0.646, -0.35, -0.015), (-0.647506, -0.346873, -0.015), (-0.65089, -0.3461, -0.015), (-0.653604, -0.348264, -0.015), (-0.653604, -0.351736, -0.015), (-0.65089, -0.3539, -0.015), (-0.647506, -0.353127, -0.015), (-0.653604, -0.348264, -0.025), (-0.653604, -0.348264, -0.015), (-0.546, -0.35, -0.025), (-0.547506, -0.353127, -0.025), (-0.55089, -0.3539, -0.025), (-0.553604, -0.351736, -0.025), (-0.553604, -0.348264, -0.025), (-0.55089, -0.3461, -0.025), (-0.547506, -0.346873, -0.025), (-0.546, -0.35, -0.015), (-0.547506, -0.346873, -0.015), (-0.55089, -0.3461, -0.015), (-0.553604, -0.348264, -0.015), (-0.553604, -0.351736, -0.015), (-0.55089, -0.3539, -0.015), (-0.547506, -0.353127, -0.015), (-0.553604, -0.348264, -0.025), (-0.553604, -0.348264, -0.015), (-0.446, -0.35, -0.025), (-0.447506, -0.353127, -0.025), (-0.45089, -0.3539, -0.025), (-0.453604, -0.351736, -0.025), (-0.453604, -0.348264, -0.025), (-0.45089, -0.3461, -0.025), (-0.447506, -0.346873, -0.025), (-0.446, -0.35, -0.015), (-0.447506, -0.346873, -0.015), (-0.45089, -0.3461, -0.015), (-0.453604, -0.348264, -0.015), (-0.453604, -0.351736, -0.015), (-0.45089, -0.3539, -0.015), (-0.447506, -0.353127, -0.015), (-0.453604, -0.348264, -0.025), (-0.453604, -0.348264, -0.015), (-0.346, -0.35, -0.025), (-0.347506, -0.353127, -0.025), (-0.35089, -0.3539, -0.025), (-0.353604, -0.351736, -0.025), (-0.353604, -0.348264, -0.025), (-0.35089, -0.3461, -0.025), (-0.347506, -0.346873, -0.025), (-0.346, -0.35, -0.015), (-0.347506, -0.346873, -0.015), (-0.35089, -0.3461, -0.015), (-0.353604, -0.348264, -0.015), (-0.353604, -0.351736, -0.015), (-0.35089, -0.3539, -0.015), (-0.347506, -0.353127, -0.015), (-0.353604, -0.348264, -0.025), (-0.353604, -0.348264, -0.015), (0.354, -0.35, -0.015), (0.352494, -0.353127, -0.015), (0.34911, -0.3539, -0.015), (0.346396, -0.351736, -0.015), (0.346396, -0.348264, -0.015), (0.34911, -0.3461, -0.015), (0.352494, -0.346873, -0.015), (0.254, -0.35, -0.015), (0.252494, -0.353127, -0.015), (0.24911, -0.3539, -0.015), (0.246396, -0.351736, -0.015), (0.246396, -0.348264, -0.015), (0.24911, -0.3461, -0.015), (0.252494, -0.346873, -0.015), (0.154, -0.35, -0.015), (0.152494, -0.353127, -0.015), (0.14911, -0.3539, -0.015), (0.146396, -0.351736, -0.015), (0.146396, -0.348264, -0.015), (0.14911, -0.3461, -0.015), (0.152494, -0.346873, -0.015), (0.054, -0.35, -0.015), (0.052494, -0.353127, -0.015), (0.0491099, -0.3539, -0.015), (0.0463961, -0.351736, -0.015), (0.0463961, -0.348264, -0.015), (0.0491099, -0.3461, -0.015), (0.052494, -0.346873, -0.015), (-0.046, -0.35, -0.015), (-0.047506, -0.353127, -0.015), (-0.0508901, -0.3539, -0.015), (-0.0536039, -0.351736, -0.015), (-0.0536039, -0.348264, -0.015), (-0.0508901, -0.3461, -0.015), (-0.047506, -0.346873, -0.015), (-0.146, -0.35, -0.015), (-0.147506, -0.353127, -0.015), (-0.15089, -0.3539, -0.015), (-0.153604, -0.351736, -0.015), (-0.153604, -0.348264, -0.015), (-0.15089, -0.3461, -0.015), (-0.147506, -0.346873, -0.015), (-0.246, -0.35, -0.015), (-0.247506, -0.353127, -0.015), (-0.25089, -0.3539, -0.015), (-0.253604, -0.351736, -0.015), (-0.253604, -0.348264, -0.015), (-0.25089, -0.3461, -0.015), (-0.247506, -0.346873, -0.015), (-0.346, -0.35, -0.015), (-0.347506, -0.353127, -0.015), (-0.35089, -0.3539, -0.015), (-0.353604, -0.351736, -0.015), (-0.353604, -0.348264, -0.015), (-0.35089, -0.3461, -0.015), (-0.347506, -0.346873, -0.015), (-0.446, -0.35, -0.015), (-0.447506, -0.353127, -0.015), (-0.45089, -0.3539, -0.015), (-0.453604, -0.351736, -0.015), (-0.453604, -0.348264, -0.015), (-0.45089, -0.3461, -0.015), (-0.447506, -0.346873, -0.015), (-0.546, -0.35, -0.015), (-0.547506, -0.353127, -0.015), (-0.55089, -0.3539, -0.015), (-0.553604, -0.351736, -0.015), (-0.553604, -0.348264, -0.015), (-0.55089, -0.3461, -0.015), (-0.547506, -0.346873, -0.015), (-0.646, -0.35, -0.015), (-0.647506, -0.353127, -0.015), (-0.65089, -0.3539, -0.015), (-0.653604, -0.351736, -0.015), (-0.653604, -0.348264, -0.015), (-0.65089, -0.3461, -0.015), (-0.647506, -0.346873, -0.015), (0.354, -0.25, -0.015), (0.352494, -0.253127, -0.015), (0.34911, -0.2539, -0.015), (0.346396, -0.251736, -0.015), (0.346396, -0.248264, -0.015), (0.34911, -0.2461, -0.015), (0.352494, -0.246873, -0.015), (0.254, -0.25, -0.015), (0.252494, -0.253127, -0.015), (0.24911, -0.2539, -0.015), (0.246396, -0.251736, -0.015), (0.246396, -0.248264, -0.015), (0.24911, -0.2461, -0.015), (0.252494, -0.246873, -0.015), (0.154, -0.25, -0.015), (0.152494, -0.253127, -0.015), (0.14911, -0.2539, -0.015), (0.146396, -0.251736, -0.015), (0.146396, -0.248264, -0.015), (0.14911, -0.2461, -0.015), (0.152494, -0.246873, -0.015), (0.054, -0.25, -0.015), (0.052494, -0.253127, -0.015), (0.0491099, -0.2539, -0.015), (0.0463961, -0.251736, -0.015), (0.0463961, -0.248264, -0.015), (0.0491099, -0.2461, -0.015), (0.052494, -0.246873, -0.015), (-0.046, -0.25, -0.015), (-0.047506, -0.253127, -0.015), (-0.0508901, -0.2539, -0.015), (-0.0536039, -0.251736, -0.015), (-0.0536039, -0.248264, -0.015), (-0.0508901, -0.2461, -0.015), (-0.047506, -0.246873, -0.015), (-0.146, -0.25, -0.015), (-0.147506, -0.253127, -0.015), (-0.15089, -0.2539, -0.015), (-0.153604, -0.251736, -0.015), (-0.153604, -0.248264, -0.015), (-0.15089, -0.2461, -0.015), (-0.147506, -0.246873, -0.015), (-0.246, -0.25, -0.015), (-0.247506, -0.253127, -0.015), (-0.25089, -0.2539, -0.015), (-0.253604, -0.251736, -0.015), (-0.253604, -0.248264, -0.015), (-0.25089, -0.2461, -0.015), (-0.247506, -0.246873, -0.015), (-0.346, -0.25, -0.015), (-0.347506, -0.253127, -0.015), (-0.35089, -0.2539, -0.015), (-0.353604, -0.251736, -0.015), (-0.353604, -0.248264, -0.015), (-0.35089, -0.2461, -0.015), (-0.347506, -0.246873, -0.015), (-0.446, -0.25, -0.015), (-0.447506, -0.253127, -0.015), (-0.45089, -0.2539, -0.015), (-0.453604, -0.251736, -0.015), (-0.453604, -0.248264, -0.015), (-0.45089, -0.2461, -0.015), (-0.447506, -0.246873, -0.015), (-0.546, -0.25, -0.015), (-0.547506, -0.253127, -0.015), (-0.55089, -0.2539, -0.015), (-0.553604, -0.251736, -0.015), (-0.553604, -0.248264, -0.015), (-0.55089, -0.2461, -0.015), (-0.547506, -0.246873, -0.015), (-0.646, -0.25, -0.015), (-0.647506, -0.253127, -0.015), (-0.65089, -0.2539, -0.015), (-0.653604, -0.251736, -0.015), (-0.653604, -0.248264, -0.015), (-0.65089, -0.2461, -0.015), (-0.647506, -0.246873, -0.015), (0.354, -0.15, -0.015), (0.352494, -0.153127, -0.015), (0.34911, -0.1539, -0.015), (0.346396, -0.151736, -0.015), (0.346396, -0.148264, -0.015), (0.34911, -0.1461, -0.015), (0.352494, -0.146873, -0.015), (0.254, -0.15, -0.015), (0.252494, -0.153127, -0.015), (0.24911, -0.1539, -0.015), (0.246396, -0.151736, -0.015), (0.246396, -0.148264, -0.015), (0.24911, -0.1461, -0.015), (0.252494, -0.146873, -0.015), (0.154, -0.15, -0.015), (0.152494, -0.153127, -0.015), (0.14911, -0.1539, -0.015), (0.146396, -0.151736, -0.015), (0.146396, -0.148264, -0.015), (0.14911, -0.1461, -0.015), (0.152494, -0.146873, -0.015), (0.054, -0.15, -0.015), (0.052494, -0.153127, -0.015), (0.0491099, -0.1539, -0.015), (0.0463961, -0.151736, -0.015), (0.0463961, -0.148264, -0.015), (0.0491099, -0.1461, -0.015), (0.052494, -0.146873, -0.015), (-0.046, -0.15, -0.015), (-0.047506, -0.153127, -0.015), (-0.0508901, -0.1539, -0.015), (-0.0536039, -0.151736, -0.015), (-0.0536039, -0.148264, -0.015), (-0.0508901, -0.1461, -0.015), (-0.047506, -0.146873, -0.015), (-0.146, -0.15, -0.015), (-0.147506, -0.153127, -0.015), (-0.15089, -0.1539, -0.015), (-0.153604, -0.151736, -0.015), (-0.153604, -0.148264, -0.015), (-0.15089, -0.1461, -0.015), (-0.147506, -0.146873, -0.015), (-0.246, -0.15, -0.015), (-0.247506, -0.153127, -0.015), (-0.25089, -0.1539, -0.015), (-0.253604, -0.151736, -0.015), (-0.253604, -0.148264, -0.015), (-0.25089, -0.1461, -0.015), (-0.247506, -0.146873, -0.015), (-0.346, -0.15, -0.015), (-0.347506, -0.153127, -0.015), (-0.35089, -0.1539, -0.015), (-0.353604, -0.151736, -0.015), (-0.353604, -0.148264, -0.015), (-0.35089, -0.1461, -0.015), (-0.347506, -0.146873, -0.015), (-0.446, -0.15, -0.015), (-0.447506, -0.153127, -0.015), (-0.45089, -0.1539, -0.015), (-0.453604, -0.151736, -0.015), (-0.453604, -0.148264, -0.015), (-0.45089, -0.1461, -0.015), (-0.447506, -0.146873, -0.015), (-0.546, -0.15, -0.015), (-0.547506, -0.153127, -0.015), (-0.55089, -0.1539, -0.015), (-0.553604, -0.151736, -0.015), (-0.553604, -0.148264, -0.015), (-0.55089, -0.1461, -0.015), (-0.547506, -0.146873, -0.015), (-0.646, -0.15, -0.015), (-0.647506, -0.153127, -0.015), (-0.65089, -0.1539, -0.015), (-0.653604, -0.151736, -0.015), (-0.653604, -0.148264, -0.015), (-0.65089, -0.1461, -0.015), (-0.647506, -0.146873, -0.015), (0.354, -0.05, -0.015), (0.352494, -0.0531273, -0.015), (0.34911, -0.0538997, -0.015), (0.346396, -0.0517355, -0.015), (0.346396, -0.0482645, -0.015), (0.34911, -0.0461003, -0.015), (0.352494, -0.0468727, -0.015), (0.254, -0.05, -0.015), (0.252494, -0.0531273, -0.015), (0.24911, -0.0538997, -0.015), (0.246396, -0.0517355, -0.015), (0.246396, -0.0482645, -0.015), (0.24911, -0.0461003, -0.015), (0.252494, -0.0468727, -0.015), (0.154, -0.05, -0.015), (0.152494, -0.0531273, -0.015), (0.14911, -0.0538997, -0.015), (0.146396, -0.0517355, -0.015), (0.146396, -0.0482645, -0.015), (0.14911, -0.0461003, -0.015), (0.152494, -0.0468727, -0.015), (0.054, -0.05, -0.015), (0.052494, -0.0531273, -0.015), (0.0491099, -0.0538997, -0.015), (0.0463961, -0.0517355, -0.015), (0.0463961, -0.0482645, -0.015), (0.0491099, -0.0461003, -0.015), (0.052494, -0.0468727, -0.015), (-0.046, -0.05, -0.015), (-0.047506, -0.0531273, -0.015), (-0.0508901, -0.0538997, -0.015), (-0.0536039, -0.0517355, -0.015), (-0.0536039, -0.0482645, -0.015), (-0.0508901, -0.0461003, -0.015), (-0.047506, -0.0468727, -0.015), (-0.146, -0.05, -0.015), (-0.147506, -0.0531273, -0.015), (-0.15089, -0.0538997, -0.015), (-0.153604, -0.0517355, -0.015), (-0.153604, -0.0482645, -0.015), (-0.15089, -0.0461003, -0.015), (-0.147506, -0.0468727, -0.015), (-0.246, -0.05, -0.015), (-0.247506, -0.0531273, -0.015), (-0.25089, -0.0538997, -0.015), (-0.253604, -0.0517355, -0.015), (-0.253604, -0.0482645, -0.015), (-0.25089, -0.0461003, -0.015), (-0.247506, -0.0468727, -0.015), (-0.346, -0.05, -0.015), (-0.347506, -0.0531273, -0.015), (-0.35089, -0.0538997, -0.015), (-0.353604, -0.0517355, -0.015), (-0.353604, -0.0482645, -0.015), (-0.35089, -0.0461003, -0.015), (-0.347506, -0.0468727, -0.015), (-0.446, -0.05, -0.015), (-0.447506, -0.0531273, -0.015), (-0.45089, -0.0538997, -0.015), (-0.453604, -0.0517355, -0.015), (-0.453604, -0.0482645, -0.015), (-0.45089, -0.0461003, -0.015), (-0.447506, -0.0468727, -0.015), (-0.546, -0.05, -0.015), (-0.547506, -0.0531273, -0.015), (-0.55089, -0.0538997, -0.015), (-0.553604, -0.0517355, -0.015), (-0.553604, -0.0482645, -0.015), (-0.55089, -0.0461003, -0.015), (-0.547506, -0.0468727, -0.015), (-0.646, -0.05, -0.015), (-0.647506, -0.0531273, -0.015), (-0.65089, -0.0538997, -0.015), (-0.653604, -0.0517355, -0.015), (-0.653604, -0.0482645, -0.015), (-0.65089, -0.0461003, -0.015), (-0.647506, -0.0468727, -0.015), (0.354, 0.05, -0.015), (0.352494, 0.0468727, -0.015), (0.34911, 0.0461003, -0.015), (0.346396, 0.0482645, -0.015), (0.346396, 0.0517355, -0.015), (0.34911, 0.0538997, -0.015), (0.352494, 0.0531273, -0.015), (0.254, 0.05, -0.015), (0.252494, 0.0468727, -0.015), (0.24911, 0.0461003, -0.015), (0.246396, 0.0482645, -0.015), (0.246396, 0.0517355, -0.015), (0.24911, 0.0538997, -0.015), (0.252494, 0.0531273, -0.015), (0.154, 0.05, -0.015), (0.152494, 0.0468727, -0.015), (0.14911, 0.0461003, -0.015), (0.146396, 0.0482645, -0.015), (0.146396, 0.0517355, -0.015), (0.14911, 0.0538997, -0.015), (0.152494, 0.0531273, -0.015), (0.054, 0.05, -0.015), (0.052494, 0.0468727, -0.015), (0.0491099, 0.0461003, -0.015), (0.0463961, 0.0482645, -0.015), (0.0463961, 0.0517355, -0.015), (0.0491099, 0.0538997, -0.015), (0.052494, 0.0531273, -0.015), (-0.046, 0.05, -0.015), (-0.047506, 0.0468727, -0.015), (-0.0508901, 0.0461003, -0.015), (-0.0536039, 0.0482645, -0.015), (-0.0536039, 0.0517355, -0.015), (-0.0508901, 0.0538997, -0.015), (-0.047506, 0.0531273, -0.015), (-0.146, 0.05, -0.015), (-0.147506, 0.0468727, -0.015), (-0.15089, 0.0461003, -0.015), (-0.153604, 0.0482645, -0.015), (-0.153604, 0.0517355, -0.015), (-0.15089, 0.0538997, -0.015), (-0.147506, 0.0531273, -0.015), (-0.246, 0.05, -0.015), (-0.247506, 0.0468727, -0.015), (-0.25089, 0.0461003, -0.015), (-0.253604, 0.0482645, -0.015), (-0.253604, 0.0517355, -0.015), (-0.25089, 0.0538997, -0.015), (-0.247506, 0.0531273, -0.015), (-0.346, 0.05, -0.015), (-0.347506, 0.0468727, -0.015), (-0.35089, 0.0461003, -0.015), (-0.353604, 0.0482645, -0.015), (-0.353604, 0.0517355, -0.015), (-0.35089, 0.0538997, -0.015), (-0.347506, 0.0531273, -0.015), (-0.446, 0.05, -0.015), (-0.447506, 0.0468727, -0.015), (-0.45089, 0.0461003, -0.015), (-0.453604, 0.0482645, -0.015), (-0.453604, 0.0517355, -0.015), (-0.45089, 0.0538997, -0.015), (-0.447506, 0.0531273, -0.015), (-0.546, 0.05, -0.015), (-0.547506, 0.0468727, -0.015), (-0.55089, 0.0461003, -0.015), (-0.553604, 0.0482645, -0.015), (-0.553604, 0.0517355, -0.015), (-0.55089, 0.0538997, -0.015), (-0.547506, 0.0531273, -0.015), (-0.646, 0.05, -0.015), (-0.647506, 0.0468727, -0.015), (-0.65089, 0.0461003, -0.015), (-0.653604, 0.0482645, -0.015), (-0.653604, 0.0517355, -0.015), (-0.65089, 0.0538997, -0.015), (-0.647506, 0.0531273, -0.015), (0.354, 0.15, -0.015), (0.352494, 0.146873, -0.015), (0.34911, 0.1461, -0.015), (0.346396, 0.148264, -0.015), (0.346396, 0.151736, -0.015), (0.34911, 0.1539, -0.015), (0.352494, 0.153127, -0.015), (0.254, 0.15, -0.015), (0.252494, 0.146873, -0.015), (0.24911, 0.1461, -0.015), (0.246396, 0.148264, -0.015), (0.246396, 0.151736, -0.015), (0.24911, 0.1539, -0.015), (0.252494, 0.153127, -0.015), (0.154, 0.15, -0.015), (0.152494, 0.146873, -0.015), (0.14911, 0.1461, -0.015), (0.146396, 0.148264, -0.015), (0.146396, 0.151736, -0.015), (0.14911, 0.1539, -0.015), (0.152494, 0.153127, -0.015), (0.054, 0.15, -0.015), (0.052494, 0.146873, -0.015), (0.0491099, 0.1461, -0.015), (0.0463961, 0.148264, -0.015), (0.0463961, 0.151736, -0.015), (0.0491099, 0.1539, -0.015), (0.052494, 0.153127, -0.015), (-0.046, 0.15, -0.015), (-0.047506, 0.146873, -0.015), (-0.0508901, 0.1461, -0.015), (-0.0536039, 0.148264, -0.015), (-0.0536039, 0.151736, -0.015), (-0.0508901, 0.1539, -0.015), (-0.047506, 0.153127, -0.015), (-0.146, 0.15, -0.015), (-0.147506, 0.146873, -0.015), (-0.15089, 0.1461, -0.015), (-0.153604, 0.148264, -0.015), (-0.153604, 0.151736, -0.015), (-0.15089, 0.1539, -0.015), (-0.147506, 0.153127, -0.015), (-0.246, 0.15, -0.015), (-0.247506, 0.146873, -0.015), (-0.25089, 0.1461, -0.015), (-0.253604, 0.148264, -0.015), (-0.253604, 0.151736, -0.015), (-0.25089, 0.1539, -0.015), (-0.247506, 0.153127, -0.015), (-0.346, 0.15, -0.015), (-0.347506, 0.146873, -0.015), (-0.35089, 0.1461, -0.015), (-0.353604, 0.148264, -0.015), (-0.353604, 0.151736, -0.015), (-0.35089, 0.1539, -0.015), (-0.347506, 0.153127, -0.015), (-0.446, 0.15, -0.015), (-0.447506, 0.146873, -0.015), (-0.45089, 0.1461, -0.015), (-0.453604, 0.148264, -0.015), (-0.453604, 0.151736, -0.015), (-0.45089, 0.1539, -0.015), (-0.447506, 0.153127, -0.015), (-0.546, 0.15, -0.015), (-0.547506, 0.146873, -0.015), (-0.55089, 0.1461, -0.015), (-0.553604, 0.148264, -0.015), (-0.553604, 0.151736, -0.015), (-0.55089, 0.1539, -0.015), (-0.547506, 0.153127, -0.015), (-0.646, 0.15, -0.015), (-0.647506, 0.146873, -0.015), (-0.65089, 0.1461, -0.015), (-0.653604, 0.148264, -0.015), (-0.653604, 0.151736, -0.015), (-0.65089, 0.1539, -0.015), (-0.647506, 0.153127, -0.015), (0.354, 0.25, -0.015), (0.352494, 0.246873, -0.015), (0.34911, 0.2461, -0.015), (0.346396, 0.248264, -0.015), (0.346396, 0.251736, -0.015), (0.34911, 0.2539, -0.015), (0.352494, 0.253127, -0.015), (0.254, 0.25, -0.015), (0.252494, 0.246873, -0.015), (0.24911, 0.2461, -0.015), (0.246396, 0.248264, -0.015), (0.246396, 0.251736, -0.015), (0.24911, 0.2539, -0.015), (0.252494, 0.253127, -0.015), (0.154, 0.25, -0.015), (0.152494, 0.246873, -0.015), (0.14911, 0.2461, -0.015), (0.146396, 0.248264, -0.015), (0.146396, 0.251736, -0.015), (0.14911, 0.2539, -0.015), (0.152494, 0.253127, -0.015), (0.054, 0.25, -0.015), (0.052494, 0.246873, -0.015), (0.0491099, 0.2461, -0.015), (0.0463961, 0.248264, -0.015), (0.0463961, 0.251736, -0.015), (0.0491099, 0.2539, -0.015), (0.052494, 0.253127, -0.015), (-0.046, 0.25, -0.015), (-0.047506, 0.246873, -0.015), (-0.0508901, 0.2461, -0.015), (-0.0536039, 0.248264, -0.015), (-0.0536039, 0.251736, -0.015), (-0.0508901, 0.2539, -0.015), (-0.047506, 0.253127, -0.015), (-0.146, 0.25, -0.015), (-0.147506, 0.246873, -0.015), (-0.15089, 0.2461, -0.015), (-0.153604, 0.248264, -0.015), (-0.153604, 0.251736, -0.015), (-0.15089, 0.2539, -0.015), (-0.147506, 0.253127, -0.015), (-0.246, 0.25, -0.015), (-0.247506, 0.246873, -0.015), (-0.25089, 0.2461, -0.015), (-0.253604, 0.248264, -0.015), (-0.253604, 0.251736, -0.015), (-0.25089, 0.2539, -0.015), (-0.247506, 0.253127, -0.015), (-0.346, 0.25, -0.015), (-0.347506, 0.246873, -0.015), (-0.35089, 0.2461, -0.015), (-0.353604, 0.248264, -0.015), (-0.353604, 0.251736, -0.015), (-0.35089, 0.2539, -0.015), (-0.347506, 0.253127, -0.015), (-0.446, 0.25, -0.015), (-0.447506, 0.246873, -0.015), (-0.45089, 0.2461, -0.015), (-0.453604, 0.248264, -0.015), (-0.453604, 0.251736, -0.015), (-0.45089, 0.2539, -0.015), (-0.447506, 0.253127, -0.015), (-0.546, 0.25, -0.015), (-0.547506, 0.246873, -0.015), (-0.55089, 0.2461, -0.015), (-0.553604, 0.248264, -0.015), (-0.553604, 0.251736, -0.015), (-0.55089, 0.2539, -0.015), (-0.547506, 0.253127, -0.015), (-0.646, 0.25, -0.015), (-0.647506, 0.246873, -0.015), (-0.65089, 0.2461, -0.015), (-0.653604, 0.248264, -0.015), (-0.653604, 0.251736, -0.015), (-0.65089, 0.2539, -0.015), (-0.647506, 0.253127, -0.015), (0.354, 0.35, -0.015), (0.352494, 0.346873, -0.015), (0.34911, 0.3461, -0.015), (0.346396, 0.348264, -0.015), (0.346396, 0.351736, -0.015), (0.34911, 0.3539, -0.015), (0.352494, 0.353127, -0.015), (0.254, 0.35, -0.015), (0.252494, 0.346873, -0.015), (0.24911, 0.3461, -0.015), (0.246396, 0.348264, -0.015), (0.246396, 0.351736, -0.015), (0.24911, 0.3539, -0.015), (0.252494, 0.353127, -0.015), (0.154, 0.35, -0.015), (0.152494, 0.346873, -0.015), (0.14911, 0.3461, -0.015), (0.146396, 0.348264, -0.015), (0.146396, 0.351736, -0.015), (0.14911, 0.3539, -0.015), (0.152494, 0.353127, -0.015), (0.054, 0.35, -0.015), (0.052494, 0.346873, -0.015), (0.0491099, 0.3461, -0.015), (0.0463961, 0.348264, -0.015), (0.0463961, 0.351736, -0.015), (0.0491099, 0.3539, -0.015), (0.052494, 0.353127, -0.015), (-0.046, 0.35, -0.015), (-0.047506, 0.346873, -0.015), (-0.0508901, 0.3461, -0.015), (-0.0536039, 0.348264, -0.015), (-0.0536039, 0.351736, -0.015), (-0.0508901, 0.3539, -0.015), (-0.047506, 0.353127, -0.015), (-0.146, 0.35, -0.015), (-0.147506, 0.346873, -0.015), (-0.15089, 0.3461, -0.015), (-0.153604, 0.348264, -0.015), (-0.153604, 0.351736, -0.015), (-0.15089, 0.3539, -0.015), (-0.147506, 0.353127, -0.015), (-0.246, 0.35, -0.015), (-0.247506, 0.346873, -0.015), (-0.25089, 0.3461, -0.015), (-0.253604, 0.348264, -0.015), (-0.253604, 0.351736, -0.015), (-0.25089, 0.3539, -0.015), (-0.247506, 0.353127, -0.015), (-0.346, 0.35, -0.015), (-0.347506, 0.346873, -0.015), (-0.35089, 0.3461, -0.015), (-0.353604, 0.348264, -0.015), (-0.353604, 0.351736, -0.015), (-0.35089, 0.3539, -0.015), (-0.347506, 0.353127, -0.015), (-0.446, 0.35, -0.015), (-0.447506, 0.346873, -0.015), (-0.45089, 0.3461, -0.015), (-0.453604, 0.348264, -0.015), (-0.453604, 0.351736, -0.015), (-0.45089, 0.3539, -0.015), (-0.447506, 0.353127, -0.015), (-0.546, 0.35, -0.015), (-0.547506, 0.346873, -0.015), (-0.55089, 0.3461, -0.015), (-0.553604, 0.348264, -0.015), (-0.553604, 0.351736, -0.015), (-0.55089, 0.3539, -0.015), (-0.547506, 0.353127, -0.015), (-0.646, 0.35, -0.015), (-0.647506, 0.346873, -0.015), (-0.65089, 0.3461, -0.015), (-0.653604, 0.348264, -0.015), (-0.653604, 0.351736, -0.015), (-0.65089, 0.3539, -0.015), (-0.647506, 0.353127, -0.015), (-0.75, -0.45, -0.015), (0.45, -0.45, -0.015), (0.45, 0.45, -0.015), (-0.75, 0.45, -0.015), (-0.246, -0.35, -0.025), (-0.247506, -0.353127, -0.025), (-0.25089, -0.3539, -0.025), (-0.253604, -0.351736, -0.025), (-0.253604, -0.348264, -0.025), (-0.25089, -0.3461, -0.025), (-0.247506, -0.346873, -0.025), (-0.246, -0.35, -0.015), (-0.247506, -0.346873, -0.015), (-0.25089, -0.3461, -0.015), (-0.253604, -0.348264, -0.015), (-0.253604, -0.351736, -0.015), (-0.25089, -0.3539, -0.015), (-0.247506, -0.353127, -0.015), (-0.253604, -0.348264, -0.025), (-0.253604, -0.348264, -0.015), (0.354, -0.35, -0.025), (0.352494, -0.346873, -0.025), (0.34911, -0.3461, -0.025), (0.346396, -0.348264, -0.025), (0.346396, -0.351736, -0.025), (0.34911, -0.3539, -0.025), (0.352494, -0.353127, -0.025), (0.254, -0.35, -0.025), (0.252494, -0.346873, -0.025), (0.24911, -0.3461, -0.025), (0.246396, -0.348264, -0.025), (0.246396, -0.351736, -0.025), (0.24911, -0.3539, -0.025), (0.252494, -0.353127, -0.025), (0.154, -0.35, -0.025), (0.152494, -0.346873, -0.025), (0.14911, -0.3461, -0.025), (0.146396, -0.348264, -0.025), (0.146396, -0.351736, -0.025), (0.14911, -0.3539, -0.025), (0.152494, -0.353127, -0.025), (0.054, -0.35, -0.025), (0.052494, -0.346873, -0.025), (0.0491099, -0.3461, -0.025), (0.0463961, -0.348264, -0.025), (0.0463961, -0.351736, -0.025), (0.0491099, -0.3539, -0.025), (0.052494, -0.353127, -0.025), (-0.046, -0.35, -0.025), (-0.047506, -0.346873, -0.025), (-0.0508901, -0.3461, -0.025), (-0.0536039, -0.348264, -0.025), (-0.0536039, -0.351736, -0.025), (-0.0508901, -0.3539, -0.025), (-0.047506, -0.353127, -0.025), (-0.146, -0.35, -0.025), (-0.147506, -0.346873, -0.025), (-0.15089, -0.3461, -0.025), (-0.153604, -0.348264, -0.025), (-0.153604, -0.351736, -0.025), (-0.15089, -0.3539, -0.025), (-0.147506, -0.353127, -0.025), (-0.246, -0.35, -0.025), (-0.247506, -0.346873, -0.025), (-0.25089, -0.3461, -0.025), (-0.253604, -0.348264, -0.025), (-0.253604, -0.351736, -0.025), (-0.25089, -0.3539, -0.025), (-0.247506, -0.353127, -0.025), (-0.346, -0.35, -0.025), (-0.347506, -0.346873, -0.025), (-0.35089, -0.3461, -0.025), (-0.353604, -0.348264, -0.025), (-0.353604, -0.351736, -0.025), (-0.35089, -0.3539, -0.025), (-0.347506, -0.353127, -0.025), (-0.446, -0.35, -0.025), (-0.447506, -0.346873, -0.025), (-0.45089, -0.3461, -0.025), (-0.453604, -0.348264, -0.025), (-0.453604, -0.351736, -0.025), (-0.45089, -0.3539, -0.025), (-0.447506, -0.353127, -0.025), (-0.546, -0.35, -0.025), (-0.547506, -0.346873, -0.025), (-0.55089, -0.3461, -0.025), (-0.553604, -0.348264, -0.025), (-0.553604, -0.351736, -0.025), (-0.55089, -0.3539, -0.025), (-0.547506, -0.353127, -0.025), (-0.646, -0.35, -0.025), (-0.647506, -0.346873, -0.025), (-0.65089, -0.3461, -0.025), (-0.653604, -0.348264, -0.025), (-0.653604, -0.351736, -0.025), (-0.65089, -0.3539, -0.025), (-0.647506, -0.353127, -0.025), (0.354, -0.25, -0.025), (0.352494, -0.246873, -0.025), (0.34911, -0.2461, -0.025), (0.346396, -0.248264, -0.025), (0.346396, -0.251736, -0.025), (0.34911, -0.2539, -0.025), (0.352494, -0.253127, -0.025), (0.254, -0.25, -0.025), (0.252494, -0.246873, -0.025), (0.24911, -0.2461, -0.025), (0.246396, -0.248264, -0.025), (0.246396, -0.251736, -0.025), (0.24911, -0.2539, -0.025), (0.252494, -0.253127, -0.025), (0.154, -0.25, -0.025), (0.152494, -0.246873, -0.025), (0.14911, -0.2461, -0.025), (0.146396, -0.248264, -0.025), (0.146396, -0.251736, -0.025), (0.14911, -0.2539, -0.025), (0.152494, -0.253127, -0.025), (0.054, -0.25, -0.025), (0.052494, -0.246873, -0.025), (0.0491099, -0.2461, -0.025), (0.0463961, -0.248264, -0.025), (0.0463961, -0.251736, -0.025), (0.0491099, -0.2539, -0.025), (0.052494, -0.253127, -0.025), (-0.046, -0.25, -0.025), (-0.047506, -0.246873, -0.025), (-0.0508901, -0.2461, -0.025), (-0.0536039, -0.248264, -0.025), (-0.0536039, -0.251736, -0.025), (-0.0508901, -0.2539, -0.025), (-0.047506, -0.253127, -0.025), (-0.146, -0.25, -0.025), (-0.147506, -0.246873, -0.025), (-0.15089, -0.2461, -0.025), (-0.153604, -0.248264, -0.025), (-0.153604, -0.251736, -0.025), (-0.15089, -0.2539, -0.025), (-0.147506, -0.253127, -0.025), (-0.246, -0.25, -0.025), (-0.247506, -0.246873, -0.025), (-0.25089, -0.2461, -0.025), (-0.253604, -0.248264, -0.025), (-0.253604, -0.251736, -0.025), (-0.25089, -0.2539, -0.025), (-0.247506, -0.253127, -0.025), (-0.346, -0.25, -0.025), (-0.347506, -0.246873, -0.025), (-0.35089, -0.2461, -0.025), (-0.353604, -0.248264, -0.025), (-0.353604, -0.251736, -0.025), (-0.35089, -0.2539, -0.025), (-0.347506, -0.253127, -0.025), (-0.446, -0.25, -0.025), (-0.447506, -0.246873, -0.025), (-0.45089, -0.2461, -0.025), (-0.453604, -0.248264, -0.025), (-0.453604, -0.251736, -0.025), (-0.45089, -0.2539, -0.025), (-0.447506, -0.253127, -0.025), (-0.546, -0.25, -0.025), (-0.547506, -0.246873, -0.025), (-0.55089, -0.2461, -0.025), (-0.553604, -0.248264, -0.025), (-0.553604, -0.251736, -0.025), (-0.55089, -0.2539, -0.025), (-0.547506, -0.253127, -0.025), (-0.646, -0.25, -0.025), (-0.647506, -0.246873, -0.025), (-0.65089, -0.2461, -0.025), (-0.653604, -0.248264, -0.025), (-0.653604, -0.251736, -0.025), (-0.65089, -0.2539, -0.025), (-0.647506, -0.253127, -0.025), (0.354, -0.15, -0.025), (0.352494, -0.146873, -0.025), (0.34911, -0.1461, -0.025), (0.346396, -0.148264, -0.025), (0.346396, -0.151736, -0.025), (0.34911, -0.1539, -0.025), (0.352494, -0.153127, -0.025), (0.254, -0.15, -0.025), (0.252494, -0.146873, -0.025), (0.24911, -0.1461, -0.025), (0.246396, -0.148264, -0.025), (0.246396, -0.151736, -0.025), (0.24911, -0.1539, -0.025), (0.252494, -0.153127, -0.025), (0.154, -0.15, -0.025), (0.152494, -0.146873, -0.025), (0.14911, -0.1461, -0.025), (0.146396, -0.148264, -0.025), (0.146396, -0.151736, -0.025), (0.14911, -0.1539, -0.025), (0.152494, -0.153127, -0.025), (0.054, -0.15, -0.025), (0.052494, -0.146873, -0.025), (0.0491099, -0.1461, -0.025), (0.0463961, -0.148264, -0.025), (0.0463961, -0.151736, -0.025), (0.0491099, -0.1539, -0.025), (0.052494, -0.153127, -0.025), (-0.046, -0.15, -0.025), (-0.047506, -0.146873, -0.025), (-0.0508901, -0.1461, -0.025), (-0.0536039, -0.148264, -0.025), (-0.0536039, -0.151736, -0.025), (-0.0508901, -0.1539, -0.025), (-0.047506, -0.153127, -0.025), (-0.146, -0.15, -0.025), (-0.147506, -0.146873, -0.025), (-0.15089, -0.1461, -0.025), (-0.153604, -0.148264, -0.025), (-0.153604, -0.151736, -0.025), (-0.15089, -0.1539, -0.025), (-0.147506, -0.153127, -0.025), (-0.246, -0.15, -0.025), (-0.247506, -0.146873, -0.025), (-0.25089, -0.1461, -0.025), (-0.253604, -0.148264, -0.025), (-0.253604, -0.151736, -0.025), (-0.25089, -0.1539, -0.025), (-0.247506, -0.153127, -0.025), (-0.346, -0.15, -0.025), (-0.347506, -0.146873, -0.025), (-0.35089, -0.1461, -0.025), (-0.353604, -0.148264, -0.025), (-0.353604, -0.151736, -0.025), (-0.35089, -0.1539, -0.025), (-0.347506, -0.153127, -0.025), (-0.446, -0.15, -0.025), (-0.447506, -0.146873, -0.025), (-0.45089, -0.1461, -0.025), (-0.453604, -0.148264, -0.025), (-0.453604, -0.151736, -0.025), (-0.45089, -0.1539, -0.025), (-0.447506, -0.153127, -0.025), (-0.546, -0.15, -0.025), (-0.547506, -0.146873, -0.025), (-0.55089, -0.1461, -0.025), (-0.553604, -0.148264, -0.025), (-0.553604, -0.151736, -0.025), (-0.55089, -0.1539, -0.025), (-0.547506, -0.153127, -0.025), (-0.646, -0.15, -0.025), (-0.647506, -0.146873, -0.025), (-0.65089, -0.1461, -0.025), (-0.653604, -0.148264, -0.025), (-0.653604, -0.151736, -0.025), (-0.65089, -0.1539, -0.025), (-0.647506, -0.153127, -0.025), (0.354, -0.05, -0.025), (0.352494, -0.0468727, -0.025), (0.34911, -0.0461003, -0.025), (0.346396, -0.0482645, -0.025), (0.346396, -0.0517355, -0.025), (0.34911, -0.0538997, -0.025), (0.352494, -0.0531273, -0.025), (0.254, -0.05, -0.025), (0.252494, -0.0468727, -0.025), (0.24911, -0.0461003, -0.025), (0.246396, -0.0482645, -0.025), (0.246396, -0.0517355, -0.025), (0.24911, -0.0538997, -0.025), (0.252494, -0.0531273, -0.025), (0.154, -0.05, -0.025), (0.152494, -0.0468727, -0.025), (0.14911, -0.0461003, -0.025), (0.146396, -0.0482645, -0.025), (0.146396, -0.0517355, -0.025), (0.14911, -0.0538997, -0.025), (0.152494, -0.0531273, -0.025), (0.054, -0.05, -0.025), (0.052494, -0.0468727, -0.025), (0.0491099, -0.0461003, -0.025), (0.0463961, -0.0482645, -0.025), (0.0463961, -0.0517355, -0.025), (0.0491099, -0.0538997, -0.025), (0.052494, -0.0531273, -0.025), (-0.046, -0.05, -0.025), (-0.047506, -0.0468727, -0.025), (-0.0508901, -0.0461003, -0.025), (-0.0536039, -0.0482645, -0.025), (-0.0536039, -0.0517355, -0.025), (-0.0508901, -0.0538997, -0.025), (-0.047506, -0.0531273, -0.025), (-0.146, -0.05, -0.025), (-0.147506, -0.0468727, -0.025), (-0.15089, -0.0461003, -0.025), (-0.153604, -0.0482645, -0.025), (-0.153604, -0.0517355, -0.025), (-0.15089, -0.0538997, -0.025), (-0.147506, -0.0531273, -0.025), (-0.246, -0.05, -0.025), (-0.247506, -0.0468727, -0.025), (-0.25089, -0.0461003, -0.025), (-0.253604, -0.0482645, -0.025), (-0.253604, -0.0517355, -0.025), (-0.25089, -0.0538997, -0.025), (-0.247506, -0.0531273, -0.025), (-0.346, -0.05, -0.025), (-0.347506, -0.0468727, -0.025), (-0.35089, -0.0461003, -0.025), (-0.353604, -0.0482645, -0.025), (-0.353604, -0.0517355, -0.025), (-0.35089, -0.0538997, -0.025), (-0.347506, -0.0531273, -0.025), (-0.446, -0.05, -0.025), (-0.447506, -0.0468727, -0.025), (-0.45089, -0.0461003, -0.025), (-0.453604, -0.0482645, -0.025), (-0.453604, -0.0517355, -0.025), (-0.45089, -0.0538997, -0.025), (-0.447506, -0.0531273, -0.025), (-0.546, -0.05, -0.025), (-0.547506, -0.0468727, -0.025), (-0.55089, -0.0461003, -0.025), (-0.553604, -0.0482645, -0.025), (-0.553604, -0.0517355, -0.025), (-0.55089, -0.0538997, -0.025), (-0.547506, -0.0531273, -0.025), (-0.646, -0.05, -0.025), (-0.647506, -0.0468727, -0.025), (-0.65089, -0.0461003, -0.025), (-0.653604, -0.0482645, -0.025), (-0.653604, -0.0517355, -0.025), (-0.65089, -0.0538997, -0.025), (-0.647506, -0.0531273, -0.025), (0.354, 0.05, -0.025), (0.352494, 0.0531273, -0.025), (0.34911, 0.0538997, -0.025), (0.346396, 0.0517355, -0.025), (0.346396, 0.0482645, -0.025), (0.34911, 0.0461003, -0.025), (0.352494, 0.0468727, -0.025), (0.254, 0.05, -0.025), (0.252494, 0.0531273, -0.025), (0.24911, 0.0538997, -0.025), (0.246396, 0.0517355, -0.025), (0.246396, 0.0482645, -0.025), (0.24911, 0.0461003, -0.025), (0.252494, 0.0468727, -0.025), (0.154, 0.05, -0.025), (0.152494, 0.0531273, -0.025), (0.14911, 0.0538997, -0.025), (0.146396, 0.0517355, -0.025), (0.146396, 0.0482645, -0.025), (0.14911, 0.0461003, -0.025), (0.152494, 0.0468727, -0.025), (0.054, 0.05, -0.025), (0.052494, 0.0531273, -0.025), (0.0491099, 0.0538997, -0.025), (0.0463961, 0.0517355, -0.025), (0.0463961, 0.0482645, -0.025), (0.0491099, 0.0461003, -0.025), (0.052494, 0.0468727, -0.025), (-0.046, 0.05, -0.025), (-0.047506, 0.0531273, -0.025), (-0.0508901, 0.0538997, -0.025), (-0.0536039, 0.0517355, -0.025), (-0.0536039, 0.0482645, -0.025), (-0.0508901, 0.0461003, -0.025), (-0.047506, 0.0468727, -0.025), (-0.146, 0.05, -0.025), (-0.147506, 0.0531273, -0.025), (-0.15089, 0.0538997, -0.025), (-0.153604, 0.0517355, -0.025), (-0.153604, 0.0482645, -0.025), (-0.15089, 0.0461003, -0.025), (-0.147506, 0.0468727, -0.025), (-0.246, 0.05, -0.025), (-0.247506, 0.0531273, -0.025), (-0.25089, 0.0538997, -0.025), (-0.253604, 0.0517355, -0.025), (-0.253604, 0.0482645, -0.025), (-0.25089, 0.0461003, -0.025), (-0.247506, 0.0468727, -0.025), (-0.346, 0.05, -0.025), (-0.347506, 0.0531273, -0.025), (-0.35089, 0.0538997, -0.025), (-0.353604, 0.0517355, -0.025), (-0.353604, 0.0482645, -0.025), (-0.35089, 0.0461003, -0.025), (-0.347506, 0.0468727, -0.025), (-0.446, 0.05, -0.025), (-0.447506, 0.0531273, -0.025), (-0.45089, 0.0538997, -0.025), (-0.453604, 0.0517355, -0.025), (-0.453604, 0.0482645, -0.025), (-0.45089, 0.0461003, -0.025), (-0.447506, 0.0468727, -0.025), (-0.546, 0.05, -0.025), (-0.547506, 0.0531273, -0.025), (-0.55089, 0.0538997, -0.025), (-0.553604, 0.0517355, -0.025), (-0.553604, 0.0482645, -0.025), (-0.55089, 0.0461003, -0.025), (-0.547506, 0.0468727, -0.025), (-0.646, 0.05, -0.025), (-0.647506, 0.0531273, -0.025), (-0.65089, 0.0538997, -0.025), (-0.653604, 0.0517355, -0.025), (-0.653604, 0.0482645, -0.025), (-0.65089, 0.0461003, -0.025), (-0.647506, 0.0468727, -0.025), (0.354, 0.15, -0.025), (0.352494, 0.153127, -0.025), (0.34911, 0.1539, -0.025), (0.346396, 0.151736, -0.025), (0.346396, 0.148264, -0.025), (0.34911, 0.1461, -0.025), (0.352494, 0.146873, -0.025), (0.254, 0.15, -0.025), (0.252494, 0.153127, -0.025), (0.24911, 0.1539, -0.025), (0.246396, 0.151736, -0.025), (0.246396, 0.148264, -0.025), (0.24911, 0.1461, -0.025), (0.252494, 0.146873, -0.025), (0.154, 0.15, -0.025), (0.152494, 0.153127, -0.025), (0.14911, 0.1539, -0.025), (0.146396, 0.151736, -0.025), (0.146396, 0.148264, -0.025), (0.14911, 0.1461, -0.025), (0.152494, 0.146873, -0.025), (0.054, 0.15, -0.025), (0.052494, 0.153127, -0.025), (0.0491099, 0.1539, -0.025), (0.0463961, 0.151736, -0.025), (0.0463961, 0.148264, -0.025), (0.0491099, 0.1461, -0.025), (0.052494, 0.146873, -0.025), (-0.046, 0.15, -0.025), (-0.047506, 0.153127, -0.025), (-0.0508901, 0.1539, -0.025), (-0.0536039, 0.151736, -0.025), (-0.0536039, 0.148264, -0.025), (-0.0508901, 0.1461, -0.025), (-0.047506, 0.146873, -0.025), (-0.146, 0.15, -0.025), (-0.147506, 0.153127, -0.025), (-0.15089, 0.1539, -0.025), (-0.153604, 0.151736, -0.025), (-0.153604, 0.148264, -0.025), (-0.15089, 0.1461, -0.025), (-0.147506, 0.146873, -0.025), (-0.246, 0.15, -0.025), (-0.247506, 0.153127, -0.025), (-0.25089, 0.1539, -0.025), (-0.253604, 0.151736, -0.025), (-0.253604, 0.148264, -0.025), (-0.25089, 0.1461, -0.025), (-0.247506, 0.146873, -0.025), (-0.346, 0.15, -0.025), (-0.347506, 0.153127, -0.025), (-0.35089, 0.1539, -0.025), (-0.353604, 0.151736, -0.025), (-0.353604, 0.148264, -0.025), (-0.35089, 0.1461, -0.025), (-0.347506, 0.146873, -0.025), (-0.446, 0.15, -0.025), (-0.447506, 0.153127, -0.025), (-0.45089, 0.1539, -0.025), (-0.453604, 0.151736, -0.025), (-0.453604, 0.148264, -0.025), (-0.45089, 0.1461, -0.025), (-0.447506, 0.146873, -0.025), (-0.546, 0.15, -0.025), (-0.547506, 0.153127, -0.025), (-0.55089, 0.1539, -0.025), (-0.553604, 0.151736, -0.025), (-0.553604, 0.148264, -0.025), (-0.55089, 0.1461, -0.025), (-0.547506, 0.146873, -0.025), (-0.646, 0.15, -0.025), (-0.647506, 0.153127, -0.025), (-0.65089, 0.1539, -0.025), (-0.653604, 0.151736, -0.025), (-0.653604, 0.148264, -0.025), (-0.65089, 0.1461, -0.025), (-0.647506, 0.146873, -0.025), (0.354, 0.25, -0.025), (0.352494, 0.253127, -0.025), (0.34911, 0.2539, -0.025), (0.346396, 0.251736, -0.025), (0.346396, 0.248264, -0.025), (0.34911, 0.2461, -0.025), (0.352494, 0.246873, -0.025), (0.254, 0.25, -0.025), (0.252494, 0.253127, -0.025), (0.24911, 0.2539, -0.025), (0.246396, 0.251736, -0.025), (0.246396, 0.248264, -0.025), (0.24911, 0.2461, -0.025), (0.252494, 0.246873, -0.025), (0.154, 0.25, -0.025), (0.152494, 0.253127, -0.025), (0.14911, 0.2539, -0.025), (0.146396, 0.251736, -0.025), (0.146396, 0.248264, -0.025), (0.14911, 0.2461, -0.025), (0.152494, 0.246873, -0.025), (0.054, 0.25, -0.025), (0.052494, 0.253127, -0.025), (0.0491099, 0.2539, -0.025), (0.0463961, 0.251736, -0.025), (0.0463961, 0.248264, -0.025), (0.0491099, 0.2461, -0.025), (0.052494, 0.246873, -0.025), (-0.046, 0.25, -0.025), (-0.047506, 0.253127, -0.025), (-0.0508901, 0.2539, -0.025), (-0.0536039, 0.251736, -0.025), (-0.0536039, 0.248264, -0.025), (-0.0508901, 0.2461, -0.025), (-0.047506, 0.246873, -0.025), (-0.146, 0.25, -0.025), (-0.147506, 0.253127, -0.025), (-0.15089, 0.2539, -0.025), (-0.153604, 0.251736, -0.025), (-0.153604, 0.248264, -0.025), (-0.15089, 0.2461, -0.025), (-0.147506, 0.246873, -0.025), (-0.246, 0.25, -0.025), (-0.247506, 0.253127, -0.025), (-0.25089, 0.2539, -0.025), (-0.253604, 0.251736, -0.025), (-0.253604, 0.248264, -0.025), (-0.25089, 0.2461, -0.025), (-0.247506, 0.246873, -0.025), (-0.346, 0.25, -0.025), (-0.347506, 0.253127, -0.025), (-0.35089, 0.2539, -0.025), (-0.353604, 0.251736, -0.025), (-0.353604, 0.248264, -0.025), (-0.35089, 0.2461, -0.025), (-0.347506, 0.246873, -0.025), (-0.446, 0.25, -0.025), (-0.447506, 0.253127, -0.025), (-0.45089, 0.2539, -0.025), (-0.453604, 0.251736, -0.025), (-0.453604, 0.248264, -0.025), (-0.45089, 0.2461, -0.025), (-0.447506, 0.246873, -0.025), (-0.546, 0.25, -0.025), (-0.547506, 0.253127, -0.025), (-0.55089, 0.2539, -0.025), (-0.553604, 0.251736, -0.025), (-0.553604, 0.248264, -0.025), (-0.55089, 0.2461, -0.025), (-0.547506, 0.246873, -0.025), (-0.646, 0.25, -0.025), (-0.647506, 0.253127, -0.025), (-0.65089, 0.2539, -0.025), (-0.653604, 0.251736, -0.025), (-0.653604, 0.248264, -0.025), (-0.65089, 0.2461, -0.025), (-0.647506, 0.246873, -0.025), (0.354, 0.35, -0.025), (0.352494, 0.353127, -0.025), (0.34911, 0.3539, -0.025), (0.346396, 0.351736, -0.025), (0.346396, 0.348264, -0.025), (0.34911, 0.3461, -0.025), (0.352494, 0.346873, -0.025), (0.254, 0.35, -0.025), (0.252494, 0.353127, -0.025), (0.24911, 0.3539, -0.025), (0.246396, 0.351736, -0.025), (0.246396, 0.348264, -0.025), (0.24911, 0.3461, -0.025), (0.252494, 0.346873, -0.025), (0.154, 0.35, -0.025), (0.152494, 0.353127, -0.025), (0.14911, 0.3539, -0.025), (0.146396, 0.351736, -0.025), (0.146396, 0.348264, -0.025), (0.14911, 0.3461, -0.025), (0.152494, 0.346873, -0.025), (0.054, 0.35, -0.025), (0.052494, 0.353127, -0.025), (0.0491099, 0.3539, -0.025), (0.0463961, 0.351736, -0.025), (0.0463961, 0.348264, -0.025), (0.0491099, 0.3461, -0.025), (0.052494, 0.346873, -0.025), (-0.046, 0.35, -0.025), (-0.047506, 0.353127, -0.025), (-0.0508901, 0.3539, -0.025), (-0.0536039, 0.351736, -0.025), (-0.0536039, 0.348264, -0.025), (-0.0508901, 0.3461, -0.025), (-0.047506, 0.346873, -0.025), (-0.146, 0.35, -0.025), (-0.147506, 0.353127, -0.025), (-0.15089, 0.3539, -0.025), (-0.153604, 0.351736, -0.025), (-0.153604, 0.348264, -0.025), (-0.15089, 0.3461, -0.025), (-0.147506, 0.346873, -0.025), (-0.246, 0.35, -0.025), (-0.247506, 0.353127, -0.025), (-0.25089, 0.3539, -0.025), (-0.253604, 0.351736, -0.025), (-0.253604, 0.348264, -0.025), (-0.25089, 0.3461, -0.025), (-0.247506, 0.346873, -0.025), (-0.346, 0.35, -0.025), (-0.347506, 0.353127, -0.025), (-0.35089, 0.3539, -0.025), (-0.353604, 0.351736, -0.025), (-0.353604, 0.348264, -0.025), (-0.35089, 0.3461, -0.025), (-0.347506, 0.346873, -0.025), (-0.446, 0.35, -0.025), (-0.447506, 0.353127, -0.025), (-0.45089, 0.3539, -0.025), (-0.453604, 0.351736, -0.025), (-0.453604, 0.348264, -0.025), (-0.45089, 0.3461, -0.025), (-0.447506, 0.346873, -0.025), (-0.546, 0.35, -0.025), (-0.547506, 0.353127, -0.025), (-0.55089, 0.3539, -0.025), (-0.553604, 0.351736, -0.025), (-0.553604, 0.348264, -0.025), (-0.55089, 0.3461, -0.025), (-0.547506, 0.346873, -0.025), (-0.646, 0.35, -0.025), (-0.647506, 0.353127, -0.025), (-0.65089, 0.3539, -0.025), (-0.653604, 0.351736, -0.025), (-0.653604, 0.348264, -0.025), (-0.65089, 0.3461, -0.025), (-0.647506, 0.346873, -0.025), (0.45, -0.45, -0.025), (-0.75, -0.45, -0.025), (-0.75, 0.45, -0.025), (0.45, 0.45, -0.025), (-0.146, -0.35, -0.025), (-0.147506, -0.353127, -0.025), (-0.15089, -0.3539, -0.025), (-0.153604, -0.351736, -0.025), (-0.153604, -0.348264, -0.025), (-0.15089, -0.3461, -0.025), (-0.147506, -0.346873, -0.025), (-0.146, -0.35, -0.015), (-0.147506, -0.346873, -0.015), (-0.15089, -0.3461, -0.015), (-0.153604, -0.348264, -0.015), (-0.153604, -0.351736, -0.015), (-0.15089, -0.3539, -0.015), (-0.147506, -0.353127, -0.015), (-0.153604, -0.348264, -0.025), (-0.153604, -0.348264, -0.015), (-0.046, -0.35, -0.025), (-0.047506, -0.353127, -0.025), (-0.0508901, -0.3539, -0.025), (-0.0536039, -0.351736, -0.025), (-0.0536039, -0.348264, -0.025), (-0.0508901, -0.3461, -0.025), (-0.047506, -0.346873, -0.025), (-0.046, -0.35, -0.015), (-0.047506, -0.346873, -0.015), (-0.0508901, -0.3461, -0.015), (-0.0536039, -0.348264, -0.015), (-0.0536039, -0.351736, -0.015), (-0.0508901, -0.3539, -0.015), (-0.047506, -0.353127, -0.015), (-0.0536039, -0.348264, -0.025), (-0.0536039, -0.348264, -0.015), (0.054, -0.35, -0.025), (0.052494, -0.353127, -0.025), (0.0491099, -0.3539, -0.025), (0.0463961, -0.351736, -0.025), (0.0463961, -0.348264, -0.025), (0.0491099, -0.3461, -0.025), (0.052494, -0.346873, -0.025), (0.054, -0.35, -0.015), (0.052494, -0.346873, -0.015), (0.0491099, -0.3461, -0.015), (0.0463961, -0.348264, -0.015), (0.0463961, -0.351736, -0.015), (0.0491099, -0.3539, -0.015), (0.052494, -0.353127, -0.015), (0.0463961, -0.348264, -0.025), (0.0463961, -0.348264, -0.015)]
        uniform token subdivisionScheme = "none"
    }

    def Mesh "platform" (
        prepend apiSchemas = ["PhysicsCollisionAPI", "PhysicsMeshCollisionAPI", "MaterialBindingAPI"]
    )
    {
        int[] faceVertexCounts = [3, 3, 3, 3, 3, 3, 3, 3, 3, 3, 3, 3, 3, 3, 3, 3, 3, 3, 3, 3, 3, 3, 3, 3, 3, 3, 3, 3, 3, 3, 3, 3, 3, 3, 3, 3, 3, 3, 3, 3, 3, 3, 3, 3, 3, 3, 3, 3, 3, 3, 3, 3, 3, 3, 3, 3, 3, 3, 3, 3, 3, 3, 3, 3, 3, 3, 3, 3, 3, 3, 3, 3, 3, 3, 3, 3, 3, 3, 3, 3, 3, 3, 3, 3, 3, 3, 3, 3, 3, 3, 3, 3, 3, 3, 3, 3, 3, 3, 3, 3, 3, 3, 3, 3, 3, 3, 3, 3, 3, 3, 3, 3, 3, 3, 3, 3, 3, 3, 3, 3, 3, 3, 3, 3, 3, 3, 3, 3, 3, 3, 3, 3, 3, 3, 3, 3, 3, 3, 3, 3, 3, 3, 3, 3, 3, 3, 3, 3, 3, 3, 3, 3, 3, 3, 3, 3, 3, 3, 3, 3, 3, 3, 3, 3, 3, 3, 3, 3, 3, 3, 3, 3, 3, 3, 3, 3, 3, 3, 3, 3, 3, 3, 3, 3, 3, 3, 3, 3, 3, 3, 3, 3, 3, 3, 3, 3, 3, 3, 3, 3, 3, 3, 3, 3, 3, 3, 3, 3, 3, 3, 3, 3, 3, 3, 3, 3, 3, 3, 3, 3, 3, 3, 3, 3, 3, 3, 3, 3, 3, 3, 3, 3, 3, 3, 3, 3, 3, 3, 3, 3, 3, 3, 3, 3, 3, 3, 3, 3, 3, 3, 3, 3, 3, 3, 3, 3, 3, 3, 3, 3, 3, 3, 3, 3, 3, 3, 3, 3, 3, 3, 3, 3, 3, 3, 3, 3, 3, 3, 3, 3, 3, 3, 3, 3, 3, 3, 3, 3, 3, 3, 3, 3, 3, 3, 3, 3, 3, 3, 3, 3, 3, 3, 3, 3, 3, 3, 3, 3, 3, 3, 3, 3, 3, 3, 3, 3, 3, 3, 3, 3, 3, 3, 3, 3, 3, 3, 3, 3, 3, 3, 3, 3, 3, 3, 3, 3, 3, 3, 3, 3, 3, 3, 3, 3, 3, 3, 3, 3, 3, 3, 3, 3, 3, 3, 3, 3, 3, 3, 3, 3, 3, 3, 3, 3, 3, 3, 3, 3, 3, 3, 3, 3, 3, 3, 3, 3, 3, 3, 3, 3, 3, 3, 3, 3, 3, 3, 3, 3, 3, 3, 3, 3, 3, 3, 3, 3, 3, 3, 3, 3, 3, 3, 3, 3, 3, 3, 3, 3, 3, 3, 3, 3, 3, 3, 3, 3, 3, 3, 3, 3, 3, 3, 3, 3, 3, 3, 3, 3, 3, 3, 3, 3, 3, 3, 3, 3, 3, 3, 3, 3, 3, 3, 3, 3, 3, 3, 3, 3, 3, 3, 3, 3, 3, 3, 3, 3, 3, 3, 3, 3, 3, 3, 3, 3, 3, 3, 3, 3, 3, 3, 3, 3, 3, 3, 3, 3, 3, 3, 3, 3, 3, 3, 3, 3, 3, 3, 3, 3, 3, 3, 3, 3, 3, 3, 3, 3, 3, 3, 3, 3, 3, 3, 3, 3, 3, 3, 3, 3, 3, 3, 3, 3, 3, 3, 3, 3, 3, 3, 3, 3, 3, 3, 3, 3, 3, 3, 3, 3, 3, 3, 3, 3, 3, 3, 3, 3, 3, 3, 3, 3, 3, 3, 3, 3, 3, 3, 3, 3, 3, 3, 3, 3, 3, 3, 3, 3, 3, 3, 3, 3, 3, 3, 3, 3, 3, 3, 3, 3, 3, 3, 3, 3, 3, 3, 3, 3, 3, 3, 3, 3, 3, 3, 3, 3, 3, 3, 3, 3, 3, 3, 3, 3, 3, 3, 3, 3, 3, 3, 3, 3, 3, 3, 3, 3, 3, 3, 3, 3, 3, 3, 3, 3, 3, 3, 3, 3, 3, 3, 3, 3, 3, 3, 3, 3, 3, 3, 3, 3, 3, 3, 3, 3, 3, 3, 3, 3, 3, 3, 3, 3, 3, 3, 3, 3, 3, 3, 3, 3, 3, 3, 3, 3, 3, 3, 3, 3, 3, 3, 3, 3, 3, 3, 3, 3, 3, 3, 3, 3, 3, 3, 3, 3, 3, 3, 3, 3, 3, 3, 3, 3, 3, 3, 3, 3, 3, 3, 3, 3, 3, 3, 3, 3, 3, 3, 3, 3, 3, 3, 3, 3, 3, 3, 3, 3, 3, 3, 3, 3, 3, 3, 3, 3, 3, 3, 3, 3, 3, 3, 3, 3, 3, 3, 3, 3, 3, 3, 3, 3, 3, 3, 3, 3, 3, 3, 3, 3, 3, 3, 3, 3, 3, 3, 3, 3, 3, 3, 3, 3, 3, 3, 3, 3, 3, 3, 3, 3, 3, 3, 3, 3, 3, 3, 3, 3, 3, 3, 3, 3, 3, 3, 3, 3, 3, 3, 3, 3, 3, 3, 3, 3, 3, 3, 3, 3, 3, 3, 3, 3, 3, 3, 3, 3, 3, 3, 3, 3, 3, 3, 3, 3, 3, 3, 3, 3, 3, 3, 3, 3, 3, 3, 3, 3, 3, 3, 3, 3, 3, 3, 3, 3, 3, 3, 3, 3, 3, 3, 3, 3, 3, 3, 3, 3, 3, 3, 3, 3, 3, 3, 3, 3, 3, 3, 3, 3, 3, 3, 3, 3, 3, 3, 3, 3, 3, 3, 3, 3, 3, 3, 3, 3, 3, 3, 3, 3, 3, 3, 3, 3, 3, 3, 3, 3, 3, 3, 3, 3, 3, 3, 3, 3, 3, 3, 3, 3, 3, 3, 3, 3, 3, 3, 3, 3, 3, 3, 3, 3, 3, 3, 3, 3, 3, 3, 3, 3, 3, 3, 3, 3, 3, 3, 3, 3, 3, 3, 3, 3, 3, 3, 3, 3, 3, 3, 3, 3, 3, 3, 3, 3, 3, 3, 3, 3, 3, 3, 3, 3, 3, 3, 3, 3, 3, 3, 3, 3, 3, 3, 3, 3, 3, 3, 3, 3, 3, 3, 3, 3, 3, 3, 3, 3, 3, 3, 3, 3, 3, 3, 3, 3, 3, 3, 3, 3, 3, 3, 3, 3, 3, 3, 3, 3, 3, 3, 3, 3, 3, 3, 3, 3]
        int[] faceVertexIndices = [8, 0, 9, 9, 0, 1, 9, 1, 15, 15, 1, 2, 15, 2, 14, 14, 2, 3, 14, 3, 13, 13, 3, 4, 13, 4, 5, 13, 5, 12, 12, 5, 6, 12, 6, 11, 11, 6, 7, 11, 7, 10, 10, 7, 8, 10, 8, 9, 24, 16, 25, 25, 16, 17, 25, 17, 31, 31, 17, 18, 31, 18, 30, 30, 18, 19, 30, 19, 29, 29, 19, 20, 29, 20, 21, 29, 21, 28, 28, 21, 22, 28, 22, 27, 27, 22, 23, 27, 23, 26, 26, 23, 24, 26, 24, 25, 33, 41, 32, 32, 41, 42, 32, 42, 40, 40, 42, 43, 40, 43, 39, 39, 43, 44, 39, 44, 38, 38, 44, 51, 38, 51, 37, 50, 45, 46, 50, 46, 36, 36, 46, 47, 36, 47, 35, 35, 47, 48, 35, 48, 34, 34, 48, 49, 34, 49, 33, 33, 49, 41, 53, 59, 52, 52, 59, 60, 52, 60, 58, 58, 60, 61, 58, 61, 57, 57, 61, 67, 57, 67, 56, 66, 62, 63, 66, 63, 55, 55, 63, 64, 55, 64, 54, 54, 64, 65, 54, 65, 53, 53, 65, 59, 76, 68, 77, 77, 68, 69, 77, 69, 83, 83, 69, 70, 83, 70, 82, 82, 70, 71, 82, 71, 81, 81, 71, 72, 81, 72, 73, 81, 73, 80, 80, 73, 74, 80, 74, 79, 79, 74, 75, 79, 75, 78, 78, 75, 76, 78, 76, 77, 92, 84, 93, 93, 84, 85, 93, 85, 99, 99, 85, 86, 99, 86, 98, 98, 86, 87, 98, 87, 97, 97, 87, 88, 97, 88, 89, 97, 89, 96, 96, 89, 90, 96, 90, 95, 95, 90, 91, 95, 91, 94, 94, 91, 92, 94, 92, 93, 101, 109, 100, 100, 109, 110, 100, 110, 108, 108, 110, 111, 108, 111, 107, 107, 111, 112, 107, 112, 106, 106, 112, 119, 106, 119, 105, 118, 113, 114, 118, 114, 104, 104, 114, 115, 104, 115, 103, 103, 115, 116, 103, 116, 102, 102, 116, 117, 102, 117, 101, 101, 117, 109, 121, 127, 120, 120, 127, 128, 120, 128, 126, 126, 128, 129, 126, 129, 125, 125, 129, 135, 125, 135, 124, 134, 130, 131, 134, 131, 123, 123, 131, 132, 123, 132, 122, 122, 132, 133, 122, 133, 121, 121, 133, 127, 137, 138, 136, 136, 138, 139, 136, 139, 141, 141, 139, 140, 143, 151, 142, 142, 151, 152, 142, 152, 150, 150, 152, 153, 150, 153, 149, 149, 153, 154, 149, 154, 148, 148, 154, 161, 148, 161, 147, 160, 155, 156, 160, 156, 146, 146, 156, 157, 146, 157, 145, 145, 157, 158, 145, 158, 144, 144, 158, 159, 144, 159, 143, 143, 159, 151, 170, 162, 171, 171, 162, 163, 171, 163, 177, 177, 163, 164, 177, 164, 176, 176, 164, 165, 176, 165, 175, 175, 165, 166, 175, 166, 167, 175, 167, 174, 174, 167, 168, 174, 168, 173, 173, 168, 169, 173, 169, 172, 172, 169, 170, 172, 170, 171, 179, 187, 178, 178, 187, 188, 178, 188, 186, 186, 188, 189, 186, 189, 185, 185, 189, 190, 185, 190, 184, 184, 190, 197, 184, 197, 183, 196, 191, 192, 196, 192, 182, 182, 192, 193, 182, 193, 181, 181, 193, 194, 181, 194, 180, 180, 194, 195, 180, 195, 179, 179, 195, 187, 199, 205, 198, 198, 205, 206, 198, 206, 204, 204, 206, 207, 204, 207, 203, 203, 207, 213, 203, 213, 202, 212, 208, 209, 212, 209, 201, 201, 209, 210, 201, 210, 200, 200, 210, 211, 200, 211, 199, 199, 211, 205, 215, 216, 214, 214, 216, 217, 214, 217, 219, 219, 217, 218, 221, 231, 220, 220, 231, 226, 220, 226, 225, 225, 226, 227, 225, 227, 224, 224, 227, 228, 224, 228, 223, 223, 228, 233, 232, 229, 222, 222, 229, 230, 222, 230, 221, 221, 230, 231, 235, 236, 234, 234, 236, 237, 234, 237, 239, 239, 237, 238, 241, 249, 240, 240, 249, 250, 240, 250, 248, 248, 250, 251, 248, 251, 247, 247, 251, 252, 247, 252, 246, 246, 252, 259, 246, 259, 245, 258, 253, 254, 258, 254, 244, 244, 254, 255, 244, 255, 243, 243, 255, 256, 243, 256, 242, 242, 256, 257, 242, 257, 241, 241, 257, 249, 261, 267, 260, 260, 267, 268, 260, 268, 266, 266, 268, 269, 266, 269, 265, 265, 269, 275, 265, 275, 264, 274, 270, 271, 274, 271, 263, 263, 271, 272, 263, 272, 262, 262, 272, 273, 262, 273, 261, 261, 273, 267, 277, 278, 276, 276, 278, 279, 276, 279, 281, 281, 279, 280, 283, 293, 282, 282, 293, 288, 282, 288, 287, 287, 288, 289, 287, 289, 286, 286, 289, 290, 286, 290, 285, 285, 290, 295, 294, 291, 284, 284, 291, 292, 284, 292, 283, 283, 292, 293, 304, 296, 305, 305, 296, 297, 305, 297, 311, 311, 297, 298, 311, 298, 310, 310, 298, 299, 310, 299, 309, 309, 299, 300, 309, 300, 301, 309, 301, 308, 308, 301, 302, 308, 302, 307, 307, 302, 303, 307, 303, 306, 306, 303, 304, 306, 304, 305, 313, 314, 312, 312, 314, 315, 312, 315, 317, 317, 315, 316, 319, 329, 318, 318, 329, 324, 318, 324, 323, 323, 324, 325, 323, 325, 322, 322, 325, 326, 322, 326, 321, 321, 326, 330, 331, 327, 320, 320, 327, 328, 320, 328, 319, 319, 328, 329, 333, 339, 332, 332, 339, 340, 332, 340, 338, 338, 340, 341, 338, 341, 337, 337, 341, 347, 337, 347, 336, 346, 342, 343, 346, 343, 335, 335, 343, 344, 335, 344, 334, 334, 344, 345, 334, 345, 333, 333, 345, 339, 349, 350, 348, 348, 350, 351, 348, 351, 353, 353, 351, 352, 355, 365, 354, 354, 365, 360, 354, 360, 359, 359, 360, 361, 359, 361, 358, 358, 361, 362, 358, 362, 357, 357, 362, 367, 366, 363, 356, 356, 363, 364, 356, 364, 355, 355, 364, 365, 369, 377, 368, 368, 377, 378, 368, 378, 376, 376, 378, 379, 376, 379, 375, 375, 379, 380, 375, 380, 374, 374, 380, 387, 374, 387, 373, 386, 381, 382, 386, 382, 372, 372, 382, 383, 372, 383, 371, 371, 383, 384, 371, 384, 370, 370, 384, 385, 370, 385, 369, 369, 385, 377, 389, 399, 388, 388, 399, 394, 388, 394, 393, 393, 394, 395, 393, 395, 392, 392, 395, 396, 392, 396, 391, 391, 396, 400, 401, 397, 390, 390, 397, 398, 390, 398, 389, 389, 398, 399, 403, 404, 402, 402, 404, 405, 402, 405, 407, 407, 405, 406, 409, 419, 408, 408, 419, 414, 408, 414, 413, 413, 414, 415, 413, 415, 412, 412, 415, 416, 412, 416, 411, 411, 416, 421, 420, 417, 410, 410, 417, 418, 410, 418, 409, 409, 418, 419, 423, 429, 422, 422, 429, 430, 422, 430, 428, 428, 430, 431, 428, 431, 427, 427, 431, 437, 427, 437, 426, 436, 432, 433, 436, 433, 425, 425, 433, 434, 425, 434, 424, 424, 434, 435, 424, 435, 423, 423, 435, 429, 439, 449, 438, 438, 449, 444, 438, 444, 443, 443, 444, 445, 443, 445, 442, 442, 445, 446, 442, 446, 441, 441, 446, 450, 451, 447, 440, 440, 447, 448, 440, 448, 439, 439, 448, 449, 460, 452, 461, 461, 452, 453, 461, 453, 467, 467, 453, 454, 467, 454, 466, 466, 454, 455, 466, 455, 465, 465, 455, 456, 465, 456, 457, 465, 457, 464, 464, 457, 458, 464, 458, 463, 463, 458, 459, 463, 459, 462, 462, 459, 460, 462, 460, 461, 469, 470, 468, 468, 470, 471, 468, 471, 473, 473, 471, 472, 475, 483, 474, 474, 483, 484, 474, 484, 482, 482, 484, 485, 482, 485, 481, 481, 485, 486, 481, 486, 480, 480, 486, 493, 480, 493, 479, 492, 487, 488, 492, 488, 478, 478, 488, 489, 478, 489, 477, 477, 489, 490, 477, 490, 476, 476, 490, 491, 476, 491, 475, 475, 491, 483, 495, 505, 494, 494, 505, 500, 494, 500, 499, 499, 500, 501, 499, 501, 498, 498, 501, 502, 498, 502, 497, 497, 502, 506, 507, 503, 496, 496, 503, 504, 496, 504, 495, 495, 504, 505, 515, 508, 514, 514, 508, 509, 514, 509, 510, 511, 512, 510, 510, 512, 513, 510, 513, 514, 517, 518, 516, 516, 518, 519, 521, 527, 520, 520, 527, 528, 520, 528, 526, 526, 528, 529, 526, 529, 525, 525, 529, 535, 525, 535, 524, 534, 530, 531, 534, 531, 523, 523, 531, 532, 523, 532, 522, 522, 532, 533, 522, 533, 521, 521, 533, 527, 537, 538, 536, 536, 538, 539, 536, 539, 541, 541, 539, 540, 550, 542, 551, 551, 542, 543, 551, 543, 557, 557, 543, 544, 557, 544, 556, 556, 544, 545, 556, 545, 555, 555, 545, 546, 555, 546, 547, 555, 547, 554, 554, 547, 548, 554, 548, 553, 553, 548, 549, 553, 549, 552, 552, 549, 550, 552, 550, 551, 559, 569, 558, 558, 569, 564, 558, 564, 563, 563, 564, 565, 563, 565, 562, 562, 565, 566, 562, 566, 561, 561, 566, 571, 570, 567, 560, 560, 567, 568, 560, 568, 559, 559, 568, 569, 573, 574, 572, 572, 574, 575, 577, 585, 576, 576, 585, 586, 576, 586, 584, 584, 586, 587, 584, 587, 583, 583, 587, 588, 583, 588, 582, 582, 588, 595, 582, 595, 581, 594, 589, 590, 594, 590, 580, 580, 590, 591, 580, 591, 579, 579, 591, 592, 579, 592, 578, 578, 592, 593, 578, 593, 577, 577, 593, 585, 597, 598, 596, 596, 598, 599, 596, 599, 601, 601, 599, 600, 603, 605, 602, 602, 605, 639, 602, 639, 625, 625, 639, 631, 631, 639, 640, 631, 640, 630, 630, 640, 641, 630, 641, 642, 603, 604, 605, 605, 606, 639, 639, 606, 653, 639, 653, 654, 607, 608, 606, 606, 608, 609, 606, 609, 653, 653, 609, 667, 653, 667, 668, 610, 672, 609, 609, 672, 673, 609, 673, 667, 611, 613, 610, 610, 613, 664, 610, 664, 665, 611, 612, 613, 614, 636, 613, 613, 636, 649, 613, 649, 650, 615, 616, 614, 614, 616, 617, 614, 617, 621, 621, 617, 620, 620, 617, 619, 619, 617, 627, 619, 627, 628, 617, 602, 627, 627, 602, 626, 626, 602, 625, 619, 628, 618, 618, 628, 629, 618, 629, 642, 642, 629, 630, 621, 622, 614, 614, 622, 635, 614, 635, 636, 622, 623, 635, 635, 623, 634, 634, 623, 633, 633, 623, 624, 633, 624, 632, 632, 624, 618, 632, 618, 642, 636, 637, 649, 649, 637, 648, 648, 637, 647, 647, 637, 638, 647, 638, 646, 646, 638, 632, 646, 632, 656, 656, 632, 643, 656, 643, 644, 642, 643, 632, 645, 654, 644, 644, 654, 655, 644, 655, 656, 645, 639, 654, 613, 650, 663, 663, 650, 651, 663, 651, 662, 662, 651, 661, 661, 651, 652, 661, 652, 660, 660, 652, 646, 660, 646, 670, 670, 646, 657, 670, 657, 658, 656, 657, 646, 659, 668, 658, 658, 668, 669, 658, 669, 670, 659, 653, 668, 663, 664, 613, 665, 666, 610, 610, 666, 672, 672, 666, 671, 671, 666, 660, 671, 660, 670, 675, 681, 674, 674, 681, 682, 674, 682, 680, 680, 682, 683, 680, 683, 679, 679, 683, 689, 679, 689, 678, 688, 684, 685, 688, 685, 677, 677, 685, 686, 677, 686, 676, 676, 686, 687, 676, 687, 675, 675, 687, 681, 691, 701, 690, 690, 701, 696, 690, 696, 695, 695, 696, 697, 695, 697, 694, 694, 697, 698, 694, 698, 693, 693, 698, 703, 702, 699, 692, 692, 699, 700, 692, 700, 691, 691, 700, 701, 711, 704, 710, 710, 704, 705, 710, 705, 706, 707, 708, 706, 706, 708, 709, 706, 709, 710, 713, 714, 712, 712, 714, 715, 712, 715, 717, 717, 715, 716, 719, 720, 718, 718, 720, 721, 723, 733, 722, 722, 733, 728, 722, 728, 727, 727, 728, 729, 727, 729, 726, 726, 729, 730, 726, 730, 725, 725, 730, 735, 734, 731, 724, 724, 731, 732, 724, 732, 723, 723, 732, 733, 743, 736, 742, 742, 736, 737, 742, 737, 738, 739, 740, 738, 738, 740, 741, 738, 741, 742, 745, 746, 744, 744, 746, 747, 744, 747, 749, 749, 747, 748, 751, 752, 750, 750, 752, 753, 755, 765, 754, 754, 765, 760, 754, 760, 759, 759, 760, 761, 759, 761, 758, 758, 761, 762, 758, 762, 757, 757, 762, 767, 766, 763, 756, 756, 763, 764, 756, 764, 755, 755, 764, 765, 775, 768, 774, 774, 768, 769, 774, 769, 770, 771, 772, 770, 770, 772, 773, 770, 773, 774, 777, 778, 776, 776, 778, 779, 776, 779, 781, 781, 779, 780, 783, 794, 782, 782, 794, 791, 782, 791, 803, 803, 791, 802, 802, 791, 792, 802, 792, 793, 794, 783, 799, 799, 783, 784, 799, 784, 798, 798, 784, 797, 797, 784, 785, 797, 785, 900, 900, 785, 899, 899, 785, 786, 899, 786, 907, 907, 786, 882, 907, 882, 906, 906, 882, 883, 906, 883, 905, 905, 883, 884, 905, 884, 853, 853, 884, 934, 853, 934, 852, 852, 934, 935, 852, 935, 952, 952, 935, 951, 951, 935, 936, 951, 936, 939, 939, 936, 948, 939, 948, 944, 944, 948, 949, 944, 949, 854, 854, 949, 867, 854, 867, 868, 882, 786, 808, 808, 786, 787, 808, 787, 807, 807, 787, 804, 807, 804, 826, 826, 804, 805, 826, 805, 825, 825, 805, 800, 825, 800, 824, 824, 800, 932, 824, 932, 917, 804, 787, 803, 803, 787, 782, 789, 932, 788, 788, 932, 800, 788, 800, 801, 932, 789, 929, 929, 789, 790, 929, 790, 795, 795, 790, 794, 794, 790, 791, 802, 793, 801, 801, 793, 788, 929, 795, 957, 957, 795, 796, 957, 796, 965, 965, 796, 797, 965, 797, 964, 964, 797, 901, 964, 901, 902, 807, 826, 806, 806, 826, 827, 806, 827, 818, 818, 827, 815, 818, 815, 823, 823, 815, 816, 823, 816, 920, 920, 816, 817, 920, 817, 917, 917, 817, 812, 917, 812, 824, 824, 812, 813, 824, 813, 829, 829, 813, 814, 829, 814, 828, 828, 814, 827, 827, 814, 815, 882, 808, 881, 881, 808, 809, 881, 809, 889, 889, 809, 821, 889, 821, 888, 888, 821, 865, 888, 865, 866, 821, 809, 820, 820, 809, 810, 820, 810, 811, 820, 811, 819, 819, 811, 806, 819, 806, 818, 865, 821, 864, 864, 821, 822, 864, 822, 863, 863, 822, 823, 863, 823, 920, 831, 842, 830, 830, 842, 839, 830, 839, 851, 851, 839, 850, 850, 839, 840, 850, 840, 841, 842, 831, 847, 847, 831, 832, 847, 832, 846, 846, 832, 845, 845, 832, 833, 845, 833, 891, 891, 833, 890, 890, 833, 834, 890, 834, 898, 898, 834, 873, 898, 873, 874, 873, 834, 953, 953, 834, 835, 953, 835, 952, 952, 835, 852, 852, 835, 851, 851, 835, 830, 837, 963, 836, 836, 963, 902, 836, 902, 903, 963, 837, 962, 962, 837, 838, 962, 838, 908, 908, 838, 843, 908, 843, 844, 843, 838, 842, 842, 838, 839, 850, 841, 849, 849, 841, 836, 849, 836, 848, 848, 836, 903, 848, 903, 904, 908, 844, 916, 916, 844, 845, 916, 845, 915, 915, 845, 892, 915, 892, 914, 914, 892, 893, 914, 893, 913, 913, 893, 894, 913, 894, 925, 925, 894, 895, 925, 895, 876, 876, 895, 875, 875, 895, 896, 875, 896, 874, 874, 896, 897, 874, 897, 898, 905, 853, 904, 904, 853, 848, 944, 854, 943, 943, 854, 855, 943, 855, 942, 942, 855, 856, 942, 856, 879, 879, 856, 878, 878, 856, 857, 878, 857, 877, 877, 857, 858, 877, 858, 924, 924, 858, 859, 924, 859, 921, 921, 859, 860, 921, 860, 861, 861, 862, 921, 921, 862, 869, 921, 869, 870, 869, 862, 868, 868, 862, 854, 867, 950, 866, 866, 950, 945, 866, 945, 887, 887, 945, 886, 886, 945, 933, 886, 933, 885, 885, 933, 934, 885, 934, 884, 921, 870, 920, 920, 870, 871, 920, 871, 863, 873, 953, 872, 872, 953, 954, 872, 954, 880, 880, 954, 942, 880, 942, 879, 925, 876, 924, 924, 876, 877, 887, 888, 866, 891, 892, 845, 900, 901, 797, 962, 908, 961, 961, 908, 909, 961, 909, 960, 960, 909, 928, 960, 928, 959, 959, 928, 929, 959, 929, 958, 958, 929, 957, 909, 910, 928, 928, 910, 911, 928, 911, 912, 928, 912, 925, 925, 912, 913, 918, 919, 917, 917, 919, 920, 921, 922, 924, 924, 922, 923, 926, 927, 925, 925, 927, 928, 929, 930, 932, 932, 930, 931, 948, 936, 947, 947, 936, 937, 947, 937, 938, 947, 938, 946, 946, 938, 933, 946, 933, 945, 939, 940, 951, 951, 940, 956, 956, 940, 941, 956, 941, 955, 955, 941, 942, 955, 942, 954, 949, 950, 867, 963, 964, 902, 967, 977, 966, 966, 977, 972, 966, 972, 971, 971, 972, 973, 971, 973, 970, 970, 973, 974, 970, 974, 969, 969, 974, 978, 979, 975, 968, 968, 975, 976, 968, 976, 967, 967, 976, 977, 981, 982, 980, 980, 982, 983, 980, 983, 985, 985, 983, 984, 987, 997, 986, 986, 997, 992, 986, 992, 991, 991, 992, 993, 991, 993, 990, 990, 993, 994, 990, 994, 989, 989, 994, 998, 999, 995, 988, 988, 995, 996, 988, 996, 987, 987, 996, 997, 1001, 1002, 1000, 1000, 1002, 1003, 1000, 1003, 1005, 1005, 1003, 1004, 1007, 1017, 1006, 1006, 1017, 1012, 1006, 1012, 1011, 1011, 1012, 1013, 1011, 1013, 1010, 1010, 1013, 1014, 1010, 1014, 1009, 1009, 1014, 1018, 1019, 1015, 1008, 1008, 1015, 1016, 1008, 1016, 1007, 1007, 1016, 1017, 1021, 1022, 1020, 1020, 1022, 1023, 1020, 1023, 1025, 1025, 1023, 1024, 1027, 1037, 1026, 1026, 1037, 1032, 1026, 1032, 1031, 1031, 1032, 1033, 1031, 1033, 1030, 1030, 1033, 1034, 1030, 1034, 1029, 1029, 1034, 1038, 1039, 1035, 1028, 1028, 1035, 1036, 1028, 1036, 1027, 1027, 1036, 1037]
        rel material:binding = </Env/Looks/GrayPlastic>
        uniform token physics:approximation = "none"
        point3f[] points = [(-0.1425, -0.15, -0.01), (-0.144255, -0.145179, -0.01), (-0.148698, -0.142614, -0.01), (-0.15375, -0.143505, -0.01), (-0.157048, -0.147435, -0.01), (-0.157048, -0.152565, -0.01), (-0.15375, -0.156495, -0.01), (-0.148698, -0.157386, -0.01), (-0.144255, -0.154821, -0.01), (-0.146, -0.15, -0.01), (-0.147506, -0.153127, -0.01), (-0.15089, -0.1539, -0.01), (-0.153604, -0.151736, -0.01), (-0.153604, -0.148264, -0.01), (-0.15089, -0.1461, -0.01), (-0.147506, -0.146873, -0.01), (-0.0425, -0.05, -0.01), (-0.0442547, -0.0451791, -0.01), (-0.0486976, -0.0426139, -0.01), (-0.05375, -0.0435048, -0.01), (-0.0570477, -0.0474348, -0.01), (-0.0570477, -0.0525652, -0.01), (-0.05375, -0.0564952, -0.01), (-0.0486976, -0.0573861, -0.01), (-0.0442547, -0.0548209, -0.01), (-0.046, -0.05, -0.01), (-0.047506, -0.0531273, -0.01), (-0.0508901, -0.0538997, -0.01), (-0.0536039, -0.0517355, -0.01), (-0.0536039, -0.0482645, -0.01), (-0.0508901, -0.0461003, -0.01), (-0.047506, -0.0468727, -0.01), (-0.1425, -0.15, -0.01), (-0.144255, -0.154821, -0.01), (-0.148698, -0.157386, -0.01), (-0.15375, -0.156495, -0.01), (-0.157048, -0.152565, -0.01), (-0.157048, -0.147435, -0.01), (-0.15375, -0.143505, -0.01), (-0.148698, -0.142614, -0.01), (-0.144255, -0.145179, -0.01), (-0.1425, -0.15, -3.24128e-17), (-0.144255, -0.145179, -2.53033e-17), (-0.148698, -0.142614, -1.81589e-17), (-0.15375, -0.143505, -1.43225e-17), (-0.157048, -0.147435, -1.55892e-17), (-0.157048, -0.152565, -2.13663e-17), (-0.15375, -0.156495, -2.89507e-17), (-0.148698, -0.157386, -3.47935e-17), (-0.144255, -0.154821, -3.61608e-17), (-0.157048, -0.147435, -0.01), (-0.157048, -0.147435, -1.55892e-17), (-0.046, -0.15, -0.01), (-0.047506, -0.146873, -0.01), (-0.0508901, -0.1461, -0.01), (-0.0536039, -0.148264, -0.01), (-0.0536039, -0.151736, -0.01), (-0.0508901, -0.1539, -0.01), (-0.047506, -0.153127, -0.01), (-0.046, -0.15, -0.015), (-0.047506, -0.153127, -0.015), (-0.0508901, -0.1539, -0.015), (-0.0536039, -0.151736, -0.015), (-0.0536039, -0.148264, -0.015), (-0.0508901, -0.1461, -0.015), (-0.047506, -0.146873, -0.015), (-0.0536039, -0.151736, -0.01), (-0.0536039, -0.151736, -0.015), (-0.0425, -0.15, -0.01), (-0.0442547, -0.145179, -0.01), (-0.0486976, -0.142614, -0.01), (-0.05375, -0.143505, -0.01), (-0.0570477, -0.147435, -0.01), (-0.0570477, -0.152565, -0.01), (-0.05375, -0.156495, -0.01), (-0.0486976, -0.157386, -0.01), (-0.0442547, -0.154821, -0.01), (-0.046, -0.15, -0.01), (-0.047506, -0.153127, -0.01), (-0.0508901, -0.1539, -0.01), (-0.0536039, -0.151736, -0.01), (-0.0536039, -0.148264, -0.01), (-0.0508901, -0.1461, -0.01), (-0.047506, -0.146873, -0.01), (-0.1425, -0.05, -0.01), (-0.144255, -0.0451791, -0.01), (-0.148698, -0.0426139, -0.01), (-0.15375, -0.0435048, -0.01), (-0.157048, -0.0474348, -0.01), (-0.157048, -0.0525652, -0.01), (-0.15375, -0.0564952, -0.01), (-0.148698, -0.0573861, -0.01), (-0.144255, -0.0548209, -0.01), (-0.146, -0.05, -0.01), (-0.147506, -0.0531273, -0.01), (-0.15089, -0.0538997, -0.01), (-0.153604, -0.0517355, -0.01), (-0.153604, -0.0482645, -0.01), (-0.15089, -0.0461003, -0.01), (-0.147506, -0.0468727, -0.01), (-0.0425, -0.05, -0.01), (-0.0442547, -0.0548209, -0.01), (-0.0486976, -0.0573861, -0.01), (-0.05375, -0.0564952, -0.01), (-0.0570477, -0.0525652, -0.01), (-0.0570477, -0.0474348, -0.01), (-0.05375, -0.0435048, -0.01), (-0.0486976, -0.0426139, -0.01), (-0.0442547, -0.0451791, -0.01), (-0.0425, -0.05, -1.55937e-17), (-0.0442547, -0.0451791, -8.48421e-18), (-0.0486976, -0.0426139, -1.33977e-18), (-0.05375, -0.0435048, 2.49664e-18), (-0.0570477, -0.0474348, 1.22993e-18), (-0.0570477, -0.0525652, -4.5472e-18), (-0.05375, -0.0564952, -1.21316e-17), (-0.0486976, -0.0573861, -1.79744e-17), (-0.0442547, -0.0548209, -1.93417e-17), (-0.0570477, -0.0474348, -0.01), (-0.0570477, -0.0474348, 1.22993e-18), (-0.146, -0.15, -0.015), (-0.147506, -0.153127, -0.015), (-0.15089, -0.1539, -0.015), (-0.153604, -0.151736, -0.015), (-0.153604, -0.148264, -0.015), (-0.15089, -0.1461, -0.015), (-0.147506, -0.146873, -0.015), (-0.146, -0.15, -0.01), (-0.147506, -0.146873, -0.01), (-0.15089, -0.1461, -0.01), (-0.153604, -0.148264, -0.01), (-0.153604, -0.151736, -0.01), (-0.15089, -0.1539, -0.01), (-0.147506, -0.153127, -0.01), (-0.153604, -0.148264, -0.015), (-0.153604, -0.148264, -0.01), (-0.112, 0.055, -0.008), (-0.1135, 0.0575981, -0.008), (-0.1165, 0.0575981, -0.008), (-0.118, 0.055, -0.008), (-0.1165, 0.0524019, -0.008), (-0.1135, 0.0524019, -0.008), (-0.0425, -0.15, -0.01), (-0.0442547, -0.154821, -0.01), (-0.0486976, -0.157386, -0.01), (-0.05375, -0.156495, -0.01), (-0.0570477, -0.152565, -0.01), (-0.0570477, -0.147435, -0.01), (-0.05375, -0.143505, -0.01), (-0.0486976, -0.142614, -0.01), (-0.0442547, -0.145179, -0.01), (-0.0425, -0.15, -1.28202e-16), (-0.0442547, -0.145179, -1.21092e-16), (-0.0486976, -0.142614, -1.13948e-16), (-0.05375, -0.143505, -1.10111e-16), (-0.0570477, -0.147435, -1.11378e-16), (-0.0570477, -0.152565, -1.17155e-16), (-0.05375, -0.156495, -1.2474e-16), (-0.0486976, -0.157386, -1.30582e-16), (-0.0442547, -0.154821, -1.3195e-16), (-0.0570477, -0.147435, -0.01), (-0.0570477, -0.147435, -1.11378e-16), (-0.0425, 0.05, -0.01), (-0.0442547, 0.0548209, -0.01), (-0.0486976, 0.0573861, -0.01), (-0.05375, 0.0564952, -0.01), (-0.0570477, 0.0525652, -0.01), (-0.0570477, 0.0474348, -0.01), (-0.05375, 0.0435048, -0.01), (-0.0486976, 0.0426139, -0.01), (-0.0442547, 0.0451791, -0.01), (-0.046, 0.05, -0.01), (-0.047506, 0.0468727, -0.01), (-0.0508901, 0.0461003, -0.01), (-0.0536039, 0.0482645, -0.01), (-0.0536039, 0.0517355, -0.01), (-0.0508901, 0.0538997, -0.01), (-0.047506, 0.0531273, -0.01), (-0.1425, -0.05, -0.01), (-0.144255, -0.0548209, -0.01), (-0.148698, -0.0573861, -0.01), (-0.15375, -0.0564952, -0.01), (-0.157048, -0.0525652, -0.01), (-0.157048, -0.0474348, -0.01), (-0.15375, -0.0435048, -0.01), (-0.148698, -0.0426139, -0.01), (-0.144255, -0.0451791, -0.01), (-0.1425, -0.05, 8.01952e-17), (-0.144255, -0.0451791, 8.73047e-17), (-0.148698, -0.0426139, 9.44492e-17), (-0.15375, -0.0435048, 9.82856e-17), (-0.157048, -0.0474348, 9.70188e-17), (-0.157048, -0.0525652, 9.12417e-17), (-0.15375, -0.0564952, 8.36574e-17), (-0.148698, -0.0573861, 7.78146e-17), (-0.144255, -0.0548209, 7.64473e-17), (-0.157048, -0.0474348, -0.01), (-0.157048, -0.0474348, 9.70188e-17), (-0.046, -0.05, -0.015), (-0.047506, -0.0531273, -0.015), (-0.0508901, -0.0538997, -0.015), (-0.0536039, -0.0517355, -0.015), (-0.0536039, -0.0482645, -0.015), (-0.0508901, -0.0461003, -0.015), (-0.047506, -0.0468727, -0.015), (-0.046, -0.05, -0.01), (-0.047506, -0.0468727, -0.01), (-0.0508901, -0.0461003, -0.01), (-0.0536039, -0.0482645, -0.01), (-0.0536039, -0.0517355, -0.01), (-0.0508901, -0.0538997, -0.01), (-0.047506, -0.0531273, -0.01), (-0.0536039, -0.0482645, -0.015), (-0.0536039, -0.0482645, -0.01), (-0.082, 0.075, -0.008), (-0.0835, 0.0775981, -0.008), (-0.0865, 0.0775981, -0.008), (-0.088, 0.075, -0.008), (-0.0865, 0.0724019, -0.008), (-0.0835, 0.0724019, -0.008), (-0.112, 0.055, -0.008), (-0.1135, 0.0524019, -0.008), (-0.1165, 0.0524019, -0.008), (-0.118, 0.055, -0.008), (-0.1165, 0.0575981, -0.008), (-0.1135, 0.0575981, -0.008), (-0.112, 0.055, 1.69218e-16), (-0.1135, 0.0575981, 1.7358e-16), (-0.1165, 0.0575981, 1.76454e-16), (-0.118, 0.055, 1.74965e-16), (-0.1165, 0.0524019, 1.70603e-16), (-0.1135, 0.0524019, 1.67729e-16), (-0.118, 0.055, -0.008), (-0.118, 0.055, 1.74965e-16), (-0.082, -0.055, -0.008), (-0.0835, -0.0524019, -0.008), (-0.0865, -0.0524019, -0.008), (-0.088, -0.055, -0.008), (-0.0865, -0.0575981, -0.008), (-0.0835, -0.0575981, -0.008), (-0.0425, 0.05, -0.01), (-0.0442547, 0.0451791, -0.01), (-0.0486976, 0.0426139, -0.01), (-0.05375, 0.0435048, -0.01), (-0.0570477, 0.0474348, -0.01), (-0.0570477, 0.0525652, -0.01), (-0.05375, 0.0564952, -0.01), (-0.0486976, 0.0573861, -0.01), (-0.0442547, 0.0548209, -0.01), (-0.0425, 0.05, 9.70143e-17), (-0.0442547, 0.0548209, 1.04124e-16), (-0.0486976, 0.0573861, 1.11268e-16), (-0.05375, 0.0564952, 1.15105e-16), (-0.0570477, 0.0525652, 1.13838e-16), (-0.0570477, 0.0474348, 1.08061e-16), (-0.05375, 0.0435048, 1.00476e-16), (-0.0486976, 0.0426139, 9.46337e-17), (-0.0442547, 0.0451791, 9.32663e-17), (-0.0570477, 0.0525652, -0.01), (-0.0570477, 0.0525652, 1.13838e-16), (-0.146, -0.05, -0.015), (-0.147506, -0.0531273, -0.015), (-0.15089, -0.0538997, -0.015), (-0.153604, -0.0517355, -0.015), (-0.153604, -0.0482645, -0.015), (-0.15089, -0.0461003, -0.015), (-0.147506, -0.0468727, -0.015), (-0.146, -0.05, -0.01), (-0.147506, -0.0468727, -0.01), (-0.15089, -0.0461003, -0.01), (-0.153604, -0.0482645, -0.01), (-0.153604, -0.0517355, -0.01), (-0.15089, -0.0538997, -0.01), (-0.147506, -0.0531273, -0.01), (-0.153604, -0.0482645, -0.015), (-0.153604, -0.0482645, -0.01), (-0.112, 0.075, -0.008), (-0.1135, 0.0775981, -0.008), (-0.1165, 0.0775981, -0.008), (-0.118, 0.075, -0.008), (-0.1165, 0.0724019, -0.008), (-0.1135, 0.0724019, -0.008), (-0.082, 0.075, -0.008), (-0.0835, 0.0724019, -0.008), (-0.0865, 0.0724019, -0.008), (-0.088, 0.075, -0.008), (-0.0865, 0.0775981, -0.008), (-0.0835, 0.0775981, -0.008), (-0.082, 0.075, 1.63003e-16), (-0.0835, 0.0775981, 1.67365e-16), (-0.0865, 0.0775981, 1.70239e-16), (-0.088, 0.075, 1.6875e-16), (-0.0865, 0.0724019, 1.64388e-16), (-0.0835, 0.0724019, 1.61514e-16), (-0.088, 0.075, -0.008), (-0.088, 0.075, 1.6875e-16), (-0.1425, 0.05, -0.01), (-0.144255, 0.0548209, -0.01), (-0.148698, 0.0573861, -0.01), (-0.15375, 0.0564952, -0.01), (-0.157048, 0.0525652, -0.01), (-0.157048, 0.0474348, -0.01), (-0.15375, 0.0435048, -0.01), (-0.148698, 0.0426139, -0.01), (-0.144255, 0.0451791, -0.01), (-0.146, 0.05, -0.01), (-0.147506, 0.0468727, -0.01), (-0.15089, 0.0461003, -0.01), (-0.153604, 0.0482645, -0.01), (-0.153604, 0.0517355, -0.01), (-0.15089, 0.0538997, -0.01), (-0.147506, 0.0531273, -0.01), (-0.112, -0.075, -0.008), (-0.1135, -0.0724019, -0.008), (-0.1165, -0.0724019, -0.008), (-0.118, -0.075, -0.008), (-0.1165, -0.0775981, -0.008), (-0.1135, -0.0775981, -0.008), (-0.082, -0.055, -0.008), (-0.0835, -0.0575981, -0.008), (-0.0865, -0.0575981, -0.008), (-0.088, -0.055, -0.008), (-0.0865, -0.0524019, -0.008), (-0.0835, -0.0524019, -0.008), (-0.082, -0.055, 1.66125e-17), (-0.0835, -0.0524019, 2.0975e-17), (-0.0865, -0.0524019, 2.38487e-17), (-0.088, -0.055, 2.23598e-17), (-0.0865, -0.0575981, 1.79974e-17), (-0.0835, -0.0575981, 1.51237e-17), (-0.088, -0.055, 2.23598e-17), (-0.088, -0.055, -0.008), (-0.046, 0.05, -0.015), (-0.047506, 0.0468727, -0.015), (-0.0508901, 0.0461003, -0.015), (-0.0536039, 0.0482645, -0.015), (-0.0536039, 0.0517355, -0.015), (-0.0508901, 0.0538997, -0.015), (-0.047506, 0.0531273, -0.015), (-0.046, 0.05, -0.01), (-0.047506, 0.0531273, -0.01), (-0.0508901, 0.0538997, -0.01), (-0.0536039, 0.0517355, -0.01), (-0.0536039, 0.0482645, -0.01), (-0.0508901, 0.0461003, -0.01), (-0.047506, 0.0468727, -0.01), (-0.0536039, 0.0517355, -0.015), (-0.0536039, 0.0517355, -0.01), (-0.082, 0.055, -0.008), (-0.0835, 0.0575981, -0.008), (-0.0865, 0.0575981, -0.008), (-0.088, 0.055, -0.008), (-0.0865, 0.0524019, -0.008), (-0.0835, 0.0524019, -0.008), (-0.112, 0.075, -0.008), (-0.1135, 0.0724019, -0.008), (-0.1165, 0.0724019, -0.008), (-0.118, 0.075, -0.008), (-0.1165, 0.0775981, -0.008), (-0.1135, 0.0775981, -0.008), (-0.112, 0.075, 1.9174e-16), (-0.1135, 0.0775981, 1.96102e-16), (-0.1165, 0.0775981, 1.98976e-16), (-0.118, 0.075, 1.97487e-16), (-0.1165, 0.0724019, 1.93124e-16), (-0.1135, 0.0724019, 1.90251e-16), (-0.118, 0.075, -0.008), (-0.118, 0.075, 1.97487e-16), (-0.1425, 0.05, -0.01), (-0.144255, 0.0451791, -0.01), (-0.148698, 0.0426139, -0.01), (-0.15375, 0.0435048, -0.01), (-0.157048, 0.0474348, -0.01), (-0.157048, 0.0525652, -0.01), (-0.15375, 0.0564952, -0.01), (-0.148698, 0.0573861, -0.01), (-0.144255, 0.0548209, -0.01), (-0.1425, 0.05, 1.92803e-16), (-0.144255, 0.0548209, 1.99913e-16), (-0.148698, 0.0573861, 2.07057e-16), (-0.15375, 0.0564952, 2.10894e-16), (-0.157048, 0.0525652, 2.09627e-16), (-0.157048, 0.0474348, 2.0385e-16), (-0.15375, 0.0435048, 1.96265e-16), (-0.148698, 0.0426139, 1.90423e-16), (-0.144255, 0.0451791, 1.89055e-16), (-0.157048, 0.0525652, -0.01), (-0.157048, 0.0525652, 2.09627e-16), (-0.112, -0.075, -0.008), (-0.1135, -0.0775981, -0.008), (-0.1165, -0.0775981, -0.008), (-0.118, -0.075, -0.008), (-0.1165, -0.0724019, -0.008), (-0.1135, -0.0724019, -0.008), (-0.112, -0.075, 2.28276e-17), (-0.1135, -0.0724019, 2.71901e-17), (-0.1165, -0.0724019, 3.00637e-17), (-0.118, -0.075, 2.85749e-17), (-0.1165, -0.0775981, 2.42124e-17), (-0.1135, -0.0775981, 2.13388e-17), (-0.118, -0.075, 2.85749e-17), (-0.118, -0.075, -0.008), (-0.082, -0.075, -0.008), (-0.0835, -0.0724019, -0.008), (-0.0865, -0.0724019, -0.008), (-0.088, -0.075, -0.008), (-0.0865, -0.0775981, -0.008), (-0.0835, -0.0775981, -0.008), (-0.082, 0.055, -0.008), (-0.0835, 0.0524019, -0.008), (-0.0865, 0.0524019, -0.008), (-0.088, 0.055, -0.008), (-0.0865, 0.0575981, -0.008), (-0.0835, 0.0575981, -0.008), (-0.082, 0.055, 1.40481e-16), (-0.0835, 0.0575981, 1.44844e-16), (-0.0865, 0.0575981, 1.47717e-16), (-0.088, 0.055, 1.46229e-16), (-0.0865, 0.0524019, 1.41866e-16), (-0.0835, 0.0524019, 1.38993e-16), (-0.088, 0.055, -0.008), (-0.088, 0.055, 1.46229e-16), (-0.146, 0.05, -0.015), (-0.147506, 0.0468727, -0.015), (-0.15089, 0.0461003, -0.015), (-0.153604, 0.0482645, -0.015), (-0.153604, 0.0517355, -0.015), (-0.15089, 0.0538997, -0.015), (-0.147506, 0.0531273, -0.015), (-0.146, 0.05, -0.01), (-0.147506, 0.0531273, -0.01), (-0.15089, 0.0538997, -0.01), (-0.153604, 0.0517355, -0.01), (-0.153604, 0.0482645, -0.01), (-0.15089, 0.0461003, -0.01), (-0.147506, 0.0468727, -0.01), (-0.153604, 0.0517355, -0.015), (-0.153604, 0.0517355, -0.01), (-0.082, -0.075, -0.008), (-0.0835, -0.0775981, -0.008), (-0.0865, -0.0775981, -0.008), (-0.088, -0.075, -0.008), (-0.0865, -0.0724019, -0.008), (-0.0835, -0.0724019, -0.008), (-0.082, -0.075, -5.9091e-18), (-0.0835, -0.0724019, -1.54662e-18), (-0.0865, -0.0724019, 1.32705e-18), (-0.088, -0.075, -1.61762e-19), (-0.0865, -0.0775981, -4.52424e-18), (-0.0835, -0.0775981, -7.39791e-18), (-0.088, -0.075, -1.61762e-19), (-0.088, -0.075, -0.008), (-0.0425, 0.15, -0.01), (-0.0442547, 0.154821, -0.01), (-0.0486976, 0.157386, -0.01), (-0.05375, 0.156495, -0.01), (-0.0570477, 0.152565, -0.01), (-0.0570477, 0.147435, -0.01), (-0.05375, 0.143505, -0.01), (-0.0486976, 0.142614, -0.01), (-0.0442547, 0.145179, -0.01), (-0.046, 0.15, -0.01), (-0.047506, 0.146873, -0.01), (-0.0508901, 0.1461, -0.01), (-0.0536039, 0.148264, -0.01), (-0.0536039, 0.151736, -0.01), (-0.0508901, 0.1539, -0.01), (-0.047506, 0.153127, -0.01), (-0.112, -0.055, -0.008), (-0.1135, -0.0524019, -0.008), (-0.1165, -0.0524019, -0.008), (-0.118, -0.055, -0.008), (-0.1165, -0.0575981, -0.008), (-0.1135, -0.0575981, -0.008), (-0.0425, 0.15, -0.01), (-0.0442547, 0.145179, -0.01), (-0.0486976, 0.142614, -0.01), (-0.05375, 0.143505, -0.01), (-0.0570477, 0.147435, -0.01), (-0.0570477, 0.152565, -0.01), (-0.05375, 0.156495, -0.01), (-0.0486976, 0.157386, -0.01), (-0.0442547, 0.154821, -0.01), (-0.0425, 0.15, 2.09622e-16), (-0.0442547, 0.154821, 2.16732e-16), (-0.0486976, 0.157386, 2.23876e-16), (-0.05375, 0.156495, 2.27713e-16), (-0.0570477, 0.152565, 2.26446e-16), (-0.0570477, 0.147435, 2.20669e-16), (-0.05375, 0.143505, 2.13084e-16), (-0.0486976, 0.142614, 2.07242e-16), (-0.0442547, 0.145179, 2.05874e-16), (-0.0570477, 0.152565, -0.01), (-0.0570477, 0.152565, 2.26446e-16), (-0.112, -0.055, -0.008), (-0.1135, -0.0575981, -0.008), (-0.1165, -0.0575981, -0.008), (-0.118, -0.055, -0.008), (-0.1165, -0.0524019, -0.008), (-0.1135, -0.0524019, -0.008), (-0.112, -0.055, 4.53492e-17), (-0.1135, -0.0524019, 4.97117e-17), (-0.1165, -0.0524019, 5.25853e-17), (-0.118, -0.055, 5.10965e-17), (-0.1165, -0.0575981, 4.6734e-17), (-0.1135, -0.0575981, 4.38604e-17), (-0.118, -0.055, 5.10965e-17), (-0.118, -0.055, -0.008), (0.035, 0.17, -0.015), (0.0343301, 0.1725, -0.015), (0.0325, 0.17433, -0.015), (0.03, 0.175, -0.015), (0.03, 0.175, 1.68327e-16), (0.0325, 0.17433, 1.65178e-16), (0.0343301, 0.1725, 1.61364e-16), (0.035, 0.17, 1.57908e-16), (0.03, 0.175, 1.68327e-16), (0.03, 0.175, -0.015), (-0.17, 0.175, -0.015), (-0.17, 0.175, 3.59905e-16), (-0.046, 0.15, -0.015), (-0.047506, 0.146873, -0.015), (-0.0508901, 0.1461, -0.015), (-0.0536039, 0.148264, -0.015), (-0.0536039, 0.151736, -0.015), (-0.0508901, 0.1539, -0.015), (-0.047506, 0.153127, -0.015), (-0.046, 0.15, -0.01), (-0.047506, 0.153127, -0.01), (-0.0508901, 0.1539, -0.01), (-0.0536039, 0.151736, -0.01), (-0.0536039, 0.148264, -0.01), (-0.0508901, 0.1461, -0.01), (-0.047506, 0.146873, -0.01), (-0.0536039, 0.151736, -0.015), (-0.0536039, 0.151736, -0.01), (0.018, 0.055, -0.008), (0.0165, 0.0575981, -0.008), (0.0135, 0.0575981, -0.008), (0.012, 0.055, -0.008), (0.0135, 0.0524019, -0.008), (0.0165, 0.0524019, -0.008), (-0.1425, 0.15, -0.01), (-0.144255, 0.154821, -0.01), (-0.148698, 0.157386, -0.01), (-0.15375, 0.156495, -0.01), (-0.157048, 0.152565, -0.01), (-0.157048, 0.147435, -0.01), (-0.15375, 0.143505, -0.01), (-0.148698, 0.142614, -0.01), (-0.144255, 0.145179, -0.01), (-0.146, 0.15, -0.01), (-0.147506, 0.146873, -0.01), (-0.15089, 0.1461, -0.01), (-0.153604, 0.148264, -0.01), (-0.153604, 0.151736, -0.01), (-0.15089, 0.1539, -0.01), (-0.147506, 0.153127, -0.01), (0.018, 0.055, -0.008), (0.0165, 0.0524019, -0.008), (0.0135, 0.0524019, -0.008), (0.012, 0.055, -0.008), (0.0135, 0.0575981, -0.008), (0.0165, 0.0575981, -0.008), (0.018, 0.055, 4.46924e-17), (0.0165, 0.0575981, 4.90549e-17), (0.0135, 0.0575981, 5.19285e-17), (0.012, 0.055, 5.04397e-17), (0.0135, 0.0524019, 4.60773e-17), (0.0165, 0.0524019, 4.32036e-17), (0.012, 0.055, -0.008), (0.012, 0.055, 5.04397e-17), (0.035, 0.17, -0.015), (0.035, 0.17, 1.57908e-16), (0.035, -0.17, -2.2496e-16), (0.035, -0.17, -0.015), (-0.1425, 0.15, -0.01), (-0.144255, 0.145179, -0.01), (-0.148698, 0.142614, -0.01), (-0.15375, 0.143505, -0.01), (-0.157048, 0.147435, -0.01), (-0.157048, 0.152565, -0.01), (-0.15375, 0.156495, -0.01), (-0.148698, 0.157386, -0.01), (-0.144255, 0.154821, -0.01), (-0.1425, 0.15, 3.05411e-16), (-0.144255, 0.154821, 3.12521e-16), (-0.148698, 0.157386, 3.19665e-16), (-0.15375, 0.156495, 3.23502e-16), (-0.157048, 0.152565, 3.22235e-16), (-0.157048, 0.147435, 3.16458e-16), (-0.15375, 0.143505, 3.08873e-16), (-0.148698, 0.142614, 3.03031e-16), (-0.144255, 0.145179, 3.01663e-16), (-0.157048, 0.152565, -0.01), (-0.157048, 0.152565, 3.22235e-16), (-0.012, 0.075, -0.008), (-0.0135, 0.0775981, -0.008), (-0.0165, 0.0775981, -0.008), (-0.018, 0.075, -0.008), (-0.0165, 0.0724019, -0.008), (-0.0135, 0.0724019, -0.008), (0.03, 0.175, -0.015), (0.0325, 0.17433, -0.015), (0.0343301, 0.1725, -0.015), (0.035, 0.17, -0.015), (0.035, -0.17, -0.015), (0.0343301, -0.1725, -0.015), (0.0325, -0.17433, -0.015), (0.03, -0.175, -0.015), (-0.17, -0.175, -0.015), (-0.1725, -0.17433, -0.015), (-0.17433, -0.1725, -0.015), (-0.175, -0.17, -0.015), (-0.175, 0.17, -0.015), (-0.17433, 0.1725, -0.015), (-0.1725, 0.17433, -0.015), (-0.17, 0.175, -0.015), (-0.146, 0.15, -0.015), (-0.147506, 0.153127, -0.015), (-0.15089, 0.1539, -0.015), (-0.153604, 0.151736, -0.015), (-0.153604, 0.148264, -0.015), (-0.15089, 0.1461, -0.015), (-0.147506, 0.146873, -0.015), (-0.046, 0.15, -0.015), (-0.047506, 0.153127, -0.015), (-0.0508901, 0.1539, -0.015), (-0.0536039, 0.151736, -0.015), (-0.0536039, 0.148264, -0.015), (-0.0508901, 0.1461, -0.015), (-0.047506, 0.146873, -0.015), (-0.146, 0.05, -0.015), (-0.147506, 0.0531273, -0.015), (-0.15089, 0.0538997, -0.015), (-0.153604, 0.0517355, -0.015), (-0.153604, 0.0482645, -0.015), (-0.15089, 0.0461003, -0.015), (-0.147506, 0.0468727, -0.015), (-0.046, 0.05, -0.015), (-0.047506, 0.0531273, -0.015), (-0.0508901, 0.0538997, -0.015), (-0.0536039, 0.0517355, -0.015), (-0.0536039, 0.0482645, -0.015), (-0.0508901, 0.0461003, -0.015), (-0.047506, 0.0468727, -0.015), (-0.146, -0.05, -0.015), (-0.147506, -0.0468727, -0.015), (-0.15089, -0.0461003, -0.015), (-0.153604, -0.0482645, -0.015), (-0.153604, -0.0517355, -0.015), (-0.15089, -0.0538997, -0.015), (-0.147506, -0.0531273, -0.015), (-0.046, -0.05, -0.015), (-0.047506, -0.0468727, -0.015), (-0.0508901, -0.0461003, -0.015), (-0.0536039, -0.0482645, -0.015), (-0.0536039, -0.0517355, -0.015), (-0.0508901, -0.0538997, -0.015), (-0.047506, -0.0531273, -0.015), (-0.146, -0.15, -0.015), (-0.147506, -0.146873, -0.015), (-0.15089, -0.1461, -0.015), (-0.153604, -0.148264, -0.015), (-0.153604, -0.151736, -0.015), (-0.15089, -0.1539, -0.015), (-0.147506, -0.153127, -0.015), (-0.046, -0.15, -0.015), (-0.047506, -0.146873, -0.015), (-0.0508901, -0.1461, -0.015), (-0.0536039, -0.148264, -0.015), (-0.0536039, -0.151736, -0.015), (-0.0508901, -0.1539, -0.015), (-0.047506, -0.153127, -0.015), (-0.146, 0.15, -0.015), (-0.147506, 0.146873, -0.015), (-0.15089, 0.1461, -0.015), (-0.153604, 0.148264, -0.015), (-0.153604, 0.151736, -0.015), (-0.15089, 0.1539, -0.015), (-0.147506, 0.153127, -0.015), (-0.146, 0.15, -0.01), (-0.147506, 0.153127, -0.01), (-0.15089, 0.1539, -0.01), (-0.153604, 0.151736, -0.01), (-0.153604, 0.148264, -0.01), (-0.15089, 0.1461, -0.01), (-0.147506, 0.146873, -0.01), (-0.153604, 0.151736, -0.015), (-0.153604, 0.151736, -0.01), (-0.012, 0.075, -0.008), (-0.0135, 0.0724019, -0.008), (-0.0165, 0.0724019, -0.008), (-0.018, 0.075, -0.008), (-0.0165, 0.0775981, -0.008), (-0.0135, 0.0775981, -0.008), (-0.012, 0.075, 9.59507e-17), (-0.0135, 0.0775981, 1.00313e-16), (-0.0165, 0.0775981, 1.03187e-16), (-0.018, 0.075, 1.01698e-16), (-0.0165, 0.0724019, 9.73355e-17), (-0.0135, 0.0724019, 9.44619e-17), (-0.018, 0.075, -0.008), (-0.018, 0.075, 1.01698e-16), (-0.175, -0.17, -0.015), (-0.17433, -0.1725, -0.015), (-0.1725, -0.17433, -0.015), (-0.17, -0.175, -0.015), (-0.17, -0.175, -3.42229e-17), (-0.1725, -0.17433, -3.10738e-17), (-0.17433, -0.1725, -2.72599e-17), (-0.175, -0.17, -2.3803e-17), (0.018, 0.075, -0.008), (0.0165, 0.0775981, -0.008), (0.0135, 0.0775981, -0.008), (0.012, 0.075, -0.008), (0.0135, 0.0724019, -0.008), (0.0165, 0.0724019, -0.008), (-0.175, 0.17, 3.59064e-16), (-0.175, 0.17, -0.015), (-0.175, -0.17, -0.015), (-0.175, -0.17, -2.3803e-17), (0.018, 0.075, -0.008), (0.0165, 0.0724019, -0.008), (0.0135, 0.0724019, -0.008), (0.012, 0.075, -0.008), (0.0135, 0.0775981, -0.008), (0.0165, 0.0775981, -0.008), (0.018, 0.075, 6.7214e-17), (0.0165, 0.0775981, 7.15765e-17), (0.0135, 0.0775981, 7.44502e-17), (0.012, 0.075, 7.29613e-17), (0.0135, 0.0724019, 6.85989e-17), (0.0165, 0.0724019, 6.57252e-17), (0.012, 0.075, -0.008), (0.012, 0.075, 7.29613e-17), (-0.17, 0.175, -0.015), (-0.1725, 0.17433, -0.015), (-0.17433, 0.1725, -0.015), (-0.175, 0.17, -0.015), (-0.175, 0.17, 3.59064e-16), (-0.17433, 0.1725, 3.61238e-16), (-0.1725, 0.17433, 3.61546e-16), (-0.17, 0.175, 3.59905e-16), (-0.012, 0.055, -0.008), (-0.0135, 0.0575981, -0.008), (-0.0165, 0.0575981, -0.008), (-0.018, 0.055, -0.008), (-0.0165, 0.0524019, -0.008), (-0.0135, 0.0524019, -0.008), (0.03, -0.175, -0.015), (0.03, -0.175, -2.25801e-16), (-0.17, -0.175, -3.42229e-17), (-0.17, -0.175, -0.015), (-0.012, 0.055, -0.008), (-0.0135, 0.0524019, -0.008), (-0.0165, 0.0524019, -0.008), (-0.018, 0.055, -0.008), (-0.0165, 0.0575981, -0.008), (-0.0135, 0.0575981, -0.008), (-0.012, 0.055, 7.34291e-17), (-0.0135, 0.0575981, 7.77916e-17), (-0.0165, 0.0575981, 8.06652e-17), (-0.018, 0.055, 7.91764e-17), (-0.0165, 0.0524019, 7.48139e-17), (-0.0135, 0.0524019, 7.19403e-17), (-0.018, 0.055, -0.008), (-0.018, 0.055, 7.91764e-17), (0.03, -0.175, -0.015), (0.0325, -0.17433, -0.015), (0.0343301, -0.1725, -0.015), (0.035, -0.17, -0.015), (0.035, -0.17, -2.2496e-16), (0.0343301, -0.1725, -2.27133e-16), (0.0325, -0.17433, -2.27441e-16), (0.03, -0.175, -2.25801e-16), (0.018, -0.055, -0.008), (0.0165, -0.0524019, -0.008), (0.0135, -0.0524019, -0.008), (0.012, -0.055, -0.008), (0.0135, -0.0575981, -0.008), (0.0165, -0.0575981, -0.008), (-0.012, -0.055, -5.04397e-17), (-0.0135, -0.0575981, -5.19285e-17), (-0.0165, -0.0575981, -4.90549e-17), (-0.018, -0.055, -4.46924e-17), (-0.0165, -0.0524019, -4.32036e-17), (-0.0135, -0.0524019, -4.60773e-17), (0.018, -0.075, -1.01698e-16), (0.0165, -0.0775981, -1.03187e-16), (0.0135, -0.0775981, -1.00313e-16), (0.012, -0.075, -9.59507e-17), (0.0135, -0.0724019, -9.44619e-17), (0.0165, -0.0724019, -9.73355e-17), (-0.012, -0.075, -7.29613e-17), (-0.0135, -0.0775981, -7.44502e-17), (-0.0165, -0.0775981, -7.15765e-17), (-0.018, -0.075, -6.7214e-17), (-0.0165, -0.0724019, -6.57252e-17), (-0.0135, -0.0724019, -6.85989e-17), (0.018, -0.055, -7.91764e-17), (0.0165, -0.0575981, -8.06652e-17), (0.0135, -0.0575981, -7.77916e-17), (0.012, -0.055, -7.34291e-17), (0.0135, -0.0524019, -7.19403e-17), (0.0165, -0.0524019, -7.48139e-17), (-0.012, 0.055, 7.34291e-17), (-0.0135, 0.0524019, 7.19403e-17), (-0.0165, 0.0524019, 7.48139e-17), (-0.018, 0.055, 7.91764e-17), (-0.0165, 0.0575981, 8.06652e-17), (-0.0135, 0.0575981, 7.77916e-17), (0.018, 0.075, 6.7214e-17), (0.0165, 0.0724019, 6.57252e-17), (0.0135, 0.0724019, 6.85989e-17), (0.012, 0.075, 7.29613e-17), (0.0135, 0.0775981, 7.44502e-17), (0.0165, 0.0775981, 7.15765e-17), (-0.012, 0.075, 9.59507e-17), (-0.0135, 0.0724019, 9.44619e-17), (-0.0165, 0.0724019, 9.73355e-17), (-0.018, 0.075, 1.01698e-16), (-0.0165, 0.0775981, 1.03187e-16), (-0.0135, 0.0775981, 1.00313e-16), (0.018, 0.055, 4.46924e-17), (0.0165, 0.0524019, 4.32036e-17), (0.0135, 0.0524019, 4.60773e-17), (0.012, 0.055, 5.04397e-17), (0.0135, 0.0575981, 5.19285e-17), (0.0165, 0.0575981, 4.90549e-17), (-0.112, -0.055, 4.53492e-17), (-0.1135, -0.0575981, 4.38604e-17), (-0.1165, -0.0575981, 4.6734e-17), (-0.118, -0.055, 5.10965e-17), (-0.1165, -0.0524019, 5.25853e-17), (-0.1135, -0.0524019, 4.97117e-17), (-0.082, -0.075, -5.9091e-18), (-0.0835, -0.0775981, -7.39791e-18), (-0.0865, -0.0775981, -4.52424e-18), (-0.088, -0.075, -1.61762e-19), (-0.0865, -0.0724019, 1.32705e-18), (-0.0835, -0.0724019, -1.54662e-18), (-0.112, -0.075, 2.28276e-17), (-0.1135, -0.0775981, 2.13388e-17), (-0.1165, -0.0775981, 2.42124e-17), (-0.118, -0.075, 2.85749e-17), (-0.1165, -0.0724019, 3.00637e-17), (-0.1135, -0.0724019, 2.71901e-17), (-0.082, -0.055, 1.66125e-17), (-0.0835, -0.0575981, 1.51237e-17), (-0.0865, -0.0575981, 1.79974e-17), (-0.088, -0.055, 2.23598e-17), (-0.0865, -0.0524019, 2.38487e-17), (-0.0835, -0.0524019, 2.0975e-17), (-0.1425, 0.15, 3.05411e-16), (-0.144255, 0.145179, 3.01663e-16), (-0.148698, 0.142614, 3.03031e-16), (-0.15375, 0.143505, 3.08873e-16), (-0.157048, 0.147435, 3.16458e-16), (-0.157048, 0.152565, 3.22235e-16), (-0.15375, 0.156495, 3.23502e-16), (-0.148698, 0.157386, 3.19665e-16), (-0.144255, 0.154821, 3.12521e-16), (-0.0425, 0.15, 2.09622e-16), (-0.0442547, 0.145179, 2.05874e-16), (-0.0486976, 0.142614, 2.07242e-16), (-0.05375, 0.143505, 2.13084e-16), (-0.0570477, 0.147435, 2.20669e-16), (-0.0570477, 0.152565, 2.26446e-16), (-0.05375, 0.156495, 2.27713e-16), (-0.0486976, 0.157386, 2.23876e-16), (-0.0442547, 0.154821, 2.16732e-16), (-0.1425, 0.05, 1.92803e-16), (-0.144255, 0.0451791, 1.89055e-16), (-0.148698, 0.0426139, 1.90423e-16), (-0.15375, 0.0435048, 1.96265e-16), (-0.157048, 0.0474348, 2.0385e-16), (-0.157048, 0.0525652, 2.09627e-16), (-0.15375, 0.0564952, 2.10894e-16), (-0.148698, 0.0573861, 2.07057e-16), (-0.144255, 0.0548209, 1.99913e-16), (-0.0425, 0.05, 9.70143e-17), (-0.0442547, 0.0451791, 9.32663e-17), (-0.0486976, 0.0426139, 9.46337e-17), (-0.05375, 0.0435048, 1.00476e-16), (-0.0570477, 0.0474348, 1.08061e-16), (-0.0570477, 0.0525652, 1.13838e-16), (-0.05375, 0.0564952, 1.15105e-16), (-0.0486976, 0.0573861, 1.11268e-16), (-0.0442547, 0.0548209, 1.04124e-16), (-0.1425, -0.05, 8.01952e-17), (-0.144255, -0.0548209, 7.64473e-17), (-0.148698, -0.0573861, 7.78146e-17), (-0.15375, -0.0564952, 8.36574e-17), (-0.157048, -0.0525652, 9.12417e-17), (-0.157048, -0.0474348, 9.70188e-17), (-0.15375, -0.0435048, 9.82856e-17), (-0.148698, -0.0426139, 9.44492e-17), (-0.144255, -0.0451791, 8.73047e-17), (-0.0425, -0.05, -1.55937e-17), (-0.0442547, -0.0548209, -1.93417e-17), (-0.0486976, -0.0573861, -1.79744e-17), (-0.05375, -0.0564952, -1.21316e-17), (-0.0570477, -0.0525652, -4.5472e-18), (-0.0570477, -0.0474348, 1.22993e-18), (-0.05375, -0.0435048, 2.49664e-18), (-0.0486976, -0.0426139, -1.33977e-18), (-0.0442547, -0.0451791, -8.48421e-18), (-0.1425, -0.15, -3.24128e-17), (-0.144255, -0.154821, -3.61608e-17), (-0.148698, -0.157386, -3.47935e-17), (-0.15375, -0.156495, -2.89507e-17), (-0.157048, -0.152565, -2.13663e-17), (-0.157048, -0.147435, -1.55892e-17), (-0.15375, -0.143505, -1.43225e-17), (-0.148698, -0.142614, -1.81589e-17), (-0.144255, -0.145179, -2.53033e-17), (0.035, 0.17, 1.57908e-16), (0.0343301, 0.1725, 1.61364e-16), (0.0325, 0.17433, 1.65178e-16), (0.03, 0.175, 1.68327e-16), (-0.17, 0.175, 3.59905e-16), (-0.1725, 0.17433, 3.61546e-16), (-0.17433, 0.1725, 3.61238e-16), (-0.175, 0.17, 3.59064e-16), (-0.175, -0.17, -2.3803e-17), (-0.17433, -0.1725, -2.72599e-17), (-0.1725, -0.17433, -3.10738e-17), (-0.17, -0.175, -3.42229e-17), (0.03, -0.175, -2.25801e-16), (0.0325, -0.17433, -2.27441e-16), (0.0343301, -0.1725, -2.27133e-16), (0.035, -0.17, -2.2496e-16), (-0.082, 0.055, 1.40481e-16), (-0.0835, 0.0524019, 1.38993e-16), (-0.0865, 0.0524019, 1.41866e-16), (-0.088, 0.055, 1.46229e-16), (-0.0865, 0.0575981, 1.47717e-16), (-0.0835, 0.0575981, 1.44844e-16), (-0.112, 0.075, 1.9174e-16), (-0.1135, 0.0724019, 1.90251e-16), (-0.1165, 0.0724019, 1.93124e-16), (-0.118, 0.075, 1.97487e-16), (-0.1165, 0.0775981, 1.98976e-16), (-0.1135, 0.0775981, 1.96102e-16), (-0.082, 0.075, 1.63003e-16), (-0.0835, 0.0724019, 1.61514e-16), (-0.0865, 0.0724019, 1.64388e-16), (-0.088, 0.075, 1.6875e-16), (-0.0865, 0.0775981, 1.70239e-16), (-0.0835, 0.0775981, 1.67365e-16), (-0.112, 0.055, 1.69218e-16), (-0.1135, 0.0524019, 1.67729e-16), (-0.1165, 0.0524019, 1.70603e-16), (-0.118, 0.055, 1.74965e-16), (-0.1165, 0.0575981, 1.76454e-16), (-0.1135, 0.0575981, 1.7358e-16), (-0.0425, -0.15, -1.28202e-16), (-0.0442547, -0.154821, -1.3195e-16), (-0.0486976, -0.157386, -1.30582e-16), (-0.05375, -0.156495, -1.2474e-16), (-0.0570477, -0.152565, -1.17155e-16), (-0.0570477, -0.147435, -1.11378e-16), (-0.05375, -0.143505, -1.10111e-16), (-0.0486976, -0.142614, -1.13948e-16), (-0.0442547, -0.145179, -1.21092e-16), (0.018, -0.055, -0.008), (0.0165, -0.0575981, -0.008), (0.0135, -0.0575981, -0.008), (0.012, -0.055, -0.008), (0.0135, -0.0524019, -0.008), (0.0165, -0.0524019, -0.008), (0.018, -0.055, -7.91764e-17), (0.0165, -0.0524019, -7.48139e-17), (0.0135, -0.0524019, -7.19403e-17), (0.012, -0.055, -7.34291e-17), (0.0135, -0.0575981, -7.77916e-17), (0.0165, -0.0575981, -8.06652e-17), (0.012, -0.055, -7.34291e-17), (0.012, -0.055, -0.008), (-0.012, -0.075, -0.008), (-0.0135, -0.0724019, -0.008), (-0.0165, -0.0724019, -0.008), (-0.018, -0.075, -0.008), (-0.0165, -0.0775981, -0.008), (-0.0135, -0.0775981, -0.008), (-0.012, -0.075, -0.008), (-0.0135, -0.0775981, -0.008), (-0.0165, -0.0775981, -0.008), (-0.018, -0.075, -0.008), (-0.0165, -0.0724019, -0.008), (-0.0135, -0.0724019, -0.008), (-0.012, -0.075, -7.29613e-17), (-0.0135, -0.0724019, -6.85989e-17), (-0.0165, -0.0724019, -6.57252e-17), (-0.018, -0.075, -6.7214e-17), (-0.0165, -0.0775981, -7.15765e-17), (-0.0135, -0.0775981, -7.44502e-17), (-0.018, -0.075, -6.7214e-17), (-0.018, -0.075, -0.008), (0.018, -0.075, -0.008), (0.0165, -0.0724019, -0.008), (0.0135, -0.0724019, -0.008), (0.012, -0.075, -0.008), (0.0135, -0.0775981, -0.008), (0.0165, -0.0775981, -0.008), (0.018, -0.075, -0.008), (0.0165, -0.0775981, -0.008), (0.0135, -0.0775981, -0.008), (0.012, -0.075, -0.008), (0.0135, -0.0724019, -0.008), (0.0165, -0.0724019, -0.008), (0.018, -0.075, -1.01698e-16), (0.0165, -0.0724019, -9.73355e-17), (0.0135, -0.0724019, -9.44619e-17), (0.012, -0.075, -9.59507e-17), (0.0135, -0.0775981, -1.00313e-16), (0.0165, -0.0775981, -1.03187e-16), (0.012, -0.075, -9.59507e-17), (0.012, -0.075, -0.008), (-0.012, -0.055, -0.008), (-0.0135, -0.0524019, -0.008), (-0.0165, -0.0524019, -0.008), (-0.018, -0.055, -0.008), (-0.0165, -0.0575981, -0.008), (-0.0135, -0.0575981, -0.008), (-0.012, -0.055, -0.008), (-0.0135, -0.0575981, -0.008), (-0.0165, -0.0575981, -0.008), (-0.018, -0.055, -0.008), (-0.0165, -0.0524019, -0.008), (-0.0135, -0.0524019, -0.008), (-0.012, -0.055, -5.04397e-17), (-0.0135, -0.0524019, -4.60773e-17), (-0.0165, -0.0524019, -4.32036e-17), (-0.018, -0.055, -4.46924e-17), (-0.0165, -0.0575981, -4.90549e-17), (-0.0135, -0.0575981, -5.19285e-17), (-0.018, -0.055, -4.46924e-17), (-0.018, -0.055, -0.008)]
        uniform token subdivisionScheme = "none"
    }

    def Mesh "pad_c" (
        prepend apiSchemas = ["PhysicsCollisionAPI", "PhysicsMeshCollisionAPI", "MaterialBindingAPI"]
    )
    {
        int[] faceVertexCounts = [3, 3, 3, 3, 3, 3, 3, 3, 3, 3, 3, 3, 3, 3, 3, 3, 3, 3, 3, 3, 3, 3, 3, 3, 3, 3, 3, 3, 3, 3, 3, 3, 3, 3, 3, 3, 3, 3, 3, 3, 3, 3, 3, 3, 3, 3, 3, 3, 3, 3, 3, 3, 3, 3, 3, 3, 3, 3, 3, 3, 3, 3, 3, 3, 3, 3, 3, 3, 3, 3, 3, 3, 3, 3, 3, 3, 3, 3, 3, 3, 3, 3, 3, 3, 3, 3, 3, 3, 3, 3, 3, 3, 3, 3, 3, 3, 3, 3, 3, 3, 3, 3, 3, 3, 3, 3, 3, 3, 3, 3, 3, 3, 3, 3, 3, 3, 3, 3, 3, 3, 3, 3, 3, 3, 3, 3, 3, 3, 3, 3, 3, 3, 3, 3, 3, 3, 3, 3, 3, 3, 3, 3, 3, 3, 3, 3, 3, 3, 3, 3, 3, 3, 3, 3, 3, 3, 3, 3, 3, 3, 3, 3, 3, 3, 3, 3, 3, 3, 3, 3, 3, 3, 3, 3, 3, 3, 3, 3, 3, 3, 3, 3, 3, 3, 3, 3, 3, 3, 3, 3, 3, 3, 3, 3, 3, 3, 3, 3, 3, 3, 3, 3, 3, 3, 3, 3, 3, 3, 3, 3, 3, 3, 3, 3, 3, 3, 3, 3, 3, 3, 3, 3, 3, 3, 3, 3, 3, 3, 3, 3, 3, 3, 3, 3, 3, 3, 3, 3, 3, 3, 3, 3, 3, 3, 3, 3, 3, 3, 3, 3, 3, 3, 3, 3, 3, 3, 3, 3, 3, 3, 3, 3, 3, 3, 3, 3, 3, 3, 3, 3, 3, 3, 3, 3, 3, 3, 3, 3, 3, 3, 3, 3, 3, 3, 3, 3, 3, 3, 3, 3, 3, 3, 3, 3, 3, 3, 3, 3, 3, 3, 3, 3, 3, 3, 3, 3, 3, 3, 3, 3, 3, 3, 3, 3, 3, 3, 3, 3, 3, 3, 3, 3, 3, 3, 3, 3, 3, 3, 3, 3, 3, 3, 3, 3, 3, 3, 3, 3, 3, 3, 3, 3, 3, 3, 3, 3, 3, 3, 3, 3, 3, 3, 3, 3, 3, 3, 3, 3, 3, 3, 3, 3, 3, 3, 3, 3, 3, 3, 3, 3, 3, 3, 3, 3, 3, 3, 3, 3, 3, 3, 3, 3, 3, 3, 3, 3, 3, 3, 3, 3, 3, 3, 3, 3, 3, 3, 3, 3, 3, 3, 3, 3, 3, 3, 3, 3, 3, 3, 3, 3, 3, 3, 3, 3, 3, 3, 3, 3, 3, 3, 3, 3, 3, 3, 3, 3, 3, 3, 3, 3, 3, 3, 3, 3, 3, 3, 3, 3, 3, 3, 3, 3, 3, 3, 3, 3, 3, 3, 3, 3, 3, 3, 3, 3, 3, 3, 3, 3, 3, 3, 3, 3, 3, 3, 3, 3, 3, 3, 3, 3, 3, 3, 3, 3, 3, 3, 3, 3, 3, 3, 3, 3, 3, 3, 3, 3, 3, 3, 3, 3, 3, 3, 3, 3, 3, 3, 3, 3, 3, 3, 3, 3, 3, 3, 3, 3, 3, 3, 3, 3, 3, 3, 3, 3, 3, 3, 3, 3, 3, 3, 3, 3, 3, 3, 3, 3, 3, 3, 3, 3, 3, 3, 3, 3, 3, 3, 3, 3, 3, 3, 3, 3, 3, 3, 3, 3, 3, 3, 3, 3, 3, 3, 3, 3, 3, 3, 3, 3, 3, 3, 3, 3, 3, 3, 3, 3, 3, 3, 3, 3, 3, 3, 3, 3, 3, 3, 3, 3, 3, 3, 3, 3, 3, 3, 3, 3, 3, 3, 3, 3, 3, 3, 3, 3, 3, 3, 3, 3, 3, 3, 3, 3, 3, 3, 3, 3, 3, 3, 3, 3, 3, 3, 3, 3, 3, 3, 3, 3, 3, 3, 3, 3, 3, 3, 3, 3, 3, 3, 3, 3, 3, 3, 3, 3, 3, 3, 3, 3, 3, 3, 3, 3, 3, 3, 3, 3, 3, 3, 3, 3, 3, 3, 3, 3, 3, 3, 3, 3, 3, 3]
        int[] faceVertexIndices = [1, 10, 0, 0, 10, 11, 0, 11, 6, 6, 11, 12, 6, 12, 5, 5, 12, 13, 5, 13, 4, 4, 13, 15, 4, 15, 3, 14, 7, 8, 14, 8, 2, 2, 8, 9, 2, 9, 1, 1, 9, 10, 17, 26, 16, 16, 26, 27, 16, 27, 22, 22, 27, 28, 22, 28, 21, 21, 28, 29, 21, 29, 20, 20, 29, 31, 20, 31, 19, 30, 23, 24, 30, 24, 18, 18, 24, 25, 18, 25, 17, 17, 25, 26, 33, 42, 32, 32, 42, 43, 32, 43, 38, 38, 43, 44, 38, 44, 37, 37, 44, 45, 37, 45, 36, 36, 45, 47, 36, 47, 35, 46, 39, 40, 46, 40, 34, 34, 40, 41, 34, 41, 33, 33, 41, 42, 49, 61, 48, 48, 61, 63, 62, 55, 54, 54, 55, 56, 54, 56, 53, 53, 56, 57, 53, 57, 52, 52, 57, 58, 52, 58, 51, 51, 58, 59, 51, 59, 50, 50, 59, 60, 50, 60, 49, 49, 60, 61, 72, 64, 73, 73, 64, 65, 73, 65, 79, 79, 65, 66, 79, 66, 78, 78, 66, 67, 78, 67, 77, 77, 67, 68, 77, 68, 69, 77, 69, 76, 76, 69, 70, 76, 70, 75, 75, 70, 71, 75, 71, 74, 74, 71, 72, 74, 72, 73, 81, 90, 80, 80, 90, 91, 80, 91, 86, 86, 91, 92, 86, 92, 85, 85, 92, 93, 85, 93, 84, 84, 93, 95, 84, 95, 83, 94, 87, 88, 94, 88, 82, 82, 88, 89, 82, 89, 81, 81, 89, 90, 104, 96, 105, 105, 96, 97, 105, 97, 111, 111, 97, 98, 111, 98, 110, 110, 98, 99, 110, 99, 109, 109, 99, 100, 109, 100, 101, 109, 101, 108, 108, 101, 102, 108, 102, 107, 107, 102, 103, 107, 103, 106, 106, 103, 104, 106, 104, 105, 113, 125, 112, 112, 125, 127, 126, 119, 118, 118, 119, 120, 118, 120, 117, 117, 120, 121, 117, 121, 116, 116, 121, 122, 116, 122, 115, 115, 122, 123, 115, 123, 114, 114, 123, 124, 114, 124, 113, 113, 124, 125, 129, 141, 128, 128, 141, 143, 142, 135, 134, 134, 135, 136, 134, 136, 133, 133, 136, 137, 133, 137, 132, 132, 137, 138, 132, 138, 131, 131, 138, 139, 131, 139, 130, 130, 139, 140, 130, 140, 129, 129, 140, 141, 152, 144, 153, 153, 144, 145, 153, 145, 159, 159, 145, 146, 159, 146, 158, 158, 146, 147, 158, 147, 157, 157, 147, 148, 157, 148, 149, 157, 149, 156, 156, 149, 150, 156, 150, 155, 155, 150, 151, 155, 151, 154, 154, 151, 152, 154, 152, 153, 161, 169, 160, 160, 169, 170, 160, 170, 168, 168, 170, 171, 168, 171, 167, 167, 171, 172, 167, 172, 166, 166, 172, 179, 166, 179, 165, 178, 173, 174, 178, 174, 164, 164, 174, 175, 164, 175, 163, 163, 175, 176, 163, 176, 162, 162, 176, 177, 162, 177, 161, 161, 177, 169, 188, 180, 189, 189, 180, 181, 189, 181, 195, 195, 181, 182, 195, 182, 194, 194, 182, 183, 194, 183, 193, 193, 183, 184, 193, 184, 185, 193, 185, 192, 192, 185, 186, 192, 186, 191, 191, 186, 187, 191, 187, 190, 190, 187, 188, 190, 188, 189, 197, 205, 196, 196, 205, 206, 196, 206, 204, 204, 206, 207, 204, 207, 203, 203, 207, 208, 203, 208, 202, 202, 208, 215, 202, 215, 201, 214, 209, 210, 214, 210, 200, 200, 210, 211, 200, 211, 199, 199, 211, 212, 199, 212, 198, 198, 212, 213, 198, 213, 197, 197, 213, 205, 217, 229, 216, 216, 229, 231, 230, 223, 222, 222, 223, 224, 222, 224, 221, 221, 224, 225, 221, 225, 220, 220, 225, 226, 220, 226, 219, 219, 226, 227, 219, 227, 218, 218, 227, 228, 218, 228, 217, 217, 228, 229, 240, 232, 241, 241, 232, 233, 241, 233, 247, 247, 233, 234, 247, 234, 246, 246, 234, 235, 246, 235, 245, 245, 235, 236, 245, 236, 237, 245, 237, 244, 244, 237, 238, 244, 238, 243, 243, 238, 239, 243, 239, 242, 242, 239, 240, 242, 240, 241, 249, 257, 248, 248, 257, 258, 248, 258, 256, 256, 258, 259, 256, 259, 255, 255, 259, 260, 255, 260, 254, 254, 260, 267, 254, 267, 253, 266, 261, 262, 266, 262, 252, 252, 262, 263, 252, 263, 251, 251, 263, 264, 251, 264, 250, 250, 264, 265, 250, 265, 249, 249, 265, 257, 276, 268, 277, 277, 268, 269, 277, 269, 283, 283, 269, 270, 283, 270, 282, 282, 270, 271, 282, 271, 281, 281, 271, 272, 281, 272, 273, 281, 273, 280, 280, 273, 274, 280, 274, 279, 279, 274, 275, 279, 275, 278, 278, 275, 276, 278, 276, 277, 285, 293, 284, 284, 293, 294, 284, 294, 292, 292, 294, 295, 292, 295, 291, 291, 295, 296, 291, 296, 290, 290, 296, 303, 290, 303, 289, 302, 297, 298, 302, 298, 288, 288, 298, 299, 288, 299, 287, 287, 299, 300, 287, 300, 286, 286, 300, 301, 286, 301, 285, 285, 301, 293, 312, 304, 313, 313, 304, 305, 313, 305, 319, 319, 305, 306, 319, 306, 318, 318, 306, 307, 318, 307, 317, 317, 307, 308, 317, 308, 309, 317, 309, 316, 316, 309, 310, 316, 310, 315, 315, 310, 311, 315, 311, 314, 314, 311, 312, 314, 312, 313, 321, 329, 320, 320, 329, 330, 320, 330, 328, 328, 330, 331, 328, 331, 327, 327, 331, 332, 327, 332, 326, 326, 332, 339, 326, 339, 325, 338, 333, 334, 338, 334, 324, 324, 334, 335, 324, 335, 323, 323, 335, 336, 323, 336, 322, 322, 336, 337, 322, 337, 321, 321, 337, 329, 341, 349, 340, 340, 349, 350, 340, 350, 348, 348, 350, 351, 348, 351, 347, 347, 351, 352, 347, 352, 346, 346, 352, 359, 346, 359, 345, 358, 353, 354, 358, 354, 344, 344, 354, 355, 344, 355, 343, 343, 355, 356, 343, 356, 342, 342, 356, 357, 342, 357, 341, 341, 357, 349, 368, 360, 369, 369, 360, 361, 369, 361, 375, 375, 361, 362, 375, 362, 374, 374, 362, 363, 374, 363, 373, 373, 363, 364, 373, 364, 365, 373, 365, 372, 372, 365, 366, 372, 366, 371, 371, 366, 367, 371, 367, 370, 370, 367, 368, 370, 368, 369, 377, 385, 376, 376, 385, 386, 376, 386, 384, 384, 386, 387, 384, 387, 383, 383, 387, 388, 383, 388, 382, 382, 388, 395, 382, 395, 381, 394, 389, 390, 394, 390, 380, 380, 390, 391, 380, 391, 379, 379, 391, 392, 379, 392, 378, 378, 392, 393, 378, 393, 377, 377, 393, 385, 397, 405, 396, 396, 405, 406, 396, 406, 404, 404, 406, 407, 404, 407, 403, 403, 407, 408, 403, 408, 402, 402, 408, 415, 402, 415, 401, 414, 409, 410, 414, 410, 400, 400, 410, 411, 400, 411, 399, 399, 411, 412, 399, 412, 398, 398, 412, 413, 398, 413, 397, 397, 413, 405, 417, 424, 416, 416, 424, 429, 428, 425, 421, 421, 425, 426, 421, 426, 420, 420, 426, 427, 420, 427, 419, 419, 427, 422, 419, 422, 418, 418, 422, 423, 418, 423, 417, 417, 423, 424, 431, 432, 430, 430, 432, 433, 435, 442, 434, 434, 442, 447, 446, 443, 439, 439, 443, 444, 439, 444, 438, 438, 444, 445, 438, 445, 437, 437, 445, 440, 437, 440, 436, 436, 440, 441, 436, 441, 435, 435, 441, 442, 449, 450, 448, 448, 450, 451, 459, 452, 458, 458, 452, 453, 458, 453, 457, 457, 453, 454, 457, 454, 456, 456, 454, 455, 461, 476, 460, 460, 476, 477, 460, 477, 518, 518, 477, 478, 518, 478, 517, 517, 478, 479, 517, 479, 516, 516, 479, 532, 516, 532, 526, 476, 461, 484, 484, 461, 462, 484, 462, 463, 464, 482, 463, 463, 482, 483, 463, 483, 484, 465, 491, 464, 464, 491, 492, 464, 492, 493, 465, 466, 491, 491, 466, 490, 490, 466, 467, 490, 467, 489, 489, 467, 488, 488, 467, 468, 488, 468, 509, 509, 468, 508, 508, 468, 507, 507, 468, 469, 507, 469, 506, 506, 469, 470, 506, 470, 471, 472, 497, 471, 471, 497, 504, 471, 504, 505, 473, 495, 472, 472, 495, 496, 472, 496, 497, 473, 474, 495, 495, 474, 494, 494, 474, 475, 494, 475, 502, 502, 475, 520, 502, 520, 501, 501, 520, 521, 501, 521, 500, 500, 521, 522, 500, 522, 534, 534, 522, 533, 533, 522, 523, 533, 523, 539, 539, 523, 515, 539, 515, 527, 527, 515, 526, 526, 515, 516, 460, 512, 475, 475, 512, 519, 475, 519, 520, 479, 480, 532, 532, 480, 531, 531, 480, 481, 531, 481, 485, 485, 481, 493, 493, 481, 482, 493, 482, 464, 486, 545, 485, 485, 545, 530, 485, 530, 531, 545, 486, 544, 544, 486, 487, 544, 487, 488, 497, 498, 504, 504, 498, 503, 503, 498, 535, 503, 535, 536, 498, 499, 535, 535, 499, 534, 534, 499, 500, 505, 506, 471, 510, 548, 509, 509, 548, 549, 509, 549, 543, 543, 549, 550, 543, 550, 542, 542, 550, 551, 542, 551, 541, 541, 551, 537, 541, 537, 529, 529, 537, 528, 528, 537, 538, 528, 538, 539, 510, 511, 548, 548, 511, 547, 547, 511, 503, 547, 503, 536, 512, 513, 519, 519, 513, 525, 525, 513, 514, 525, 514, 524, 524, 514, 523, 523, 514, 515, 518, 512, 460, 527, 528, 539, 541, 529, 540, 540, 529, 530, 540, 530, 545, 547, 536, 546, 546, 536, 537, 546, 537, 551, 509, 543, 488, 488, 543, 544, 553, 554, 552, 552, 554, 555, 563, 556, 562, 562, 556, 557, 562, 557, 561, 561, 557, 558, 561, 558, 560, 560, 558, 559, 571, 564, 570, 570, 564, 565, 570, 565, 569, 569, 565, 566, 569, 566, 568, 568, 566, 567, 573, 574, 572, 572, 574, 575, 577, 655, 576, 576, 655, 656, 576, 656, 591, 591, 656, 657, 591, 657, 662, 662, 657, 661, 661, 657, 629, 661, 629, 630, 655, 577, 654, 654, 577, 578, 654, 578, 579, 580, 635, 579, 579, 635, 636, 579, 636, 637, 581, 647, 580, 580, 647, 648, 580, 648, 616, 616, 648, 649, 616, 649, 615, 615, 649, 614, 614, 649, 650, 614, 650, 607, 607, 650, 606, 606, 650, 651, 606, 651, 640, 640, 651, 646, 646, 651, 584, 646, 584, 645, 645, 584, 585, 645, 585, 644, 644, 585, 586, 644, 586, 587, 581, 582, 647, 647, 582, 653, 653, 582, 583, 653, 583, 652, 652, 583, 584, 652, 584, 651, 588, 598, 587, 587, 598, 592, 587, 592, 642, 642, 592, 593, 642, 593, 641, 641, 593, 594, 641, 594, 640, 640, 594, 605, 640, 605, 606, 589, 664, 588, 588, 664, 665, 588, 665, 666, 589, 590, 664, 664, 590, 663, 663, 590, 591, 663, 591, 662, 594, 595, 605, 605, 595, 604, 604, 595, 612, 612, 595, 596, 612, 596, 600, 600, 596, 597, 600, 597, 599, 599, 597, 598, 598, 597, 592, 612, 600, 623, 623, 600, 601, 623, 601, 622, 622, 601, 630, 630, 601, 602, 630, 602, 661, 661, 602, 667, 667, 602, 603, 667, 603, 666, 666, 603, 598, 666, 598, 588, 607, 608, 614, 614, 608, 613, 613, 608, 609, 613, 609, 621, 621, 609, 610, 621, 610, 632, 632, 610, 625, 632, 625, 626, 625, 610, 624, 624, 610, 611, 624, 611, 623, 623, 611, 612, 616, 617, 580, 580, 617, 618, 580, 618, 635, 635, 618, 634, 634, 618, 619, 634, 619, 633, 633, 619, 620, 633, 620, 621, 632, 626, 631, 631, 626, 627, 631, 627, 639, 639, 627, 628, 639, 628, 658, 658, 628, 629, 658, 629, 657, 632, 633, 621, 638, 659, 637, 637, 659, 660, 637, 660, 579, 579, 660, 654, 638, 639, 659, 659, 639, 658, 642, 643, 587, 587, 643, 644, 675, 668, 674, 674, 668, 669, 674, 669, 673, 673, 669, 670, 673, 670, 672, 672, 670, 671]
        rel material:binding = </Env/Looks/GrayPlastic>
        uniform token physics:approximation = "none"
        point3f[] points = [(0.116, 0.015, -0.005), (0.117506, 0.0181273, -0.005), (0.12089, 0.0188997, -0.005), (0.123604, 0.0167355, -0.005), (0.123604, 0.0132645, -0.005), (0.12089, 0.0111003, -0.005), (0.117506, 0.0118727, -0.005), (0.124, 0.015, -3.53051e-16), (0.122494, 0.0181273, -3.49405e-16), (0.11911, 0.0188997, -3.48704e-16), (0.116396, 0.0167355, -3.51276e-16), (0.116396, 0.0132645, -3.55185e-16), (0.11911, 0.0111003, -3.57487e-16), (0.122494, 0.0118727, -3.56448e-16), (0.123604, 0.0167355, -0.005), (0.124, 0.015, -3.53051e-16), (0.146, -0.015, -0.005), (0.147506, -0.0118727, -0.005), (0.15089, -0.0111003, -0.005), (0.153604, -0.0132645, -0.005), (0.153604, -0.0167355, -0.005), (0.15089, -0.0188997, -0.005), (0.147506, -0.0181273, -0.005), (0.154, -0.015, -3.84137e-16), (0.152494, -0.0118727, -3.80491e-16), (0.14911, -0.0111003, -3.7979e-16), (0.146396, -0.0132645, -3.82362e-16), (0.146396, -0.0167355, -3.86271e-16), (0.14911, -0.0188997, -3.88573e-16), (0.152494, -0.0181273, -3.87535e-16), (0.153604, -0.0132645, -0.005), (0.154, -0.015, -3.84137e-16), (0.116, -0.015, -0.005), (0.117506, -0.0118727, -0.005), (0.12089, -0.0111003, -0.005), (0.123604, -0.0132645, -0.005), (0.123604, -0.0167355, -0.005), (0.12089, -0.0188997, -0.005), (0.117506, -0.0181273, -0.005), (0.124, -0.015, -3.86358e-16), (0.122494, -0.0118727, -3.82712e-16), (0.11911, -0.0111003, -3.82011e-16), (0.116396, -0.0132645, -3.84583e-16), (0.116396, -0.0167355, -3.88491e-16), (0.11911, -0.0188997, -3.90793e-16), (0.122494, -0.0181273, -3.89755e-16), (0.123604, -0.0132645, -0.005), (0.124, -0.015, -3.86358e-16), (0.154, -0.05, -0.01), (0.152494, -0.0468727, -0.01), (0.14911, -0.0461003, -0.01), (0.146396, -0.0482645, -0.01), (0.146396, -0.0517355, -0.01), (0.14911, -0.0538997, -0.01), (0.152494, -0.0531273, -0.01), (0.154, -0.05, -0.015), (0.152494, -0.0531273, -0.015), (0.14911, -0.0538997, -0.015), (0.146396, -0.0517355, -0.015), (0.146396, -0.0482645, -0.015), (0.14911, -0.0461003, -0.015), (0.152494, -0.0468727, -0.015), (0.154, -0.05, -0.01), (0.154, -0.05, -0.015), (0.0575, -0.05, -0.01), (0.0557453, -0.0451791, -0.01), (0.0513024, -0.0426139, -0.01), (0.04625, -0.0435048, -0.01), (0.0429523, -0.0474348, -0.01), (0.0429523, -0.0525652, -0.01), (0.04625, -0.0564952, -0.01), (0.0513024, -0.0573861, -0.01), (0.0557453, -0.0548209, -0.01), (0.054, -0.05, -0.01), (0.052494, -0.0531273, -0.01), (0.0491099, -0.0538997, -0.01), (0.0463961, -0.0517355, -0.01), (0.0463961, -0.0482645, -0.01), (0.0491099, -0.0461003, -0.01), (0.052494, -0.0468727, -0.01), (0.146, 0.015, -0.005), (0.147506, 0.0181273, -0.005), (0.15089, 0.0188997, -0.005), (0.153604, 0.0167355, -0.005), (0.153604, 0.0132645, -0.005), (0.15089, 0.0111003, -0.005), (0.147506, 0.0118727, -0.005), (0.154, 0.015, -3.5083e-16), (0.152494, 0.0181273, -3.47185e-16), (0.14911, 0.0188997, -3.46483e-16), (0.146396, 0.0167355, -3.49056e-16), (0.146396, 0.0132645, -3.52964e-16), (0.14911, 0.0111003, -3.55266e-16), (0.152494, 0.0118727, -3.54228e-16), (0.153604, 0.0167355, -0.005), (0.154, 0.015, -3.5083e-16), (0.1425, 0.015, -0.005), (0.144255, 0.0198209, -0.005), (0.148698, 0.0223861, -0.005), (0.15375, 0.0214952, -0.005), (0.157048, 0.0175652, -0.005), (0.157048, 0.0124348, -0.005), (0.15375, 0.00850481, -0.005), (0.148698, 0.00761394, -0.005), (0.144255, 0.0101791, -0.005), (0.146, 0.015, -0.005), (0.147506, 0.0118727, -0.005), (0.15089, 0.0111003, -0.005), (0.153604, 0.0132645, -0.005), (0.153604, 0.0167355, -0.005), (0.15089, 0.0188997, -0.005), (0.147506, 0.0181273, -0.005), (0.054, -0.05, -0.01), (0.052494, -0.0468727, -0.01), (0.0491099, -0.0461003, -0.01), (0.0463961, -0.0482645, -0.01), (0.0463961, -0.0517355, -0.01), (0.0491099, -0.0538997, -0.01), (0.052494, -0.0531273, -0.01), (0.054, -0.05, -0.015), (0.052494, -0.0531273, -0.015), (0.0491099, -0.0538997, -0.015), (0.0463961, -0.0517355, -0.015), (0.0463961, -0.0482645, -0.015), (0.0491099, -0.0461003, -0.015), (0.052494, -0.0468727, -0.015), (0.054, -0.05, -0.01), (0.054, -0.05, -0.015), (0.154, 0.05, -0.01), (0.152494, 0.0531273, -0.01), (0.14911, 0.0538997, -0.01), (0.146396, 0.0517355, -0.01), (0.146396, 0.0482645, -0.01), (0.14911, 0.0461003, -0.01), (0.152494, 0.0468727, -0.01), (0.154, 0.05, -0.015), (0.152494, 0.0468727, -0.015), (0.14911, 0.0461003, -0.015), (0.146396, 0.0482645, -0.015), (0.146396, 0.0517355, -0.015), (0.14911, 0.0538997, -0.015), (0.152494, 0.0531273, -0.015), (0.154, 0.05, -0.01), (0.154, 0.05, -0.015), (0.1575, -0.05, -0.01), (0.155745, -0.0451791, -0.01), (0.151302, -0.0426139, -0.01), (0.14625, -0.0435048, -0.01), (0.142952, -0.0474348, -0.01), (0.142952, -0.0525652, -0.01), (0.14625, -0.0564952, -0.01), (0.151302, -0.0573861, -0.01), (0.155745, -0.0548209, -0.01), (0.154, -0.05, -0.01), (0.152494, -0.0531273, -0.01), (0.14911, -0.0538997, -0.01), (0.146396, -0.0517355, -0.01), (0.146396, -0.0482645, -0.01), (0.14911, -0.0461003, -0.01), (0.152494, -0.0468727, -0.01), (0.0575, -0.05, -0.01), (0.0557453, -0.0548209, -0.01), (0.0513024, -0.0573861, -0.01), (0.04625, -0.0564952, -0.01), (0.0429523, -0.0525652, -0.01), (0.0429523, -0.0474348, -0.01), (0.04625, -0.0435048, -0.01), (0.0513024, -0.0426139, -0.01), (0.0557453, -0.0451791, -0.01), (0.0575, -0.05, -4.26326e-16), (0.0557453, -0.0451791, -4.22831e-16), (0.0513024, -0.0426139, -4.20164e-16), (0.04625, -0.0435048, -4.21419e-16), (0.0429523, -0.0474348, -4.26008e-16), (0.0429523, -0.0525652, -4.31786e-16), (0.04625, -0.0564952, -4.36047e-16), (0.0513024, -0.0573861, -4.36799e-16), (0.0557453, -0.0548209, -4.33689e-16), (0.0429523, -0.0474348, -0.01), (0.0429523, -0.0474348, -4.26008e-16), (0.1125, 0.015, -0.005), (0.114255, 0.0198209, -0.005), (0.118698, 0.0223861, -0.005), (0.12375, 0.0214952, -0.005), (0.127048, 0.0175652, -0.005), (0.127048, 0.0124348, -0.005), (0.12375, 0.00850481, -0.005), (0.118698, 0.00761394, -0.005), (0.114255, 0.0101791, -0.005), (0.116, 0.015, -0.005), (0.117506, 0.0118727, -0.005), (0.12089, 0.0111003, -0.005), (0.123604, 0.0132645, -0.005), (0.123604, 0.0167355, -0.005), (0.12089, 0.0188997, -0.005), (0.117506, 0.0181273, -0.005), (0.1425, 0.015, -0.005), (0.144255, 0.0101791, -0.005), (0.148698, 0.00761394, -0.005), (0.15375, 0.00850481, -0.005), (0.157048, 0.0124348, -0.005), (0.157048, 0.0175652, -0.005), (0.15375, 0.0214952, -0.005), (0.148698, 0.0223861, -0.005), (0.144255, 0.0198209, -0.005), (0.1425, 0.015, -0.015), (0.144255, 0.0198209, -0.015), (0.148698, 0.0223861, -0.015), (0.15375, 0.0214952, -0.015), (0.157048, 0.0175652, -0.015), (0.157048, 0.0124348, -0.015), (0.15375, 0.00850481, -0.015), (0.148698, 0.00761394, -0.015), (0.144255, 0.0101791, -0.015), (0.157048, 0.0175652, -0.005), (0.157048, 0.0175652, -0.015), (0.054, 0.05, -0.01), (0.052494, 0.0531273, -0.01), (0.0491099, 0.0538997, -0.01), (0.0463961, 0.0517355, -0.01), (0.0463961, 0.0482645, -0.01), (0.0491099, 0.0461003, -0.01), (0.052494, 0.0468727, -0.01), (0.054, 0.05, -0.015), (0.052494, 0.0468727, -0.015), (0.0491099, 0.0461003, -0.015), (0.0463961, 0.0482645, -0.015), (0.0463961, 0.0517355, -0.015), (0.0491099, 0.0538997, -0.015), (0.052494, 0.0531273, -0.015), (0.054, 0.05, -0.01), (0.054, 0.05, -0.015), (0.0575, 0.05, -0.01), (0.0557453, 0.0548209, -0.01), (0.0513024, 0.0573861, -0.01), (0.04625, 0.0564952, -0.01), (0.0429523, 0.0525652, -0.01), (0.0429523, 0.0474348, -0.01), (0.04625, 0.0435048, -0.01), (0.0513024, 0.0426139, -0.01), (0.0557453, 0.0451791, -0.01), (0.054, 0.05, -0.01), (0.052494, 0.0468727, -0.01), (0.0491099, 0.0461003, -0.01), (0.0463961, 0.0482645, -0.01), (0.0463961, 0.0517355, -0.01), (0.0491099, 0.0538997, -0.01), (0.052494, 0.0531273, -0.01), (0.1575, -0.05, -0.01), (0.155745, -0.0548209, -0.01), (0.151302, -0.0573861, -0.01), (0.14625, -0.0564952, -0.01), (0.142952, -0.0525652, -0.01), (0.142952, -0.0474348, -0.01), (0.14625, -0.0435048, -0.01), (0.151302, -0.0426139, -0.01), (0.155745, -0.0451791, -0.01), (0.1575, -0.05, -4.21885e-16), (0.155745, -0.0451791, -4.1839e-16), (0.151302, -0.0426139, -4.15723e-16), (0.14625, -0.0435048, -4.16978e-16), (0.142952, -0.0474348, -4.21568e-16), (0.142952, -0.0525652, -4.27345e-16), (0.14625, -0.0564952, -4.31606e-16), (0.151302, -0.0573861, -4.32358e-16), (0.155745, -0.0548209, -4.29248e-16), (0.142952, -0.0474348, -0.01), (0.142952, -0.0474348, -4.21568e-16), (0.1425, -0.015, -0.005), (0.144255, -0.0101791, -0.005), (0.148698, -0.00761394, -0.005), (0.15375, -0.00850481, -0.005), (0.157048, -0.0124348, -0.005), (0.157048, -0.0175652, -0.005), (0.15375, -0.0214952, -0.005), (0.148698, -0.0223861, -0.005), (0.144255, -0.0198209, -0.005), (0.146, -0.015, -0.005), (0.147506, -0.0181273, -0.005), (0.15089, -0.0188997, -0.005), (0.153604, -0.0167355, -0.005), (0.153604, -0.0132645, -0.005), (0.15089, -0.0111003, -0.005), (0.147506, -0.0118727, -0.005), (0.1125, 0.015, -0.005), (0.114255, 0.0101791, -0.005), (0.118698, 0.00761394, -0.005), (0.12375, 0.00850481, -0.005), (0.127048, 0.0124348, -0.005), (0.127048, 0.0175652, -0.005), (0.12375, 0.0214952, -0.005), (0.118698, 0.0223861, -0.005), (0.114255, 0.0198209, -0.005), (0.1125, 0.015, -0.015), (0.114255, 0.0198209, -0.015), (0.118698, 0.0223861, -0.015), (0.12375, 0.0214952, -0.015), (0.127048, 0.0175652, -0.015), (0.127048, 0.0124348, -0.015), (0.12375, 0.00850481, -0.015), (0.118698, 0.00761394, -0.015), (0.114255, 0.0101791, -0.015), (0.127048, 0.0175652, -0.005), (0.127048, 0.0175652, -0.015), (0.1575, 0.05, -0.01), (0.155745, 0.0548209, -0.01), (0.151302, 0.0573861, -0.01), (0.14625, 0.0564952, -0.01), (0.142952, 0.0525652, -0.01), (0.142952, 0.0474348, -0.01), (0.14625, 0.0435048, -0.01), (0.151302, 0.0426139, -0.01), (0.155745, 0.0451791, -0.01), (0.154, 0.05, -0.01), (0.152494, 0.0468727, -0.01), (0.14911, 0.0461003, -0.01), (0.146396, 0.0482645, -0.01), (0.146396, 0.0517355, -0.01), (0.14911, 0.0538997, -0.01), (0.152494, 0.0531273, -0.01), (0.0575, 0.05, -0.01), (0.0557453, 0.0451791, -0.01), (0.0513024, 0.0426139, -0.01), (0.04625, 0.0435048, -0.01), (0.0429523, 0.0474348, -0.01), (0.0429523, 0.0525652, -0.01), (0.04625, 0.0564952, -0.01), (0.0513024, 0.0573861, -0.01), (0.0557453, 0.0548209, -0.01), (0.0575, 0.05, -3.13083e-16), (0.0557453, 0.0548209, -3.11809e-16), (0.0513024, 0.0573861, -3.09142e-16), (0.04625, 0.0564952, -3.10396e-16), (0.0429523, 0.0525652, -3.14986e-16), (0.0429523, 0.0474348, -3.20763e-16), (0.04625, 0.0435048, -3.25025e-16), (0.0513024, 0.0426139, -3.25776e-16), (0.0557453, 0.0451791, -3.22666e-16), (0.0429523, 0.0525652, -0.01), (0.0429523, 0.0525652, -3.14986e-16), (0.1425, -0.015, -0.005), (0.144255, -0.0198209, -0.005), (0.148698, -0.0223861, -0.005), (0.15375, -0.0214952, -0.005), (0.157048, -0.0175652, -0.005), (0.157048, -0.0124348, -0.005), (0.15375, -0.00850481, -0.005), (0.148698, -0.00761394, -0.005), (0.144255, -0.0101791, -0.005), (0.1425, -0.015, -0.015), (0.144255, -0.0101791, -0.015), (0.148698, -0.00761394, -0.015), (0.15375, -0.00850481, -0.015), (0.157048, -0.0124348, -0.015), (0.157048, -0.0175652, -0.015), (0.15375, -0.0214952, -0.015), (0.148698, -0.0223861, -0.015), (0.144255, -0.0198209, -0.015), (0.157048, -0.0124348, -0.005), (0.157048, -0.0124348, -0.015), (0.1125, -0.015, -0.005), (0.114255, -0.0101791, -0.005), (0.118698, -0.00761394, -0.005), (0.12375, -0.00850481, -0.005), (0.127048, -0.0124348, -0.005), (0.127048, -0.0175652, -0.005), (0.12375, -0.0214952, -0.005), (0.118698, -0.0223861, -0.005), (0.114255, -0.0198209, -0.005), (0.116, -0.015, -0.005), (0.117506, -0.0181273, -0.005), (0.12089, -0.0188997, -0.005), (0.123604, -0.0167355, -0.005), (0.123604, -0.0132645, -0.005), (0.12089, -0.0111003, -0.005), (0.117506, -0.0118727, -0.005), (0.1575, 0.05, -0.01), (0.155745, 0.0451791, -0.01), (0.151302, 0.0426139, -0.01), (0.14625, 0.0435048, -0.01), (0.142952, 0.0474348, -0.01), (0.142952, 0.0525652, -0.01), (0.14625, 0.0564952, -0.01), (0.151302, 0.0573861, -0.01), (0.155745, 0.0548209, -0.01), (0.1575, 0.05, -3.08642e-16), (0.155745, 0.0548209, -3.05148e-16), (0.151302, 0.0573861, -3.0248e-16), (0.14625, 0.0564952, -3.03735e-16), (0.142952, 0.0525652, -3.08325e-16), (0.142952, 0.0474348, -3.14102e-16), (0.14625, 0.0435048, -3.18363e-16), (0.151302, 0.0426139, -3.19115e-16), (0.155745, 0.0451791, -3.16005e-16), (0.142952, 0.0525652, -0.01), (0.142952, 0.0525652, -3.08325e-16), (0.1125, -0.015, -0.005), (0.114255, -0.0198209, -0.005), (0.118698, -0.0223861, -0.005), (0.12375, -0.0214952, -0.005), (0.127048, -0.0175652, -0.005), (0.127048, -0.0124348, -0.005), (0.12375, -0.00850481, -0.005), (0.118698, -0.00761394, -0.005), (0.114255, -0.0101791, -0.005), (0.1125, -0.015, -0.015), (0.114255, -0.0101791, -0.015), (0.118698, -0.00761394, -0.015), (0.12375, -0.00850481, -0.015), (0.127048, -0.0124348, -0.015), (0.127048, -0.0175652, -0.015), (0.12375, -0.0214952, -0.015), (0.118698, -0.0223861, -0.015), (0.114255, -0.0198209, -0.015), (0.127048, -0.0124348, -0.005), (0.127048, -0.0124348, -0.015), (0.061, 0.015, -0.015), (0.0625, 0.0175981, -0.015), (0.0655, 0.0175981, -0.015), (0.067, 0.015, -0.015), (0.0655, 0.0124019, -0.015), (0.0625, 0.0124019, -0.015), (0.067, 0.015, -3.53051e-16), (0.0655, 0.0175981, -3.52271e-16), (0.0625, 0.0175981, -3.5242e-16), (0.061, 0.015, -3.55421e-16), (0.0625, 0.0124019, -3.58272e-16), (0.0655, 0.0124019, -3.58122e-16), (0.061, 0.015, -0.015), (0.061, 0.015, -3.55421e-16), (0.16, -0.0625, -0.015), (0.16, -0.0625, -4.37428e-16), (0.0475, -0.0625, -4.44089e-16), (0.0475, -0.0625, -0.015), (0.061, -0.015, -0.015), (0.0625, -0.0124019, -0.015), (0.0655, -0.0124019, -0.015), (0.067, -0.015, -0.015), (0.0655, -0.0175981, -0.015), (0.0625, -0.0175981, -0.015), (0.067, -0.015, -3.86358e-16), (0.0655, -0.0124019, -3.85578e-16), (0.0625, -0.0124019, -3.85727e-16), (0.061, -0.015, -3.88727e-16), (0.0625, -0.0175981, -3.91578e-16), (0.0655, -0.0175981, -3.91429e-16), (0.061, -0.015, -0.015), (0.061, -0.015, -3.88727e-16), (0.16, 0.0625, -2.9754e-16), (0.16, 0.0625, -0.015), (0.0475, 0.0625, -0.015), (0.0475, 0.0625, -3.01981e-16), (0.0375, -0.0525, -0.015), (0.0388397, -0.0575, -0.015), (0.0425, -0.0611603, -0.015), (0.0475, -0.0625, -0.015), (0.0475, -0.0625, -4.44089e-16), (0.0425, -0.0611603, -4.42988e-16), (0.0388397, -0.0575, -4.39049e-16), (0.0375, -0.0525, -4.32987e-16), (0.17, 0.0525, -3.08642e-16), (0.16866, 0.0575, -3.0258e-16), (0.165, 0.0611603, -2.98641e-16), (0.16, 0.0625, -2.9754e-16), (0.0475, 0.0625, -3.01981e-16), (0.0425, 0.0611603, -3.0358e-16), (0.0388397, 0.0575, -3.07884e-16), (0.0375, 0.0525, -3.15303e-16), (0.0375, -0.0525, -4.32987e-16), (0.0388397, -0.0575, -4.39049e-16), (0.0425, -0.0611603, -4.42988e-16), (0.0475, -0.0625, -4.44089e-16), (0.16, -0.0625, -4.37428e-16), (0.165, -0.0611603, -4.35829e-16), (0.16866, -0.0575, -4.31525e-16), (0.17, -0.0525, -4.26326e-16), (0.1575, 0.05, -3.08642e-16), (0.155745, 0.0451791, -3.16005e-16), (0.151302, 0.0426139, -3.19115e-16), (0.14625, 0.0435048, -3.18363e-16), (0.142952, 0.0474348, -3.14102e-16), (0.142952, 0.0525652, -3.08325e-16), (0.14625, 0.0564952, -3.03735e-16), (0.151302, 0.0573861, -3.0248e-16), (0.155745, 0.0548209, -3.05148e-16), (0.0575, 0.05, -3.13083e-16), (0.0557453, 0.0451791, -3.22666e-16), (0.0513024, 0.0426139, -3.25776e-16), (0.04625, 0.0435048, -3.25025e-16), (0.0429523, 0.0474348, -3.20763e-16), (0.0429523, 0.0525652, -3.14986e-16), (0.04625, 0.0564952, -3.10396e-16), (0.0513024, 0.0573861, -3.09142e-16), (0.0557453, 0.0548209, -3.11809e-16), (0.1575, -0.05, -4.21885e-16), (0.155745, -0.0548209, -4.29248e-16), (0.151302, -0.0573861, -4.32358e-16), (0.14625, -0.0564952, -4.31606e-16), (0.142952, -0.0525652, -4.27345e-16), (0.142952, -0.0474348, -4.21568e-16), (0.14625, -0.0435048, -4.16978e-16), (0.151302, -0.0426139, -4.15723e-16), (0.155745, -0.0451791, -4.1839e-16), (0.0575, -0.05, -4.26326e-16), (0.0557453, -0.0548209, -4.33689e-16), (0.0513024, -0.0573861, -4.36799e-16), (0.04625, -0.0564952, -4.36047e-16), (0.0429523, -0.0525652, -4.31786e-16), (0.0429523, -0.0474348, -4.26008e-16), (0.04625, -0.0435048, -4.21419e-16), (0.0513024, -0.0426139, -4.20164e-16), (0.0557453, -0.0451791, -4.22831e-16), (0.154, 0.015, -3.5083e-16), (0.152494, 0.0118727, -3.54228e-16), (0.14911, 0.0111003, -3.55266e-16), (0.146396, 0.0132645, -3.52964e-16), (0.146396, 0.0167355, -3.49056e-16), (0.14911, 0.0188997, -3.46483e-16), (0.152494, 0.0181273, -3.47185e-16), (0.154, -0.015, -3.84137e-16), (0.152494, -0.0181273, -3.87535e-16), (0.14911, -0.0188997, -3.88573e-16), (0.146396, -0.0167355, -3.86271e-16), (0.146396, -0.0132645, -3.82362e-16), (0.14911, -0.0111003, -3.7979e-16), (0.152494, -0.0118727, -3.80491e-16), (0.124, 0.015, -3.53051e-16), (0.122494, 0.0118727, -3.56448e-16), (0.11911, 0.0111003, -3.57487e-16), (0.116396, 0.0132645, -3.55185e-16), (0.116396, 0.0167355, -3.51276e-16), (0.11911, 0.0188997, -3.48704e-16), (0.122494, 0.0181273, -3.49405e-16), (0.124, -0.015, -3.86358e-16), (0.122494, -0.0181273, -3.89755e-16), (0.11911, -0.0188997, -3.90793e-16), (0.116396, -0.0167355, -3.88491e-16), (0.116396, -0.0132645, -3.84583e-16), (0.11911, -0.0111003, -3.82011e-16), (0.122494, -0.0118727, -3.82712e-16), (0.067, 0.015, -3.53051e-16), (0.0655, 0.0124019, -3.58122e-16), (0.0625, 0.0124019, -3.58272e-16), (0.061, 0.015, -3.55421e-16), (0.0625, 0.0175981, -3.5242e-16), (0.0655, 0.0175981, -3.52271e-16), (0.067, -0.015, -3.86358e-16), (0.0655, -0.0175981, -3.91429e-16), (0.0625, -0.0175981, -3.91578e-16), (0.061, -0.015, -3.88727e-16), (0.0625, -0.0124019, -3.85727e-16), (0.0655, -0.0124019, -3.85578e-16), (0.0375, 0.0525, -3.15303e-16), (0.0375, 0.0525, -0.015), (0.0375, -0.0525, -0.015), (0.0375, -0.0525, -4.32987e-16), (0.0475, 0.0625, -0.015), (0.0425, 0.0611603, -0.015), (0.0388397, 0.0575, -0.015), (0.0375, 0.0525, -0.015), (0.0375, 0.0525, -3.15303e-16), (0.0388397, 0.0575, -3.07884e-16), (0.0425, 0.0611603, -3.0358e-16), (0.0475, 0.0625, -3.01981e-16), (0.16, -0.0625, -0.015), (0.165, -0.0611603, -0.015), (0.16866, -0.0575, -0.015), (0.17, -0.0525, -0.015), (0.17, -0.0525, -4.26326e-16), (0.16866, -0.0575, -4.31525e-16), (0.165, -0.0611603, -4.35829e-16), (0.16, -0.0625, -4.37428e-16), (0.17, 0.0525, -0.015), (0.17, 0.0525, -3.08642e-16), (0.17, -0.0525, -4.26326e-16), (0.17, -0.0525, -0.015), (0.16, 0.0625, -0.015), (0.165, 0.0611603, -0.015), (0.16866, 0.0575, -0.015), (0.17, 0.0525, -0.015), (0.17, -0.0525, -0.015), (0.16866, -0.0575, -0.015), (0.165, -0.0611603, -0.015), (0.16, -0.0625, -0.015), (0.0475, -0.0625, -0.015), (0.0425, -0.0611603, -0.015), (0.0388397, -0.0575, -0.015), (0.0375, -0.0525, -0.015), (0.0375, 0.0525, -0.015), (0.0388397, 0.0575, -0.015), (0.0425, 0.0611603, -0.015), (0.0475, 0.0625, -0.015), (0.061, -0.015, -0.015), (0.0625, -0.0175981, -0.015), (0.0655, -0.0175981, -0.015), (0.067, -0.015, -0.015), (0.0655, -0.0124019, -0.015), (0.0625, -0.0124019, -0.015), (0.061, 0.015, -0.015), (0.0625, 0.0124019, -0.015), (0.0655, 0.0124019, -0.015), (0.067, 0.015, -0.015), (0.0655, 0.0175981, -0.015), (0.0625, 0.0175981, -0.015), (0.1125, -0.015, -0.015), (0.114255, -0.0198209, -0.015), (0.118698, -0.0223861, -0.015), (0.12375, -0.0214952, -0.015), (0.127048, -0.0175652, -0.015), (0.127048, -0.0124348, -0.015), (0.12375, -0.00850481, -0.015), (0.118698, -0.00761394, -0.015), (0.114255, -0.0101791, -0.015), (0.1425, -0.015, -0.015), (0.144255, -0.0198209, -0.015), (0.148698, -0.0223861, -0.015), (0.15375, -0.0214952, -0.015), (0.157048, -0.0175652, -0.015), (0.157048, -0.0124348, -0.015), (0.15375, -0.00850481, -0.015), (0.148698, -0.00761394, -0.015), (0.144255, -0.0101791, -0.015), (0.1125, 0.015, -0.015), (0.114255, 0.0101791, -0.015), (0.118698, 0.00761394, -0.015), (0.12375, 0.00850481, -0.015), (0.127048, 0.0124348, -0.015), (0.127048, 0.0175652, -0.015), (0.12375, 0.0214952, -0.015), (0.118698, 0.0223861, -0.015), (0.114255, 0.0198209, -0.015), (0.1425, 0.015, -0.015), (0.144255, 0.0101791, -0.015), (0.148698, 0.00761394, -0.015), (0.15375, 0.00850481, -0.015), (0.157048, 0.0124348, -0.015), (0.157048, 0.0175652, -0.015), (0.15375, 0.0214952, -0.015), (0.148698, 0.0223861, -0.015), (0.144255, 0.0198209, -0.015), (0.054, -0.05, -0.015), (0.052494, -0.0468727, -0.015), (0.0491099, -0.0461003, -0.015), (0.0463961, -0.0482645, -0.015), (0.0463961, -0.0517355, -0.015), (0.0491099, -0.0538997, -0.015), (0.052494, -0.0531273, -0.015), (0.154, -0.05, -0.015), (0.152494, -0.0468727, -0.015), (0.14911, -0.0461003, -0.015), (0.146396, -0.0482645, -0.015), (0.146396, -0.0517355, -0.015), (0.14911, -0.0538997, -0.015), (0.152494, -0.0531273, -0.015), (0.154, 0.05, -0.015), (0.152494, 0.0531273, -0.015), (0.14911, 0.0538997, -0.015), (0.146396, 0.0517355, -0.015), (0.146396, 0.0482645, -0.015), (0.14911, 0.0461003, -0.015), (0.152494, 0.0468727, -0.015), (0.054, 0.05, -0.015), (0.052494, 0.0531273, -0.015), (0.0491099, 0.0538997, -0.015), (0.0463961, 0.0517355, -0.015), (0.0463961, 0.0482645, -0.015), (0.0491099, 0.0461003, -0.015), (0.052494, 0.0468727, -0.015), (0.16, 0.0625, -2.9754e-16), (0.165, 0.0611603, -2.98641e-16), (0.16866, 0.0575, -3.0258e-16), (0.17, 0.0525, -3.08642e-16), (0.17, 0.0525, -0.015), (0.16866, 0.0575, -0.015), (0.165, 0.0611603, -0.015), (0.16, 0.0625, -0.015)]
        uniform token subdivisionScheme = "none"
    }

    def Mesh "pad_l" (
        prepend apiSchemas = ["PhysicsCollisionAPI", "PhysicsMeshCollisionAPI", "MaterialBindingAPI"]
    )
    {
        int[] faceVertexCounts = [3, 3, 3, 3, 3, 3, 3, 3, 3, 3, 3, 3, 3, 3, 3, 3, 3, 3, 3, 3, 3, 3, 3, 3, 3, 3, 3, 3, 3, 3, 3, 3, 3, 3, 3, 3, 3, 3, 3, 3, 3, 3, 3, 3, 3, 3, 3, 3, 3, 3, 3, 3, 3, 3, 3, 3, 3, 3, 3, 3, 3, 3, 3, 3, 3, 3, 3, 3, 3, 3, 3, 3, 3, 3, 3, 3, 3, 3, 3, 3, 3, 3, 3, 3, 3, 3, 3, 3, 3, 3, 3, 3, 3, 3, 3, 3, 3, 3, 3, 3, 3, 3, 3, 3, 3, 3, 3, 3, 3, 3, 3, 3, 3, 3, 3, 3, 3, 3, 3, 3, 3, 3, 3, 3, 3, 3, 3, 3, 3, 3, 3, 3, 3, 3, 3, 3, 3, 3, 3, 3, 3, 3, 3, 3, 3, 3, 3, 3, 3, 3, 3, 3, 3, 3, 3, 3, 3, 3, 3, 3, 3, 3, 3, 3, 3, 3, 3, 3, 3, 3, 3, 3, 3, 3, 3, 3, 3, 3, 3, 3, 3, 3, 3, 3, 3, 3, 3, 3, 3, 3, 3, 3, 3, 3, 3, 3, 3, 3, 3, 3, 3, 3, 3, 3, 3, 3, 3, 3, 3, 3, 3, 3, 3, 3, 3, 3, 3, 3, 3, 3, 3, 3, 3, 3, 3, 3, 3, 3, 3, 3, 3, 3, 3, 3, 3, 3, 3, 3, 3, 3, 3, 3, 3, 3, 3, 3, 3, 3, 3, 3, 3, 3, 3, 3, 3, 3, 3, 3, 3, 3, 3, 3, 3, 3, 3, 3, 3, 3, 3, 3, 3, 3, 3, 3, 3, 3, 3, 3, 3, 3, 3, 3, 3, 3, 3, 3, 3, 3, 3, 3, 3, 3, 3, 3, 3, 3, 3, 3, 3, 3, 3, 3, 3, 3, 3, 3, 3, 3, 3, 3, 3, 3, 3, 3, 3, 3, 3, 3, 3, 3, 3, 3, 3, 3, 3, 3, 3, 3, 3, 3, 3, 3, 3, 3, 3, 3, 3, 3, 3, 3, 3, 3, 3, 3, 3, 3, 3, 3, 3, 3, 3, 3, 3, 3, 3, 3, 3, 3, 3, 3, 3, 3, 3, 3, 3, 3, 3, 3, 3, 3, 3, 3, 3, 3, 3, 3, 3, 3, 3, 3, 3, 3, 3, 3, 3, 3, 3, 3, 3, 3, 3, 3, 3, 3, 3, 3, 3, 3, 3, 3, 3, 3, 3, 3, 3, 3, 3, 3, 3, 3, 3, 3, 3, 3, 3, 3, 3, 3, 3, 3, 3, 3, 3, 3, 3, 3, 3, 3, 3, 3, 3, 3, 3, 3, 3, 3, 3, 3, 3, 3, 3, 3, 3, 3, 3, 3, 3, 3, 3, 3, 3, 3, 3, 3, 3, 3, 3, 3, 3, 3, 3, 3, 3, 3, 3, 3, 3, 3, 3, 3, 3, 3, 3, 3, 3, 3, 3, 3, 3, 3, 3, 3, 3, 3, 3, 3, 3, 3, 3, 3, 3, 3, 3, 3, 3, 3, 3, 3, 3, 3, 3, 3, 3, 3, 3, 3, 3, 3, 3, 3, 3, 3, 3, 3, 3, 3, 3, 3, 3, 3, 3, 3, 3, 3, 3, 3, 3, 3, 3, 3, 3, 3, 3, 3, 3, 3, 3, 3, 3, 3, 3, 3, 3, 3, 3, 3, 3, 3, 3, 3, 3, 3, 3, 3, 3, 3, 3, 3, 3, 3, 3, 3, 3, 3, 3, 3, 3, 3, 3, 3, 3, 3, 3, 3, 3, 3, 3, 3, 3, 3, 3, 3, 3, 3, 3, 3, 3, 3, 3, 3, 3, 3, 3, 3, 3, 3, 3, 3, 3, 3, 3, 3, 3, 3, 3, 3, 3, 3, 3, 3, 3, 3, 3, 3, 3, 3, 3, 3, 3, 3, 3, 3, 3, 3, 3, 3, 3, 3, 3, 3, 3, 3, 3, 3, 3, 3, 3, 3, 3, 3, 3, 3, 3, 3, 3, 3, 3, 3, 3, 3, 3, 3, 3, 3, 3, 3, 3, 3, 3, 3]
        int[] faceVertexIndices = [1, 10, 0, 0, 10, 11, 0, 11, 6, 6, 11, 12, 6, 12, 5, 5, 12, 13, 5, 13, 4, 4, 13, 15, 4, 15, 3, 14, 7, 8, 14, 8, 2, 2, 8, 9, 2, 9, 1, 1, 9, 10, 17, 26, 16, 16, 26, 27, 16, 27, 22, 22, 27, 28, 22, 28, 21, 21, 28, 29, 21, 29, 20, 20, 29, 31, 20, 31, 19, 30, 23, 24, 30, 24, 18, 18, 24, 25, 18, 25, 17, 17, 25, 26, 33, 42, 32, 32, 42, 43, 32, 43, 38, 38, 43, 44, 38, 44, 37, 37, 44, 45, 37, 45, 36, 36, 45, 47, 36, 47, 35, 46, 39, 40, 46, 40, 34, 34, 40, 41, 34, 41, 33, 33, 41, 42, 49, 61, 48, 48, 61, 63, 62, 55, 54, 54, 55, 56, 54, 56, 53, 53, 56, 57, 53, 57, 52, 52, 57, 58, 52, 58, 51, 51, 58, 59, 51, 59, 50, 50, 59, 60, 50, 60, 49, 49, 60, 61, 72, 64, 73, 73, 64, 65, 73, 65, 79, 79, 65, 66, 79, 66, 78, 78, 66, 67, 78, 67, 77, 77, 67, 68, 77, 68, 69, 77, 69, 76, 76, 69, 70, 76, 70, 75, 75, 70, 71, 75, 71, 74, 74, 71, 72, 74, 72, 73, 81, 90, 80, 80, 90, 91, 80, 91, 86, 86, 91, 92, 86, 92, 85, 85, 92, 93, 85, 93, 84, 84, 93, 95, 84, 95, 83, 94, 87, 88, 94, 88, 82, 82, 88, 89, 82, 89, 81, 81, 89, 90, 104, 96, 105, 105, 96, 97, 105, 97, 111, 111, 97, 98, 111, 98, 110, 110, 98, 99, 110, 99, 109, 109, 99, 100, 109, 100, 101, 109, 101, 108, 108, 101, 102, 108, 102, 107, 107, 102, 103, 107, 103, 106, 106, 103, 104, 106, 104, 105, 113, 125, 112, 112, 125, 127, 126, 119, 118, 118, 119, 120, 118, 120, 117, 117, 120, 121, 117, 121, 116, 116, 121, 122, 116, 122, 115, 115, 122, 123, 115, 123, 114, 114, 123, 124, 114, 124, 113, 113, 124, 125, 129, 141, 128, 128, 141, 143, 142, 135, 134, 134, 135, 136, 134, 136, 133, 133, 136, 137, 133, 137, 132, 132, 137, 138, 132, 138, 131, 131, 138, 139, 131, 139, 130, 130, 139, 140, 130, 140, 129, 129, 140, 141, 152, 144, 153, 153, 144, 145, 153, 145, 159, 159, 145, 146, 159, 146, 158, 158, 146, 147, 158, 147, 157, 157, 147, 148, 157, 148, 149, 157, 149, 156, 156, 149, 150, 156, 150, 155, 155, 150, 151, 155, 151, 154, 154, 151, 152, 154, 152, 153, 161, 169, 160, 160, 169, 170, 160, 170, 168, 168, 170, 171, 168, 171, 167, 167, 171, 172, 167, 172, 166, 166, 172, 179, 166, 179, 165, 178, 173, 174, 178, 174, 164, 164, 174, 175, 164, 175, 163, 163, 175, 176, 163, 176, 162, 162, 176, 177, 162, 177, 161, 161, 177, 169, 188, 180, 189, 189, 180, 181, 189, 181, 195, 195, 181, 182, 195, 182, 194, 194, 182, 183, 194, 183, 193, 193, 183, 184, 193, 184, 185, 193, 185, 192, 192, 185, 186, 192, 186, 191, 191, 186, 187, 191, 187, 190, 190, 187, 188, 190, 188, 189, 197, 205, 196, 196, 205, 206, 196, 206, 204, 204, 206, 207, 204, 207, 203, 203, 207, 208, 203, 208, 202, 202, 208, 215, 202, 215, 201, 214, 209, 210, 214, 210, 200, 200, 210, 211, 200, 211, 199, 199, 211, 212, 199, 212, 198, 198, 212, 213, 198, 213, 197, 197, 213, 205, 217, 229, 216, 216, 229, 231, 230, 223, 222, 222, 223, 224, 222, 224, 221, 221, 224, 225, 221, 225, 220, 220, 225, 226, 220, 226, 219, 219, 226, 227, 219, 227, 218, 218, 227, 228, 218, 228, 217, 217, 228, 229, 240, 232, 241, 241, 232, 233, 241, 233, 247, 247, 233, 234, 247, 234, 246, 246, 234, 235, 246, 235, 245, 245, 235, 236, 245, 236, 237, 245, 237, 244, 244, 237, 238, 244, 238, 243, 243, 238, 239, 243, 239, 242, 242, 239, 240, 242, 240, 241, 249, 257, 248, 248, 257, 258, 248, 258, 256, 256, 258, 259, 256, 259, 255, 255, 259, 260, 255, 260, 254, 254, 260, 267, 254, 267, 253, 266, 261, 262, 266, 262, 252, 252, 262, 263, 252, 263, 251, 251, 263, 264, 251, 264, 250, 250, 264, 265, 250, 265, 249, 249, 265, 257, 276, 268, 277, 277, 268, 269, 277, 269, 283, 283, 269, 270, 283, 270, 282, 282, 270, 271, 282, 271, 281, 281, 271, 272, 281, 272, 273, 281, 273, 280, 280, 273, 274, 280, 274, 279, 279, 274, 275, 279, 275, 278, 278, 275, 276, 278, 276, 277, 285, 293, 284, 284, 293, 294, 284, 294, 292, 292, 294, 295, 292, 295, 291, 291, 295, 296, 291, 296, 290, 290, 296, 303, 290, 303, 289, 302, 297, 298, 302, 298, 288, 288, 298, 299, 288, 299, 287, 287, 299, 300, 287, 300, 286, 286, 300, 301, 286, 301, 285, 285, 301, 293, 312, 304, 313, 313, 304, 305, 313, 305, 319, 319, 305, 306, 319, 306, 318, 318, 306, 307, 318, 307, 317, 317, 307, 308, 317, 308, 309, 317, 309, 316, 316, 309, 310, 316, 310, 315, 315, 310, 311, 315, 311, 314, 314, 311, 312, 314, 312, 313, 321, 329, 320, 320, 329, 330, 320, 330, 328, 328, 330, 331, 328, 331, 327, 327, 331, 332, 327, 332, 326, 326, 332, 339, 326, 339, 325, 338, 333, 334, 338, 334, 324, 324, 334, 335, 324, 335, 323, 323, 335, 336, 323, 336, 322, 322, 336, 337, 322, 337, 321, 321, 337, 329, 341, 349, 340, 340, 349, 350, 340, 350, 348, 348, 350, 351, 348, 351, 347, 347, 351, 352, 347, 352, 346, 346, 352, 359, 346, 359, 345, 358, 353, 354, 358, 354, 344, 344, 354, 355, 344, 355, 343, 343, 355, 356, 343, 356, 342, 342, 356, 357, 342, 357, 341, 341, 357, 349, 368, 360, 369, 369, 360, 361, 369, 361, 375, 375, 361, 362, 375, 362, 374, 374, 362, 363, 374, 363, 373, 373, 363, 364, 373, 364, 365, 373, 365, 372, 372, 365, 366, 372, 366, 371, 371, 366, 367, 371, 367, 370, 370, 367, 368, 370, 368, 369, 377, 385, 376, 376, 385, 386, 376, 386, 384, 384, 386, 387, 384, 387, 383, 383, 387, 388, 383, 388, 382, 382, 388, 395, 382, 395, 381, 394, 389, 390, 394, 390, 380, 380, 390, 391, 380, 391, 379, 379, 391, 392, 379, 392, 378, 378, 392, 393, 378, 393, 377, 377, 393, 385, 397, 405, 396, 396, 405, 406, 396, 406, 404, 404, 406, 407, 404, 407, 403, 403, 407, 408, 403, 408, 402, 402, 408, 415, 402, 415, 401, 414, 409, 410, 414, 410, 400, 400, 410, 411, 400, 411, 399, 399, 411, 412, 399, 412, 398, 398, 412, 413, 398, 413, 397, 397, 413, 405, 417, 424, 416, 416, 424, 429, 428, 425, 421, 421, 425, 426, 421, 426, 420, 420, 426, 427, 420, 427, 419, 419, 427, 422, 419, 422, 418, 418, 422, 423, 418, 423, 417, 417, 423, 424, 431, 432, 430, 430, 432, 433, 435, 442, 434, 434, 442, 447, 446, 443, 439, 439, 443, 444, 439, 444, 438, 438, 444, 445, 438, 445, 437, 437, 445, 440, 437, 440, 436, 436, 440, 441, 436, 441, 435, 435, 441, 442, 449, 450, 448, 448, 450, 451, 459, 452, 458, 458, 452, 453, 458, 453, 457, 457, 453, 454, 457, 454, 456, 456, 454, 455, 461, 476, 460, 460, 476, 477, 460, 477, 518, 518, 477, 478, 518, 478, 517, 517, 478, 479, 517, 479, 516, 516, 479, 532, 516, 532, 526, 476, 461, 484, 484, 461, 462, 484, 462, 463, 464, 482, 463, 463, 482, 483, 463, 483, 484, 465, 491, 464, 464, 491, 492, 464, 492, 493, 465, 466, 491, 491, 466, 490, 490, 466, 467, 490, 467, 489, 489, 467, 488, 488, 467, 468, 488, 468, 509, 509, 468, 508, 508, 468, 507, 507, 468, 469, 507, 469, 506, 506, 469, 470, 506, 470, 471, 472, 497, 471, 471, 497, 504, 471, 504, 505, 473, 495, 472, 472, 495, 496, 472, 496, 497, 473, 474, 495, 495, 474, 494, 494, 474, 475, 494, 475, 502, 502, 475, 520, 502, 520, 501, 501, 520, 521, 501, 521, 500, 500, 521, 522, 500, 522, 534, 534, 522, 533, 533, 522, 523, 533, 523, 539, 539, 523, 515, 539, 515, 527, 527, 515, 526, 526, 515, 516, 460, 512, 475, 475, 512, 519, 475, 519, 520, 479, 480, 532, 532, 480, 531, 531, 480, 481, 531, 481, 485, 485, 481, 493, 493, 481, 482, 493, 482, 464, 486, 545, 485, 485, 545, 530, 485, 530, 531, 545, 486, 544, 544, 486, 487, 544, 487, 488, 497, 498, 504, 504, 498, 503, 503, 498, 535, 503, 535, 536, 498, 499, 535, 535, 499, 534, 534, 499, 500, 505, 506, 471, 510, 548, 509, 509, 548, 549, 509, 549, 543, 543, 549, 550, 543, 550, 542, 542, 550, 551, 542, 551, 541, 541, 551, 537, 541, 537, 529, 529, 537, 528, 528, 537, 538, 528, 538, 539, 510, 511, 548, 548, 511, 547, 547, 511, 503, 547, 503, 536, 512, 513, 519, 519, 513, 525, 525, 513, 514, 525, 514, 524, 524, 514, 523, 523, 514, 515, 518, 512, 460, 527, 528, 539, 541, 529, 540, 540, 529, 530, 540, 530, 545, 547, 536, 546, 546, 536, 537, 546, 537, 551, 509, 543, 488, 488, 543, 544, 553, 554, 552, 552, 554, 555, 563, 556, 562, 562, 556, 557, 562, 557, 561, 561, 557, 558, 561, 558, 560, 560, 558, 559, 571, 564, 570, 570, 564, 565, 570, 565, 569, 569, 565, 566, 569, 566, 568, 568, 566, 567, 573, 574, 572, 572, 574, 575, 577, 655, 576, 576, 655, 656, 576, 656, 591, 591, 656, 657, 591, 657, 662, 662, 657, 661, 661, 657, 629, 661, 629, 630, 655, 577, 654, 654, 577, 578, 654, 578, 579, 580, 635, 579, 579, 635, 636, 579, 636, 637, 581, 647, 580, 580, 647, 648, 580, 648, 616, 616, 648, 649, 616, 649, 615, 615, 649, 614, 614, 649, 650, 614, 650, 607, 607, 650, 606, 606, 650, 651, 606, 651, 640, 640, 651, 646, 646, 651, 584, 646, 584, 645, 645, 584, 585, 645, 585, 644, 644, 585, 586, 644, 586, 587, 581, 582, 647, 647, 582, 653, 653, 582, 583, 653, 583, 652, 652, 583, 584, 652, 584, 651, 588, 598, 587, 587, 598, 592, 587, 592, 642, 642, 592, 593, 642, 593, 641, 641, 593, 594, 641, 594, 640, 640, 594, 605, 640, 605, 606, 589, 664, 588, 588, 664, 665, 588, 665, 666, 589, 590, 664, 664, 590, 663, 663, 590, 591, 663, 591, 662, 594, 595, 605, 605, 595, 604, 604, 595, 612, 612, 595, 596, 612, 596, 600, 600, 596, 597, 600, 597, 599, 599, 597, 598, 598, 597, 592, 612, 600, 623, 623, 600, 601, 623, 601, 622, 622, 601, 630, 630, 601, 602, 630, 602, 661, 661, 602, 667, 667, 602, 603, 667, 603, 666, 666, 603, 598, 666, 598, 588, 607, 608, 614, 614, 608, 613, 613, 608, 609, 613, 609, 621, 621, 609, 610, 621, 610, 632, 632, 610, 625, 632, 625, 626, 625, 610, 624, 624, 610, 611, 624, 611, 623, 623, 611, 612, 616, 617, 580, 580, 617, 618, 580, 618, 635, 635, 618, 634, 634, 618, 619, 634, 619, 633, 633, 619, 620, 633, 620, 621, 632, 626, 631, 631, 626, 627, 631, 627, 639, 639, 627, 628, 639, 628, 658, 658, 628, 629, 658, 629, 657, 632, 633, 621, 638, 659, 637, 637, 659, 660, 637, 660, 579, 579, 660, 654, 638, 639, 659, 659, 639, 658, 642, 643, 587, 587, 643, 644, 675, 668, 674, 674, 668, 669, 674, 669, 673, 673, 669, 670, 673, 670, 672, 672, 670, 671]
        rel material:binding = </Env/Looks/GrayPlastic>
        uniform token physics:approximation = "none"
        point3f[] points = [(0.116, -0.285, -0.005), (0.117506, -0.281873, -0.005), (0.12089, -0.2811, -0.005), (0.123604, -0.283264, -0.005), (0.123604, -0.286736, -0.005), (0.12089, -0.2889, -0.005), (0.117506, -0.288127, -0.005), (0.124, -0.285, -6.90559e-16), (0.122494, -0.281873, -6.87051e-16), (0.11911, -0.2811, -6.86162e-16), (0.116396, -0.283264, -6.88584e-16), (0.116396, -0.286736, -6.92492e-16), (0.11911, -0.2889, -6.94945e-16), (0.122494, -0.288127, -6.94095e-16), (0.123604, -0.283264, -0.005), (0.124, -0.285, -6.90559e-16), (0.146, -0.315, -0.005), (0.147506, -0.311873, -0.005), (0.15089, -0.3111, -0.005), (0.153604, -0.313264, -0.005), (0.153604, -0.316736, -0.005), (0.15089, -0.3189, -0.005), (0.147506, -0.318127, -0.005), (0.154, -0.315, -7.26086e-16), (0.152494, -0.311873, -7.22578e-16), (0.14911, -0.3111, -7.21689e-16), (0.146396, -0.313264, -7.24111e-16), (0.146396, -0.316736, -7.2802e-16), (0.14911, -0.3189, -7.30472e-16), (0.152494, -0.318127, -7.29622e-16), (0.153604, -0.313264, -0.005), (0.154, -0.315, -7.26086e-16), (0.116, -0.315, -0.005), (0.117506, -0.311873, -0.005), (0.12089, -0.3111, -0.005), (0.123604, -0.313264, -0.005), (0.123604, -0.316736, -0.005), (0.12089, -0.3189, -0.005), (0.117506, -0.318127, -0.005), (0.124, -0.315, -7.26086e-16), (0.122494, -0.311873, -7.22578e-16), (0.11911, -0.3111, -7.21689e-16), (0.116396, -0.313264, -7.24111e-16), (0.116396, -0.316736, -7.2802e-16), (0.11911, -0.3189, -7.30472e-16), (0.122494, -0.318127, -7.29622e-16), (0.123604, -0.313264, -0.005), (0.124, -0.315, -7.26086e-16), (0.154, -0.35, -0.01), (0.152494, -0.346873, -0.01), (0.14911, -0.3461, -0.01), (0.146396, -0.348264, -0.01), (0.146396, -0.351736, -0.01), (0.14911, -0.3539, -0.01), (0.152494, -0.353127, -0.01), (0.154, -0.35, -0.015), (0.152494, -0.353127, -0.015), (0.14911, -0.3539, -0.015), (0.146396, -0.351736, -0.015), (0.146396, -0.348264, -0.015), (0.14911, -0.3461, -0.015), (0.152494, -0.346873, -0.015), (0.154, -0.35, -0.01), (0.154, -0.35, -0.015), (0.0575, -0.35, -0.01), (0.0557453, -0.345179, -0.01), (0.0513024, -0.342614, -0.01), (0.04625, -0.343505, -0.01), (0.0429523, -0.347435, -0.01), (0.0429523, -0.352565, -0.01), (0.04625, -0.356495, -0.01), (0.0513024, -0.357386, -0.01), (0.0557453, -0.354821, -0.01), (0.054, -0.35, -0.01), (0.052494, -0.353127, -0.01), (0.0491099, -0.3539, -0.01), (0.0463961, -0.351736, -0.01), (0.0463961, -0.348264, -0.01), (0.0491099, -0.3461, -0.01), (0.052494, -0.346873, -0.01), (0.146, -0.285, -0.005), (0.147506, -0.281873, -0.005), (0.15089, -0.2811, -0.005), (0.153604, -0.283264, -0.005), (0.153604, -0.286736, -0.005), (0.15089, -0.2889, -0.005), (0.147506, -0.288127, -0.005), (0.154, -0.285, -6.92779e-16), (0.152494, -0.281873, -6.89272e-16), (0.14911, -0.2811, -6.88383e-16), (0.146396, -0.283264, -6.90804e-16), (0.146396, -0.286736, -6.94713e-16), (0.14911, -0.2889, -6.97165e-16), (0.152494, -0.288127, -6.96315e-16), (0.153604, -0.283264, -0.005), (0.154, -0.285, -6.92779e-16), (0.1425, -0.285, -0.005), (0.144255, -0.280179, -0.005), (0.148698, -0.277614, -0.005), (0.15375, -0.278505, -0.005), (0.157048, -0.282435, -0.005), (0.157048, -0.287565, -0.005), (0.15375, -0.291495, -0.005), (0.148698, -0.292386, -0.005), (0.144255, -0.289821, -0.005), (0.146, -0.285, -0.005), (0.147506, -0.288127, -0.005), (0.15089, -0.2889, -0.005), (0.153604, -0.286736, -0.005), (0.153604, -0.283264, -0.005), (0.15089, -0.2811, -0.005), (0.147506, -0.281873, -0.005), (0.054, -0.35, -0.01), (0.052494, -0.346873, -0.01), (0.0491099, -0.3461, -0.01), (0.0463961, -0.348264, -0.01), (0.0463961, -0.351736, -0.01), (0.0491099, -0.3539, -0.01), (0.052494, -0.353127, -0.01), (0.054, -0.35, -0.015), (0.052494, -0.353127, -0.015), (0.0491099, -0.3539, -0.015), (0.0463961, -0.351736, -0.015), (0.0463961, -0.348264, -0.015), (0.0491099, -0.3461, -0.015), (0.052494, -0.346873, -0.015), (0.054, -0.35, -0.01), (0.054, -0.35, -0.015), (0.154, -0.25, -0.01), (0.152494, -0.246873, -0.01), (0.14911, -0.2461, -0.01), (0.146396, -0.248264, -0.01), (0.146396, -0.251736, -0.01), (0.14911, -0.2539, -0.01), (0.152494, -0.253127, -0.01), (0.154, -0.25, -0.015), (0.152494, -0.253127, -0.015), (0.14911, -0.2539, -0.015), (0.146396, -0.251736, -0.015), (0.146396, -0.248264, -0.015), (0.14911, -0.2461, -0.015), (0.152494, -0.246873, -0.015), (0.154, -0.25, -0.01), (0.154, -0.25, -0.015), (0.1575, -0.35, -0.01), (0.155745, -0.345179, -0.01), (0.151302, -0.342614, -0.01), (0.14625, -0.343505, -0.01), (0.142952, -0.347435, -0.01), (0.142952, -0.352565, -0.01), (0.14625, -0.356495, -0.01), (0.151302, -0.357386, -0.01), (0.155745, -0.354821, -0.01), (0.154, -0.35, -0.01), (0.152494, -0.353127, -0.01), (0.14911, -0.3539, -0.01), (0.146396, -0.351736, -0.01), (0.146396, -0.348264, -0.01), (0.14911, -0.3461, -0.01), (0.152494, -0.346873, -0.01), (0.0575, -0.35, -0.01), (0.0557453, -0.354821, -0.01), (0.0513024, -0.357386, -0.01), (0.04625, -0.356495, -0.01), (0.0429523, -0.352565, -0.01), (0.0429523, -0.347435, -0.01), (0.04625, -0.343505, -0.01), (0.0513024, -0.342614, -0.01), (0.0557453, -0.345179, -0.01), (0.0575, -0.35, -7.61613e-16), (0.0557453, -0.345179, -7.58438e-16), (0.0513024, -0.342614, -7.55524e-16), (0.04625, -0.343505, -7.56498e-16), (0.0429523, -0.347435, -7.60905e-16), (0.0429523, -0.352565, -7.66682e-16), (0.04625, -0.356495, -7.71126e-16), (0.0513024, -0.357386, -7.72158e-16), (0.0557453, -0.354821, -7.69295e-16), (0.0429523, -0.347435, -0.01), (0.0429523, -0.347435, -7.60905e-16), (0.1125, -0.285, -0.005), (0.114255, -0.280179, -0.005), (0.118698, -0.277614, -0.005), (0.12375, -0.278505, -0.005), (0.127048, -0.282435, -0.005), (0.127048, -0.287565, -0.005), (0.12375, -0.291495, -0.005), (0.118698, -0.292386, -0.005), (0.114255, -0.289821, -0.005), (0.116, -0.285, -0.005), (0.117506, -0.288127, -0.005), (0.12089, -0.2889, -0.005), (0.123604, -0.286736, -0.005), (0.123604, -0.283264, -0.005), (0.12089, -0.2811, -0.005), (0.117506, -0.281873, -0.005), (0.1425, -0.285, -0.005), (0.144255, -0.289821, -0.005), (0.148698, -0.292386, -0.005), (0.15375, -0.291495, -0.005), (0.157048, -0.287565, -0.005), (0.157048, -0.282435, -0.005), (0.15375, -0.278505, -0.005), (0.148698, -0.277614, -0.005), (0.144255, -0.280179, -0.005), (0.1425, -0.285, -0.015), (0.144255, -0.280179, -0.015), (0.148698, -0.277614, -0.015), (0.15375, -0.278505, -0.015), (0.157048, -0.282435, -0.015), (0.157048, -0.287565, -0.015), (0.15375, -0.291495, -0.015), (0.148698, -0.292386, -0.015), (0.144255, -0.289821, -0.015), (0.157048, -0.282435, -0.005), (0.157048, -0.282435, -0.015), (0.054, -0.25, -0.01), (0.052494, -0.246873, -0.01), (0.0491099, -0.2461, -0.01), (0.0463961, -0.248264, -0.01), (0.0463961, -0.251736, -0.01), (0.0491099, -0.2539, -0.01), (0.052494, -0.253127, -0.01), (0.054, -0.25, -0.015), (0.052494, -0.253127, -0.015), (0.0491099, -0.2539, -0.015), (0.0463961, -0.251736, -0.015), (0.0463961, -0.248264, -0.015), (0.0491099, -0.2461, -0.015), (0.052494, -0.246873, -0.015), (0.054, -0.25, -0.01), (0.054, -0.25, -0.015), (0.0575, -0.25, -0.01), (0.0557453, -0.245179, -0.01), (0.0513024, -0.242614, -0.01), (0.04625, -0.243505, -0.01), (0.0429523, -0.247435, -0.01), (0.0429523, -0.252565, -0.01), (0.04625, -0.256495, -0.01), (0.0513024, -0.257386, -0.01), (0.0557453, -0.254821, -0.01), (0.054, -0.25, -0.01), (0.052494, -0.253127, -0.01), (0.0491099, -0.2539, -0.01), (0.0463961, -0.251736, -0.01), (0.0463961, -0.248264, -0.01), (0.0491099, -0.2461, -0.01), (0.052494, -0.246873, -0.01), (0.1575, -0.35, -0.01), (0.155745, -0.354821, -0.01), (0.151302, -0.357386, -0.01), (0.14625, -0.356495, -0.01), (0.142952, -0.352565, -0.01), (0.142952, -0.347435, -0.01), (0.14625, -0.343505, -0.01), (0.151302, -0.342614, -0.01), (0.155745, -0.345179, -0.01), (0.1575, -0.35, -7.63833e-16), (0.155745, -0.345179, -7.60658e-16), (0.151302, -0.342614, -7.57744e-16), (0.14625, -0.343505, -7.58718e-16), (0.142952, -0.347435, -7.63125e-16), (0.142952, -0.352565, -7.68902e-16), (0.14625, -0.356495, -7.73347e-16), (0.151302, -0.357386, -7.74379e-16), (0.155745, -0.354821, -7.71515e-16), (0.142952, -0.347435, -0.01), (0.142952, -0.347435, -7.63125e-16), (0.1425, -0.315, -0.005), (0.144255, -0.310179, -0.005), (0.148698, -0.307614, -0.005), (0.15375, -0.308505, -0.005), (0.157048, -0.312435, -0.005), (0.157048, -0.317565, -0.005), (0.15375, -0.321495, -0.005), (0.148698, -0.322386, -0.005), (0.144255, -0.319821, -0.005), (0.146, -0.315, -0.005), (0.147506, -0.318127, -0.005), (0.15089, -0.3189, -0.005), (0.153604, -0.316736, -0.005), (0.153604, -0.313264, -0.005), (0.15089, -0.3111, -0.005), (0.147506, -0.311873, -0.005), (0.1125, -0.285, -0.005), (0.114255, -0.289821, -0.005), (0.118698, -0.292386, -0.005), (0.12375, -0.291495, -0.005), (0.127048, -0.287565, -0.005), (0.127048, -0.282435, -0.005), (0.12375, -0.278505, -0.005), (0.118698, -0.277614, -0.005), (0.114255, -0.280179, -0.005), (0.1125, -0.285, -0.015), (0.114255, -0.280179, -0.015), (0.118698, -0.277614, -0.015), (0.12375, -0.278505, -0.015), (0.127048, -0.282435, -0.015), (0.127048, -0.287565, -0.015), (0.12375, -0.291495, -0.015), (0.118698, -0.292386, -0.015), (0.114255, -0.289821, -0.015), (0.127048, -0.282435, -0.005), (0.127048, -0.282435, -0.015), (0.1575, -0.25, -0.01), (0.155745, -0.245179, -0.01), (0.151302, -0.242614, -0.01), (0.14625, -0.243505, -0.01), (0.142952, -0.247435, -0.01), (0.142952, -0.252565, -0.01), (0.14625, -0.256495, -0.01), (0.151302, -0.257386, -0.01), (0.155745, -0.254821, -0.01), (0.154, -0.25, -0.01), (0.152494, -0.253127, -0.01), (0.14911, -0.2539, -0.01), (0.146396, -0.251736, -0.01), (0.146396, -0.248264, -0.01), (0.14911, -0.2461, -0.01), (0.152494, -0.246873, -0.01), (0.0575, -0.25, -0.01), (0.0557453, -0.254821, -0.01), (0.0513024, -0.257386, -0.01), (0.04625, -0.256495, -0.01), (0.0429523, -0.252565, -0.01), (0.0429523, -0.247435, -0.01), (0.04625, -0.243505, -0.01), (0.0513024, -0.242614, -0.01), (0.0557453, -0.245179, -0.01), (0.0575, -0.25, -6.50591e-16), (0.0557453, -0.245179, -6.47415e-16), (0.0513024, -0.242614, -6.44501e-16), (0.04625, -0.243505, -6.45476e-16), (0.0429523, -0.247435, -6.49882e-16), (0.0429523, -0.252565, -6.55659e-16), (0.04625, -0.256495, -6.60104e-16), (0.0513024, -0.257386, -6.61136e-16), (0.0557453, -0.254821, -6.58273e-16), (0.0429523, -0.247435, -0.01), (0.0429523, -0.247435, -6.49882e-16), (0.1425, -0.315, -0.005), (0.144255, -0.319821, -0.005), (0.148698, -0.322386, -0.005), (0.15375, -0.321495, -0.005), (0.157048, -0.317565, -0.005), (0.157048, -0.312435, -0.005), (0.15375, -0.308505, -0.005), (0.148698, -0.307614, -0.005), (0.144255, -0.310179, -0.005), (0.1425, -0.315, -0.015), (0.144255, -0.310179, -0.015), (0.148698, -0.307614, -0.015), (0.15375, -0.308505, -0.015), (0.157048, -0.312435, -0.015), (0.157048, -0.317565, -0.015), (0.15375, -0.321495, -0.015), (0.148698, -0.322386, -0.015), (0.144255, -0.319821, -0.015), (0.157048, -0.312435, -0.005), (0.157048, -0.312435, -0.015), (0.1125, -0.315, -0.005), (0.114255, -0.310179, -0.005), (0.118698, -0.307614, -0.005), (0.12375, -0.308505, -0.005), (0.127048, -0.312435, -0.005), (0.127048, -0.317565, -0.005), (0.12375, -0.321495, -0.005), (0.118698, -0.322386, -0.005), (0.114255, -0.319821, -0.005), (0.116, -0.315, -0.005), (0.117506, -0.318127, -0.005), (0.12089, -0.3189, -0.005), (0.123604, -0.316736, -0.005), (0.123604, -0.313264, -0.005), (0.12089, -0.3111, -0.005), (0.117506, -0.311873, -0.005), (0.1575, -0.25, -0.01), (0.155745, -0.254821, -0.01), (0.151302, -0.257386, -0.01), (0.14625, -0.256495, -0.01), (0.142952, -0.252565, -0.01), (0.142952, -0.247435, -0.01), (0.14625, -0.243505, -0.01), (0.151302, -0.242614, -0.01), (0.155745, -0.245179, -0.01), (0.1575, -0.25, -6.50591e-16), (0.155745, -0.245179, -6.47415e-16), (0.151302, -0.242614, -6.44501e-16), (0.14625, -0.243505, -6.45476e-16), (0.142952, -0.247435, -6.49882e-16), (0.142952, -0.252565, -6.55659e-16), (0.14625, -0.256495, -6.60104e-16), (0.151302, -0.257386, -6.61136e-16), (0.155745, -0.254821, -6.58273e-16), (0.142952, -0.247435, -0.01), (0.142952, -0.247435, -6.49882e-16), (0.1125, -0.315, -0.005), (0.114255, -0.319821, -0.005), (0.118698, -0.322386, -0.005), (0.12375, -0.321495, -0.005), (0.127048, -0.317565, -0.005), (0.127048, -0.312435, -0.005), (0.12375, -0.308505, -0.005), (0.118698, -0.307614, -0.005), (0.114255, -0.310179, -0.005), (0.1125, -0.315, -0.015), (0.114255, -0.310179, -0.015), (0.118698, -0.307614, -0.015), (0.12375, -0.308505, -0.015), (0.127048, -0.312435, -0.015), (0.127048, -0.317565, -0.015), (0.12375, -0.321495, -0.015), (0.118698, -0.322386, -0.015), (0.114255, -0.319821, -0.015), (0.127048, -0.312435, -0.005), (0.127048, -0.312435, -0.015), (0.061, -0.285, -0.015), (0.0625, -0.282402, -0.015), (0.0655, -0.282402, -0.015), (0.067, -0.285, -0.015), (0.0655, -0.287598, -0.015), (0.0625, -0.287598, -0.015), (0.067, -0.285, -6.88338e-16), (0.0655, -0.282402, -6.87642e-16), (0.0625, -0.282402, -6.87625e-16), (0.061, -0.285, -6.90542e-16), (0.0625, -0.287598, -6.93476e-16), (0.0655, -0.287598, -6.93493e-16), (0.061, -0.285, -0.015), (0.061, -0.285, -6.90542e-16), (0.16, -0.3625, -0.015), (0.16, -0.3625, -7.79377e-16), (0.0475, -0.3625, -7.79377e-16), (0.0475, -0.3625, -0.015), (0.061, -0.315, -0.015), (0.0625, -0.312402, -0.015), (0.0655, -0.312402, -0.015), (0.067, -0.315, -0.015), (0.0655, -0.317598, -0.015), (0.0625, -0.317598, -0.015), (0.067, -0.315, -7.23865e-16), (0.0655, -0.312402, -7.23169e-16), (0.0625, -0.312402, -7.23152e-16), (0.061, -0.315, -7.26069e-16), (0.0625, -0.317598, -7.29003e-16), (0.0655, -0.317598, -7.2902e-16), (0.061, -0.315, -0.015), (0.061, -0.315, -7.26069e-16), (0.16, -0.2375, -6.37268e-16), (0.16, -0.2375, -0.015), (0.0475, -0.2375, -0.015), (0.0475, -0.2375, -6.37268e-16), (0.0375, -0.3525, -0.015), (0.0388397, -0.3575, -0.015), (0.0425, -0.36116, -0.015), (0.0475, -0.3625, -0.015), (0.0475, -0.3625, -7.79377e-16), (0.0425, -0.36116, -7.77998e-16), (0.0388397, -0.3575, -7.73855e-16), (0.0375, -0.3525, -7.66054e-16), (0.17, -0.2475, -6.50591e-16), (0.16866, -0.2425, -6.4501e-16), (0.165, -0.23884, -6.40867e-16), (0.16, -0.2375, -6.37268e-16), (0.0475, -0.2375, -6.37268e-16), (0.0425, -0.23884, -6.3859e-16), (0.0388397, -0.2425, -6.4269e-16), (0.0375, -0.2475, -6.4837e-16), (0.0375, -0.3525, -7.66054e-16), (0.0388397, -0.3575, -7.73855e-16), (0.0425, -0.36116, -7.77998e-16), (0.0475, -0.3625, -7.79377e-16), (0.16, -0.3625, -7.79377e-16), (0.165, -0.36116, -7.78055e-16), (0.16866, -0.3575, -7.73954e-16), (0.17, -0.3525, -7.68274e-16), (0.1575, -0.25, -6.50591e-16), (0.155745, -0.254821, -6.58273e-16), (0.151302, -0.257386, -6.61136e-16), (0.14625, -0.256495, -6.60104e-16), (0.142952, -0.252565, -6.55659e-16), (0.142952, -0.247435, -6.49882e-16), (0.14625, -0.243505, -6.45476e-16), (0.151302, -0.242614, -6.44501e-16), (0.155745, -0.245179, -6.47415e-16), (0.0575, -0.25, -6.50591e-16), (0.0557453, -0.254821, -6.58273e-16), (0.0513024, -0.257386, -6.61136e-16), (0.04625, -0.256495, -6.60104e-16), (0.0429523, -0.252565, -6.55659e-16), (0.0429523, -0.247435, -6.49882e-16), (0.04625, -0.243505, -6.45476e-16), (0.0513024, -0.242614, -6.44501e-16), (0.0557453, -0.245179, -6.47415e-16), (0.1575, -0.35, -7.63833e-16), (0.155745, -0.354821, -7.71515e-16), (0.151302, -0.357386, -7.74379e-16), (0.14625, -0.356495, -7.73347e-16), (0.142952, -0.352565, -7.68902e-16), (0.142952, -0.347435, -7.63125e-16), (0.14625, -0.343505, -7.58718e-16), (0.151302, -0.342614, -7.57744e-16), (0.155745, -0.345179, -7.60658e-16), (0.0575, -0.35, -7.61613e-16), (0.0557453, -0.354821, -7.69295e-16), (0.0513024, -0.357386, -7.72158e-16), (0.04625, -0.356495, -7.71126e-16), (0.0429523, -0.352565, -7.66682e-16), (0.0429523, -0.347435, -7.60905e-16), (0.04625, -0.343505, -7.56498e-16), (0.0513024, -0.342614, -7.55524e-16), (0.0557453, -0.345179, -7.58438e-16), (0.154, -0.285, -6.92779e-16), (0.152494, -0.288127, -6.96315e-16), (0.14911, -0.2889, -6.97165e-16), (0.146396, -0.286736, -6.94713e-16), (0.146396, -0.283264, -6.90804e-16), (0.14911, -0.2811, -6.88383e-16), (0.152494, -0.281873, -6.89272e-16), (0.154, -0.315, -7.26086e-16), (0.152494, -0.318127, -7.29622e-16), (0.14911, -0.3189, -7.30472e-16), (0.146396, -0.316736, -7.2802e-16), (0.146396, -0.313264, -7.24111e-16), (0.14911, -0.3111, -7.21689e-16), (0.152494, -0.311873, -7.22578e-16), (0.124, -0.285, -6.90559e-16), (0.122494, -0.288127, -6.94095e-16), (0.11911, -0.2889, -6.94945e-16), (0.116396, -0.286736, -6.92492e-16), (0.116396, -0.283264, -6.88584e-16), (0.11911, -0.2811, -6.86162e-16), (0.122494, -0.281873, -6.87051e-16), (0.124, -0.315, -7.26086e-16), (0.122494, -0.318127, -7.29622e-16), (0.11911, -0.3189, -7.30472e-16), (0.116396, -0.316736, -7.2802e-16), (0.116396, -0.313264, -7.24111e-16), (0.11911, -0.3111, -7.21689e-16), (0.122494, -0.311873, -7.22578e-16), (0.067, -0.285, -6.88338e-16), (0.0655, -0.287598, -6.93493e-16), (0.0625, -0.287598, -6.93476e-16), (0.061, -0.285, -6.90542e-16), (0.0625, -0.282402, -6.87625e-16), (0.0655, -0.282402, -6.87642e-16), (0.067, -0.315, -7.23865e-16), (0.0655, -0.317598, -7.2902e-16), (0.0625, -0.317598, -7.29003e-16), (0.061, -0.315, -7.26069e-16), (0.0625, -0.312402, -7.23152e-16), (0.0655, -0.312402, -7.23169e-16), (0.0375, -0.2475, -6.4837e-16), (0.0375, -0.2475, -0.015), (0.0375, -0.3525, -0.015), (0.0375, -0.3525, -7.66054e-16), (0.0475, -0.2375, -0.015), (0.0425, -0.23884, -0.015), (0.0388397, -0.2425, -0.015), (0.0375, -0.2475, -0.015), (0.0375, -0.2475, -6.4837e-16), (0.0388397, -0.2425, -6.4269e-16), (0.0425, -0.23884, -6.3859e-16), (0.0475, -0.2375, -6.37268e-16), (0.16, -0.3625, -0.015), (0.165, -0.36116, -0.015), (0.16866, -0.3575, -0.015), (0.17, -0.3525, -0.015), (0.17, -0.3525, -7.68274e-16), (0.16866, -0.3575, -7.73954e-16), (0.165, -0.36116, -7.78055e-16), (0.16, -0.3625, -7.79377e-16), (0.17, -0.2475, -0.015), (0.17, -0.2475, -6.50591e-16), (0.17, -0.3525, -7.68274e-16), (0.17, -0.3525, -0.015), (0.16, -0.2375, -0.015), (0.165, -0.23884, -0.015), (0.16866, -0.2425, -0.015), (0.17, -0.2475, -0.015), (0.17, -0.3525, -0.015), (0.16866, -0.3575, -0.015), (0.165, -0.36116, -0.015), (0.16, -0.3625, -0.015), (0.0475, -0.3625, -0.015), (0.0425, -0.36116, -0.015), (0.0388397, -0.3575, -0.015), (0.0375, -0.3525, -0.015), (0.0375, -0.2475, -0.015), (0.0388397, -0.2425, -0.015), (0.0425, -0.23884, -0.015), (0.0475, -0.2375, -0.015), (0.061, -0.315, -0.015), (0.0625, -0.317598, -0.015), (0.0655, -0.317598, -0.015), (0.067, -0.315, -0.015), (0.0655, -0.312402, -0.015), (0.0625, -0.312402, -0.015), (0.061, -0.285, -0.015), (0.0625, -0.287598, -0.015), (0.0655, -0.287598, -0.015), (0.067, -0.285, -0.015), (0.0655, -0.282402, -0.015), (0.0625, -0.282402, -0.015), (0.1125, -0.315, -0.015), (0.114255, -0.319821, -0.015), (0.118698, -0.322386, -0.015), (0.12375, -0.321495, -0.015), (0.127048, -0.317565, -0.015), (0.127048, -0.312435, -0.015), (0.12375, -0.308505, -0.015), (0.118698, -0.307614, -0.015), (0.114255, -0.310179, -0.015), (0.1425, -0.315, -0.015), (0.144255, -0.319821, -0.015), (0.148698, -0.322386, -0.015), (0.15375, -0.321495, -0.015), (0.157048, -0.317565, -0.015), (0.157048, -0.312435, -0.015), (0.15375, -0.308505, -0.015), (0.148698, -0.307614, -0.015), (0.144255, -0.310179, -0.015), (0.1125, -0.285, -0.015), (0.114255, -0.289821, -0.015), (0.118698, -0.292386, -0.015), (0.12375, -0.291495, -0.015), (0.127048, -0.287565, -0.015), (0.127048, -0.282435, -0.015), (0.12375, -0.278505, -0.015), (0.118698, -0.277614, -0.015), (0.114255, -0.280179, -0.015), (0.1425, -0.285, -0.015), (0.144255, -0.289821, -0.015), (0.148698, -0.292386, -0.015), (0.15375, -0.291495, -0.015), (0.157048, -0.287565, -0.015), (0.157048, -0.282435, -0.015), (0.15375, -0.278505, -0.015), (0.148698, -0.277614, -0.015), (0.144255, -0.280179, -0.015), (0.054, -0.35, -0.015), (0.052494, -0.346873, -0.015), (0.0491099, -0.3461, -0.015), (0.0463961, -0.348264, -0.015), (0.0463961, -0.351736, -0.015), (0.0491099, -0.3539, -0.015), (0.052494, -0.353127, -0.015), (0.154, -0.35, -0.015), (0.152494, -0.346873, -0.015), (0.14911, -0.3461, -0.015), (0.146396, -0.348264, -0.015), (0.146396, -0.351736, -0.015), (0.14911, -0.3539, -0.015), (0.152494, -0.353127, -0.015), (0.154, -0.25, -0.015), (0.152494, -0.246873, -0.015), (0.14911, -0.2461, -0.015), (0.146396, -0.248264, -0.015), (0.146396, -0.251736, -0.015), (0.14911, -0.2539, -0.015), (0.152494, -0.253127, -0.015), (0.054, -0.25, -0.015), (0.052494, -0.246873, -0.015), (0.0491099, -0.2461, -0.015), (0.0463961, -0.248264, -0.015), (0.0463961, -0.251736, -0.015), (0.0491099, -0.2539, -0.015), (0.052494, -0.253127, -0.015), (0.16, -0.2375, -6.37268e-16), (0.165, -0.23884, -6.40867e-16), (0.16866, -0.2425, -6.4501e-16), (0.17, -0.2475, -6.50591e-16), (0.17, -0.2475, -0.015), (0.16866, -0.2425, -0.015), (0.165, -0.23884, -0.015), (0.16, -0.2375, -0.015)]
        uniform token subdivisionScheme = "none"
    }

    def Mesh "pad_r" (
        prepend apiSchemas = ["PhysicsCollisionAPI", "PhysicsMeshCollisionAPI", "MaterialBindingAPI"]
    )
    {
        int[] faceVertexCounts = [3, 3, 3, 3, 3, 3, 3, 3, 3, 3, 3, 3, 3, 3, 3, 3, 3, 3, 3, 3, 3, 3, 3, 3, 3, 3, 3, 3, 3, 3, 3, 3, 3, 3, 3, 3, 3, 3, 3, 3, 3, 3, 3, 3, 3, 3, 3, 3, 3, 3, 3, 3, 3, 3, 3, 3, 3, 3, 3, 3, 3, 3, 3, 3, 3, 3, 3, 3, 3, 3, 3, 3, 3, 3, 3, 3, 3, 3, 3, 3, 3, 3, 3, 3, 3, 3, 3, 3, 3, 3, 3, 3, 3, 3, 3, 3, 3, 3, 3, 3, 3, 3, 3, 3, 3, 3, 3, 3, 3, 3, 3, 3, 3, 3, 3, 3, 3, 3, 3, 3, 3, 3, 3, 3, 3, 3, 3, 3, 3, 3, 3, 3, 3, 3, 3, 3, 3, 3, 3, 3, 3, 3, 3, 3, 3, 3, 3, 3, 3, 3, 3, 3, 3, 3, 3, 3, 3, 3, 3, 3, 3, 3, 3, 3, 3, 3, 3, 3, 3, 3, 3, 3, 3, 3, 3, 3, 3, 3, 3, 3, 3, 3, 3, 3, 3, 3, 3, 3, 3, 3, 3, 3, 3, 3, 3, 3, 3, 3, 3, 3, 3, 3, 3, 3, 3, 3, 3, 3, 3, 3, 3, 3, 3, 3, 3, 3, 3, 3, 3, 3, 3, 3, 3, 3, 3, 3, 3, 3, 3, 3, 3, 3, 3, 3, 3, 3, 3, 3, 3, 3, 3, 3, 3, 3, 3, 3, 3, 3, 3, 3, 3, 3, 3, 3, 3, 3, 3, 3, 3, 3, 3, 3, 3, 3, 3, 3, 3, 3, 3, 3, 3, 3, 3, 3, 3, 3, 3, 3, 3, 3, 3, 3, 3, 3, 3, 3, 3, 3, 3, 3, 3, 3, 3, 3, 3, 3, 3, 3, 3, 3, 3, 3, 3, 3, 3, 3, 3, 3, 3, 3, 3, 3, 3, 3, 3, 3, 3, 3, 3, 3, 3, 3, 3, 3, 3, 3, 3, 3, 3, 3, 3, 3, 3, 3, 3, 3, 3, 3, 3, 3, 3, 3, 3, 3, 3, 3, 3, 3, 3, 3, 3, 3, 3, 3, 3, 3, 3, 3, 3, 3, 3, 3, 3, 3, 3, 3, 3, 3, 3, 3, 3, 3, 3, 3, 3, 3, 3, 3, 3, 3, 3, 3, 3, 3, 3, 3, 3, 3, 3, 3, 3, 3, 3, 3, 3, 3, 3, 3, 3, 3, 3, 3, 3, 3, 3, 3, 3, 3, 3, 3, 3, 3, 3, 3, 3, 3, 3, 3, 3, 3, 3, 3, 3, 3, 3, 3, 3, 3, 3, 3, 3, 3, 3, 3, 3, 3, 3, 3, 3, 3, 3, 3, 3, 3, 3, 3, 3, 3, 3, 3, 3, 3, 3, 3, 3, 3, 3, 3, 3, 3, 3, 3, 3, 3, 3, 3, 3, 3, 3, 3, 3, 3, 3, 3, 3, 3, 3, 3, 3, 3, 3, 3, 3, 3, 3, 3, 3, 3, 3, 3, 3, 3, 3, 3, 3, 3, 3, 3, 3, 3, 3, 3, 3, 3, 3, 3, 3, 3, 3, 3, 3, 3, 3, 3, 3, 3, 3, 3, 3, 3, 3, 3, 3, 3, 3, 3, 3, 3, 3, 3, 3, 3, 3, 3, 3, 3, 3, 3, 3, 3, 3, 3, 3, 3, 3, 3, 3, 3, 3, 3, 3, 3, 3, 3, 3, 3, 3, 3, 3, 3, 3, 3, 3, 3, 3, 3, 3, 3, 3, 3, 3, 3, 3, 3, 3, 3, 3, 3, 3, 3, 3, 3, 3, 3, 3, 3, 3, 3, 3, 3, 3, 3, 3, 3, 3, 3, 3, 3, 3, 3, 3, 3, 3, 3, 3, 3, 3, 3, 3, 3, 3, 3, 3, 3, 3, 3, 3, 3, 3, 3, 3, 3, 3, 3, 3, 3, 3, 3, 3, 3, 3, 3, 3, 3, 3, 3, 3, 3, 3, 3, 3, 3, 3, 3, 3, 3, 3, 3, 3, 3, 3, 3, 3, 3, 3, 3, 3, 3, 3, 3]
        int[] faceVertexIndices = [1, 10, 0, 0, 10, 11, 0, 11, 6, 6, 11, 12, 6, 12, 5, 5, 12, 13, 5, 13, 4, 4, 13, 15, 4, 15, 3, 14, 7, 8, 14, 8, 2, 2, 8, 9, 2, 9, 1, 1, 9, 10, 17, 26, 16, 16, 26, 27, 16, 27, 22, 22, 27, 28, 22, 28, 21, 21, 28, 29, 21, 29, 20, 20, 29, 31, 20, 31, 19, 30, 23, 24, 30, 24, 18, 18, 24, 25, 18, 25, 17, 17, 25, 26, 33, 42, 32, 32, 42, 43, 32, 43, 38, 38, 43, 44, 38, 44, 37, 37, 44, 45, 37, 45, 36, 36, 45, 47, 36, 47, 35, 46, 39, 40, 46, 40, 34, 34, 40, 41, 34, 41, 33, 33, 41, 42, 49, 61, 48, 48, 61, 63, 62, 55, 54, 54, 55, 56, 54, 56, 53, 53, 56, 57, 53, 57, 52, 52, 57, 58, 52, 58, 51, 51, 58, 59, 51, 59, 50, 50, 59, 60, 50, 60, 49, 49, 60, 61, 72, 64, 73, 73, 64, 65, 73, 65, 79, 79, 65, 66, 79, 66, 78, 78, 66, 67, 78, 67, 77, 77, 67, 68, 77, 68, 69, 77, 69, 76, 76, 69, 70, 76, 70, 75, 75, 70, 71, 75, 71, 74, 74, 71, 72, 74, 72, 73, 81, 90, 80, 80, 90, 91, 80, 91, 86, 86, 91, 92, 86, 92, 85, 85, 92, 93, 85, 93, 84, 84, 93, 95, 84, 95, 83, 94, 87, 88, 94, 88, 82, 82, 88, 89, 82, 89, 81, 81, 89, 90, 104, 96, 105, 105, 96, 97, 105, 97, 111, 111, 97, 98, 111, 98, 110, 110, 98, 99, 110, 99, 109, 109, 99, 100, 109, 100, 101, 109, 101, 108, 108, 101, 102, 108, 102, 107, 107, 102, 103, 107, 103, 106, 106, 103, 104, 106, 104, 105, 113, 125, 112, 112, 125, 127, 126, 119, 118, 118, 119, 120, 118, 120, 117, 117, 120, 121, 117, 121, 116, 116, 121, 122, 116, 122, 115, 115, 122, 123, 115, 123, 114, 114, 123, 124, 114, 124, 113, 113, 124, 125, 129, 141, 128, 128, 141, 143, 142, 135, 134, 134, 135, 136, 134, 136, 133, 133, 136, 137, 133, 137, 132, 132, 137, 138, 132, 138, 131, 131, 138, 139, 131, 139, 130, 130, 139, 140, 130, 140, 129, 129, 140, 141, 152, 144, 153, 153, 144, 145, 153, 145, 159, 159, 145, 146, 159, 146, 158, 158, 146, 147, 158, 147, 157, 157, 147, 148, 157, 148, 149, 157, 149, 156, 156, 149, 150, 156, 150, 155, 155, 150, 151, 155, 151, 154, 154, 151, 152, 154, 152, 153, 161, 169, 160, 160, 169, 170, 160, 170, 168, 168, 170, 171, 168, 171, 167, 167, 171, 172, 167, 172, 166, 166, 172, 179, 166, 179, 165, 178, 173, 174, 178, 174, 164, 164, 174, 175, 164, 175, 163, 163, 175, 176, 163, 176, 162, 162, 176, 177, 162, 177, 161, 161, 177, 169, 188, 180, 189, 189, 180, 181, 189, 181, 195, 195, 181, 182, 195, 182, 194, 194, 182, 183, 194, 183, 193, 193, 183, 184, 193, 184, 185, 193, 185, 192, 192, 185, 186, 192, 186, 191, 191, 186, 187, 191, 187, 190, 190, 187, 188, 190, 188, 189, 197, 205, 196, 196, 205, 206, 196, 206, 204, 204, 206, 207, 204, 207, 203, 203, 207, 208, 203, 208, 202, 202, 208, 215, 202, 215, 201, 214, 209, 210, 214, 210, 200, 200, 210, 211, 200, 211, 199, 199, 211, 212, 199, 212, 198, 198, 212, 213, 198, 213, 197, 197, 213, 205, 217, 229, 216, 216, 229, 231, 230, 223, 222, 222, 223, 224, 222, 224, 221, 221, 224, 225, 221, 225, 220, 220, 225, 226, 220, 226, 219, 219, 226, 227, 219, 227, 218, 218, 227, 228, 218, 228, 217, 217, 228, 229, 240, 232, 241, 241, 232, 233, 241, 233, 247, 247, 233, 234, 247, 234, 246, 246, 234, 235, 246, 235, 245, 245, 235, 236, 245, 236, 237, 245, 237, 244, 244, 237, 238, 244, 238, 243, 243, 238, 239, 243, 239, 242, 242, 239, 240, 242, 240, 241, 249, 257, 248, 248, 257, 258, 248, 258, 256, 256, 258, 259, 256, 259, 255, 255, 259, 260, 255, 260, 254, 254, 260, 267, 254, 267, 253, 266, 261, 262, 266, 262, 252, 252, 262, 263, 252, 263, 251, 251, 263, 264, 251, 264, 250, 250, 264, 265, 250, 265, 249, 249, 265, 257, 276, 268, 277, 277, 268, 269, 277, 269, 283, 283, 269, 270, 283, 270, 282, 282, 270, 271, 282, 271, 281, 281, 271, 272, 281, 272, 273, 281, 273, 280, 280, 273, 274, 280, 274, 279, 279, 274, 275, 279, 275, 278, 278, 275, 276, 278, 276, 277, 285, 293, 284, 284, 293, 294, 284, 294, 292, 292, 294, 295, 292, 295, 291, 291, 295, 296, 291, 296, 290, 290, 296, 303, 290, 303, 289, 302, 297, 298, 302, 298, 288, 288, 298, 299, 288, 299, 287, 287, 299, 300, 287, 300, 286, 286, 300, 301, 286, 301, 285, 285, 301, 293, 312, 304, 313, 313, 304, 305, 313, 305, 319, 319, 305, 306, 319, 306, 318, 318, 306, 307, 318, 307, 317, 317, 307, 308, 317, 308, 309, 317, 309, 316, 316, 309, 310, 316, 310, 315, 315, 310, 311, 315, 311, 314, 314, 311, 312, 314, 312, 313, 321, 329, 320, 320, 329, 330, 320, 330, 328, 328, 330, 331, 328, 331, 327, 327, 331, 332, 327, 332, 326, 326, 332, 339, 326, 339, 325, 338, 333, 334, 338, 334, 324, 324, 334, 335, 324, 335, 323, 323, 335, 336, 323, 336, 322, 322, 336, 337, 322, 337, 321, 321, 337, 329, 341, 349, 340, 340, 349, 350, 340, 350, 348, 348, 350, 351, 348, 351, 347, 347, 351, 352, 347, 352, 346, 346, 352, 359, 346, 359, 345, 358, 353, 354, 358, 354, 344, 344, 354, 355, 344, 355, 343, 343, 355, 356, 343, 356, 342, 342, 356, 357, 342, 357, 341, 341, 357, 349, 368, 360, 369, 369, 360, 361, 369, 361, 375, 375, 361, 362, 375, 362, 374, 374, 362, 363, 374, 363, 373, 373, 363, 364, 373, 364, 365, 373, 365, 372, 372, 365, 366, 372, 366, 371, 371, 366, 367, 371, 367, 370, 370, 367, 368, 370, 368, 369, 377, 385, 376, 376, 385, 386, 376, 386, 384, 384, 386, 387, 384, 387, 383, 383, 387, 388, 383, 388, 382, 382, 388, 395, 382, 395, 381, 394, 389, 390, 394, 390, 380, 380, 390, 391, 380, 391, 379, 379, 391, 392, 379, 392, 378, 378, 392, 393, 378, 393, 377, 377, 393, 385, 397, 405, 396, 396, 405, 406, 396, 406, 404, 404, 406, 407, 404, 407, 403, 403, 407, 408, 403, 408, 402, 402, 408, 415, 402, 415, 401, 414, 409, 410, 414, 410, 400, 400, 410, 411, 400, 411, 399, 399, 411, 412, 399, 412, 398, 398, 412, 413, 398, 413, 397, 397, 413, 405, 417, 424, 416, 416, 424, 429, 428, 425, 421, 421, 425, 426, 421, 426, 420, 420, 426, 427, 420, 427, 419, 419, 427, 422, 419, 422, 418, 418, 422, 423, 418, 423, 417, 417, 423, 424, 431, 432, 430, 430, 432, 433, 435, 442, 434, 434, 442, 447, 446, 443, 439, 439, 443, 444, 439, 444, 438, 438, 444, 445, 438, 445, 437, 437, 445, 440, 437, 440, 436, 436, 440, 441, 436, 441, 435, 435, 441, 442, 449, 450, 448, 448, 450, 451, 459, 452, 458, 458, 452, 453, 458, 453, 457, 457, 453, 454, 457, 454, 456, 456, 454, 455, 461, 476, 460, 460, 476, 477, 460, 477, 518, 518, 477, 478, 518, 478, 517, 517, 478, 479, 517, 479, 516, 516, 479, 532, 516, 532, 526, 476, 461, 484, 484, 461, 462, 484, 462, 463, 464, 482, 463, 463, 482, 483, 463, 483, 484, 465, 491, 464, 464, 491, 492, 464, 492, 493, 465, 466, 491, 491, 466, 490, 490, 466, 467, 490, 467, 489, 489, 467, 488, 488, 467, 468, 488, 468, 509, 509, 468, 508, 508, 468, 507, 507, 468, 469, 507, 469, 506, 506, 469, 470, 506, 470, 471, 472, 497, 471, 471, 497, 504, 471, 504, 505, 473, 495, 472, 472, 495, 496, 472, 496, 497, 473, 474, 495, 495, 474, 494, 494, 474, 475, 494, 475, 502, 502, 475, 520, 502, 520, 501, 501, 520, 521, 501, 521, 500, 500, 521, 522, 500, 522, 534, 534, 522, 533, 533, 522, 523, 533, 523, 539, 539, 523, 515, 539, 515, 527, 527, 515, 526, 526, 515, 516, 460, 512, 475, 475, 512, 519, 475, 519, 520, 479, 480, 532, 532, 480, 531, 531, 480, 481, 531, 481, 485, 485, 481, 493, 493, 481, 482, 493, 482, 464, 486, 545, 485, 485, 545, 530, 485, 530, 531, 545, 486, 544, 544, 486, 487, 544, 487, 488, 497, 498, 504, 504, 498, 503, 503, 498, 535, 503, 535, 536, 498, 499, 535, 535, 499, 534, 534, 499, 500, 505, 506, 471, 510, 548, 509, 509, 548, 549, 509, 549, 543, 543, 549, 550, 543, 550, 542, 542, 550, 551, 542, 551, 541, 541, 551, 537, 541, 537, 529, 529, 537, 528, 528, 537, 538, 528, 538, 539, 510, 511, 548, 548, 511, 547, 547, 511, 503, 547, 503, 536, 512, 513, 519, 519, 513, 525, 525, 513, 514, 525, 514, 524, 524, 514, 523, 523, 514, 515, 518, 512, 460, 527, 528, 539, 541, 529, 540, 540, 529, 530, 540, 530, 545, 547, 536, 546, 546, 536, 537, 546, 537, 551, 509, 543, 488, 488, 543, 544, 553, 554, 552, 552, 554, 555, 563, 556, 562, 562, 556, 557, 562, 557, 561, 561, 557, 558, 561, 558, 560, 560, 558, 559, 571, 564, 570, 570, 564, 565, 570, 565, 569, 569, 565, 566, 569, 566, 568, 568, 566, 567, 573, 574, 572, 572, 574, 575, 577, 655, 576, 576, 655, 656, 576, 656, 591, 591, 656, 657, 591, 657, 662, 662, 657, 661, 661, 657, 629, 661, 629, 630, 655, 577, 654, 654, 577, 578, 654, 578, 579, 580, 635, 579, 579, 635, 636, 579, 636, 637, 581, 647, 580, 580, 647, 648, 580, 648, 616, 616, 648, 649, 616, 649, 615, 615, 649, 614, 614, 649, 650, 614, 650, 607, 607, 650, 606, 606, 650, 651, 606, 651, 640, 640, 651, 646, 646, 651, 584, 646, 584, 645, 645, 584, 585, 645, 585, 644, 644, 585, 586, 644, 586, 587, 581, 582, 647, 647, 582, 653, 653, 582, 583, 653, 583, 652, 652, 583, 584, 652, 584, 651, 588, 598, 587, 587, 598, 592, 587, 592, 642, 642, 592, 593, 642, 593, 641, 641, 593, 594, 641, 594, 640, 640, 594, 605, 640, 605, 606, 589, 664, 588, 588, 664, 665, 588, 665, 666, 589, 590, 664, 664, 590, 663, 663, 590, 591, 663, 591, 662, 594, 595, 605, 605, 595, 604, 604, 595, 612, 612, 595, 596, 612, 596, 600, 600, 596, 597, 600, 597, 599, 599, 597, 598, 598, 597, 592, 612, 600, 623, 623, 600, 601, 623, 601, 622, 622, 601, 630, 630, 601, 602, 630, 602, 661, 661, 602, 667, 667, 602, 603, 667, 603, 666, 666, 603, 598, 666, 598, 588, 607, 608, 614, 614, 608, 613, 613, 608, 609, 613, 609, 621, 621, 609, 610, 621, 610, 632, 632, 610, 625, 632, 625, 626, 625, 610, 624, 624, 610, 611, 624, 611, 623, 623, 611, 612, 616, 617, 580, 580, 617, 618, 580, 618, 635, 635, 618, 634, 634, 618, 619, 634, 619, 633, 633, 619, 620, 633, 620, 621, 632, 626, 631, 631, 626, 627, 631, 627, 639, 639, 627, 628, 639, 628, 658, 658, 628, 629, 658, 629, 657, 632, 633, 621, 638, 659, 637, 637, 659, 660, 637, 660, 579, 579, 660, 654, 638, 639, 659, 659, 639, 658, 642, 643, 587, 587, 643, 644, 675, 668, 674, 674, 668, 669, 674, 669, 673, 673, 669, 670, 673, 670, 672, 672, 670, 671]
        rel material:binding = </Env/Looks/GrayPlastic>
        uniform token physics:approximation = "none"
        point3f[] points = [(0.116, 0.315, -0.005), (0.117506, 0.318127, -0.005), (0.12089, 0.3189, -0.005), (0.123604, 0.316736, -0.005), (0.123604, 0.313264, -0.005), (0.12089, 0.3111, -0.005), (0.117506, 0.311873, -0.005), (0.124, 0.315, -1.77636e-17), (0.122494, 0.318127, -1.42608e-17), (0.11911, 0.3189, -1.33655e-17), (0.116396, 0.316736, -1.5782e-17), (0.116396, 0.313264, -1.96907e-17), (0.11911, 0.3111, -2.21482e-17), (0.122494, 0.311873, -2.1304e-17), (0.123604, 0.316736, -0.005), (0.124, 0.315, -1.77636e-17), (0.146, 0.285, -0.005), (0.147506, 0.288127, -0.005), (0.15089, 0.2889, -0.005), (0.153604, 0.286736, -0.005), (0.153604, 0.283264, -0.005), (0.15089, 0.2811, -0.005), (0.147506, 0.281873, -0.005), (0.154, 0.285, -5.10703e-17), (0.152494, 0.288127, -4.75675e-17), (0.14911, 0.2889, -4.66721e-17), (0.146396, 0.286736, -4.90887e-17), (0.146396, 0.283264, -5.29974e-17), (0.14911, 0.2811, -5.54549e-17), (0.152494, 0.281873, -5.46107e-17), (0.153604, 0.286736, -0.005), (0.154, 0.285, -5.10703e-17), (0.116, 0.285, -0.005), (0.117506, 0.288127, -0.005), (0.12089, 0.2889, -0.005), (0.123604, 0.286736, -0.005), (0.123604, 0.283264, -0.005), (0.12089, 0.2811, -0.005), (0.117506, 0.281873, -0.005), (0.124, 0.285, -5.10703e-17), (0.122494, 0.288127, -4.75675e-17), (0.11911, 0.2889, -4.66721e-17), (0.116396, 0.286736, -4.90887e-17), (0.116396, 0.283264, -5.29974e-17), (0.11911, 0.2811, -5.54549e-17), (0.122494, 0.281873, -5.46107e-17), (0.123604, 0.286736, -0.005), (0.124, 0.285, -5.10703e-17), (0.154, 0.25, -0.01), (0.152494, 0.253127, -0.01), (0.14911, 0.2539, -0.01), (0.146396, 0.251736, -0.01), (0.146396, 0.248264, -0.01), (0.14911, 0.2461, -0.01), (0.152494, 0.246873, -0.01), (0.154, 0.25, -0.015), (0.152494, 0.246873, -0.015), (0.14911, 0.2461, -0.015), (0.146396, 0.248264, -0.015), (0.146396, 0.251736, -0.015), (0.14911, 0.2539, -0.015), (0.152494, 0.253127, -0.015), (0.154, 0.25, -0.01), (0.154, 0.25, -0.015), (0.0575, 0.25, -0.01), (0.0557453, 0.254821, -0.01), (0.0513024, 0.257386, -0.01), (0.04625, 0.256495, -0.01), (0.0429523, 0.252565, -0.01), (0.0429523, 0.247435, -0.01), (0.04625, 0.243505, -0.01), (0.0513024, 0.242614, -0.01), (0.0557453, 0.245179, -0.01), (0.054, 0.25, -0.01), (0.052494, 0.246873, -0.01), (0.0491099, 0.2461, -0.01), (0.0463961, 0.248264, -0.01), (0.0463961, 0.251736, -0.01), (0.0491099, 0.2539, -0.01), (0.052494, 0.253127, -0.01), (0.146, 0.315, -0.005), (0.147506, 0.318127, -0.005), (0.15089, 0.3189, -0.005), (0.153604, 0.316736, -0.005), (0.153604, 0.313264, -0.005), (0.15089, 0.3111, -0.005), (0.147506, 0.311873, -0.005), (0.154, 0.315, -1.77636e-17), (0.152494, 0.318127, -1.42608e-17), (0.14911, 0.3189, -1.33655e-17), (0.146396, 0.316736, -1.5782e-17), (0.146396, 0.313264, -1.96907e-17), (0.14911, 0.3111, -2.21482e-17), (0.152494, 0.311873, -2.1304e-17), (0.153604, 0.316736, -0.005), (0.154, 0.315, -1.77636e-17), (0.1425, 0.315, -0.005), (0.144255, 0.319821, -0.005), (0.148698, 0.322386, -0.005), (0.15375, 0.321495, -0.005), (0.157048, 0.317565, -0.005), (0.157048, 0.312435, -0.005), (0.15375, 0.308505, -0.005), (0.148698, 0.307614, -0.005), (0.144255, 0.310179, -0.005), (0.146, 0.315, -0.005), (0.147506, 0.311873, -0.005), (0.15089, 0.3111, -0.005), (0.153604, 0.313264, -0.005), (0.153604, 0.316736, -0.005), (0.15089, 0.3189, -0.005), (0.147506, 0.318127, -0.005), (0.054, 0.25, -0.01), (0.052494, 0.253127, -0.01), (0.0491099, 0.2539, -0.01), (0.0463961, 0.251736, -0.01), (0.0463961, 0.248264, -0.01), (0.0491099, 0.2461, -0.01), (0.052494, 0.246873, -0.01), (0.054, 0.25, -0.015), (0.052494, 0.246873, -0.015), (0.0491099, 0.2461, -0.015), (0.0463961, 0.248264, -0.015), (0.0463961, 0.251736, -0.015), (0.0491099, 0.2539, -0.015), (0.052494, 0.253127, -0.015), (0.054, 0.25, -0.01), (0.054, 0.25, -0.015), (0.154, 0.35, -0.01), (0.152494, 0.353127, -0.01), (0.14911, 0.3539, -0.01), (0.146396, 0.351736, -0.01), (0.146396, 0.348264, -0.01), (0.14911, 0.3461, -0.01), (0.152494, 0.346873, -0.01), (0.154, 0.35, -0.015), (0.152494, 0.346873, -0.015), (0.14911, 0.3461, -0.015), (0.146396, 0.348264, -0.015), (0.146396, 0.351736, -0.015), (0.14911, 0.3539, -0.015), (0.152494, 0.353127, -0.015), (0.154, 0.35, -0.01), (0.154, 0.35, -0.015), (0.1575, 0.25, -0.01), (0.155745, 0.254821, -0.01), (0.151302, 0.257386, -0.01), (0.14625, 0.256495, -0.01), (0.142952, 0.252565, -0.01), (0.142952, 0.247435, -0.01), (0.14625, 0.243505, -0.01), (0.151302, 0.242614, -0.01), (0.155745, 0.245179, -0.01), (0.154, 0.25, -0.01), (0.152494, 0.246873, -0.01), (0.14911, 0.2461, -0.01), (0.146396, 0.248264, -0.01), (0.146396, 0.251736, -0.01), (0.14911, 0.2539, -0.01), (0.152494, 0.253127, -0.01), (0.0575, 0.25, -0.01), (0.0557453, 0.245179, -0.01), (0.0513024, 0.242614, -0.01), (0.04625, 0.243505, -0.01), (0.0429523, 0.247435, -0.01), (0.0429523, 0.252565, -0.01), (0.04625, 0.256495, -0.01), (0.0513024, 0.257386, -0.01), (0.0557453, 0.254821, -0.01), (0.0575, 0.25, -8.88178e-17), (0.0557453, 0.254821, -8.5653e-17), (0.0513024, 0.257386, -8.27308e-17), (0.04625, 0.256495, -8.36958e-17), (0.0429523, 0.252565, -8.80965e-17), (0.0429523, 0.247435, -9.38736e-17), (0.04625, 0.243505, -9.83241e-17), (0.0513024, 0.242614, -9.93654e-17), (0.0557453, 0.245179, -9.65104e-17), (0.0429523, 0.252565, -0.01), (0.0429523, 0.252565, -8.80965e-17), (0.1125, 0.315, -0.005), (0.114255, 0.319821, -0.005), (0.118698, 0.322386, -0.005), (0.12375, 0.321495, -0.005), (0.127048, 0.317565, -0.005), (0.127048, 0.312435, -0.005), (0.12375, 0.308505, -0.005), (0.118698, 0.307614, -0.005), (0.114255, 0.310179, -0.005), (0.116, 0.315, -0.005), (0.117506, 0.311873, -0.005), (0.12089, 0.3111, -0.005), (0.123604, 0.313264, -0.005), (0.123604, 0.316736, -0.005), (0.12089, 0.3189, -0.005), (0.117506, 0.318127, -0.005), (0.1425, 0.315, -0.005), (0.144255, 0.310179, -0.005), (0.148698, 0.307614, -0.005), (0.15375, 0.308505, -0.005), (0.157048, 0.312435, -0.005), (0.157048, 0.317565, -0.005), (0.15375, 0.321495, -0.005), (0.148698, 0.322386, -0.005), (0.144255, 0.319821, -0.005), (0.1425, 0.315, -0.015), (0.144255, 0.319821, -0.015), (0.148698, 0.322386, -0.015), (0.15375, 0.321495, -0.015), (0.157048, 0.317565, -0.015), (0.157048, 0.312435, -0.015), (0.15375, 0.308505, -0.015), (0.148698, 0.307614, -0.015), (0.144255, 0.310179, -0.015), (0.157048, 0.317565, -0.005), (0.157048, 0.317565, -0.015), (0.054, 0.35, -0.01), (0.052494, 0.353127, -0.01), (0.0491099, 0.3539, -0.01), (0.0463961, 0.351736, -0.01), (0.0463961, 0.348264, -0.01), (0.0491099, 0.3461, -0.01), (0.052494, 0.346873, -0.01), (0.054, 0.35, -0.015), (0.052494, 0.346873, -0.015), (0.0491099, 0.3461, -0.015), (0.0463961, 0.348264, -0.015), (0.0463961, 0.351736, -0.015), (0.0491099, 0.3539, -0.015), (0.052494, 0.353127, -0.015), (0.054, 0.35, -0.01), (0.054, 0.35, -0.015), (0.0575, 0.35, -0.01), (0.0557453, 0.354821, -0.01), (0.0513024, 0.357386, -0.01), (0.04625, 0.356495, -0.01), (0.0429523, 0.352565, -0.01), (0.0429523, 0.347435, -0.01), (0.04625, 0.343505, -0.01), (0.0513024, 0.342614, -0.01), (0.0557453, 0.345179, -0.01), (0.054, 0.35, -0.01), (0.052494, 0.346873, -0.01), (0.0491099, 0.3461, -0.01), (0.0463961, 0.348264, -0.01), (0.0463961, 0.351736, -0.01), (0.0491099, 0.3539, -0.01), (0.052494, 0.353127, -0.01), (0.1575, 0.25, -0.01), (0.155745, 0.245179, -0.01), (0.151302, 0.242614, -0.01), (0.14625, 0.243505, -0.01), (0.142952, 0.247435, -0.01), (0.142952, 0.252565, -0.01), (0.14625, 0.256495, -0.01), (0.151302, 0.257386, -0.01), (0.155745, 0.254821, -0.01), (0.1575, 0.25, -8.88178e-17), (0.155745, 0.254821, -8.5653e-17), (0.151302, 0.257386, -8.27308e-17), (0.14625, 0.256495, -8.36958e-17), (0.142952, 0.252565, -8.80965e-17), (0.142952, 0.247435, -9.38736e-17), (0.14625, 0.243505, -9.83241e-17), (0.151302, 0.242614, -9.93654e-17), (0.155745, 0.245179, -9.65104e-17), (0.142952, 0.252565, -0.01), (0.142952, 0.252565, -8.80965e-17), (0.1425, 0.285, -0.005), (0.144255, 0.289821, -0.005), (0.148698, 0.292386, -0.005), (0.15375, 0.291495, -0.005), (0.157048, 0.287565, -0.005), (0.157048, 0.282435, -0.005), (0.15375, 0.278505, -0.005), (0.148698, 0.277614, -0.005), (0.144255, 0.280179, -0.005), (0.146, 0.285, -0.005), (0.147506, 0.281873, -0.005), (0.15089, 0.2811, -0.005), (0.153604, 0.283264, -0.005), (0.153604, 0.286736, -0.005), (0.15089, 0.2889, -0.005), (0.147506, 0.288127, -0.005), (0.1125, 0.315, -0.005), (0.114255, 0.310179, -0.005), (0.118698, 0.307614, -0.005), (0.12375, 0.308505, -0.005), (0.127048, 0.312435, -0.005), (0.127048, 0.317565, -0.005), (0.12375, 0.321495, -0.005), (0.118698, 0.322386, -0.005), (0.114255, 0.319821, -0.005), (0.1125, 0.315, -0.015), (0.114255, 0.319821, -0.015), (0.118698, 0.322386, -0.015), (0.12375, 0.321495, -0.015), (0.127048, 0.317565, -0.015), (0.127048, 0.312435, -0.015), (0.12375, 0.308505, -0.015), (0.118698, 0.307614, -0.015), (0.114255, 0.310179, -0.015), (0.127048, 0.317565, -0.005), (0.127048, 0.317565, -0.015), (0.1575, 0.35, -0.01), (0.155745, 0.354821, -0.01), (0.151302, 0.357386, -0.01), (0.14625, 0.356495, -0.01), (0.142952, 0.352565, -0.01), (0.142952, 0.347435, -0.01), (0.14625, 0.343505, -0.01), (0.151302, 0.342614, -0.01), (0.155745, 0.345179, -0.01), (0.154, 0.35, -0.01), (0.152494, 0.346873, -0.01), (0.14911, 0.3461, -0.01), (0.146396, 0.348264, -0.01), (0.146396, 0.351736, -0.01), (0.14911, 0.3539, -0.01), (0.152494, 0.353127, -0.01), (0.0575, 0.35, -0.01), (0.0557453, 0.345179, -0.01), (0.0513024, 0.342614, -0.01), (0.04625, 0.343505, -0.01), (0.0429523, 0.347435, -0.01), (0.0429523, 0.352565, -0.01), (0.04625, 0.356495, -0.01), (0.0513024, 0.357386, -0.01), (0.0557453, 0.354821, -0.01), (0.0575, 0.35, 2.44249e-17), (0.0557453, 0.354821, 2.75898e-17), (0.0513024, 0.357386, 3.05119e-17), (0.04625, 0.356495, 2.95469e-17), (0.0429523, 0.352565, 2.51463e-17), (0.0429523, 0.347435, 1.93692e-17), (0.04625, 0.343505, 1.49187e-17), (0.0513024, 0.342614, 1.38773e-17), (0.0557453, 0.345179, 1.67323e-17), (0.0429523, 0.352565, -0.01), (0.0429523, 0.352565, 2.51463e-17), (0.1425, 0.285, -0.005), (0.144255, 0.280179, -0.005), (0.148698, 0.277614, -0.005), (0.15375, 0.278505, -0.005), (0.157048, 0.282435, -0.005), (0.157048, 0.287565, -0.005), (0.15375, 0.291495, -0.005), (0.148698, 0.292386, -0.005), (0.144255, 0.289821, -0.005), (0.1425, 0.285, -0.015), (0.144255, 0.289821, -0.015), (0.148698, 0.292386, -0.015), (0.15375, 0.291495, -0.015), (0.157048, 0.287565, -0.015), (0.157048, 0.282435, -0.015), (0.15375, 0.278505, -0.015), (0.148698, 0.277614, -0.015), (0.144255, 0.280179, -0.015), (0.157048, 0.287565, -0.005), (0.157048, 0.287565, -0.015), (0.1125, 0.285, -0.005), (0.114255, 0.289821, -0.005), (0.118698, 0.292386, -0.005), (0.12375, 0.291495, -0.005), (0.127048, 0.287565, -0.005), (0.127048, 0.282435, -0.005), (0.12375, 0.278505, -0.005), (0.118698, 0.277614, -0.005), (0.114255, 0.280179, -0.005), (0.116, 0.285, -0.005), (0.117506, 0.281873, -0.005), (0.12089, 0.2811, -0.005), (0.123604, 0.283264, -0.005), (0.123604, 0.286736, -0.005), (0.12089, 0.2889, -0.005), (0.117506, 0.288127, -0.005), (0.1575, 0.35, -0.01), (0.155745, 0.345179, -0.01), (0.151302, 0.342614, -0.01), (0.14625, 0.343505, -0.01), (0.142952, 0.347435, -0.01), (0.142952, 0.352565, -0.01), (0.14625, 0.356495, -0.01), (0.151302, 0.357386, -0.01), (0.155745, 0.354821, -0.01), (0.1575, 0.35, 2.44249e-17), (0.155745, 0.354821, 2.75898e-17), (0.151302, 0.357386, 3.05119e-17), (0.14625, 0.356495, 2.95469e-17), (0.142952, 0.352565, 2.51463e-17), (0.142952, 0.347435, 1.93692e-17), (0.14625, 0.343505, 1.49187e-17), (0.151302, 0.342614, 1.38773e-17), (0.155745, 0.345179, 1.67323e-17), (0.142952, 0.352565, -0.01), (0.142952, 0.352565, 2.51463e-17), (0.1125, 0.285, -0.005), (0.114255, 0.280179, -0.005), (0.118698, 0.277614, -0.005), (0.12375, 0.278505, -0.005), (0.127048, 0.282435, -0.005), (0.127048, 0.287565, -0.005), (0.12375, 0.291495, -0.005), (0.118698, 0.292386, -0.005), (0.114255, 0.289821, -0.005), (0.1125, 0.285, -0.015), (0.114255, 0.289821, -0.015), (0.118698, 0.292386, -0.015), (0.12375, 0.291495, -0.015), (0.127048, 0.287565, -0.015), (0.127048, 0.282435, -0.015), (0.12375, 0.278505, -0.015), (0.118698, 0.277614, -0.015), (0.114255, 0.280179, -0.015), (0.127048, 0.287565, -0.005), (0.127048, 0.287565, -0.015), (0.061, 0.315, -0.015), (0.0625, 0.317598, -0.015), (0.0655, 0.317598, -0.015), (0.067, 0.315, -0.015), (0.0655, 0.312402, -0.015), (0.0625, 0.312402, -0.015), (0.067, 0.315, -1.55431e-17), (0.0655, 0.317598, -1.48493e-17), (0.0625, 0.317598, -1.48266e-17), (0.061, 0.315, -1.77409e-17), (0.0625, 0.312402, -2.06779e-17), (0.0655, 0.312402, -2.07005e-17), (0.061, 0.315, -0.015), (0.061, 0.315, -1.77409e-17), (0.16, 0.2375, -0.015), (0.16, 0.2375, -1.04361e-16), (0.0475, 0.2375, -1.04361e-16), (0.0475, 0.2375, -0.015), (0.061, 0.285, -0.015), (0.0625, 0.287598, -0.015), (0.0655, 0.287598, -0.015), (0.067, 0.285, -0.015), (0.0655, 0.282402, -0.015), (0.0625, 0.282402, -0.015), (0.067, 0.285, -4.88498e-17), (0.0655, 0.287598, -4.8156e-17), (0.0625, 0.287598, -4.81333e-17), (0.061, 0.285, -5.10476e-17), (0.0625, 0.282402, -5.39846e-17), (0.0655, 0.282402, -5.40072e-17), (0.061, 0.285, -0.015), (0.061, 0.285, -5.10476e-17), (0.16, 0.3625, 3.55271e-17), (0.16, 0.3625, -0.015), (0.0475, 0.3625, -0.015), (0.0475, 0.3625, 3.55271e-17), (0.0375, 0.2475, -0.015), (0.0388397, 0.2425, -0.015), (0.0425, 0.23884, -0.015), (0.0475, 0.2375, -0.015), (0.0475, 0.2375, -1.04361e-16), (0.0425, 0.23884, -1.02973e-16), (0.0388397, 0.2425, -9.88237e-17), (0.0375, 0.2475, -9.32587e-17), (0.17, 0.3525, 2.44249e-17), (0.16866, 0.3575, 2.99899e-17), (0.165, 0.36116, 3.41393e-17), (0.16, 0.3625, 3.55271e-17), (0.0475, 0.3625, 3.55271e-17), (0.0425, 0.36116, 3.42148e-17), (0.0388397, 0.3575, 3.01208e-17), (0.0375, 0.3525, 2.44249e-17), (0.0375, 0.2475, -9.32587e-17), (0.0388397, 0.2425, -9.88237e-17), (0.0425, 0.23884, -1.02973e-16), (0.0475, 0.2375, -1.04361e-16), (0.16, 0.2375, -1.04361e-16), (0.165, 0.23884, -1.03049e-16), (0.16866, 0.2425, -9.89546e-17), (0.17, 0.2475, -9.32587e-17), (0.1575, 0.35, 2.44249e-17), (0.155745, 0.345179, 1.67323e-17), (0.151302, 0.342614, 1.38773e-17), (0.14625, 0.343505, 1.49187e-17), (0.142952, 0.347435, 1.93692e-17), (0.142952, 0.352565, 2.51463e-17), (0.14625, 0.356495, 2.95469e-17), (0.151302, 0.357386, 3.05119e-17), (0.155745, 0.354821, 2.75898e-17), (0.0575, 0.35, 2.44249e-17), (0.0557453, 0.345179, 1.67323e-17), (0.0513024, 0.342614, 1.38773e-17), (0.04625, 0.343505, 1.49187e-17), (0.0429523, 0.347435, 1.93692e-17), (0.0429523, 0.352565, 2.51463e-17), (0.04625, 0.356495, 2.95469e-17), (0.0513024, 0.357386, 3.05119e-17), (0.0557453, 0.354821, 2.75898e-17), (0.1575, 0.25, -8.88178e-17), (0.155745, 0.245179, -9.65104e-17), (0.151302, 0.242614, -9.93654e-17), (0.14625, 0.243505, -9.83241e-17), (0.142952, 0.247435, -9.38736e-17), (0.142952, 0.252565, -8.80965e-17), (0.14625, 0.256495, -8.36958e-17), (0.151302, 0.257386, -8.27308e-17), (0.155745, 0.254821, -8.5653e-17), (0.0575, 0.25, -8.88178e-17), (0.0557453, 0.245179, -9.65104e-17), (0.0513024, 0.242614, -9.93654e-17), (0.04625, 0.243505, -9.83241e-17), (0.0429523, 0.247435, -9.38736e-17), (0.0429523, 0.252565, -8.80965e-17), (0.04625, 0.256495, -8.36958e-17), (0.0513024, 0.257386, -8.27308e-17), (0.0557453, 0.254821, -8.5653e-17), (0.154, 0.315, -1.77636e-17), (0.152494, 0.311873, -2.1304e-17), (0.14911, 0.3111, -2.21482e-17), (0.146396, 0.313264, -1.96907e-17), (0.146396, 0.316736, -1.5782e-17), (0.14911, 0.3189, -1.33655e-17), (0.152494, 0.318127, -1.42608e-17), (0.154, 0.285, -5.10703e-17), (0.152494, 0.281873, -5.46107e-17), (0.14911, 0.2811, -5.54549e-17), (0.146396, 0.283264, -5.29974e-17), (0.146396, 0.286736, -4.90887e-17), (0.14911, 0.2889, -4.66721e-17), (0.152494, 0.288127, -4.75675e-17), (0.124, 0.315, -1.77636e-17), (0.122494, 0.311873, -2.1304e-17), (0.11911, 0.3111, -2.21482e-17), (0.116396, 0.313264, -1.96907e-17), (0.116396, 0.316736, -1.5782e-17), (0.11911, 0.3189, -1.33655e-17), (0.122494, 0.318127, -1.42608e-17), (0.124, 0.285, -5.10703e-17), (0.122494, 0.281873, -5.46107e-17), (0.11911, 0.2811, -5.54549e-17), (0.116396, 0.283264, -5.29974e-17), (0.116396, 0.286736, -4.90887e-17), (0.11911, 0.2889, -4.66721e-17), (0.122494, 0.288127, -4.75675e-17), (0.067, 0.315, -1.55431e-17), (0.0655, 0.312402, -2.07005e-17), (0.0625, 0.312402, -2.06779e-17), (0.061, 0.315, -1.77409e-17), (0.0625, 0.317598, -1.48266e-17), (0.0655, 0.317598, -1.48493e-17), (0.067, 0.285, -4.88498e-17), (0.0655, 0.282402, -5.40072e-17), (0.0625, 0.282402, -5.39846e-17), (0.061, 0.285, -5.10476e-17), (0.0625, 0.287598, -4.81333e-17), (0.0655, 0.287598, -4.8156e-17), (0.0375, 0.3525, 2.44249e-17), (0.0375, 0.3525, -0.015), (0.0375, 0.2475, -0.015), (0.0375, 0.2475, -9.32587e-17), (0.0475, 0.3625, -0.015), (0.0425, 0.36116, -0.015), (0.0388397, 0.3575, -0.015), (0.0375, 0.3525, -0.015), (0.0375, 0.3525, 2.44249e-17), (0.0388397, 0.3575, 3.01208e-17), (0.0425, 0.36116, 3.42148e-17), (0.0475, 0.3625, 3.55271e-17), (0.16, 0.2375, -0.015), (0.165, 0.23884, -0.015), (0.16866, 0.2425, -0.015), (0.17, 0.2475, -0.015), (0.17, 0.2475, -9.32587e-17), (0.16866, 0.2425, -9.89546e-17), (0.165, 0.23884, -1.03049e-16), (0.16, 0.2375, -1.04361e-16), (0.17, 0.3525, -0.015), (0.17, 0.3525, 2.44249e-17), (0.17, 0.2475, -9.32587e-17), (0.17, 0.2475, -0.015), (0.16, 0.3625, -0.015), (0.165, 0.36116, -0.015), (0.16866, 0.3575, -0.015), (0.17, 0.3525, -0.015), (0.17, 0.2475, -0.015), (0.16866, 0.2425, -0.015), (0.165, 0.23884, -0.015), (0.16, 0.2375, -0.015), (0.0475, 0.2375, -0.015), (0.0425, 0.23884, -0.015), (0.0388397, 0.2425, -0.015), (0.0375, 0.2475, -0.015), (0.0375, 0.3525, -0.015), (0.0388397, 0.3575, -0.015), (0.0425, 0.36116, -0.015), (0.0475, 0.3625, -0.015), (0.061, 0.285, -0.015), (0.0625, 0.282402, -0.015), (0.0655, 0.282402, -0.015), (0.067, 0.285, -0.015), (0.0655, 0.287598, -0.015), (0.0625, 0.287598, -0.015), (0.061, 0.315, -0.015), (0.0625, 0.312402, -0.015), (0.0655, 0.312402, -0.015), (0.067, 0.315, -0.015), (0.0655, 0.317598, -0.015), (0.0625, 0.317598, -0.015), (0.1125, 0.285, -0.015), (0.114255, 0.280179, -0.015), (0.118698, 0.277614, -0.015), (0.12375, 0.278505, -0.015), (0.127048, 0.282435, -0.015), (0.127048, 0.287565, -0.015), (0.12375, 0.291495, -0.015), (0.118698, 0.292386, -0.015), (0.114255, 0.289821, -0.015), (0.1425, 0.285, -0.015), (0.144255, 0.280179, -0.015), (0.148698, 0.277614, -0.015), (0.15375, 0.278505, -0.015), (0.157048, 0.282435, -0.015), (0.157048, 0.287565, -0.015), (0.15375, 0.291495, -0.015), (0.148698, 0.292386, -0.015), (0.144255, 0.289821, -0.015), (0.1125, 0.315, -0.015), (0.114255, 0.310179, -0.015), (0.118698, 0.307614, -0.015), (0.12375, 0.308505, -0.015), (0.127048, 0.312435, -0.015), (0.127048, 0.317565, -0.015), (0.12375, 0.321495, -0.015), (0.118698, 0.322386, -0.015), (0.114255, 0.319821, -0.015), (0.1425, 0.315, -0.015), (0.144255, 0.310179, -0.015), (0.148698, 0.307614, -0.015), (0.15375, 0.308505, -0.015), (0.157048, 0.312435, -0.015), (0.157048, 0.317565, -0.015), (0.15375, 0.321495, -0.015), (0.148698, 0.322386, -0.015), (0.144255, 0.319821, -0.015), (0.054, 0.25, -0.015), (0.052494, 0.253127, -0.015), (0.0491099, 0.2539, -0.015), (0.0463961, 0.251736, -0.015), (0.0463961, 0.248264, -0.015), (0.0491099, 0.2461, -0.015), (0.052494, 0.246873, -0.015), (0.154, 0.25, -0.015), (0.152494, 0.253127, -0.015), (0.14911, 0.2539, -0.015), (0.146396, 0.251736, -0.015), (0.146396, 0.248264, -0.015), (0.14911, 0.2461, -0.015), (0.152494, 0.246873, -0.015), (0.154, 0.35, -0.015), (0.152494, 0.353127, -0.015), (0.14911, 0.3539, -0.015), (0.146396, 0.351736, -0.015), (0.146396, 0.348264, -0.015), (0.14911, 0.3461, -0.015), (0.152494, 0.346873, -0.015), (0.054, 0.35, -0.015), (0.052494, 0.353127, -0.015), (0.0491099, 0.3539, -0.015), (0.0463961, 0.351736, -0.015), (0.0463961, 0.348264, -0.015), (0.0491099, 0.3461, -0.015), (0.052494, 0.346873, -0.015), (0.16, 0.3625, 3.55271e-17), (0.165, 0.36116, 3.41393e-17), (0.16866, 0.3575, 2.99899e-17), (0.17, 0.3525, 2.44249e-17), (0.17, 0.3525, -0.015), (0.16866, 0.3575, -0.015), (0.165, 0.36116, -0.015), (0.16, 0.3625, -0.015)]
        uniform token subdivisionScheme = "none"
    }

    def Mesh "pillar_c" (
        prepend apiSchemas = ["PhysicsCollisionAPI", "PhysicsMeshCollisionAPI", "MaterialBindingAPI"]
    )
    {
        int[] faceVertexCounts = [3, 3, 3, 3, 3, 3, 3, 3, 3, 3, 3, 3, 3, 3, 3, 3, 3, 3, 3, 3, 3, 3, 3, 3, 3, 3, 3, 3, 3, 3, 3, 3, 3, 3, 3, 3, 3, 3, 3, 3, 3, 3, 3, 3, 3, 3, 3, 3, 3, 3, 3, 3, 3, 3, 3, 3, 3, 3, 3, 3, 3, 3, 3, 3, 3, 3, 3, 3, 3, 3, 3, 3, 3, 3, 3, 3, 3, 3, 3, 3, 3, 3, 3, 3, 3, 3, 3, 3, 3, 3, 3, 3, 3, 3, 3, 3, 3, 3, 3, 3, 3, 3, 3, 3, 3, 3, 3, 3, 3, 3, 3, 3, 3, 3, 3, 3, 3, 3, 3, 3, 3, 3, 3, 3, 3, 3, 3, 3, 3, 3, 3, 3, 3, 3, 3, 3, 3, 3, 3, 3, 3, 3, 3, 3, 3, 3, 3, 3, 3, 3, 3, 3, 3, 3, 3, 3, 3, 3, 3, 3, 3, 3, 3, 3, 3, 3, 3, 3, 3, 3, 3, 3, 3, 3, 3, 3, 3, 3, 3, 3, 3, 3, 3, 3, 3, 3, 3, 3, 3, 3, 3, 3, 3, 3, 3, 3, 3, 3, 3, 3, 3, 3, 3, 3, 3, 3, 3, 3, 3, 3, 3, 3, 3, 3, 3, 3, 3, 3, 3, 3, 3, 3, 3, 3, 3, 3, 3, 3, 3, 3, 3, 3, 3, 3, 3, 3, 3, 3, 3, 3, 3, 3, 3, 3, 3, 3, 3, 3, 3, 3, 3, 3, 3, 3, 3, 3, 3, 3, 3, 3, 3, 3, 3, 3, 3, 3, 3, 3, 3, 3, 3, 3, 3, 3, 3, 3, 3, 3, 3, 3, 3, 3, 3, 3, 3, 3, 3, 3, 3, 3, 3, 3, 3, 3, 3, 3, 3, 3, 3, 3, 3, 3, 3, 3, 3, 3, 3, 3, 3, 3, 3, 3, 3, 3, 3, 3, 3, 3, 3, 3, 3, 3, 3, 3, 3, 3, 3, 3, 3, 3, 3, 3, 3, 3, 3, 3, 3, 3, 3, 3, 3, 3, 3, 3, 3, 3, 3, 3, 3, 3, 3, 3, 3, 3, 3, 3, 3, 3, 3, 3, 3, 3, 3, 3, 3, 3, 3, 3, 3, 3, 3, 3, 3, 3, 3, 3, 3, 3, 3, 3, 3, 3, 3, 3, 3, 3, 3, 3, 3, 3, 3, 3, 3, 3, 3, 3, 3, 3, 3, 3, 3, 3, 3, 3, 3, 3, 3, 3, 3, 3, 3, 3, 3, 3, 3, 3, 3, 3, 3, 3, 3, 3, 3, 3, 3, 3, 3, 3, 3, 3, 3, 3, 3, 3, 3, 3, 3, 3, 3, 3, 3, 3, 3, 3, 3, 3, 3, 3, 3, 3, 3, 3, 3, 3, 3, 3, 3, 3, 3, 3, 3, 3, 3, 3, 3, 3, 3, 3, 3, 3, 3, 3, 3, 3, 3, 3, 3, 3, 3, 3, 3, 3, 3, 3, 3, 3, 3, 3, 3, 3, 3, 3, 3, 3, 3, 3, 3, 3, 3, 3, 3, 3, 3, 3, 3, 3, 3, 3, 3, 3, 3, 3, 3, 3, 3, 3, 3, 3, 3, 3, 3, 3, 3, 3, 3, 3, 3, 3, 3, 3, 3, 3, 3, 3, 3, 3, 3, 3, 3, 3, 3, 3, 3, 3, 3, 3, 3, 3, 3, 3, 3, 3, 3, 3, 3, 3, 3, 3, 3, 3, 3, 3, 3, 3, 3, 3, 3, 3, 3, 3, 3, 3, 3, 3, 3, 3, 3, 3, 3, 3, 3, 3, 3, 3, 3, 3, 3, 3, 3, 3, 3, 3, 3, 3, 3, 3, 3, 3, 3, 3, 3, 3, 3, 3, 3, 3, 3, 3, 3, 3, 3, 3, 3, 3, 3, 3, 3, 3, 3, 3, 3, 3, 3, 3, 3, 3, 3, 3, 3, 3, 3, 3, 3, 3, 3, 3, 3, 3, 3, 3, 3, 3, 3, 3, 3, 3, 3, 3, 3, 3, 3, 3, 3, 3, 3, 3, 3, 3, 3, 3, 3, 3, 3, 3, 3, 3, 3, 3, 3, 3, 3, 3, 3, 3, 3, 3, 3, 3, 3, 3, 3, 3, 3, 3, 3, 3, 3, 3, 3, 3, 3, 3, 3, 3, 3, 3, 3, 3, 3, 3, 3, 3, 3, 3, 3, 3, 3, 3, 3, 3, 3, 3, 3, 3, 3, 3, 3, 3, 3, 3, 3, 3, 3, 3, 3, 3, 3, 3, 3, 3, 3, 3, 3, 3, 3, 3, 3, 3, 3, 3, 3, 3, 3, 3, 3, 3, 3, 3, 3, 3, 3, 3, 3, 3, 3, 3, 3, 3, 3, 3, 3, 3, 3, 3, 3, 3, 3, 3, 3, 3, 3, 3, 3, 3, 3, 3, 3, 3, 3, 3, 3, 3, 3, 3, 3, 3, 3, 3, 3, 3, 3, 3, 3, 3, 3, 3, 3, 3, 3, 3, 3, 3, 3, 3, 3, 3, 3, 3, 3, 3, 3, 3, 3, 3, 3, 3]
        int[] faceVertexIndices = [1, 2, 0, 0, 2, 3, 5, 6, 4, 4, 6, 7, 8, 9, 11, 11, 9, 10, 12, 13, 15, 15, 13, 14, 16, 17, 19, 19, 17, 18, 27, 20, 26, 26, 20, 21, 26, 21, 25, 25, 21, 22, 25, 22, 24, 24, 22, 23, 29, 30, 28, 28, 30, 31, 33, 34, 32, 32, 34, 35, 37, 38, 36, 36, 38, 39, 40, 41, 43, 43, 41, 42, 45, 46, 44, 44, 46, 47, 55, 48, 54, 54, 48, 49, 54, 49, 53, 53, 49, 50, 53, 50, 52, 52, 50, 51, 56, 57, 59, 59, 57, 58, 61, 62, 60, 60, 62, 63, 65, 66, 64, 64, 66, 67, 68, 69, 71, 71, 69, 70, 73, 74, 72, 72, 74, 75, 76, 77, 79, 79, 77, 78, 80, 81, 83, 83, 81, 82, 85, 86, 84, 84, 86, 87, 89, 90, 88, 88, 90, 91, 93, 94, 92, 92, 94, 95, 97, 98, 96, 96, 98, 99, 100, 101, 103, 103, 101, 102, 105, 106, 104, 104, 106, 107, 109, 110, 108, 108, 110, 111, 112, 113, 115, 115, 113, 114, 117, 118, 116, 116, 118, 119, 120, 121, 123, 123, 121, 122, 124, 125, 127, 127, 125, 126, 129, 130, 128, 128, 130, 131, 133, 134, 132, 132, 134, 135, 137, 138, 136, 136, 138, 139, 141, 142, 140, 140, 142, 143, 144, 145, 147, 147, 145, 146, 148, 149, 151, 151, 149, 150, 152, 153, 155, 155, 153, 154, 157, 158, 156, 156, 158, 159, 161, 162, 160, 160, 162, 163, 165, 166, 164, 164, 166, 167, 169, 170, 168, 168, 170, 171, 172, 173, 175, 175, 173, 174, 176, 177, 179, 179, 177, 178, 181, 182, 180, 180, 182, 183, 184, 185, 187, 187, 185, 186, 189, 190, 188, 188, 190, 191, 193, 194, 192, 192, 194, 195, 196, 197, 199, 199, 197, 198, 201, 202, 200, 200, 202, 203, 204, 205, 207, 207, 205, 206, 209, 210, 208, 208, 210, 211, 213, 214, 212, 212, 214, 215, 216, 217, 219, 219, 217, 218, 227, 220, 226, 226, 220, 221, 226, 221, 225, 225, 221, 222, 225, 222, 224, 224, 222, 223, 229, 230, 228, 228, 230, 231, 233, 234, 232, 232, 234, 235, 236, 237, 239, 239, 237, 238, 241, 242, 240, 240, 242, 243, 244, 245, 247, 247, 245, 246, 248, 249, 251, 251, 249, 250, 252, 253, 255, 255, 253, 254, 256, 257, 259, 259, 257, 258, 261, 262, 260, 260, 262, 263, 265, 266, 264, 264, 266, 267, 275, 268, 274, 274, 268, 269, 274, 269, 273, 273, 269, 270, 273, 270, 272, 272, 270, 271, 283, 276, 282, 282, 276, 277, 282, 277, 281, 281, 277, 278, 281, 278, 280, 280, 278, 279, 285, 286, 284, 284, 286, 287, 289, 290, 288, 288, 290, 291, 292, 293, 295, 295, 293, 294, 297, 298, 296, 296, 298, 299, 300, 301, 303, 303, 301, 302, 311, 304, 310, 310, 304, 305, 310, 305, 309, 309, 305, 306, 309, 306, 308, 308, 306, 307, 313, 314, 312, 312, 314, 315, 317, 318, 316, 316, 318, 319, 320, 321, 323, 323, 321, 322, 324, 325, 327, 327, 325, 326, 329, 330, 328, 328, 330, 331, 332, 333, 335, 335, 333, 334, 343, 336, 342, 342, 336, 337, 342, 337, 341, 341, 337, 338, 341, 338, 340, 340, 338, 339, 344, 345, 347, 347, 345, 346, 355, 348, 354, 354, 348, 349, 354, 349, 350, 351, 352, 350, 350, 352, 353, 350, 353, 354, 356, 357, 359, 359, 357, 358, 367, 360, 366, 366, 360, 361, 366, 361, 365, 365, 361, 362, 365, 362, 364, 364, 362, 363, 369, 370, 368, 368, 370, 371, 373, 374, 372, 372, 374, 375, 377, 378, 376, 376, 378, 379, 381, 382, 380, 380, 382, 383, 391, 384, 390, 390, 384, 385, 390, 385, 389, 389, 385, 386, 389, 386, 388, 388, 386, 387, 392, 393, 395, 395, 393, 394, 397, 398, 396, 396, 398, 399, 401, 402, 400, 400, 402, 403, 411, 404, 410, 410, 404, 405, 410, 405, 409, 409, 405, 406, 409, 406, 408, 408, 406, 407, 413, 414, 412, 412, 414, 415, 416, 417, 419, 419, 417, 418, 421, 431, 420, 420, 431, 433, 432, 426, 425, 425, 426, 427, 425, 427, 424, 424, 427, 428, 424, 428, 423, 423, 428, 429, 423, 429, 422, 422, 429, 430, 422, 430, 421, 421, 430, 431, 441, 434, 440, 440, 434, 435, 440, 435, 436, 437, 438, 436, 436, 438, 439, 436, 439, 440, 442, 443, 445, 445, 443, 444, 453, 446, 452, 452, 446, 447, 452, 447, 451, 451, 447, 448, 451, 448, 450, 450, 448, 449, 455, 456, 454, 454, 456, 457, 465, 458, 464, 464, 458, 459, 464, 459, 460, 461, 462, 460, 460, 462, 463, 460, 463, 464, 466, 467, 469, 469, 467, 468, 471, 472, 470, 470, 472, 473, 475, 476, 474, 474, 476, 477, 479, 489, 478, 478, 489, 491, 490, 484, 483, 483, 484, 485, 483, 485, 482, 482, 485, 486, 482, 486, 481, 481, 486, 487, 481, 487, 480, 480, 487, 488, 480, 488, 479, 479, 488, 489, 492, 493, 495, 495, 493, 494, 503, 496, 502, 502, 496, 497, 502, 497, 501, 501, 497, 498, 501, 498, 500, 500, 498, 499, 504, 505, 507, 507, 505, 506, 508, 509, 511, 511, 509, 510, 512, 513, 515, 515, 513, 514, 517, 518, 516, 516, 518, 519, 527, 520, 526, 526, 520, 521, 526, 521, 525, 525, 521, 522, 525, 522, 524, 524, 522, 523, 529, 539, 528, 528, 539, 541, 540, 534, 533, 533, 534, 535, 533, 535, 532, 532, 535, 536, 532, 536, 531, 531, 536, 537, 531, 537, 530, 530, 537, 538, 530, 538, 529, 529, 538, 539, 549, 542, 548, 548, 542, 543, 548, 543, 547, 547, 543, 544, 547, 544, 546, 546, 544, 545, 551, 552, 550, 550, 552, 553, 550, 553, 642, 642, 553, 557, 642, 557, 641, 641, 557, 558, 641, 558, 748, 748, 558, 747, 747, 558, 559, 747, 559, 746, 746, 559, 655, 746, 655, 656, 557, 553, 556, 556, 553, 554, 556, 554, 555, 655, 559, 654, 654, 559, 560, 654, 560, 653, 653, 560, 652, 652, 560, 651, 651, 560, 650, 650, 560, 567, 650, 567, 649, 649, 567, 648, 648, 567, 647, 647, 567, 568, 647, 568, 646, 646, 568, 739, 646, 739, 725, 725, 739, 740, 725, 740, 724, 724, 740, 723, 723, 740, 722, 722, 740, 721, 721, 740, 720, 720, 740, 719, 719, 740, 718, 718, 740, 741, 718, 741, 717, 717, 741, 716, 716, 741, 715, 715, 741, 583, 715, 583, 714, 714, 583, 584, 714, 584, 713, 713, 584, 712, 712, 584, 711, 711, 584, 591, 711, 591, 710, 710, 591, 709, 709, 591, 708, 708, 591, 707, 707, 591, 592, 707, 592, 706, 706, 592, 726, 706, 726, 705, 705, 726, 704, 704, 726, 703, 703, 726, 727, 703, 727, 702, 702, 727, 701, 701, 727, 700, 700, 727, 699, 699, 727, 698, 698, 727, 697, 697, 727, 696, 696, 727, 728, 696, 728, 695, 695, 728, 607, 695, 607, 694, 694, 607, 608, 694, 608, 693, 693, 608, 692, 692, 608, 691, 691, 608, 690, 690, 608, 615, 690, 615, 689, 689, 615, 688, 688, 615, 687, 687, 615, 616, 687, 616, 686, 686, 616, 736, 686, 736, 685, 685, 736, 737, 685, 737, 684, 684, 737, 683, 683, 737, 682, 682, 737, 681, 681, 737, 680, 680, 737, 679, 679, 737, 678, 678, 737, 732, 678, 732, 677, 677, 732, 676, 676, 732, 675, 675, 732, 631, 675, 631, 674, 674, 631, 632, 674, 632, 673, 673, 632, 672, 672, 632, 671, 671, 632, 639, 671, 639, 670, 670, 639, 669, 669, 639, 668, 668, 639, 667, 667, 639, 640, 667, 640, 666, 666, 640, 744, 666, 744, 665, 665, 744, 664, 664, 744, 663, 663, 744, 745, 663, 745, 662, 662, 745, 661, 661, 745, 660, 660, 745, 659, 659, 745, 658, 658, 745, 657, 657, 745, 656, 656, 745, 746, 560, 561, 567, 567, 561, 566, 566, 561, 564, 566, 564, 565, 562, 563, 561, 561, 563, 564, 739, 568, 738, 738, 568, 569, 738, 569, 743, 743, 569, 582, 743, 582, 742, 742, 582, 583, 742, 583, 741, 569, 570, 582, 582, 570, 581, 581, 570, 574, 581, 574, 577, 577, 574, 576, 576, 574, 575, 570, 571, 574, 574, 571, 573, 573, 571, 572, 581, 577, 580, 580, 577, 578, 580, 578, 579, 591, 584, 590, 590, 584, 585, 590, 585, 588, 588, 585, 587, 587, 585, 586, 588, 589, 590, 726, 592, 731, 731, 592, 593, 731, 593, 730, 730, 593, 606, 730, 606, 729, 729, 606, 607, 729, 607, 728, 606, 593, 605, 605, 593, 594, 605, 594, 601, 601, 594, 598, 601, 598, 599, 594, 595, 598, 598, 595, 597, 597, 595, 596, 599, 600, 601, 605, 601, 604, 604, 601, 602, 604, 602, 603, 608, 609, 615, 615, 609, 614, 614, 609, 611, 614, 611, 612, 609, 610, 611, 612, 613, 614, 736, 616, 735, 735, 616, 617, 735, 617, 734, 734, 617, 630, 734, 630, 733, 733, 630, 631, 733, 631, 732, 617, 618, 630, 630, 618, 629, 629, 618, 622, 629, 622, 625, 625, 622, 623, 625, 623, 624, 618, 619, 622, 622, 619, 621, 621, 619, 620, 629, 625, 628, 628, 625, 626, 628, 626, 627, 639, 632, 638, 638, 632, 633, 638, 633, 636, 636, 633, 635, 635, 633, 634, 636, 637, 638, 744, 640, 749, 749, 640, 641, 749, 641, 748, 642, 643, 550, 550, 643, 645, 645, 643, 644, 751, 752, 750, 750, 752, 753, 761, 754, 760, 760, 754, 755, 760, 755, 759, 759, 755, 756, 759, 756, 758, 758, 756, 757, 763, 764, 762, 762, 764, 765, 773, 766, 772, 772, 766, 767, 772, 767, 771, 771, 767, 768, 771, 768, 770, 770, 768, 769, 774, 775, 777, 777, 775, 776, 778, 779, 781, 781, 779, 780, 783, 793, 782, 782, 793, 795, 794, 788, 787, 787, 788, 789, 787, 789, 786, 786, 789, 790, 786, 790, 785, 785, 790, 791, 785, 791, 784, 784, 791, 792, 784, 792, 783, 783, 792, 793, 796, 797, 799, 799, 797, 798, 807, 800, 806, 806, 800, 801, 806, 801, 802, 803, 804, 802, 802, 804, 805, 802, 805, 806, 809, 810, 808, 808, 810, 811, 812, 813, 815, 815, 813, 814, 817, 818, 816, 816, 818, 819, 820, 821, 823, 823, 821, 822, 831, 824, 830, 830, 824, 825, 830, 825, 829, 829, 825, 826, 829, 826, 828, 828, 826, 827, 839, 832, 838, 838, 832, 833, 838, 833, 837, 837, 833, 834, 837, 834, 836, 836, 834, 835, 840, 841, 843, 843, 841, 842, 851, 844, 850, 850, 844, 845, 850, 845, 849, 849, 845, 846, 849, 846, 848, 848, 846, 847, 853, 854, 852, 852, 854, 855, 863, 856, 862, 862, 856, 857, 862, 857, 861, 861, 857, 858, 861, 858, 860, 860, 858, 859, 943, 864, 1028, 1028, 864, 865, 1028, 865, 866, 866, 867, 1028, 1028, 867, 1027, 1027, 867, 868, 1027, 868, 1063, 1063, 868, 869, 1063, 869, 1062, 1062, 869, 870, 1062, 870, 871, 871, 872, 1062, 1062, 872, 873, 1062, 873, 874, 874, 875, 1062, 1062, 875, 876, 1062, 876, 1061, 1061, 876, 877, 1061, 877, 878, 878, 879, 1061, 1061, 879, 1012, 1061, 1012, 1060, 1060, 1012, 1013, 1060, 1013, 1059, 1059, 1013, 1026, 1059, 1026, 1058, 1058, 1026, 1027, 1058, 1027, 1063, 879, 880, 1012, 1012, 880, 1011, 1011, 880, 881, 1011, 881, 882, 882, 883, 1011, 1011, 883, 884, 1011, 884, 1004, 1004, 884, 885, 1004, 885, 886, 886, 887, 1004, 1004, 887, 1003, 1003, 887, 888, 1003, 888, 1052, 1052, 888, 889, 1052, 889, 890, 890, 891, 1052, 1052, 891, 1057, 1057, 891, 892, 1057, 892, 893, 893, 894, 1057, 1057, 894, 895, 1057, 895, 896, 896, 897, 1057, 1057, 897, 898, 1057, 898, 1056, 1056, 898, 899, 1056, 899, 988, 988, 899, 900, 988, 900, 987, 987, 900, 901, 987, 901, 902, 902, 903, 987, 987, 903, 980, 987, 980, 981, 903, 904, 980, 980, 904, 905, 980, 905, 906, 906, 907, 980, 980, 907, 979, 979, 907, 908, 979, 908, 1048, 1048, 908, 909, 1048, 909, 1047, 1047, 909, 910, 1047, 910, 911, 911, 912, 1047, 1047, 912, 913, 1047, 913, 914, 914, 915, 1047, 1047, 915, 916, 1047, 916, 1046, 1046, 916, 917, 1046, 917, 918, 918, 919, 1046, 1046, 919, 964, 1046, 964, 1051, 1051, 964, 965, 1051, 965, 1050, 1050, 965, 978, 1050, 978, 1049, 1049, 978, 979, 1049, 979, 1048, 919, 920, 964, 964, 920, 963, 963, 920, 921, 963, 921, 922, 922, 923, 963, 963, 923, 924, 963, 924, 956, 956, 924, 925, 956, 925, 926, 926, 927, 956, 956, 927, 955, 955, 927, 928, 955, 928, 1040, 1040, 928, 929, 1040, 929, 930, 930, 931, 1040, 1040, 931, 1045, 1045, 931, 932, 1045, 932, 933, 933, 934, 1045, 1045, 934, 935, 1045, 935, 936, 936, 937, 1045, 1045, 937, 938, 1045, 938, 1044, 1044, 938, 939, 1044, 939, 1036, 1036, 939, 940, 1036, 940, 1035, 1035, 940, 941, 1035, 941, 942, 942, 943, 1035, 1035, 943, 1028, 1035, 1028, 1029, 944, 945, 1039, 1039, 945, 946, 1039, 946, 1038, 1038, 946, 953, 1038, 953, 954, 953, 946, 949, 949, 946, 947, 949, 947, 948, 953, 949, 952, 952, 949, 950, 952, 950, 951, 955, 1041, 954, 954, 1041, 1042, 954, 1042, 1037, 1037, 1042, 1043, 1037, 1043, 1036, 1036, 1043, 1044, 963, 956, 962, 962, 956, 957, 962, 957, 960, 960, 957, 959, 959, 957, 958, 960, 961, 962, 978, 965, 977, 977, 965, 966, 977, 966, 973, 973, 966, 970, 973, 970, 972, 972, 970, 971, 966, 967, 970, 970, 967, 969, 969, 967, 968, 977, 973, 976, 976, 973, 974, 976, 974, 975, 982, 983, 981, 981, 983, 984, 981, 984, 986, 986, 984, 985, 986, 987, 981, 1056, 988, 1055, 1055, 988, 989, 1055, 989, 1054, 1054, 989, 1002, 1054, 1002, 1053, 1053, 1002, 1003, 1053, 1003, 1052, 989, 990, 1002, 1002, 990, 1001, 1001, 990, 994, 1001, 994, 997, 997, 994, 996, 996, 994, 995, 990, 991, 994, 994, 991, 993, 993, 991, 992, 1001, 997, 1000, 1000, 997, 998, 1000, 998, 999, 1011, 1004, 1010, 1010, 1004, 1005, 1010, 1005, 1008, 1008, 1005, 1007, 1007, 1005, 1006, 1008, 1009, 1010, 1026, 1013, 1025, 1025, 1013, 1014, 1025, 1014, 1021, 1021, 1014, 1018, 1021, 1018, 1019, 1014, 1015, 1018, 1018, 1015, 1017, 1017, 1015, 1016, 1019, 1020, 1021, 1025, 1021, 1024, 1024, 1021, 1022, 1024, 1022, 1023, 1030, 1031, 1029, 1029, 1031, 1034, 1029, 1034, 1035, 1031, 1032, 1034, 1034, 1032, 1033, 1037, 1038, 954, 1040, 1041, 955]
        rel material:binding = </Env/Looks/GrayPlastic>
        uniform token physics:approximation = "none"
        point3f[] points = [(0.116, -0.028, -4.35207e-16), (0.11175, -0.028, -4.52971e-16), (0.11175, -0.028, 0.19), (0.116, -0.028, 0.19), (0.163, 0.03, -2.08722e-16), (0.154, 0.03, -2.4869e-16), (0.154, 0.03, 0.19), (0.163, 0.03, 0.19), (0.11175, -0.028, -4.52971e-16), (0.11175, -0.0246642, -4.52971e-16), (0.11175, -0.0246642, 0.19), (0.11175, -0.028, 0.19), (0.116, -0.03, -4.35207e-16), (0.116, -0.028, -4.35207e-16), (0.116, -0.028, 0.19), (0.116, -0.03, 0.19), (0.154, 0.03, -2.4869e-16), (0.154, 0.028, -2.4869e-16), (0.154, 0.028, 0.19), (0.154, 0.03, 0.19), (0.165, 0.028, -1.95399e-16), (0.164732, 0.029, -2.00361e-16), (0.164, 0.0297321, -2.03895e-16), (0.163, 0.03, -2.08722e-16), (0.163, 0.03, 0.19), (0.164, 0.0297321, 0.19), (0.164732, 0.029, 0.19), (0.165, 0.028, 0.19), (0.11175, -0.0246642, -4.52971e-16), (0.115414, -0.021, -4.35207e-16), (0.115414, -0.021, 0.19), (0.11175, -0.0246642, 0.19), (0.107, -0.03, -4.75175e-16), (0.116, -0.03, -4.35207e-16), (0.116, -0.03, 0.19), (0.107, -0.03, 0.19), (0.154, 0.028, -2.4869e-16), (0.15825, 0.028, -2.30926e-16), (0.15825, 0.028, 0.19), (0.154, 0.028, 0.19), (0.165, 0.019, -1.95399e-16), (0.165, 0.028, -1.95399e-16), (0.165, 0.028, 0.19), (0.165, 0.019, 0.19), (0.115414, -0.021, -4.35207e-16), (0.124586, -0.021, -3.90799e-16), (0.124586, -0.021, 0.19), (0.115414, -0.021, 0.19), (0.105, -0.028, -4.88498e-16), (0.105268, -0.029, -4.83537e-16), (0.106, -0.0297321, -4.80003e-16), (0.107, -0.03, -4.75175e-16), (0.107, -0.03, 0.19), (0.106, -0.0297321, 0.19), (0.105268, -0.029, 0.19), (0.105, -0.028, 0.19), (0.15825, 0.028, -2.30926e-16), (0.15825, 0.0246642, -2.30926e-16), (0.15825, 0.0246642, 0.19), (0.15825, 0.028, 0.19), (0.163, 0.019, -2.08722e-16), (0.165, 0.019, -1.95399e-16), (0.165, 0.019, 0.19), (0.163, 0.019, 0.19), (0.124586, -0.021, -3.90799e-16), (0.12825, -0.0246642, -3.73035e-16), (0.12825, -0.0246642, 0.19), (0.124586, -0.021, 0.19), (0.105, -0.019, -4.88498e-16), (0.105, -0.028, -4.88498e-16), (0.105, -0.028, 0.19), (0.105, -0.019, 0.19), (0.15825, 0.0246642, -2.30926e-16), (0.154586, 0.021, -2.4869e-16), (0.154586, 0.021, 0.19), (0.15825, 0.0246642, 0.19), (0.163, 0.02325, -2.08722e-16), (0.163, 0.019, -2.08722e-16), (0.163, 0.019, 0.19), (0.163, 0.02325, 0.19), (0.12825, -0.0246642, -3.73035e-16), (0.12825, -0.028, -3.73035e-16), (0.12825, -0.028, 0.19), (0.12825, -0.0246642, 0.19), (0.107, -0.019, -4.75175e-16), (0.105, -0.019, -4.88498e-16), (0.105, -0.019, 0.19), (0.107, -0.019, 0.19), (0.154586, 0.021, -2.4869e-16), (0.145414, 0.021, -2.93099e-16), (0.145414, 0.021, 0.19), (0.154586, 0.021, 0.19), (0.159664, 0.02325, -2.22045e-16), (0.163, 0.02325, -2.08722e-16), (0.163, 0.02325, 0.19), (0.159664, 0.02325, 0.19), (0.12825, -0.028, -3.73035e-16), (0.124, -0.028, -3.95239e-16), (0.124, -0.028, 0.19), (0.12825, -0.028, 0.19), (0.107, -0.02325, -4.75175e-16), (0.107, -0.019, -4.75175e-16), (0.107, -0.019, 0.19), (0.107, -0.02325, 0.19), (0.145414, 0.021, -2.93099e-16), (0.14175, 0.0246642, -3.10862e-16), (0.14175, 0.0246642, 0.19), (0.145414, 0.021, 0.19), (0.156, 0.0195858, -2.39808e-16), (0.159664, 0.02325, -2.22045e-16), (0.159664, 0.02325, 0.19), (0.156, 0.0195858, 0.19), (0.124, -0.028, -3.95239e-16), (0.124, -0.03, -3.95239e-16), (0.124, -0.03, 0.19), (0.124, -0.028, 0.19), (0.110336, -0.02325, -4.61853e-16), (0.107, -0.02325, -4.75175e-16), (0.107, -0.02325, 0.19), (0.110336, -0.02325, 0.19), (0.14175, 0.0246642, -3.10862e-16), (0.14175, 0.028, -3.10862e-16), (0.14175, 0.028, 0.19), (0.14175, 0.0246642, 0.19), (0.156, 0.0104142, -2.39808e-16), (0.156, 0.0195858, -2.39808e-16), (0.156, 0.0195858, 0.19), (0.156, 0.0104142, 0.19), (0.124, -0.03, -3.95239e-16), (0.146, -0.03, -2.88658e-16), (0.146, -0.03, 0.19), (0.124, -0.03, 0.19), (0.114, -0.0195858, -4.44089e-16), (0.110336, -0.02325, -4.61853e-16), (0.110336, -0.02325, 0.19), (0.114, -0.0195858, 0.19), (0.14175, 0.028, -3.10862e-16), (0.146, 0.028, -2.88658e-16), (0.146, 0.028, 0.19), (0.14175, 0.028, 0.19), (0.159664, 0.00675, -2.22045e-16), (0.156, 0.0104142, -2.39808e-16), (0.156, 0.0104142, 0.19), (0.159664, 0.00675, 0.19), (0.146, -0.03, -2.88658e-16), (0.146, -0.028, -2.88658e-16), (0.146, -0.028, 0.19), (0.146, -0.03, 0.19), (0.114, -0.0104142, -4.44089e-16), (0.114, -0.0195858, -4.44089e-16), (0.114, -0.0195858, 0.19), (0.114, -0.0104142, 0.19), (0.146, 0.028, -2.88658e-16), (0.146, 0.03, -2.88658e-16), (0.146, 0.03, 0.19), (0.146, 0.028, 0.19), (0.163, 0.00675, -2.08722e-16), (0.159664, 0.00675, -2.22045e-16), (0.159664, 0.00675, 0.19), (0.163, 0.00675, 0.19), (0.146, -0.028, -2.88658e-16), (0.14175, -0.028, -3.10862e-16), (0.14175, -0.028, 0.19), (0.146, -0.028, 0.19), (0.110336, -0.00675, -4.61853e-16), (0.114, -0.0104142, -4.44089e-16), (0.114, -0.0104142, 0.19), (0.110336, -0.00675, 0.19), (0.146, 0.03, -2.88658e-16), (0.124, 0.03, -3.95239e-16), (0.124, 0.03, 0.19), (0.146, 0.03, 0.19), (0.163, 0.011, -2.08722e-16), (0.163, 0.00675, -2.08722e-16), (0.163, 0.00675, 0.19), (0.163, 0.011, 0.19), (0.14175, -0.028, -3.10862e-16), (0.14175, -0.0246642, -3.10862e-16), (0.14175, -0.0246642, 0.19), (0.14175, -0.028, 0.19), (0.107, -0.00675, -4.75175e-16), (0.110336, -0.00675, -4.61853e-16), (0.110336, -0.00675, 0.19), (0.107, -0.00675, 0.19), (0.124, 0.03, -3.95239e-16), (0.124, 0.028, -3.95239e-16), (0.124, 0.028, 0.19), (0.124, 0.03, 0.19), (0.165, 0.011, -1.95399e-16), (0.163, 0.011, -2.08722e-16), (0.163, 0.011, 0.19), (0.165, 0.011, 0.19), (0.14175, -0.0246642, -3.10862e-16), (0.145414, -0.021, -2.93099e-16), (0.145414, -0.021, 0.19), (0.14175, -0.0246642, 0.19), (0.107, -0.011, -4.75175e-16), (0.107, -0.00675, -4.75175e-16), (0.107, -0.00675, 0.19), (0.107, -0.011, 0.19), (0.124, 0.028, -3.95239e-16), (0.12825, 0.028, -3.73035e-16), (0.12825, 0.028, 0.19), (0.124, 0.028, 0.19), (0.165, -0.011, -1.95399e-16), (0.165, 0.011, -1.95399e-16), (0.165, 0.011, 0.19), (0.165, -0.011, 0.19), (0.145414, -0.021, -2.93099e-16), (0.154586, -0.021, -2.4869e-16), (0.154586, -0.021, 0.19), (0.145414, -0.021, 0.19), (0.105, -0.011, -4.88498e-16), (0.107, -0.011, -4.75175e-16), (0.107, -0.011, 0.19), (0.105, -0.011, 0.19), (0.12825, 0.028, -3.73035e-16), (0.12825, 0.0246642, -3.73035e-16), (0.12825, 0.0246642, 0.19), (0.12825, 0.028, 0.19), (0.131778, 0.0197071, -3.59712e-16), (0.131985, 0.019866, -3.57685e-16), (0.132226, 0.0199659, -3.56521e-16), (0.132485, 0.02, -3.55271e-16), (0.132485, 0.02, 0.19), (0.132226, 0.0199659, 0.19), (0.131985, 0.019866, 0.19), (0.131778, 0.0197071, 0.19), (0.163, -0.011, -2.08722e-16), (0.165, -0.011, -1.95399e-16), (0.165, -0.011, 0.19), (0.163, -0.011, 0.19), (0.154586, -0.021, -2.4869e-16), (0.15825, -0.0246642, -2.30926e-16), (0.15825, -0.0246642, 0.19), (0.154586, -0.021, 0.19), (0.105, 0.011, -4.88498e-16), (0.105, -0.011, -4.88498e-16), (0.105, -0.011, 0.19), (0.105, 0.011, 0.19), (0.12825, 0.0246642, -3.73035e-16), (0.124586, 0.021, -3.90799e-16), (0.124586, 0.021, 0.19), (0.12825, 0.0246642, 0.19), (0.132485, 0.02, -3.55271e-16), (0.137515, 0.02, -3.28626e-16), (0.137515, 0.02, 0.19), (0.132485, 0.02, 0.19), (0.126293, 0.0142218, -3.81917e-16), (0.131778, 0.0197071, -3.59712e-16), (0.131778, 0.0197071, 0.19), (0.126293, 0.0142218, 0.19), (0.163, -0.00675, -2.08722e-16), (0.163, -0.011, -2.08722e-16), (0.163, -0.011, 0.19), (0.163, -0.00675, 0.19), (0.15825, -0.0246642, -2.30926e-16), (0.15825, -0.028, -2.30926e-16), (0.15825, -0.028, 0.19), (0.15825, -0.0246642, 0.19), (0.107, 0.011, -4.75175e-16), (0.105, 0.011, -4.88498e-16), (0.105, 0.011, 0.19), (0.107, 0.011, 0.19), (0.124586, 0.021, -3.90799e-16), (0.115414, 0.021, -4.35207e-16), (0.115414, 0.021, 0.19), (0.124586, 0.021, 0.19), (0.137515, 0.02, -3.28626e-16), (0.137774, 0.0199659, -3.27377e-16), (0.138015, 0.019866, -3.26212e-16), (0.138222, 0.0197071, -3.24185e-16), (0.138222, 0.0197071, 0.19), (0.138015, 0.019866, 0.19), (0.137774, 0.0199659, 0.19), (0.137515, 0.02, 0.19), (0.126, 0.0135147, -3.86358e-16), (0.126034, 0.0137735, -3.8658e-16), (0.126134, 0.0140147, -3.86097e-16), (0.126293, 0.0142218, -3.81917e-16), (0.126293, 0.0142218, 0.19), (0.126134, 0.0140147, 0.19), (0.126034, 0.0137735, 0.19), (0.126, 0.0135147, 0.19), (0.159664, -0.00675, -2.22045e-16), (0.163, -0.00675, -2.08722e-16), (0.163, -0.00675, 0.19), (0.159664, -0.00675, 0.19), (0.15825, -0.028, -2.30926e-16), (0.154, -0.028, -2.4869e-16), (0.154, -0.028, 0.19), (0.15825, -0.028, 0.19), (0.107, 0.00675, -4.75175e-16), (0.107, 0.011, -4.75175e-16), (0.107, 0.011, 0.19), (0.107, 0.00675, 0.19), (0.115414, 0.021, -4.35207e-16), (0.11175, 0.0246642, -4.52971e-16), (0.11175, 0.0246642, 0.19), (0.115414, 0.021, 0.19), (0.138222, 0.0197071, -3.24185e-16), (0.143707, 0.0142218, -3.01981e-16), (0.143707, 0.0142218, 0.19), (0.138222, 0.0197071, 0.19), (0.132485, -0.02, -3.55271e-16), (0.132226, -0.0199659, -3.56521e-16), (0.131985, -0.019866, -3.57685e-16), (0.131778, -0.0197071, -3.59712e-16), (0.131778, -0.0197071, 0.19), (0.131985, -0.019866, 0.19), (0.132226, -0.0199659, 0.19), (0.132485, -0.02, 0.19), (0.126, 0.012, -3.86358e-16), (0.126, 0.0135147, -3.86358e-16), (0.126, 0.0135147, 0.19), (0.126, 0.012, 0.19), (0.156, -0.0104142, -2.39808e-16), (0.159664, -0.00675, -2.22045e-16), (0.159664, -0.00675, 0.19), (0.156, -0.0104142, 0.19), (0.131778, -0.0197071, -3.59712e-16), (0.126293, -0.0142218, -3.81917e-16), (0.126293, -0.0142218, 0.19), (0.131778, -0.0197071, 0.19), (0.154, -0.028, -2.4869e-16), (0.154, -0.03, -2.4869e-16), (0.154, -0.03, 0.19), (0.154, -0.028, 0.19), (0.110336, 0.00675, -4.61853e-16), (0.107, 0.00675, -4.75175e-16), (0.107, 0.00675, 0.19), (0.110336, 0.00675, 0.19), (0.11175, 0.0246642, -4.52971e-16), (0.11175, 0.028, -4.52971e-16), (0.11175, 0.028, 0.19), (0.11175, 0.0246642, 0.19), (0.143707, 0.0142218, -3.01981e-16), (0.143866, 0.0140147, -2.978e-16), (0.143966, 0.0137735, -2.97318e-16), (0.144, 0.0135147, -2.9754e-16), (0.144, 0.0135147, 0.19), (0.143966, 0.0137735, 0.19), (0.143866, 0.0140147, 0.19), (0.143707, 0.0142218, 0.19), (0.137515, -0.02, -3.28626e-16), (0.132485, -0.02, -3.55271e-16), (0.132485, -0.02, 0.19), (0.137515, -0.02, 0.19), (0.123, 0.009, -3.9968e-16), (0.1245, 0.00940192, -3.92439e-16), (0.125598, 0.0105, -3.87138e-16), (0.126, 0.012, -3.86358e-16), (0.126, 0.012, 0.19), (0.125598, 0.0105, 0.19), (0.1245, 0.00940192, 0.19), (0.123, 0.009, 0.19), (0.156, -0.0195858, -2.39808e-16), (0.156, -0.0104142, -2.39808e-16), (0.156, -0.0104142, 0.19), (0.156, -0.0195858, 0.19), (0.126293, -0.0142218, -3.81917e-16), (0.126134, -0.0140147, -3.86097e-16), (0.126034, -0.0137735, -3.8658e-16), (0.126, -0.0135147, -3.86358e-16), (0.126, -0.0135147, 0.19), (0.126034, -0.0137735, 0.19), (0.126134, -0.0140147, 0.19), (0.126293, -0.0142218, 0.19), (0.154, -0.03, -2.4869e-16), (0.163, -0.03, -2.08722e-16), (0.163, -0.03, 0.19), (0.154, -0.03, 0.19), (0.114, 0.0104142, -4.44089e-16), (0.110336, 0.00675, -4.61853e-16), (0.110336, 0.00675, 0.19), (0.114, 0.0104142, 0.19), (0.11175, 0.028, -4.52971e-16), (0.116, 0.028, -4.35207e-16), (0.116, 0.028, 0.19), (0.11175, 0.028, 0.19), (0.144, 0.0135147, -2.9754e-16), (0.144, 0.012, -2.9754e-16), (0.144, 0.012, 0.19), (0.144, 0.0135147, 0.19), (0.138222, -0.0197071, -3.24185e-16), (0.138015, -0.019866, -3.26212e-16), (0.137774, -0.0199659, -3.27377e-16), (0.137515, -0.02, -3.28626e-16), (0.137515, -0.02, 0.19), (0.137774, -0.0199659, 0.19), (0.138015, -0.019866, 0.19), (0.138222, -0.0197071, 0.19), (0.121485, 0.009, -4.08562e-16), (0.123, 0.009, -3.9968e-16), (0.123, 0.009, 0.19), (0.121485, 0.009, 0.19), (0.159664, -0.02325, -2.22045e-16), (0.156, -0.0195858, -2.39808e-16), (0.156, -0.0195858, 0.19), (0.159664, -0.02325, 0.19), (0.126, -0.0135147, -3.86358e-16), (0.126, -0.012, -3.86358e-16), (0.126, -0.012, 0.19), (0.126, -0.0135147, 0.19), (0.163, -0.03, -2.08722e-16), (0.164, -0.0297321, -2.03895e-16), (0.164732, -0.029, -2.00361e-16), (0.165, -0.028, -1.95399e-16), (0.165, -0.028, 0.19), (0.164732, -0.029, 0.19), (0.164, -0.0297321, 0.19), (0.163, -0.03, 0.19), (0.114, 0.0195858, -4.44089e-16), (0.114, 0.0104142, -4.44089e-16), (0.114, 0.0104142, 0.19), (0.114, 0.0195858, 0.19), (0.116, 0.028, -4.35207e-16), (0.116, 0.03, -4.35207e-16), (0.116, 0.03, 0.19), (0.116, 0.028, 0.19), (0.1166, -0.015, -4.30767e-16), (0.1183, -0.0120555, -4.2121e-16), (0.1217, -0.0120555, -4.04796e-16), (0.1234, -0.015, -3.9659e-16), (0.1217, -0.0179445, -4.04796e-16), (0.1183, -0.0179445, -4.2121e-16), (0.1166, -0.015, 0.19), (0.1183, -0.0179445, 0.19), (0.1217, -0.0179445, 0.19), (0.1234, -0.015, 0.19), (0.1217, -0.0120555, 0.19), (0.1183, -0.0120555, 0.19), (0.1166, -0.015, -4.30767e-16), (0.1166, -0.015, 0.19), (0.144, 0.012, -2.9754e-16), (0.144402, 0.0105, -2.96759e-16), (0.1455, 0.00940192, -2.91458e-16), (0.147, 0.009, -2.84217e-16), (0.147, 0.009, 0.19), (0.1455, 0.00940192, 0.19), (0.144402, 0.0105, 0.19), (0.144, 0.012, 0.19), (0.143707, -0.0142218, -3.01981e-16), (0.138222, -0.0197071, -3.24185e-16), (0.138222, -0.0197071, 0.19), (0.143707, -0.0142218, 0.19), (0.120778, 0.00870711, -4.08562e-16), (0.120985, 0.00886603, -4.10976e-16), (0.121226, 0.00896593, -4.09812e-16), (0.121485, 0.009, -4.08562e-16), (0.121485, 0.009, 0.19), (0.121226, 0.00896593, 0.19), (0.120985, 0.00886603, 0.19), (0.120778, 0.00870711, 0.19), (0.163, -0.02325, -2.08722e-16), (0.159664, -0.02325, -2.22045e-16), (0.159664, -0.02325, 0.19), (0.163, -0.02325, 0.19), (0.126, -0.012, -3.86358e-16), (0.125598, -0.0105, -3.87138e-16), (0.1245, -0.00940192, -3.92439e-16), (0.123, -0.009, -3.9968e-16), (0.123, -0.009, 0.19), (0.1245, -0.00940192, 0.19), (0.125598, -0.0105, 0.19), (0.126, -0.012, 0.19), (0.165, -0.028, -1.95399e-16), (0.165, -0.019, -1.95399e-16), (0.165, -0.019, 0.19), (0.165, -0.028, 0.19), (0.110336, 0.02325, -4.61853e-16), (0.114, 0.0195858, -4.44089e-16), (0.114, 0.0195858, 0.19), (0.110336, 0.02325, 0.19), (0.116, 0.03, -4.35207e-16), (0.107, 0.03, -4.75175e-16), (0.107, 0.03, 0.19), (0.116, 0.03, 0.19), (0.1466, -0.015, -2.84217e-16), (0.1483, -0.0120555, -2.79101e-16), (0.1517, -0.0120555, -2.62688e-16), (0.1534, -0.015, -2.54481e-16), (0.1517, -0.0179445, -2.62688e-16), (0.1483, -0.0179445, -2.79101e-16), (0.1466, -0.015, 0.19), (0.1483, -0.0179445, 0.19), (0.1517, -0.0179445, 0.19), (0.1534, -0.015, 0.19), (0.1517, -0.0120555, 0.19), (0.1483, -0.0120555, 0.19), (0.1466, -0.015, -2.84217e-16), (0.1466, -0.015, 0.19), (0.147, 0.009, -2.84217e-16), (0.148515, 0.009, -2.75335e-16), (0.148515, 0.009, 0.19), (0.147, 0.009, 0.19), (0.144, -0.0135147, -2.9754e-16), (0.143966, -0.0137735, -2.97318e-16), (0.143866, -0.0140147, -2.978e-16), (0.143707, -0.0142218, -3.01981e-16), (0.143707, -0.0142218, 0.19), (0.143866, -0.0140147, 0.19), (0.143966, -0.0137735, 0.19), (0.144, -0.0135147, 0.19), (0.115293, 0.00322183, -4.35207e-16), (0.120778, 0.00870711, -4.08562e-16), (0.120778, 0.00870711, 0.19), (0.115293, 0.00322183, 0.19), (0.163, -0.019, -2.08722e-16), (0.163, -0.02325, -2.08722e-16), (0.163, -0.02325, 0.19), (0.163, -0.019, 0.19), (0.123, -0.009, -3.9968e-16), (0.121485, -0.009, -4.08562e-16), (0.121485, -0.009, 0.19), (0.123, -0.009, 0.19), (0.107, 0.02325, -4.75175e-16), (0.110336, 0.02325, -4.61853e-16), (0.110336, 0.02325, 0.19), (0.107, 0.02325, 0.19), (0.107, 0.03, -4.75175e-16), (0.106, 0.0297321, -4.80003e-16), (0.105268, 0.029, -4.83537e-16), (0.105, 0.028, -4.88498e-16), (0.105, 0.028, 0.19), (0.105268, 0.029, 0.19), (0.106, 0.0297321, 0.19), (0.107, 0.03, 0.19), (0.1466, 0.015, -2.84217e-16), (0.1483, 0.0179445, -2.79101e-16), (0.1517, 0.0179445, -2.62688e-16), (0.1534, 0.015, -2.54481e-16), (0.1517, 0.0120555, -2.62688e-16), (0.1483, 0.0120555, -2.79101e-16), (0.1466, 0.015, 0.19), (0.1483, 0.0120555, 0.19), (0.1517, 0.0120555, 0.19), (0.1534, 0.015, 0.19), (0.1517, 0.0179445, 0.19), (0.1483, 0.0179445, 0.19), (0.1466, 0.015, -2.84217e-16), (0.1466, 0.015, 0.19), (0.148515, 0.009, -2.75335e-16), (0.148774, 0.00896593, -2.74086e-16), (0.149015, 0.00886603, -2.72922e-16), (0.149222, 0.00870711, -2.75335e-16), (0.149222, 0.00870711, 0.19), (0.149015, 0.00886603, 0.19), (0.148774, 0.00896593, 0.19), (0.148515, 0.009, 0.19), (0.107, 0.03, 0.19), (0.106, 0.0297321, 0.19), (0.105268, 0.029, 0.19), (0.105, 0.028, 0.19), (0.105, 0.019, 0.19), (0.107, 0.019, 0.19), (0.107, 0.02325, 0.19), (0.110336, 0.02325, 0.19), (0.114, 0.0195858, 0.19), (0.114, 0.0104142, 0.19), (0.110336, 0.00675, 0.19), (0.107, 0.00675, 0.19), (0.107, 0.011, 0.19), (0.105, 0.011, 0.19), (0.105, -0.011, 0.19), (0.107, -0.011, 0.19), (0.107, -0.00675, 0.19), (0.110336, -0.00675, 0.19), (0.114, -0.0104142, 0.19), (0.114, -0.0195858, 0.19), (0.110336, -0.02325, 0.19), (0.107, -0.02325, 0.19), (0.107, -0.019, 0.19), (0.105, -0.019, 0.19), (0.105, -0.028, 0.19), (0.105268, -0.029, 0.19), (0.106, -0.0297321, 0.19), (0.107, -0.03, 0.19), (0.116, -0.03, 0.19), (0.116, -0.028, 0.19), (0.11175, -0.028, 0.19), (0.11175, -0.0246642, 0.19), (0.115414, -0.021, 0.19), (0.124586, -0.021, 0.19), (0.12825, -0.0246642, 0.19), (0.12825, -0.028, 0.19), (0.124, -0.028, 0.19), (0.124, -0.03, 0.19), (0.146, -0.03, 0.19), (0.146, -0.028, 0.19), (0.14175, -0.028, 0.19), (0.14175, -0.0246642, 0.19), (0.145414, -0.021, 0.19), (0.154586, -0.021, 0.19), (0.15825, -0.0246642, 0.19), (0.15825, -0.028, 0.19), (0.154, -0.028, 0.19), (0.154, -0.03, 0.19), (0.163, -0.03, 0.19), (0.164, -0.0297321, 0.19), (0.164732, -0.029, 0.19), (0.165, -0.028, 0.19), (0.165, -0.019, 0.19), (0.163, -0.019, 0.19), (0.163, -0.02325, 0.19), (0.159664, -0.02325, 0.19), (0.156, -0.0195858, 0.19), (0.156, -0.0104142, 0.19), (0.159664, -0.00675, 0.19), (0.163, -0.00675, 0.19), (0.163, -0.011, 0.19), (0.165, -0.011, 0.19), (0.165, 0.011, 0.19), (0.163, 0.011, 0.19), (0.163, 0.00675, 0.19), (0.159664, 0.00675, 0.19), (0.156, 0.0104142, 0.19), (0.156, 0.0195858, 0.19), (0.159664, 0.02325, 0.19), (0.163, 0.02325, 0.19), (0.163, 0.019, 0.19), (0.165, 0.019, 0.19), (0.165, 0.028, 0.19), (0.164732, 0.029, 0.19), (0.164, 0.0297321, 0.19), (0.163, 0.03, 0.19), (0.154, 0.03, 0.19), (0.154, 0.028, 0.19), (0.15825, 0.028, 0.19), (0.15825, 0.0246642, 0.19), (0.154586, 0.021, 0.19), (0.145414, 0.021, 0.19), (0.14175, 0.0246642, 0.19), (0.14175, 0.028, 0.19), (0.146, 0.028, 0.19), (0.146, 0.03, 0.19), (0.124, 0.03, 0.19), (0.124, 0.028, 0.19), (0.12825, 0.028, 0.19), (0.12825, 0.0246642, 0.19), (0.124586, 0.021, 0.19), (0.115414, 0.021, 0.19), (0.11175, 0.0246642, 0.19), (0.11175, 0.028, 0.19), (0.116, 0.028, 0.19), (0.116, 0.03, 0.19), (0.120778, -0.00870711, 0.19), (0.115293, -0.00322183, 0.19), (0.115134, -0.00301472, 0.19), (0.115034, -0.00277354, 0.19), (0.115, -0.00251472, 0.19), (0.115, 0.00251472, 0.19), (0.115034, 0.00277354, 0.19), (0.115134, 0.00301472, 0.19), (0.115293, 0.00322183, 0.19), (0.120778, 0.00870711, 0.19), (0.120985, 0.00886603, 0.19), (0.121226, 0.00896593, 0.19), (0.121485, 0.009, 0.19), (0.123, 0.009, 0.19), (0.1245, 0.00940192, 0.19), (0.125598, 0.0105, 0.19), (0.126, 0.012, 0.19), (0.126, 0.0135147, 0.19), (0.126034, 0.0137735, 0.19), (0.126134, 0.0140147, 0.19), (0.126293, 0.0142218, 0.19), (0.131778, 0.0197071, 0.19), (0.131985, 0.019866, 0.19), (0.132226, 0.0199659, 0.19), (0.132485, 0.02, 0.19), (0.137515, 0.02, 0.19), (0.137774, 0.0199659, 0.19), (0.138015, 0.019866, 0.19), (0.138222, 0.0197071, 0.19), (0.143707, 0.0142218, 0.19), (0.143866, 0.0140147, 0.19), (0.143966, 0.0137735, 0.19), (0.144, 0.0135147, 0.19), (0.144, 0.012, 0.19), (0.144402, 0.0105, 0.19), (0.1455, 0.00940192, 0.19), (0.147, 0.009, 0.19), (0.148515, 0.009, 0.19), (0.148774, 0.00896593, 0.19), (0.149015, 0.00886603, 0.19), (0.149222, 0.00870711, 0.19), (0.154707, 0.00322183, 0.19), (0.154866, 0.00301472, 0.19), (0.154966, 0.00277354, 0.19), (0.155, 0.00251472, 0.19), (0.155, -0.00251472, 0.19), (0.154966, -0.00277354, 0.19), (0.154866, -0.00301472, 0.19), (0.154707, -0.00322183, 0.19), (0.149222, -0.00870711, 0.19), (0.149015, -0.00886603, 0.19), (0.148774, -0.00896593, 0.19), (0.148515, -0.009, 0.19), (0.147, -0.009, 0.19), (0.1455, -0.00940192, 0.19), (0.144402, -0.0105, 0.19), (0.144, -0.012, 0.19), (0.144, -0.0135147, 0.19), (0.143966, -0.0137735, 0.19), (0.143866, -0.0140147, 0.19), (0.143707, -0.0142218, 0.19), (0.138222, -0.0197071, 0.19), (0.138015, -0.019866, 0.19), (0.137774, -0.0199659, 0.19), (0.137515, -0.02, 0.19), (0.132485, -0.02, 0.19), (0.132226, -0.0199659, 0.19), (0.131985, -0.019866, 0.19), (0.131778, -0.0197071, 0.19), (0.126293, -0.0142218, 0.19), (0.126134, -0.0140147, 0.19), (0.126034, -0.0137735, 0.19), (0.126, -0.0135147, 0.19), (0.126, -0.012, 0.19), (0.125598, -0.0105, 0.19), (0.1245, -0.00940192, 0.19), (0.123, -0.009, 0.19), (0.121485, -0.009, 0.19), (0.121226, -0.00896593, 0.19), (0.120985, -0.00886603, 0.19), (0.1466, -0.015, 0.19), (0.1483, -0.0120555, 0.19), (0.1517, -0.0120555, 0.19), (0.1534, -0.015, 0.19), (0.1517, -0.0179445, 0.19), (0.1483, -0.0179445, 0.19), (0.1466, 0.015, 0.19), (0.1483, 0.0179445, 0.19), (0.1517, 0.0179445, 0.19), (0.1534, 0.015, 0.19), (0.1517, 0.0120555, 0.19), (0.1483, 0.0120555, 0.19), (0.1166, -0.015, 0.19), (0.1183, -0.0120555, 0.19), (0.1217, -0.0120555, 0.19), (0.1234, -0.015, 0.19), (0.1217, -0.0179445, 0.19), (0.1183, -0.0179445, 0.19), (0.1234, 0.015, 0.19), (0.1217, 0.0120555, 0.19), (0.1183, 0.0120555, 0.19), (0.1166, 0.015, 0.19), (0.1183, 0.0179445, 0.19), (0.1217, 0.0179445, 0.19), (0.144, -0.012, -2.9754e-16), (0.144, -0.0135147, -2.9754e-16), (0.144, -0.0135147, 0.19), (0.144, -0.012, 0.19), (0.115, 0.00251472, -4.39648e-16), (0.115034, 0.00277354, -4.3987e-16), (0.115134, 0.00301472, -4.39388e-16), (0.115293, 0.00322183, -4.35207e-16), (0.115293, 0.00322183, 0.19), (0.115134, 0.00301472, 0.19), (0.115034, 0.00277354, 0.19), (0.115, 0.00251472, 0.19), (0.165, -0.019, -1.95399e-16), (0.163, -0.019, -2.08722e-16), (0.163, -0.019, 0.19), (0.165, -0.019, 0.19), (0.121485, -0.009, -4.08562e-16), (0.121226, -0.00896593, -4.09812e-16), (0.120985, -0.00886603, -4.10976e-16), (0.120778, -0.00870711, -4.08562e-16), (0.120778, -0.00870711, 0.19), (0.120985, -0.00886603, 0.19), (0.121226, -0.00896593, 0.19), (0.121485, -0.009, 0.19), (0.107, 0.019, -4.75175e-16), (0.107, 0.02325, -4.75175e-16), (0.107, 0.02325, 0.19), (0.107, 0.019, 0.19), (0.105, 0.028, -4.88498e-16), (0.105, 0.019, -4.88498e-16), (0.105, 0.019, 0.19), (0.105, 0.028, 0.19), (0.1234, 0.015, -3.9968e-16), (0.1217, 0.0120555, -4.04796e-16), (0.1183, 0.0120555, -4.2121e-16), (0.1166, 0.015, -4.29416e-16), (0.1183, 0.0179445, -4.2121e-16), (0.1217, 0.0179445, -4.04796e-16), (0.1234, 0.015, 0.19), (0.1217, 0.0179445, 0.19), (0.1183, 0.0179445, 0.19), (0.1166, 0.015, 0.19), (0.1183, 0.0120555, 0.19), (0.1217, 0.0120555, 0.19), (0.1234, 0.015, -3.9968e-16), (0.1234, 0.015, 0.19), (0.149222, 0.00870711, -2.75335e-16), (0.154707, 0.00322183, -2.4869e-16), (0.154707, 0.00322183, 0.19), (0.149222, 0.00870711, 0.19), (0.147, -0.009, -2.84217e-16), (0.1455, -0.00940192, -2.91458e-16), (0.144402, -0.0105, -2.96759e-16), (0.144, -0.012, -2.9754e-16), (0.144, -0.012, 0.19), (0.144402, -0.0105, 0.19), (0.1455, -0.00940192, 0.19), (0.147, -0.009, 0.19), (0.115, -0.00251472, -4.39648e-16), (0.115, 0.00251472, -4.39648e-16), (0.115, 0.00251472, 0.19), (0.115, -0.00251472, 0.19), (0.120778, -0.00870711, -4.08562e-16), (0.115293, -0.00322183, -4.35207e-16), (0.115293, -0.00322183, 0.19), (0.120778, -0.00870711, 0.19), (0.105, 0.019, -4.88498e-16), (0.107, 0.019, -4.75175e-16), (0.107, 0.019, 0.19), (0.105, 0.019, 0.19), (0.148515, -0.009, -2.75335e-16), (0.147, -0.009, -2.84217e-16), (0.147, -0.009, 0.19), (0.148515, -0.009, 0.19), (0.115293, -0.00322183, -4.35207e-16), (0.115134, -0.00301472, -4.39388e-16), (0.115034, -0.00277354, -4.3987e-16), (0.115, -0.00251472, -4.39648e-16), (0.115, -0.00251472, 0.19), (0.115034, -0.00277354, 0.19), (0.115134, -0.00301472, 0.19), (0.115293, -0.00322183, 0.19), (0.149222, -0.00870711, -2.75335e-16), (0.149015, -0.00886603, -2.72922e-16), (0.148774, -0.00896593, -2.74086e-16), (0.148515, -0.009, -2.75335e-16), (0.148515, -0.009, 0.19), (0.148774, -0.00896593, 0.19), (0.149015, -0.00886603, 0.19), (0.149222, -0.00870711, 0.19), (0.154707, -0.00322183, -2.4869e-16), (0.149222, -0.00870711, -2.75335e-16), (0.149222, -0.00870711, 0.19), (0.154707, -0.00322183, 0.19), (0.155, -0.00251472, -2.44249e-16), (0.154966, -0.00277354, -2.44027e-16), (0.154866, -0.00301472, -2.44509e-16), (0.154707, -0.00322183, -2.4869e-16), (0.154707, -0.00322183, 0.19), (0.154866, -0.00301472, 0.19), (0.154966, -0.00277354, 0.19), (0.155, -0.00251472, 0.19), (0.155, 0.00251472, -2.44249e-16), (0.155, -0.00251472, -2.44249e-16), (0.155, -0.00251472, 0.19), (0.155, 0.00251472, 0.19), (0.154707, 0.00322183, -2.4869e-16), (0.154866, 0.00301472, -2.44509e-16), (0.154966, 0.00277354, -2.44027e-16), (0.155, 0.00251472, -2.44249e-16), (0.155, 0.00251472, 0.19), (0.154966, 0.00277354, 0.19), (0.154866, 0.00301472, 0.19), (0.154707, 0.00322183, 0.19), (0.115, -0.00251472, -4.39648e-16), (0.115034, -0.00277354, -4.3987e-16), (0.115134, -0.00301472, -4.39388e-16), (0.115293, -0.00322183, -4.35207e-16), (0.120778, -0.00870711, -4.08562e-16), (0.120985, -0.00886603, -4.10976e-16), (0.121226, -0.00896593, -4.09812e-16), (0.121485, -0.009, -4.08562e-16), (0.123, -0.009, -3.9968e-16), (0.1245, -0.00940192, -3.92439e-16), (0.125598, -0.0105, -3.87138e-16), (0.126, -0.012, -3.86358e-16), (0.126, -0.0135147, -3.86358e-16), (0.126034, -0.0137735, -3.8658e-16), (0.126134, -0.0140147, -3.86097e-16), (0.126293, -0.0142218, -3.81917e-16), (0.131778, -0.0197071, -3.59712e-16), (0.131985, -0.019866, -3.57685e-16), (0.132226, -0.0199659, -3.56521e-16), (0.132485, -0.02, -3.55271e-16), (0.137515, -0.02, -3.28626e-16), (0.137774, -0.0199659, -3.27377e-16), (0.138015, -0.019866, -3.26212e-16), (0.138222, -0.0197071, -3.24185e-16), (0.143707, -0.0142218, -3.01981e-16), (0.143866, -0.0140147, -2.978e-16), (0.143966, -0.0137735, -2.97318e-16), (0.144, -0.0135147, -2.9754e-16), (0.144, -0.012, -2.9754e-16), (0.144402, -0.0105, -2.96759e-16), (0.1455, -0.00940192, -2.91458e-16), (0.147, -0.009, -2.84217e-16), (0.148515, -0.009, -2.75335e-16), (0.148774, -0.00896593, -2.74086e-16), (0.149015, -0.00886603, -2.72922e-16), (0.149222, -0.00870711, -2.75335e-16), (0.154707, -0.00322183, -2.4869e-16), (0.154866, -0.00301472, -2.44509e-16), (0.154966, -0.00277354, -2.44027e-16), (0.155, -0.00251472, -2.44249e-16), (0.155, 0.00251472, -2.44249e-16), (0.154966, 0.00277354, -2.44027e-16), (0.154866, 0.00301472, -2.44509e-16), (0.154707, 0.00322183, -2.4869e-16), (0.149222, 0.00870711, -2.75335e-16), (0.149015, 0.00886603, -2.72922e-16), (0.148774, 0.00896593, -2.74086e-16), (0.148515, 0.009, -2.75335e-16), (0.147, 0.009, -2.84217e-16), (0.1455, 0.00940192, -2.91458e-16), (0.144402, 0.0105, -2.96759e-16), (0.144, 0.012, -2.9754e-16), (0.144, 0.0135147, -2.9754e-16), (0.143966, 0.0137735, -2.97318e-16), (0.143866, 0.0140147, -2.978e-16), (0.143707, 0.0142218, -3.01981e-16), (0.138222, 0.0197071, -3.24185e-16), (0.138015, 0.019866, -3.26212e-16), (0.137774, 0.0199659, -3.27377e-16), (0.137515, 0.02, -3.28626e-16), (0.132485, 0.02, -3.55271e-16), (0.132226, 0.0199659, -3.56521e-16), (0.131985, 0.019866, -3.57685e-16), (0.131778, 0.0197071, -3.59712e-16), (0.126293, 0.0142218, -3.81917e-16), (0.126134, 0.0140147, -3.86097e-16), (0.126034, 0.0137735, -3.8658e-16), (0.126, 0.0135147, -3.86358e-16), (0.126, 0.012, -3.86358e-16), (0.125598, 0.0105, -3.87138e-16), (0.1245, 0.00940192, -3.92439e-16), (0.123, 0.009, -3.9968e-16), (0.121485, 0.009, -4.08562e-16), (0.121226, 0.00896593, -4.09812e-16), (0.120985, 0.00886603, -4.10976e-16), (0.120778, 0.00870711, -4.08562e-16), (0.115293, 0.00322183, -4.35207e-16), (0.115134, 0.00301472, -4.39388e-16), (0.115034, 0.00277354, -4.3987e-16), (0.115, 0.00251472, -4.39648e-16), (0.107, 0.019, -4.75175e-16), (0.105, 0.019, -4.88498e-16), (0.105, 0.028, -4.88498e-16), (0.105268, 0.029, -4.83537e-16), (0.106, 0.0297321, -4.80003e-16), (0.107, 0.03, -4.75175e-16), (0.116, 0.03, -4.35207e-16), (0.116, 0.028, -4.35207e-16), (0.11175, 0.028, -4.52971e-16), (0.11175, 0.0246642, -4.52971e-16), (0.115414, 0.021, -4.35207e-16), (0.124586, 0.021, -3.90799e-16), (0.12825, 0.0246642, -3.73035e-16), (0.12825, 0.028, -3.73035e-16), (0.124, 0.028, -3.95239e-16), (0.124, 0.03, -3.95239e-16), (0.146, 0.03, -2.88658e-16), (0.146, 0.028, -2.88658e-16), (0.14175, 0.028, -3.10862e-16), (0.14175, 0.0246642, -3.10862e-16), (0.145414, 0.021, -2.93099e-16), (0.154586, 0.021, -2.4869e-16), (0.15825, 0.0246642, -2.30926e-16), (0.15825, 0.028, -2.30926e-16), (0.154, 0.028, -2.4869e-16), (0.154, 0.03, -2.4869e-16), (0.163, 0.03, -2.08722e-16), (0.164, 0.0297321, -2.03895e-16), (0.164732, 0.029, -2.00361e-16), (0.165, 0.028, -1.95399e-16), (0.165, 0.019, -1.95399e-16), (0.163, 0.019, -2.08722e-16), (0.163, 0.02325, -2.08722e-16), (0.159664, 0.02325, -2.22045e-16), (0.156, 0.0195858, -2.39808e-16), (0.156, 0.0104142, -2.39808e-16), (0.159664, 0.00675, -2.22045e-16), (0.163, 0.00675, -2.08722e-16), (0.163, 0.011, -2.08722e-16), (0.165, 0.011, -1.95399e-16), (0.165, -0.011, -1.95399e-16), (0.163, -0.011, -2.08722e-16), (0.163, -0.00675, -2.08722e-16), (0.159664, -0.00675, -2.22045e-16), (0.156, -0.0104142, -2.39808e-16), (0.156, -0.0195858, -2.39808e-16), (0.159664, -0.02325, -2.22045e-16), (0.163, -0.02325, -2.08722e-16), (0.163, -0.019, -2.08722e-16), (0.165, -0.019, -1.95399e-16), (0.165, -0.028, -1.95399e-16), (0.164732, -0.029, -2.00361e-16), (0.164, -0.0297321, -2.03895e-16), (0.163, -0.03, -2.08722e-16), (0.154, -0.03, -2.4869e-16), (0.154, -0.028, -2.4869e-16), (0.15825, -0.028, -2.30926e-16), (0.15825, -0.0246642, -2.30926e-16), (0.154586, -0.021, -2.4869e-16), (0.145414, -0.021, -2.93099e-16), (0.14175, -0.0246642, -3.10862e-16), (0.14175, -0.028, -3.10862e-16), (0.146, -0.028, -2.88658e-16), (0.146, -0.03, -2.88658e-16), (0.124, -0.03, -3.95239e-16), (0.124, -0.028, -3.95239e-16), (0.12825, -0.028, -3.73035e-16), (0.12825, -0.0246642, -3.73035e-16), (0.124586, -0.021, -3.90799e-16), (0.115414, -0.021, -4.35207e-16), (0.11175, -0.0246642, -4.52971e-16), (0.11175, -0.028, -4.52971e-16), (0.116, -0.028, -4.35207e-16), (0.116, -0.03, -4.35207e-16), (0.107, -0.03, -4.75175e-16), (0.106, -0.0297321, -4.80003e-16), (0.105268, -0.029, -4.83537e-16), (0.105, -0.028, -4.88498e-16), (0.105, -0.019, -4.88498e-16), (0.107, -0.019, -4.75175e-16), (0.107, -0.02325, -4.75175e-16), (0.110336, -0.02325, -4.61853e-16), (0.114, -0.0195858, -4.44089e-16), (0.114, -0.0104142, -4.44089e-16), (0.110336, -0.00675, -4.61853e-16), (0.107, -0.00675, -4.75175e-16), (0.107, -0.011, -4.75175e-16), (0.105, -0.011, -4.88498e-16), (0.105, 0.011, -4.88498e-16), (0.107, 0.011, -4.75175e-16), (0.107, 0.00675, -4.75175e-16), (0.110336, 0.00675, -4.61853e-16), (0.114, 0.0104142, -4.44089e-16), (0.114, 0.0195858, -4.44089e-16), (0.110336, 0.02325, -4.61853e-16), (0.107, 0.02325, -4.75175e-16), (0.1234, 0.015, -3.9968e-16), (0.1217, 0.0179445, -4.04796e-16), (0.1183, 0.0179445, -4.2121e-16), (0.1166, 0.015, -4.29416e-16), (0.1183, 0.0120555, -4.2121e-16), (0.1217, 0.0120555, -4.04796e-16), (0.1466, 0.015, -2.84217e-16), (0.1483, 0.0120555, -2.79101e-16), (0.1517, 0.0120555, -2.62688e-16), (0.1534, 0.015, -2.54481e-16), (0.1517, 0.0179445, -2.62688e-16), (0.1483, 0.0179445, -2.79101e-16), (0.1466, -0.015, -2.84217e-16), (0.1483, -0.0179445, -2.79101e-16), (0.1517, -0.0179445, -2.62688e-16), (0.1534, -0.015, -2.54481e-16), (0.1517, -0.0120555, -2.62688e-16), (0.1483, -0.0120555, -2.79101e-16), (0.1166, -0.015, -4.30767e-16), (0.1183, -0.0179445, -4.2121e-16), (0.1217, -0.0179445, -4.04796e-16), (0.1234, -0.015, -3.9659e-16), (0.1217, -0.0120555, -4.04796e-16), (0.1183, -0.0120555, -4.2121e-16)]
        uniform token subdivisionScheme = "none"
    }

    def Mesh "pillar_l" (
        prepend apiSchemas = ["PhysicsCollisionAPI", "PhysicsMeshCollisionAPI", "MaterialBindingAPI"]
    )
    {
        int[] faceVertexCounts = [3, 3, 3, 3, 3, 3, 3, 3, 3, 3, 3, 3, 3, 3, 3, 3, 3, 3, 3, 3, 3, 3, 3, 3, 3, 3, 3, 3, 3, 3, 3, 3, 3, 3, 3, 3, 3, 3, 3, 3, 3, 3, 3, 3, 3, 3, 3, 3, 3, 3, 3, 3, 3, 3, 3, 3, 3, 3, 3, 3, 3, 3, 3, 3, 3, 3, 3, 3, 3, 3, 3, 3, 3, 3, 3, 3, 3, 3, 3, 3, 3, 3, 3, 3, 3, 3, 3, 3, 3, 3, 3, 3, 3, 3, 3, 3, 3, 3, 3, 3, 3, 3, 3, 3, 3, 3, 3, 3, 3, 3, 3, 3, 3, 3, 3, 3, 3, 3, 3, 3, 3, 3, 3, 3, 3, 3, 3, 3, 3, 3, 3, 3, 3, 3, 3, 3, 3, 3, 3, 3, 3, 3, 3, 3, 3, 3, 3, 3, 3, 3, 3, 3, 3, 3, 3, 3, 3, 3, 3, 3, 3, 3, 3, 3, 3, 3, 3, 3, 3, 3, 3, 3, 3, 3, 3, 3, 3, 3, 3, 3, 3, 3, 3, 3, 3, 3, 3, 3, 3, 3, 3, 3, 3, 3, 3, 3, 3, 3, 3, 3, 3, 3, 3, 3, 3, 3, 3, 3, 3, 3, 3, 3, 3, 3, 3, 3, 3, 3, 3, 3, 3, 3, 3, 3, 3, 3, 3, 3, 3, 3, 3, 3, 3, 3, 3, 3, 3, 3, 3, 3, 3, 3, 3, 3, 3, 3, 3, 3, 3, 3, 3, 3, 3, 3, 3, 3, 3, 3, 3, 3, 3, 3, 3, 3, 3, 3, 3, 3, 3, 3, 3, 3, 3, 3, 3, 3, 3, 3, 3, 3, 3, 3, 3, 3, 3, 3, 3, 3, 3, 3, 3, 3, 3, 3, 3, 3, 3, 3, 3, 3, 3, 3, 3, 3, 3, 3, 3, 3, 3, 3, 3, 3, 3, 3, 3, 3, 3, 3, 3, 3, 3, 3, 3, 3, 3, 3, 3, 3, 3, 3, 3, 3, 3, 3, 3, 3, 3, 3, 3, 3, 3, 3, 3, 3, 3, 3, 3, 3, 3, 3, 3, 3, 3, 3, 3, 3, 3, 3, 3, 3, 3, 3, 3, 3, 3, 3, 3, 3, 3, 3, 3, 3, 3, 3, 3, 3, 3, 3, 3, 3, 3, 3, 3, 3, 3, 3, 3, 3, 3, 3, 3, 3, 3, 3, 3, 3, 3, 3, 3, 3, 3, 3, 3, 3, 3, 3, 3, 3, 3, 3, 3, 3, 3, 3, 3, 3, 3, 3, 3, 3, 3, 3, 3, 3, 3, 3, 3, 3, 3, 3, 3, 3, 3, 3, 3, 3, 3, 3, 3, 3, 3, 3, 3, 3, 3, 3, 3, 3, 3, 3, 3, 3, 3, 3, 3, 3, 3, 3, 3, 3, 3, 3, 3, 3, 3, 3, 3, 3, 3, 3, 3, 3, 3, 3, 3, 3, 3, 3, 3, 3, 3, 3, 3, 3, 3, 3, 3, 3, 3, 3, 3, 3, 3, 3, 3, 3, 3, 3, 3, 3, 3, 3, 3, 3, 3, 3, 3, 3, 3, 3, 3, 3, 3, 3, 3, 3, 3, 3, 3, 3, 3, 3, 3, 3, 3, 3, 3, 3, 3, 3, 3, 3, 3, 3, 3, 3, 3, 3, 3, 3, 3, 3, 3, 3, 3, 3, 3, 3, 3, 3, 3, 3, 3, 3, 3, 3, 3, 3, 3, 3, 3, 3, 3, 3, 3, 3, 3, 3, 3, 3, 3, 3, 3, 3, 3, 3, 3, 3, 3, 3, 3, 3, 3, 3, 3, 3, 3, 3, 3, 3, 3, 3, 3, 3, 3, 3, 3, 3, 3, 3, 3, 3, 3, 3, 3, 3, 3, 3, 3, 3, 3, 3, 3, 3, 3, 3, 3, 3, 3, 3, 3, 3, 3, 3, 3, 3, 3, 3, 3, 3, 3, 3, 3, 3, 3, 3, 3, 3, 3, 3, 3, 3, 3, 3, 3, 3, 3, 3, 3, 3, 3, 3, 3, 3, 3, 3, 3, 3, 3, 3, 3, 3, 3, 3, 3, 3, 3, 3, 3, 3, 3, 3, 3, 3, 3, 3, 3, 3, 3, 3, 3, 3, 3, 3, 3, 3, 3, 3, 3, 3, 3, 3, 3, 3, 3, 3, 3, 3, 3, 3, 3, 3, 3, 3, 3, 3, 3, 3, 3, 3, 3, 3, 3, 3, 3, 3, 3, 3, 3, 3, 3, 3, 3, 3, 3, 3, 3, 3, 3, 3, 3, 3, 3, 3, 3, 3, 3, 3, 3, 3, 3, 3, 3, 3, 3, 3, 3, 3, 3, 3, 3, 3, 3, 3, 3, 3, 3, 3, 3, 3, 3, 3, 3, 3, 3, 3, 3, 3, 3, 3, 3, 3, 3, 3, 3, 3, 3, 3, 3, 3, 3, 3, 3, 3, 3, 3, 3, 3, 3, 3, 3, 3, 3, 3, 3, 3, 3, 3, 3, 3, 3, 3, 3, 3, 3, 3, 3, 3, 3, 3, 3, 3, 3, 3, 3, 3]
        int[] faceVertexIndices = [1, 2, 0, 0, 2, 3, 5, 6, 4, 4, 6, 7, 8, 9, 11, 11, 9, 10, 12, 13, 15, 15, 13, 14, 16, 17, 19, 19, 17, 18, 27, 20, 26, 26, 20, 21, 26, 21, 25, 25, 21, 22, 25, 22, 24, 24, 22, 23, 29, 30, 28, 28, 30, 31, 33, 34, 32, 32, 34, 35, 37, 38, 36, 36, 38, 39, 40, 41, 43, 43, 41, 42, 45, 46, 44, 44, 46, 47, 55, 48, 54, 54, 48, 49, 54, 49, 53, 53, 49, 50, 53, 50, 52, 52, 50, 51, 56, 57, 59, 59, 57, 58, 61, 62, 60, 60, 62, 63, 65, 66, 64, 64, 66, 67, 68, 69, 71, 71, 69, 70, 73, 74, 72, 72, 74, 75, 76, 77, 79, 79, 77, 78, 80, 81, 83, 83, 81, 82, 85, 86, 84, 84, 86, 87, 89, 90, 88, 88, 90, 91, 93, 94, 92, 92, 94, 95, 97, 98, 96, 96, 98, 99, 100, 101, 103, 103, 101, 102, 105, 106, 104, 104, 106, 107, 109, 110, 108, 108, 110, 111, 112, 113, 115, 115, 113, 114, 117, 118, 116, 116, 118, 119, 120, 121, 123, 123, 121, 122, 124, 125, 127, 127, 125, 126, 129, 130, 128, 128, 130, 131, 133, 134, 132, 132, 134, 135, 137, 138, 136, 136, 138, 139, 141, 142, 140, 140, 142, 143, 144, 145, 147, 147, 145, 146, 148, 149, 151, 151, 149, 150, 152, 153, 155, 155, 153, 154, 157, 158, 156, 156, 158, 159, 161, 162, 160, 160, 162, 163, 165, 166, 164, 164, 166, 167, 169, 170, 168, 168, 170, 171, 172, 173, 175, 175, 173, 174, 176, 177, 179, 179, 177, 178, 181, 182, 180, 180, 182, 183, 184, 185, 187, 187, 185, 186, 189, 190, 188, 188, 190, 191, 193, 194, 192, 192, 194, 195, 196, 197, 199, 199, 197, 198, 201, 202, 200, 200, 202, 203, 204, 205, 207, 207, 205, 206, 209, 210, 208, 208, 210, 211, 213, 214, 212, 212, 214, 215, 216, 217, 219, 219, 217, 218, 227, 220, 226, 226, 220, 221, 226, 221, 225, 225, 221, 222, 225, 222, 224, 224, 222, 223, 229, 230, 228, 228, 230, 231, 233, 234, 232, 232, 234, 235, 236, 237, 239, 239, 237, 238, 241, 242, 240, 240, 242, 243, 244, 245, 247, 247, 245, 246, 248, 249, 251, 251, 249, 250, 252, 253, 255, 255, 253, 254, 256, 257, 259, 259, 257, 258, 261, 262, 260, 260, 262, 263, 265, 266, 264, 264, 266, 267, 275, 268, 274, 274, 268, 269, 274, 269, 273, 273, 269, 270, 273, 270, 272, 272, 270, 271, 283, 276, 282, 282, 276, 277, 282, 277, 281, 281, 277, 278, 281, 278, 280, 280, 278, 279, 285, 286, 284, 284, 286, 287, 289, 290, 288, 288, 290, 291, 292, 293, 295, 295, 293, 294, 297, 298, 296, 296, 298, 299, 300, 301, 303, 303, 301, 302, 311, 304, 310, 310, 304, 305, 310, 305, 309, 309, 305, 306, 309, 306, 308, 308, 306, 307, 313, 314, 312, 312, 314, 315, 317, 318, 316, 316, 318, 319, 320, 321, 323, 323, 321, 322, 324, 325, 327, 327, 325, 326, 329, 330, 328, 328, 330, 331, 332, 333, 335, 335, 333, 334, 343, 336, 342, 342, 336, 337, 342, 337, 341, 341, 337, 338, 341, 338, 340, 340, 338, 339, 344, 345, 347, 347, 345, 346, 355, 348, 354, 354, 348, 349, 354, 349, 350, 351, 352, 350, 350, 352, 353, 350, 353, 354, 356, 357, 359, 359, 357, 358, 367, 360, 366, 366, 360, 361, 366, 361, 365, 365, 361, 362, 365, 362, 364, 364, 362, 363, 369, 370, 368, 368, 370, 371, 373, 374, 372, 372, 374, 375, 377, 378, 376, 376, 378, 379, 381, 382, 380, 380, 382, 383, 391, 384, 390, 390, 384, 385, 390, 385, 389, 389, 385, 386, 389, 386, 388, 388, 386, 387, 392, 393, 395, 395, 393, 394, 397, 398, 396, 396, 398, 399, 401, 402, 400, 400, 402, 403, 411, 404, 410, 410, 404, 405, 410, 405, 409, 409, 405, 406, 409, 406, 408, 408, 406, 407, 413, 414, 412, 412, 414, 415, 416, 417, 419, 419, 417, 418, 421, 431, 420, 420, 431, 433, 432, 426, 425, 425, 426, 427, 425, 427, 424, 424, 427, 428, 424, 428, 423, 423, 428, 429, 423, 429, 422, 422, 429, 430, 422, 430, 421, 421, 430, 431, 441, 434, 440, 440, 434, 435, 440, 435, 436, 437, 438, 436, 436, 438, 439, 436, 439, 440, 442, 443, 445, 445, 443, 444, 453, 446, 452, 452, 446, 447, 452, 447, 451, 451, 447, 448, 451, 448, 450, 450, 448, 449, 455, 456, 454, 454, 456, 457, 465, 458, 464, 464, 458, 459, 464, 459, 460, 461, 462, 460, 460, 462, 463, 460, 463, 464, 466, 467, 469, 469, 467, 468, 471, 472, 470, 470, 472, 473, 475, 476, 474, 474, 476, 477, 479, 489, 478, 478, 489, 491, 490, 484, 483, 483, 484, 485, 483, 485, 482, 482, 485, 486, 482, 486, 481, 481, 486, 487, 481, 487, 480, 480, 487, 488, 480, 488, 479, 479, 488, 489, 492, 493, 495, 495, 493, 494, 503, 496, 502, 502, 496, 497, 502, 497, 501, 501, 497, 498, 501, 498, 500, 500, 498, 499, 504, 505, 507, 507, 505, 506, 508, 509, 511, 511, 509, 510, 512, 513, 515, 515, 513, 514, 517, 518, 516, 516, 518, 519, 527, 520, 526, 526, 520, 521, 526, 521, 525, 525, 521, 522, 525, 522, 524, 524, 522, 523, 529, 539, 528, 528, 539, 541, 540, 534, 533, 533, 534, 535, 533, 535, 532, 532, 535, 536, 532, 536, 531, 531, 536, 537, 531, 537, 530, 530, 537, 538, 530, 538, 529, 529, 538, 539, 549, 542, 548, 548, 542, 543, 548, 543, 547, 547, 543, 544, 547, 544, 546, 546, 544, 545, 551, 552, 550, 550, 552, 553, 550, 553, 642, 642, 553, 557, 642, 557, 641, 641, 557, 558, 641, 558, 748, 748, 558, 747, 747, 558, 559, 747, 559, 746, 746, 559, 655, 746, 655, 656, 557, 553, 556, 556, 553, 554, 556, 554, 555, 655, 559, 654, 654, 559, 560, 654, 560, 653, 653, 560, 652, 652, 560, 651, 651, 560, 650, 650, 560, 567, 650, 567, 649, 649, 567, 648, 648, 567, 647, 647, 567, 568, 647, 568, 646, 646, 568, 739, 646, 739, 725, 725, 739, 740, 725, 740, 724, 724, 740, 723, 723, 740, 722, 722, 740, 721, 721, 740, 720, 720, 740, 719, 719, 740, 718, 718, 740, 741, 718, 741, 717, 717, 741, 716, 716, 741, 715, 715, 741, 583, 715, 583, 714, 714, 583, 584, 714, 584, 713, 713, 584, 712, 712, 584, 711, 711, 584, 591, 711, 591, 710, 710, 591, 709, 709, 591, 708, 708, 591, 707, 707, 591, 592, 707, 592, 706, 706, 592, 726, 706, 726, 705, 705, 726, 704, 704, 726, 703, 703, 726, 727, 703, 727, 702, 702, 727, 701, 701, 727, 700, 700, 727, 699, 699, 727, 698, 698, 727, 697, 697, 727, 696, 696, 727, 728, 696, 728, 695, 695, 728, 607, 695, 607, 694, 694, 607, 608, 694, 608, 693, 693, 608, 692, 692, 608, 691, 691, 608, 690, 690, 608, 615, 690, 615, 689, 689, 615, 688, 688, 615, 687, 687, 615, 616, 687, 616, 686, 686, 616, 736, 686, 736, 685, 685, 736, 737, 685, 737, 684, 684, 737, 683, 683, 737, 682, 682, 737, 681, 681, 737, 680, 680, 737, 679, 679, 737, 678, 678, 737, 732, 678, 732, 677, 677, 732, 676, 676, 732, 675, 675, 732, 631, 675, 631, 674, 674, 631, 632, 674, 632, 673, 673, 632, 672, 672, 632, 671, 671, 632, 639, 671, 639, 670, 670, 639, 669, 669, 639, 668, 668, 639, 667, 667, 639, 640, 667, 640, 666, 666, 640, 744, 666, 744, 665, 665, 744, 664, 664, 744, 663, 663, 744, 745, 663, 745, 662, 662, 745, 661, 661, 745, 660, 660, 745, 659, 659, 745, 658, 658, 745, 657, 657, 745, 656, 656, 745, 746, 560, 561, 567, 567, 561, 566, 566, 561, 564, 566, 564, 565, 562, 563, 561, 561, 563, 564, 739, 568, 738, 738, 568, 569, 738, 569, 743, 743, 569, 582, 743, 582, 742, 742, 582, 583, 742, 583, 741, 569, 570, 582, 582, 570, 581, 581, 570, 574, 581, 574, 577, 577, 574, 576, 576, 574, 575, 570, 571, 574, 574, 571, 573, 573, 571, 572, 581, 577, 580, 580, 577, 578, 580, 578, 579, 591, 584, 590, 590, 584, 585, 590, 585, 588, 588, 585, 587, 587, 585, 586, 588, 589, 590, 726, 592, 731, 731, 592, 593, 731, 593, 730, 730, 593, 606, 730, 606, 729, 729, 606, 607, 729, 607, 728, 606, 593, 605, 605, 593, 594, 605, 594, 601, 601, 594, 598, 601, 598, 599, 594, 595, 598, 598, 595, 597, 597, 595, 596, 599, 600, 601, 605, 601, 604, 604, 601, 602, 604, 602, 603, 608, 609, 615, 615, 609, 614, 614, 609, 611, 614, 611, 612, 609, 610, 611, 612, 613, 614, 736, 616, 735, 735, 616, 617, 735, 617, 734, 734, 617, 630, 734, 630, 733, 733, 630, 631, 733, 631, 732, 617, 618, 630, 630, 618, 629, 629, 618, 622, 629, 622, 625, 625, 622, 623, 625, 623, 624, 618, 619, 622, 622, 619, 621, 621, 619, 620, 629, 625, 628, 628, 625, 626, 628, 626, 627, 639, 632, 638, 638, 632, 633, 638, 633, 636, 636, 633, 635, 635, 633, 634, 636, 637, 638, 744, 640, 749, 749, 640, 641, 749, 641, 748, 642, 643, 550, 550, 643, 645, 645, 643, 644, 751, 752, 750, 750, 752, 753, 761, 754, 760, 760, 754, 755, 760, 755, 759, 759, 755, 756, 759, 756, 758, 758, 756, 757, 763, 764, 762, 762, 764, 765, 773, 766, 772, 772, 766, 767, 772, 767, 771, 771, 767, 768, 771, 768, 770, 770, 768, 769, 774, 775, 777, 777, 775, 776, 778, 779, 781, 781, 779, 780, 783, 793, 782, 782, 793, 795, 794, 788, 787, 787, 788, 789, 787, 789, 786, 786, 789, 790, 786, 790, 785, 785, 790, 791, 785, 791, 784, 784, 791, 792, 784, 792, 783, 783, 792, 793, 796, 797, 799, 799, 797, 798, 807, 800, 806, 806, 800, 801, 806, 801, 802, 803, 804, 802, 802, 804, 805, 802, 805, 806, 809, 810, 808, 808, 810, 811, 812, 813, 815, 815, 813, 814, 817, 818, 816, 816, 818, 819, 820, 821, 823, 823, 821, 822, 831, 824, 830, 830, 824, 825, 830, 825, 829, 829, 825, 826, 829, 826, 828, 828, 826, 827, 839, 832, 838, 838, 832, 833, 838, 833, 837, 837, 833, 834, 837, 834, 836, 836, 834, 835, 840, 841, 843, 843, 841, 842, 851, 844, 850, 850, 844, 845, 850, 845, 849, 849, 845, 846, 849, 846, 848, 848, 846, 847, 853, 854, 852, 852, 854, 855, 863, 856, 862, 862, 856, 857, 862, 857, 861, 861, 857, 858, 861, 858, 860, 860, 858, 859, 943, 864, 1028, 1028, 864, 865, 1028, 865, 866, 866, 867, 1028, 1028, 867, 1027, 1027, 867, 868, 1027, 868, 1063, 1063, 868, 869, 1063, 869, 1062, 1062, 869, 870, 1062, 870, 871, 871, 872, 1062, 1062, 872, 873, 1062, 873, 874, 874, 875, 1062, 1062, 875, 876, 1062, 876, 1061, 1061, 876, 877, 1061, 877, 878, 878, 879, 1061, 1061, 879, 1012, 1061, 1012, 1060, 1060, 1012, 1013, 1060, 1013, 1059, 1059, 1013, 1026, 1059, 1026, 1058, 1058, 1026, 1027, 1058, 1027, 1063, 879, 880, 1012, 1012, 880, 1011, 1011, 880, 881, 1011, 881, 882, 882, 883, 1011, 1011, 883, 884, 1011, 884, 1004, 1004, 884, 885, 1004, 885, 886, 886, 887, 1004, 1004, 887, 1003, 1003, 887, 888, 1003, 888, 1052, 1052, 888, 889, 1052, 889, 890, 890, 891, 1052, 1052, 891, 1057, 1057, 891, 892, 1057, 892, 893, 893, 894, 1057, 1057, 894, 895, 1057, 895, 896, 896, 897, 1057, 1057, 897, 898, 1057, 898, 1056, 1056, 898, 899, 1056, 899, 988, 988, 899, 900, 988, 900, 987, 987, 900, 901, 987, 901, 902, 902, 903, 987, 987, 903, 980, 987, 980, 981, 903, 904, 980, 980, 904, 905, 980, 905, 906, 906, 907, 980, 980, 907, 979, 979, 907, 908, 979, 908, 1048, 1048, 908, 909, 1048, 909, 1047, 1047, 909, 910, 1047, 910, 911, 911, 912, 1047, 1047, 912, 913, 1047, 913, 914, 914, 915, 1047, 1047, 915, 916, 1047, 916, 1046, 1046, 916, 917, 1046, 917, 918, 918, 919, 1046, 1046, 919, 964, 1046, 964, 1051, 1051, 964, 965, 1051, 965, 1050, 1050, 965, 978, 1050, 978, 1049, 1049, 978, 979, 1049, 979, 1048, 919, 920, 964, 964, 920, 963, 963, 920, 921, 963, 921, 922, 922, 923, 963, 963, 923, 924, 963, 924, 956, 956, 924, 925, 956, 925, 926, 926, 927, 956, 956, 927, 955, 955, 927, 928, 955, 928, 1040, 1040, 928, 929, 1040, 929, 930, 930, 931, 1040, 1040, 931, 1045, 1045, 931, 932, 1045, 932, 933, 933, 934, 1045, 1045, 934, 935, 1045, 935, 936, 936, 937, 1045, 1045, 937, 938, 1045, 938, 1044, 1044, 938, 939, 1044, 939, 1036, 1036, 939, 940, 1036, 940, 1035, 1035, 940, 941, 1035, 941, 942, 942, 943, 1035, 1035, 943, 1028, 1035, 1028, 1029, 944, 945, 1039, 1039, 945, 946, 1039, 946, 1038, 1038, 946, 953, 1038, 953, 954, 953, 946, 949, 949, 946, 947, 949, 947, 948, 953, 949, 952, 952, 949, 950, 952, 950, 951, 955, 1041, 954, 954, 1041, 1042, 954, 1042, 1037, 1037, 1042, 1043, 1037, 1043, 1036, 1036, 1043, 1044, 963, 956, 962, 962, 956, 957, 962, 957, 960, 960, 957, 959, 959, 957, 958, 960, 961, 962, 978, 965, 977, 977, 965, 966, 977, 966, 973, 973, 966, 970, 973, 970, 972, 972, 970, 971, 966, 967, 970, 970, 967, 969, 969, 967, 968, 977, 973, 976, 976, 973, 974, 976, 974, 975, 982, 983, 981, 981, 983, 984, 981, 984, 986, 986, 984, 985, 986, 987, 981, 1056, 988, 1055, 1055, 988, 989, 1055, 989, 1054, 1054, 989, 1002, 1054, 1002, 1053, 1053, 1002, 1003, 1053, 1003, 1052, 989, 990, 1002, 1002, 990, 1001, 1001, 990, 994, 1001, 994, 997, 997, 994, 996, 996, 994, 995, 990, 991, 994, 994, 991, 993, 993, 991, 992, 1001, 997, 1000, 1000, 997, 998, 1000, 998, 999, 1011, 1004, 1010, 1010, 1004, 1005, 1010, 1005, 1008, 1008, 1005, 1007, 1007, 1005, 1006, 1008, 1009, 1010, 1026, 1013, 1025, 1025, 1013, 1014, 1025, 1014, 1021, 1021, 1014, 1018, 1021, 1018, 1019, 1014, 1015, 1018, 1018, 1015, 1017, 1017, 1015, 1016, 1019, 1020, 1021, 1025, 1021, 1024, 1024, 1021, 1022, 1024, 1022, 1023, 1030, 1031, 1029, 1029, 1031, 1034, 1029, 1034, 1035, 1031, 1032, 1034, 1034, 1032, 1033, 1037, 1038, 954, 1040, 1041, 955]
        rel material:binding = </Env/Looks/GrayPlastic>
        uniform token physics:approximation = "none"
        point3f[] points = [(0.107, -0.281, -9.85878e-16), (0.107, -0.27675, -9.85878e-16), (0.107, -0.27675, 0.19), (0.107, -0.281, 0.19), (0.165, -0.328, 2.30926e-16), (0.165, -0.319, 2.35367e-16), (0.165, -0.319, 0.19), (0.165, -0.328, 0.19), (0.107, -0.27675, -9.85878e-16), (0.110336, -0.27675, -9.14824e-16), (0.110336, -0.27675, 0.19), (0.107, -0.27675, 0.19), (0.105, -0.281, -1.02585e-15), (0.107, -0.281, -9.85878e-16), (0.107, -0.281, 0.19), (0.105, -0.281, 0.19), (0.165, -0.319, 2.35367e-16), (0.163, -0.319, 1.95399e-16), (0.163, -0.319, 0.19), (0.165, -0.319, 0.19), (0.163, -0.33, 1.90958e-16), (0.164, -0.329732, 2.11706e-16), (0.164732, -0.329, 2.27394e-16), (0.165, -0.328, 2.30926e-16), (0.165, -0.328, 0.19), (0.164732, -0.329, 0.19), (0.164, -0.329732, 0.19), (0.163, -0.33, 0.19), (0.110336, -0.27675, -9.14824e-16), (0.114, -0.280414, -8.34888e-16), (0.114, -0.280414, 0.19), (0.110336, -0.27675, 0.19), (0.105, -0.272, -1.02141e-15), (0.105, -0.281, -1.02585e-15), (0.105, -0.281, 0.19), (0.105, -0.272, 0.19), (0.163, -0.319, 1.95399e-16), (0.163, -0.32325, 1.95399e-16), (0.163, -0.32325, 0.19), (0.163, -0.319, 0.19), (0.154, -0.33, 0), (0.163, -0.33, 1.90958e-16), (0.163, -0.33, 0.19), (0.154, -0.33, 0.19), (0.114, -0.280414, -8.34888e-16), (0.114, -0.289586, -8.34888e-16), (0.114, -0.289586, 0.19), (0.114, -0.280414, 0.19), (0.107, -0.27, -9.81437e-16), (0.106, -0.270268, -1.00219e-15), (0.105268, -0.271, -1.01787e-15), (0.105, -0.272, -1.02141e-15), (0.105, -0.272, 0.19), (0.105268, -0.271, 0.19), (0.106, -0.270268, 0.19), (0.107, -0.27, 0.19), (0.163, -0.32325, 1.95399e-16), (0.159664, -0.32325, 1.24345e-16), (0.159664, -0.32325, 0.19), (0.163, -0.32325, 0.19), (0.154, -0.328, 0), (0.154, -0.33, 0), (0.154, -0.33, 0.19), (0.154, -0.328, 0.19), (0.114, -0.289586, -8.34888e-16), (0.110336, -0.29325, -9.19265e-16), (0.110336, -0.29325, 0.19), (0.114, -0.289586, 0.19), (0.116, -0.27, -7.90479e-16), (0.107, -0.27, -9.81437e-16), (0.107, -0.27, 0.19), (0.116, -0.27, 0.19), (0.159664, -0.32325, 1.24345e-16), (0.156, -0.319586, 4.44089e-17), (0.156, -0.319586, 0.19), (0.159664, -0.32325, 0.19), (0.15825, -0.328, 8.88178e-17), (0.154, -0.328, 0), (0.154, -0.328, 0.19), (0.15825, -0.328, 0.19), (0.110336, -0.29325, -9.19265e-16), (0.107, -0.29325, -9.90319e-16), (0.107, -0.29325, 0.19), (0.110336, -0.29325, 0.19), (0.116, -0.272, -7.90479e-16), (0.116, -0.27, -7.90479e-16), (0.116, -0.27, 0.19), (0.116, -0.272, 0.19), (0.156, -0.319586, 4.44089e-17), (0.156, -0.310414, 4.44089e-17), (0.156, -0.310414, 0.19), (0.156, -0.319586, 0.19), (0.15825, -0.324664, 9.32587e-17), (0.15825, -0.328, 8.88178e-17), (0.15825, -0.328, 0.19), (0.15825, -0.324664, 0.19), (0.107, -0.29325, -9.90319e-16), (0.107, -0.289, -9.85878e-16), (0.107, -0.289, 0.19), (0.107, -0.29325, 0.19), (0.11175, -0.272, -8.79297e-16), (0.116, -0.272, -7.90479e-16), (0.116, -0.272, 0.19), (0.11175, -0.272, 0.19), (0.156, -0.310414, 4.44089e-17), (0.159664, -0.30675, 1.28786e-16), (0.159664, -0.30675, 0.19), (0.156, -0.310414, 0.19), (0.154586, -0.321, 1.33227e-17), (0.15825, -0.324664, 9.32587e-17), (0.15825, -0.324664, 0.19), (0.154586, -0.321, 0.19), (0.107, -0.289, -9.85878e-16), (0.105, -0.289, -1.02585e-15), (0.105, -0.289, 0.19), (0.107, -0.289, 0.19), (0.11175, -0.275336, -8.83738e-16), (0.11175, -0.272, -8.79297e-16), (0.11175, -0.272, 0.19), (0.11175, -0.275336, 0.19), (0.159664, -0.30675, 1.28786e-16), (0.163, -0.30675, 1.9984e-16), (0.163, -0.30675, 0.19), (0.159664, -0.30675, 0.19), (0.145414, -0.321, -1.77636e-16), (0.154586, -0.321, 1.33227e-17), (0.154586, -0.321, 0.19), (0.145414, -0.321, 0.19), (0.105, -0.289, -1.02585e-15), (0.105, -0.311, -1.03473e-15), (0.105, -0.311, 0.19), (0.105, -0.289, 0.19), (0.115414, -0.279, -8.03801e-16), (0.11175, -0.275336, -8.83738e-16), (0.11175, -0.275336, 0.19), (0.115414, -0.279, 0.19), (0.163, -0.30675, 1.9984e-16), (0.163, -0.311, 1.95399e-16), (0.163, -0.311, 0.19), (0.163, -0.30675, 0.19), (0.14175, -0.324664, -2.57572e-16), (0.145414, -0.321, -1.77636e-16), (0.145414, -0.321, 0.19), (0.14175, -0.324664, 0.19), (0.105, -0.311, -1.03473e-15), (0.107, -0.311, -9.9476e-16), (0.107, -0.311, 0.19), (0.105, -0.311, 0.19), (0.124586, -0.279, -6.12843e-16), (0.115414, -0.279, -8.03801e-16), (0.115414, -0.279, 0.19), (0.124586, -0.279, 0.19), (0.163, -0.311, 1.95399e-16), (0.165, -0.311, 2.35367e-16), (0.165, -0.311, 0.19), (0.163, -0.311, 0.19), (0.14175, -0.328, -2.62013e-16), (0.14175, -0.324664, -2.57572e-16), (0.14175, -0.324664, 0.19), (0.14175, -0.328, 0.19), (0.107, -0.311, -9.9476e-16), (0.107, -0.30675, -9.90319e-16), (0.107, -0.30675, 0.19), (0.107, -0.311, 0.19), (0.12825, -0.275336, -5.32907e-16), (0.124586, -0.279, -6.12843e-16), (0.124586, -0.279, 0.19), (0.12825, -0.275336, 0.19), (0.165, -0.311, 2.35367e-16), (0.165, -0.289, 2.44249e-16), (0.165, -0.289, 0.19), (0.165, -0.311, 0.19), (0.146, -0.328, -1.73195e-16), (0.14175, -0.328, -2.62013e-16), (0.14175, -0.328, 0.19), (0.146, -0.328, 0.19), (0.107, -0.30675, -9.90319e-16), (0.110336, -0.30675, -9.19265e-16), (0.110336, -0.30675, 0.19), (0.107, -0.30675, 0.19), (0.12825, -0.272, -5.28466e-16), (0.12825, -0.275336, -5.32907e-16), (0.12825, -0.275336, 0.19), (0.12825, -0.272, 0.19), (0.165, -0.289, 2.44249e-16), (0.163, -0.289, 2.04281e-16), (0.163, -0.289, 0.19), (0.165, -0.289, 0.19), (0.146, -0.33, -1.73195e-16), (0.146, -0.328, -1.73195e-16), (0.146, -0.328, 0.19), (0.146, -0.33, 0.19), (0.110336, -0.30675, -9.19265e-16), (0.114, -0.310414, -8.43769e-16), (0.114, -0.310414, 0.19), (0.110336, -0.30675, 0.19), (0.124, -0.272, -6.17284e-16), (0.12825, -0.272, -5.28466e-16), (0.12825, -0.272, 0.19), (0.124, -0.272, 0.19), (0.163, -0.289, 2.04281e-16), (0.163, -0.29325, 1.9984e-16), (0.163, -0.29325, 0.19), (0.163, -0.289, 0.19), (0.124, -0.33, -6.35048e-16), (0.146, -0.33, -1.73195e-16), (0.146, -0.33, 0.19), (0.124, -0.33, 0.19), (0.114, -0.310414, -8.43769e-16), (0.114, -0.319586, -8.43769e-16), (0.114, -0.319586, 0.19), (0.114, -0.310414, 0.19), (0.124, -0.27, -6.17284e-16), (0.124, -0.272, -6.17284e-16), (0.124, -0.272, 0.19), (0.124, -0.27, 0.19), (0.163, -0.29325, 1.9984e-16), (0.159664, -0.29325, 1.28786e-16), (0.159664, -0.29325, 0.19), (0.163, -0.29325, 0.19), (0.154707, -0.296778, 2.22045e-17), (0.154866, -0.296985, 2.73486e-17), (0.154966, -0.297226, 2.94043e-17), (0.155, -0.297485, 2.66454e-17), (0.155, -0.297485, 0.19), (0.154966, -0.297226, 0.19), (0.154866, -0.296985, 0.19), (0.154707, -0.296778, 0.19), (0.124, -0.328, -6.35048e-16), (0.124, -0.33, -6.35048e-16), (0.124, -0.33, 0.19), (0.124, -0.328, 0.19), (0.114, -0.319586, -8.43769e-16), (0.110336, -0.32325, -9.23706e-16), (0.110336, -0.32325, 0.19), (0.114, -0.319586, 0.19), (0.146, -0.27, -1.55431e-16), (0.124, -0.27, -6.17284e-16), (0.124, -0.27, 0.19), (0.146, -0.27, 0.19), (0.159664, -0.29325, 1.28786e-16), (0.156, -0.289586, 5.32907e-17), (0.156, -0.289586, 0.19), (0.159664, -0.29325, 0.19), (0.155, -0.297485, 2.66454e-17), (0.155, -0.302515, 2.66454e-17), (0.155, -0.302515, 0.19), (0.155, -0.297485, 0.19), (0.149222, -0.291293, -9.32587e-17), (0.154707, -0.296778, 2.22045e-17), (0.154707, -0.296778, 0.19), (0.149222, -0.291293, 0.19), (0.12825, -0.328, -5.4623e-16), (0.124, -0.328, -6.35048e-16), (0.124, -0.328, 0.19), (0.12825, -0.328, 0.19), (0.110336, -0.32325, -9.23706e-16), (0.107, -0.32325, -9.9476e-16), (0.107, -0.32325, 0.19), (0.110336, -0.32325, 0.19), (0.146, -0.272, -1.55431e-16), (0.146, -0.27, -1.55431e-16), (0.146, -0.27, 0.19), (0.146, -0.272, 0.19), (0.156, -0.289586, 5.32907e-17), (0.156, -0.280414, 5.32907e-17), (0.156, -0.280414, 0.19), (0.156, -0.289586, 0.19), (0.155, -0.302515, 2.66454e-17), (0.154966, -0.302774, 2.92753e-17), (0.154866, -0.303015, 2.70994e-17), (0.154707, -0.303222, 2.22045e-17), (0.154707, -0.303222, 0.19), (0.154866, -0.303015, 0.19), (0.154966, -0.302774, 0.19), (0.155, -0.302515, 0.19), (0.148515, -0.291, -1.06581e-16), (0.148774, -0.291034, -1.053e-16), (0.149015, -0.291134, -1.00217e-16), (0.149222, -0.291293, -9.32587e-17), (0.149222, -0.291293, 0.19), (0.149015, -0.291134, 0.19), (0.148774, -0.291034, 0.19), (0.148515, -0.291, 0.19), (0.12825, -0.324664, -5.41789e-16), (0.12825, -0.328, -5.4623e-16), (0.12825, -0.328, 0.19), (0.12825, -0.324664, 0.19), (0.107, -0.32325, -9.9476e-16), (0.107, -0.319, -9.9476e-16), (0.107, -0.319, 0.19), (0.107, -0.32325, 0.19), (0.14175, -0.272, -2.44249e-16), (0.146, -0.272, -1.55431e-16), (0.146, -0.272, 0.19), (0.14175, -0.272, 0.19), (0.156, -0.280414, 5.32907e-17), (0.159664, -0.27675, 1.33227e-16), (0.159664, -0.27675, 0.19), (0.156, -0.280414, 0.19), (0.154707, -0.303222, 2.22045e-17), (0.149222, -0.308707, -9.32587e-17), (0.149222, -0.308707, 0.19), (0.154707, -0.303222, 0.19), (0.115, -0.297485, -8.17124e-16), (0.115034, -0.297226, -8.19754e-16), (0.115134, -0.296985, -8.17578e-16), (0.115293, -0.296778, -8.12683e-16), (0.115293, -0.296778, 0.19), (0.115134, -0.296985, 0.19), (0.115034, -0.297226, 0.19), (0.115, -0.297485, 0.19), (0.147, -0.291, -1.37668e-16), (0.148515, -0.291, -1.06581e-16), (0.148515, -0.291, 0.19), (0.147, -0.291, 0.19), (0.124586, -0.321, -6.21725e-16), (0.12825, -0.324664, -5.41789e-16), (0.12825, -0.324664, 0.19), (0.124586, -0.321, 0.19), (0.115293, -0.296778, -8.12683e-16), (0.120778, -0.291293, -6.9722e-16), (0.120778, -0.291293, 0.19), (0.115293, -0.296778, 0.19), (0.107, -0.319, -9.9476e-16), (0.105, -0.319, -1.03473e-15), (0.105, -0.319, 0.19), (0.107, -0.319, 0.19), (0.14175, -0.275336, -2.4869e-16), (0.14175, -0.272, -2.44249e-16), (0.14175, -0.272, 0.19), (0.14175, -0.275336, 0.19), (0.159664, -0.27675, 1.33227e-16), (0.163, -0.27675, 2.04281e-16), (0.163, -0.27675, 0.19), (0.159664, -0.27675, 0.19), (0.149222, -0.308707, -9.32587e-17), (0.149015, -0.308866, -1.00648e-16), (0.148774, -0.308966, -1.05781e-16), (0.148515, -0.309, -1.15463e-16), (0.148515, -0.309, 0.19), (0.148774, -0.308966, 0.19), (0.149015, -0.308866, 0.19), (0.149222, -0.308707, 0.19), (0.115, -0.302515, -8.17124e-16), (0.115, -0.297485, -8.17124e-16), (0.115, -0.297485, 0.19), (0.115, -0.302515, 0.19), (0.144, -0.288, -1.9984e-16), (0.144402, -0.2895, -1.93068e-16), (0.1455, -0.290598, -1.70085e-16), (0.147, -0.291, -1.37668e-16), (0.147, -0.291, 0.19), (0.1455, -0.290598, 0.19), (0.144402, -0.2895, 0.19), (0.144, -0.288, 0.19), (0.115414, -0.321, -8.12683e-16), (0.124586, -0.321, -6.21725e-16), (0.124586, -0.321, 0.19), (0.115414, -0.321, 0.19), (0.120778, -0.291293, -6.9722e-16), (0.120985, -0.291134, -6.89831e-16), (0.121226, -0.291034, -6.84698e-16), (0.121485, -0.291, -6.75016e-16), (0.121485, -0.291, 0.19), (0.121226, -0.291034, 0.19), (0.120985, -0.291134, 0.19), (0.120778, -0.291293, 0.19), (0.105, -0.319, -1.03473e-15), (0.105, -0.328, -1.03917e-15), (0.105, -0.328, 0.19), (0.105, -0.319, 0.19), (0.145414, -0.279, -1.68754e-16), (0.14175, -0.275336, -2.4869e-16), (0.14175, -0.275336, 0.19), (0.145414, -0.279, 0.19), (0.163, -0.27675, 2.04281e-16), (0.163, -0.281, 2.04281e-16), (0.163, -0.281, 0.19), (0.163, -0.27675, 0.19), (0.148515, -0.309, -1.15463e-16), (0.147, -0.309, -1.46549e-16), (0.147, -0.309, 0.19), (0.148515, -0.309, 0.19), (0.115293, -0.303222, -8.12683e-16), (0.115134, -0.303015, -8.17827e-16), (0.115034, -0.302774, -8.19883e-16), (0.115, -0.302515, -8.17124e-16), (0.115, -0.302515, 0.19), (0.115034, -0.302774, 0.19), (0.115134, -0.303015, 0.19), (0.115293, -0.303222, 0.19), (0.144, -0.286485, -1.9984e-16), (0.144, -0.288, -1.9984e-16), (0.144, -0.288, 0.19), (0.144, -0.286485, 0.19), (0.11175, -0.324664, -8.92619e-16), (0.115414, -0.321, -8.12683e-16), (0.115414, -0.321, 0.19), (0.11175, -0.324664, 0.19), (0.121485, -0.291, -6.75016e-16), (0.123, -0.291, -6.43929e-16), (0.123, -0.291, 0.19), (0.121485, -0.291, 0.19), (0.105, -0.328, -1.03917e-15), (0.105268, -0.329, -1.03613e-15), (0.106, -0.329732, -1.02081e-15), (0.107, -0.33, -9.99201e-16), (0.107, -0.33, 0.19), (0.106, -0.329732, 0.19), (0.105268, -0.329, 0.19), (0.105, -0.328, 0.19), (0.154586, -0.279, 2.22045e-17), (0.145414, -0.279, -1.68754e-16), (0.145414, -0.279, 0.19), (0.154586, -0.279, 0.19), (0.163, -0.281, 2.04281e-16), (0.165, -0.281, 2.44249e-16), (0.165, -0.281, 0.19), (0.163, -0.281, 0.19), (0.12, -0.2816, -7.10543e-16), (0.122944, -0.2833, -6.47756e-16), (0.122944, -0.2867, -6.48603e-16), (0.12, -0.2884, -7.1139e-16), (0.117056, -0.2867, -7.7333e-16), (0.117056, -0.2833, -7.72483e-16), (0.12, -0.2816, 0.19), (0.117056, -0.2833, 0.19), (0.117056, -0.2867, 0.19), (0.12, -0.2884, 0.19), (0.122944, -0.2867, 0.19), (0.122944, -0.2833, 0.19), (0.12, -0.2816, -7.10543e-16), (0.12, -0.2816, 0.19), (0.147, -0.309, -1.46549e-16), (0.1455, -0.309402, -1.77672e-16), (0.144402, -0.3105, -2.01202e-16), (0.144, -0.312, -2.08722e-16), (0.144, -0.312, 0.19), (0.144402, -0.3105, 0.19), (0.1455, -0.309402, 0.19), (0.147, -0.309, 0.19), (0.120778, -0.308707, -6.9722e-16), (0.115293, -0.303222, -8.12683e-16), (0.115293, -0.303222, 0.19), (0.120778, -0.308707, 0.19), (0.143707, -0.285778, -2.04281e-16), (0.143866, -0.285985, -2.03578e-16), (0.143966, -0.286226, -2.01522e-16), (0.144, -0.286485, -1.9984e-16), (0.144, -0.286485, 0.19), (0.143966, -0.286226, 0.19), (0.143866, -0.285985, 0.19), (0.143707, -0.285778, 0.19), (0.11175, -0.328, -8.9706e-16), (0.11175, -0.324664, -8.92619e-16), (0.11175, -0.324664, 0.19), (0.11175, -0.328, 0.19), (0.123, -0.291, -6.43929e-16), (0.1245, -0.290598, -6.12807e-16), (0.125598, -0.2895, -5.89277e-16), (0.126, -0.288, -5.81757e-16), (0.126, -0.288, 0.19), (0.125598, -0.2895, 0.19), (0.1245, -0.290598, 0.19), (0.123, -0.291, 0.19), (0.107, -0.33, -9.99201e-16), (0.116, -0.33, -8.08242e-16), (0.116, -0.33, 0.19), (0.107, -0.33, 0.19), (0.15825, -0.275336, 1.02141e-16), (0.154586, -0.279, 2.22045e-17), (0.154586, -0.279, 0.19), (0.15825, -0.275336, 0.19), (0.165, -0.281, 2.44249e-16), (0.165, -0.272, 2.4869e-16), (0.165, -0.272, 0.19), (0.165, -0.281, 0.19), (0.12, -0.3116, -7.19425e-16), (0.122944, -0.3133, -6.56637e-16), (0.122944, -0.3167, -6.57485e-16), (0.12, -0.3184, -7.20272e-16), (0.117056, -0.3167, -7.82212e-16), (0.117056, -0.3133, -7.81364e-16), (0.12, -0.3116, 0.19), (0.117056, -0.3133, 0.19), (0.117056, -0.3167, 0.19), (0.12, -0.3184, 0.19), (0.122944, -0.3167, 0.19), (0.122944, -0.3133, 0.19), (0.12, -0.3116, -7.19425e-16), (0.12, -0.3116, 0.19), (0.144, -0.312, -2.08722e-16), (0.144, -0.313515, -2.08722e-16), (0.144, -0.313515, 0.19), (0.144, -0.312, 0.19), (0.121485, -0.309, -6.83897e-16), (0.121226, -0.308966, -6.85179e-16), (0.120985, -0.308866, -6.90262e-16), (0.120778, -0.308707, -6.9722e-16), (0.120778, -0.308707, 0.19), (0.120985, -0.308866, 0.19), (0.121226, -0.308966, 0.19), (0.121485, -0.309, 0.19), (0.138222, -0.280293, -3.24185e-16), (0.143707, -0.285778, -2.04281e-16), (0.143707, -0.285778, 0.19), (0.138222, -0.280293, 0.19), (0.116, -0.328, -8.08242e-16), (0.11175, -0.328, -8.9706e-16), (0.11175, -0.328, 0.19), (0.116, -0.328, 0.19), (0.126, -0.288, -5.81757e-16), (0.126, -0.286485, -5.81757e-16), (0.126, -0.286485, 0.19), (0.126, -0.288, 0.19), (0.15825, -0.272, 1.06581e-16), (0.15825, -0.275336, 1.02141e-16), (0.15825, -0.275336, 0.19), (0.15825, -0.272, 0.19), (0.165, -0.272, 2.4869e-16), (0.164732, -0.271, 2.45655e-16), (0.164, -0.270268, 2.30333e-16), (0.163, -0.27, 2.08722e-16), (0.163, -0.27, 0.19), (0.164, -0.270268, 0.19), (0.164732, -0.271, 0.19), (0.165, -0.272, 0.19), (0.15, -0.3116, -7.99361e-17), (0.152944, -0.3133, -1.7149e-17), (0.152944, -0.3167, -1.79963e-17), (0.15, -0.3184, -8.07834e-17), (0.147056, -0.3167, -1.42723e-16), (0.147056, -0.3133, -1.41876e-16), (0.15, -0.3116, 0.19), (0.147056, -0.3133, 0.19), (0.147056, -0.3167, 0.19), (0.15, -0.3184, 0.19), (0.152944, -0.3167, 0.19), (0.152944, -0.3133, 0.19), (0.15, -0.3116, -7.99361e-17), (0.15, -0.3116, 0.19), (0.144, -0.313515, -2.08722e-16), (0.143966, -0.313774, -2.10533e-16), (0.143866, -0.314015, -2.12709e-16), (0.143707, -0.314222, -2.13163e-16), (0.143707, -0.314222, 0.19), (0.143866, -0.314015, 0.19), (0.143966, -0.313774, 0.19), (0.144, -0.313515, 0.19), (0.165, -0.272, 0.19), (0.164732, -0.271, 0.19), (0.164, -0.270268, 0.19), (0.163, -0.27, 0.19), (0.154, -0.27, 0.19), (0.154, -0.272, 0.19), (0.15825, -0.272, 0.19), (0.15825, -0.275336, 0.19), (0.154586, -0.279, 0.19), (0.145414, -0.279, 0.19), (0.14175, -0.275336, 0.19), (0.14175, -0.272, 0.19), (0.146, -0.272, 0.19), (0.146, -0.27, 0.19), (0.124, -0.27, 0.19), (0.124, -0.272, 0.19), (0.12825, -0.272, 0.19), (0.12825, -0.275336, 0.19), (0.124586, -0.279, 0.19), (0.115414, -0.279, 0.19), (0.11175, -0.275336, 0.19), (0.11175, -0.272, 0.19), (0.116, -0.272, 0.19), (0.116, -0.27, 0.19), (0.107, -0.27, 0.19), (0.106, -0.270268, 0.19), (0.105268, -0.271, 0.19), (0.105, -0.272, 0.19), (0.105, -0.281, 0.19), (0.107, -0.281, 0.19), (0.107, -0.27675, 0.19), (0.110336, -0.27675, 0.19), (0.114, -0.280414, 0.19), (0.114, -0.289586, 0.19), (0.110336, -0.29325, 0.19), (0.107, -0.29325, 0.19), (0.107, -0.289, 0.19), (0.105, -0.289, 0.19), (0.105, -0.311, 0.19), (0.107, -0.311, 0.19), (0.107, -0.30675, 0.19), (0.110336, -0.30675, 0.19), (0.114, -0.310414, 0.19), (0.114, -0.319586, 0.19), (0.110336, -0.32325, 0.19), (0.107, -0.32325, 0.19), (0.107, -0.319, 0.19), (0.105, -0.319, 0.19), (0.105, -0.328, 0.19), (0.105268, -0.329, 0.19), (0.106, -0.329732, 0.19), (0.107, -0.33, 0.19), (0.116, -0.33, 0.19), (0.116, -0.328, 0.19), (0.11175, -0.328, 0.19), (0.11175, -0.324664, 0.19), (0.115414, -0.321, 0.19), (0.124586, -0.321, 0.19), (0.12825, -0.324664, 0.19), (0.12825, -0.328, 0.19), (0.124, -0.328, 0.19), (0.124, -0.33, 0.19), (0.146, -0.33, 0.19), (0.146, -0.328, 0.19), (0.14175, -0.328, 0.19), (0.14175, -0.324664, 0.19), (0.145414, -0.321, 0.19), (0.154586, -0.321, 0.19), (0.15825, -0.324664, 0.19), (0.15825, -0.328, 0.19), (0.154, -0.328, 0.19), (0.154, -0.33, 0.19), (0.163, -0.33, 0.19), (0.164, -0.329732, 0.19), (0.164732, -0.329, 0.19), (0.165, -0.328, 0.19), (0.165, -0.319, 0.19), (0.163, -0.319, 0.19), (0.163, -0.32325, 0.19), (0.159664, -0.32325, 0.19), (0.156, -0.319586, 0.19), (0.156, -0.310414, 0.19), (0.159664, -0.30675, 0.19), (0.163, -0.30675, 0.19), (0.163, -0.311, 0.19), (0.165, -0.311, 0.19), (0.165, -0.289, 0.19), (0.163, -0.289, 0.19), (0.163, -0.29325, 0.19), (0.159664, -0.29325, 0.19), (0.156, -0.289586, 0.19), (0.156, -0.280414, 0.19), (0.159664, -0.27675, 0.19), (0.163, -0.27675, 0.19), (0.163, -0.281, 0.19), (0.165, -0.281, 0.19), (0.126293, -0.285778, 0.19), (0.131778, -0.280293, 0.19), (0.131985, -0.280134, 0.19), (0.132226, -0.280034, 0.19), (0.132485, -0.28, 0.19), (0.137515, -0.28, 0.19), (0.137774, -0.280034, 0.19), (0.138015, -0.280134, 0.19), (0.138222, -0.280293, 0.19), (0.143707, -0.285778, 0.19), (0.143866, -0.285985, 0.19), (0.143966, -0.286226, 0.19), (0.144, -0.286485, 0.19), (0.144, -0.288, 0.19), (0.144402, -0.2895, 0.19), (0.1455, -0.290598, 0.19), (0.147, -0.291, 0.19), (0.148515, -0.291, 0.19), (0.148774, -0.291034, 0.19), (0.149015, -0.291134, 0.19), (0.149222, -0.291293, 0.19), (0.154707, -0.296778, 0.19), (0.154866, -0.296985, 0.19), (0.154966, -0.297226, 0.19), (0.155, -0.297485, 0.19), (0.155, -0.302515, 0.19), (0.154966, -0.302774, 0.19), (0.154866, -0.303015, 0.19), (0.154707, -0.303222, 0.19), (0.149222, -0.308707, 0.19), (0.149015, -0.308866, 0.19), (0.148774, -0.308966, 0.19), (0.148515, -0.309, 0.19), (0.147, -0.309, 0.19), (0.1455, -0.309402, 0.19), (0.144402, -0.3105, 0.19), (0.144, -0.312, 0.19), (0.144, -0.313515, 0.19), (0.143966, -0.313774, 0.19), (0.143866, -0.314015, 0.19), (0.143707, -0.314222, 0.19), (0.138222, -0.319707, 0.19), (0.138015, -0.319866, 0.19), (0.137774, -0.319966, 0.19), (0.137515, -0.32, 0.19), (0.132485, -0.32, 0.19), (0.132226, -0.319966, 0.19), (0.131985, -0.319866, 0.19), (0.131778, -0.319707, 0.19), (0.126293, -0.314222, 0.19), (0.126134, -0.314015, 0.19), (0.126034, -0.313774, 0.19), (0.126, -0.313515, 0.19), (0.126, -0.312, 0.19), (0.125598, -0.3105, 0.19), (0.1245, -0.309402, 0.19), (0.123, -0.309, 0.19), (0.121485, -0.309, 0.19), (0.121226, -0.308966, 0.19), (0.120985, -0.308866, 0.19), (0.120778, -0.308707, 0.19), (0.115293, -0.303222, 0.19), (0.115134, -0.303015, 0.19), (0.115034, -0.302774, 0.19), (0.115, -0.302515, 0.19), (0.115, -0.297485, 0.19), (0.115034, -0.297226, 0.19), (0.115134, -0.296985, 0.19), (0.115293, -0.296778, 0.19), (0.120778, -0.291293, 0.19), (0.120985, -0.291134, 0.19), (0.121226, -0.291034, 0.19), (0.121485, -0.291, 0.19), (0.123, -0.291, 0.19), (0.1245, -0.290598, 0.19), (0.125598, -0.2895, 0.19), (0.126, -0.288, 0.19), (0.126, -0.286485, 0.19), (0.126034, -0.286226, 0.19), (0.126134, -0.285985, 0.19), (0.12, -0.3116, 0.19), (0.122944, -0.3133, 0.19), (0.122944, -0.3167, 0.19), (0.12, -0.3184, 0.19), (0.117056, -0.3167, 0.19), (0.117056, -0.3133, 0.19), (0.15, -0.3116, 0.19), (0.152944, -0.3133, 0.19), (0.152944, -0.3167, 0.19), (0.15, -0.3184, 0.19), (0.147056, -0.3167, 0.19), (0.147056, -0.3133, 0.19), (0.12, -0.2816, 0.19), (0.122944, -0.2833, 0.19), (0.122944, -0.2867, 0.19), (0.12, -0.2884, 0.19), (0.117056, -0.2867, 0.19), (0.117056, -0.2833, 0.19), (0.15, -0.2884, 0.19), (0.147056, -0.2867, 0.19), (0.147056, -0.2833, 0.19), (0.15, -0.2816, 0.19), (0.152944, -0.2833, 0.19), (0.152944, -0.2867, 0.19), (0.123, -0.309, -6.52811e-16), (0.121485, -0.309, -6.83897e-16), (0.121485, -0.309, 0.19), (0.123, -0.309, 0.19), (0.137515, -0.28, -3.37508e-16), (0.137774, -0.280034, -3.31785e-16), (0.138015, -0.280134, -3.26702e-16), (0.138222, -0.280293, -3.24185e-16), (0.138222, -0.280293, 0.19), (0.138015, -0.280134, 0.19), (0.137774, -0.280034, 0.19), (0.137515, -0.28, 0.19), (0.116, -0.33, -8.08242e-16), (0.116, -0.328, -8.08242e-16), (0.116, -0.328, 0.19), (0.116, -0.33, 0.19), (0.126, -0.286485, -5.81757e-16), (0.126034, -0.286226, -5.79946e-16), (0.126134, -0.285985, -5.7777e-16), (0.126293, -0.285778, -5.77316e-16), (0.126293, -0.285778, 0.19), (0.126134, -0.285985, 0.19), (0.126034, -0.286226, 0.19), (0.126, -0.286485, 0.19), (0.154, -0.272, 1.77636e-17), (0.15825, -0.272, 1.06581e-16), (0.15825, -0.272, 0.19), (0.154, -0.272, 0.19), (0.163, -0.27, 2.08722e-16), (0.154, -0.27, 1.77636e-17), (0.154, -0.27, 0.19), (0.163, -0.27, 0.19), (0.15, -0.2884, -7.10543e-17), (0.147056, -0.2867, -1.33841e-16), (0.147056, -0.2833, -1.32994e-16), (0.15, -0.2816, -7.0207e-17), (0.152944, -0.2833, -8.2672e-18), (0.152944, -0.2867, -9.11449e-18), (0.15, -0.2884, 0.19), (0.152944, -0.2867, 0.19), (0.152944, -0.2833, 0.19), (0.15, -0.2816, 0.19), (0.147056, -0.2833, 0.19), (0.147056, -0.2867, 0.19), (0.15, -0.2884, -7.10543e-17), (0.15, -0.2884, 0.19), (0.143707, -0.314222, -2.13163e-16), (0.138222, -0.319707, -3.33067e-16), (0.138222, -0.319707, 0.19), (0.143707, -0.314222, 0.19), (0.126, -0.312, -5.90639e-16), (0.125598, -0.3105, -5.97411e-16), (0.1245, -0.309402, -6.20394e-16), (0.123, -0.309, -6.52811e-16), (0.123, -0.309, 0.19), (0.1245, -0.309402, 0.19), (0.125598, -0.3105, 0.19), (0.126, -0.312, 0.19), (0.132485, -0.28, -4.44089e-16), (0.137515, -0.28, -3.37508e-16), (0.137515, -0.28, 0.19), (0.132485, -0.28, 0.19), (0.126293, -0.285778, -5.77316e-16), (0.131778, -0.280293, -4.57412e-16), (0.131778, -0.280293, 0.19), (0.126293, -0.285778, 0.19), (0.154, -0.27, 1.77636e-17), (0.154, -0.272, 1.77636e-17), (0.154, -0.272, 0.19), (0.154, -0.27, 0.19), (0.126, -0.313515, -5.90639e-16), (0.126, -0.312, -5.90639e-16), (0.126, -0.312, 0.19), (0.126, -0.313515, 0.19), (0.131778, -0.280293, -4.57412e-16), (0.131985, -0.280134, -4.54463e-16), (0.132226, -0.280034, -4.4933e-16), (0.132485, -0.28, -4.44089e-16), (0.132485, -0.28, 0.19), (0.132226, -0.280034, 0.19), (0.131985, -0.280134, 0.19), (0.131778, -0.280293, 0.19), (0.126293, -0.314222, -5.86198e-16), (0.126134, -0.314015, -5.86901e-16), (0.126034, -0.313774, -5.88957e-16), (0.126, -0.313515, -5.90639e-16), (0.126, -0.313515, 0.19), (0.126034, -0.313774, 0.19), (0.126134, -0.314015, 0.19), (0.126293, -0.314222, 0.19), (0.131778, -0.319707, -4.66294e-16), (0.126293, -0.314222, -5.86198e-16), (0.126293, -0.314222, 0.19), (0.131778, -0.319707, 0.19), (0.132485, -0.32, -4.52971e-16), (0.132226, -0.319966, -4.58693e-16), (0.131985, -0.319866, -4.63777e-16), (0.131778, -0.319707, -4.66294e-16), (0.131778, -0.319707, 0.19), (0.131985, -0.319866, 0.19), (0.132226, -0.319966, 0.19), (0.132485, -0.32, 0.19), (0.137515, -0.32, -3.4639e-16), (0.132485, -0.32, -4.52971e-16), (0.132485, -0.32, 0.19), (0.137515, -0.32, 0.19), (0.138222, -0.319707, -3.33067e-16), (0.138015, -0.319866, -3.36016e-16), (0.137774, -0.319966, -3.41149e-16), (0.137515, -0.32, -3.4639e-16), (0.137515, -0.32, 0.19), (0.137774, -0.319966, 0.19), (0.138015, -0.319866, 0.19), (0.138222, -0.319707, 0.19), (0.132485, -0.28, -4.44089e-16), (0.132226, -0.280034, -4.4933e-16), (0.131985, -0.280134, -4.54463e-16), (0.131778, -0.280293, -4.57412e-16), (0.126293, -0.285778, -5.77316e-16), (0.126134, -0.285985, -5.7777e-16), (0.126034, -0.286226, -5.79946e-16), (0.126, -0.286485, -5.81757e-16), (0.126, -0.288, -5.81757e-16), (0.125598, -0.2895, -5.89277e-16), (0.1245, -0.290598, -6.12807e-16), (0.123, -0.291, -6.43929e-16), (0.121485, -0.291, -6.75016e-16), (0.121226, -0.291034, -6.84698e-16), (0.120985, -0.291134, -6.89831e-16), (0.120778, -0.291293, -6.9722e-16), (0.115293, -0.296778, -8.12683e-16), (0.115134, -0.296985, -8.17578e-16), (0.115034, -0.297226, -8.19754e-16), (0.115, -0.297485, -8.17124e-16), (0.115, -0.302515, -8.17124e-16), (0.115034, -0.302774, -8.19883e-16), (0.115134, -0.303015, -8.17827e-16), (0.115293, -0.303222, -8.12683e-16), (0.120778, -0.308707, -6.9722e-16), (0.120985, -0.308866, -6.90262e-16), (0.121226, -0.308966, -6.85179e-16), (0.121485, -0.309, -6.83897e-16), (0.123, -0.309, -6.52811e-16), (0.1245, -0.309402, -6.20394e-16), (0.125598, -0.3105, -5.97411e-16), (0.126, -0.312, -5.90639e-16), (0.126, -0.313515, -5.90639e-16), (0.126034, -0.313774, -5.88957e-16), (0.126134, -0.314015, -5.86901e-16), (0.126293, -0.314222, -5.86198e-16), (0.131778, -0.319707, -4.66294e-16), (0.131985, -0.319866, -4.63777e-16), (0.132226, -0.319966, -4.58693e-16), (0.132485, -0.32, -4.52971e-16), (0.137515, -0.32, -3.4639e-16), (0.137774, -0.319966, -3.41149e-16), (0.138015, -0.319866, -3.36016e-16), (0.138222, -0.319707, -3.33067e-16), (0.143707, -0.314222, -2.13163e-16), (0.143866, -0.314015, -2.12709e-16), (0.143966, -0.313774, -2.10533e-16), (0.144, -0.313515, -2.08722e-16), (0.144, -0.312, -2.08722e-16), (0.144402, -0.3105, -2.01202e-16), (0.1455, -0.309402, -1.77672e-16), (0.147, -0.309, -1.46549e-16), (0.148515, -0.309, -1.15463e-16), (0.148774, -0.308966, -1.05781e-16), (0.149015, -0.308866, -1.00648e-16), (0.149222, -0.308707, -9.32587e-17), (0.154707, -0.303222, 2.22045e-17), (0.154866, -0.303015, 2.70994e-17), (0.154966, -0.302774, 2.92753e-17), (0.155, -0.302515, 2.66454e-17), (0.155, -0.297485, 2.66454e-17), (0.154966, -0.297226, 2.94043e-17), (0.154866, -0.296985, 2.73486e-17), (0.154707, -0.296778, 2.22045e-17), (0.149222, -0.291293, -9.32587e-17), (0.149015, -0.291134, -1.00217e-16), (0.148774, -0.291034, -1.053e-16), (0.148515, -0.291, -1.06581e-16), (0.147, -0.291, -1.37668e-16), (0.1455, -0.290598, -1.70085e-16), (0.144402, -0.2895, -1.93068e-16), (0.144, -0.288, -1.9984e-16), (0.144, -0.286485, -1.9984e-16), (0.143966, -0.286226, -2.01522e-16), (0.143866, -0.285985, -2.03578e-16), (0.143707, -0.285778, -2.04281e-16), (0.138222, -0.280293, -3.24185e-16), (0.138015, -0.280134, -3.26702e-16), (0.137774, -0.280034, -3.31785e-16), (0.137515, -0.28, -3.37508e-16), (0.154, -0.272, 1.77636e-17), (0.154, -0.27, 1.77636e-17), (0.163, -0.27, 2.08722e-16), (0.164, -0.270268, 2.30333e-16), (0.164732, -0.271, 2.45655e-16), (0.165, -0.272, 2.4869e-16), (0.165, -0.281, 2.44249e-16), (0.163, -0.281, 2.04281e-16), (0.163, -0.27675, 2.04281e-16), (0.159664, -0.27675, 1.33227e-16), (0.156, -0.280414, 5.32907e-17), (0.156, -0.289586, 5.32907e-17), (0.159664, -0.29325, 1.28786e-16), (0.163, -0.29325, 1.9984e-16), (0.163, -0.289, 2.04281e-16), (0.165, -0.289, 2.44249e-16), (0.165, -0.311, 2.35367e-16), (0.163, -0.311, 1.95399e-16), (0.163, -0.30675, 1.9984e-16), (0.159664, -0.30675, 1.28786e-16), (0.156, -0.310414, 4.44089e-17), (0.156, -0.319586, 4.44089e-17), (0.159664, -0.32325, 1.24345e-16), (0.163, -0.32325, 1.95399e-16), (0.163, -0.319, 1.95399e-16), (0.165, -0.319, 2.35367e-16), (0.165, -0.328, 2.30926e-16), (0.164732, -0.329, 2.27394e-16), (0.164, -0.329732, 2.11706e-16), (0.163, -0.33, 1.90958e-16), (0.154, -0.33, 0), (0.154, -0.328, 0), (0.15825, -0.328, 8.88178e-17), (0.15825, -0.324664, 9.32587e-17), (0.154586, -0.321, 1.33227e-17), (0.145414, -0.321, -1.77636e-16), (0.14175, -0.324664, -2.57572e-16), (0.14175, -0.328, -2.62013e-16), (0.146, -0.328, -1.73195e-16), (0.146, -0.33, -1.73195e-16), (0.124, -0.33, -6.35048e-16), (0.124, -0.328, -6.35048e-16), (0.12825, -0.328, -5.4623e-16), (0.12825, -0.324664, -5.41789e-16), (0.124586, -0.321, -6.21725e-16), (0.115414, -0.321, -8.12683e-16), (0.11175, -0.324664, -8.92619e-16), (0.11175, -0.328, -8.9706e-16), (0.116, -0.328, -8.08242e-16), (0.116, -0.33, -8.08242e-16), (0.107, -0.33, -9.99201e-16), (0.106, -0.329732, -1.02081e-15), (0.105268, -0.329, -1.03613e-15), (0.105, -0.328, -1.03917e-15), (0.105, -0.319, -1.03473e-15), (0.107, -0.319, -9.9476e-16), (0.107, -0.32325, -9.9476e-16), (0.110336, -0.32325, -9.23706e-16), (0.114, -0.319586, -8.43769e-16), (0.114, -0.310414, -8.43769e-16), (0.110336, -0.30675, -9.19265e-16), (0.107, -0.30675, -9.90319e-16), (0.107, -0.311, -9.9476e-16), (0.105, -0.311, -1.03473e-15), (0.105, -0.289, -1.02585e-15), (0.107, -0.289, -9.85878e-16), (0.107, -0.29325, -9.90319e-16), (0.110336, -0.29325, -9.19265e-16), (0.114, -0.289586, -8.34888e-16), (0.114, -0.280414, -8.34888e-16), (0.110336, -0.27675, -9.14824e-16), (0.107, -0.27675, -9.85878e-16), (0.107, -0.281, -9.85878e-16), (0.105, -0.281, -1.02585e-15), (0.105, -0.272, -1.02141e-15), (0.105268, -0.271, -1.01787e-15), (0.106, -0.270268, -1.00219e-15), (0.107, -0.27, -9.81437e-16), (0.116, -0.27, -7.90479e-16), (0.116, -0.272, -7.90479e-16), (0.11175, -0.272, -8.79297e-16), (0.11175, -0.275336, -8.83738e-16), (0.115414, -0.279, -8.03801e-16), (0.124586, -0.279, -6.12843e-16), (0.12825, -0.275336, -5.32907e-16), (0.12825, -0.272, -5.28466e-16), (0.124, -0.272, -6.17284e-16), (0.124, -0.27, -6.17284e-16), (0.146, -0.27, -1.55431e-16), (0.146, -0.272, -1.55431e-16), (0.14175, -0.272, -2.44249e-16), (0.14175, -0.275336, -2.4869e-16), (0.145414, -0.279, -1.68754e-16), (0.154586, -0.279, 2.22045e-17), (0.15825, -0.275336, 1.02141e-16), (0.15825, -0.272, 1.06581e-16), (0.15, -0.2884, -7.10543e-17), (0.152944, -0.2867, -9.11449e-18), (0.152944, -0.2833, -8.2672e-18), (0.15, -0.2816, -7.0207e-17), (0.147056, -0.2833, -1.32994e-16), (0.147056, -0.2867, -1.33841e-16), (0.15, -0.3116, -7.99361e-17), (0.147056, -0.3133, -1.41876e-16), (0.147056, -0.3167, -1.42723e-16), (0.15, -0.3184, -8.07834e-17), (0.152944, -0.3167, -1.79963e-17), (0.152944, -0.3133, -1.7149e-17), (0.12, -0.3116, -7.19425e-16), (0.117056, -0.3133, -7.81364e-16), (0.117056, -0.3167, -7.82212e-16), (0.12, -0.3184, -7.20272e-16), (0.122944, -0.3167, -6.57485e-16), (0.122944, -0.3133, -6.56637e-16), (0.12, -0.2816, -7.10543e-16), (0.117056, -0.2833, -7.72483e-16), (0.117056, -0.2867, -7.7333e-16), (0.12, -0.2884, -7.1139e-16), (0.122944, -0.2867, -6.48603e-16), (0.122944, -0.2833, -6.47756e-16)]
        uniform token subdivisionScheme = "none"
    }

    def Mesh "pillar_r" (
        prepend apiSchemas = ["PhysicsCollisionAPI", "PhysicsMeshCollisionAPI", "MaterialBindingAPI"]
    )
    {
        int[] faceVertexCounts = [3, 3, 3, 3, 3, 3, 3, 3, 3, 3, 3, 3, 3, 3, 3, 3, 3, 3, 3, 3, 3, 3, 3, 3, 3, 3, 3, 3, 3, 3, 3, 3, 3, 3, 3, 3, 3, 3, 3, 3, 3, 3, 3, 3, 3, 3, 3, 3, 3, 3, 3, 3, 3, 3, 3, 3, 3, 3, 3, 3, 3, 3, 3, 3, 3, 3, 3, 3, 3, 3, 3, 3, 3, 3, 3, 3, 3, 3, 3, 3, 3, 3, 3, 3, 3, 3, 3, 3, 3, 3, 3, 3, 3, 3, 3, 3, 3, 3, 3, 3, 3, 3, 3, 3, 3, 3, 3, 3, 3, 3, 3, 3, 3, 3, 3, 3, 3, 3, 3, 3, 3, 3, 3, 3, 3, 3, 3, 3, 3, 3, 3, 3, 3, 3, 3, 3, 3, 3, 3, 3, 3, 3, 3, 3, 3, 3, 3, 3, 3, 3, 3, 3, 3, 3, 3, 3, 3, 3, 3, 3, 3, 3, 3, 3, 3, 3, 3, 3, 3, 3, 3, 3, 3, 3, 3, 3, 3, 3, 3, 3, 3, 3, 3, 3, 3, 3, 3, 3, 3, 3, 3, 3, 3, 3, 3, 3, 3, 3, 3, 3, 3, 3, 3, 3, 3, 3, 3, 3, 3, 3, 3, 3, 3, 3, 3, 3, 3, 3, 3, 3, 3, 3, 3, 3, 3, 3, 3, 3, 3, 3, 3, 3, 3, 3, 3, 3, 3, 3, 3, 3, 3, 3, 3, 3, 3, 3, 3, 3, 3, 3, 3, 3, 3, 3, 3, 3, 3, 3, 3, 3, 3, 3, 3, 3, 3, 3, 3, 3, 3, 3, 3, 3, 3, 3, 3, 3, 3, 3, 3, 3, 3, 3, 3, 3, 3, 3, 3, 3, 3, 3, 3, 3, 3, 3, 3, 3, 3, 3, 3, 3, 3, 3, 3, 3, 3, 3, 3, 3, 3, 3, 3, 3, 3, 3, 3, 3, 3, 3, 3, 3, 3, 3, 3, 3, 3, 3, 3, 3, 3, 3, 3, 3, 3, 3, 3, 3, 3, 3, 3, 3, 3, 3, 3, 3, 3, 3, 3, 3, 3, 3, 3, 3, 3, 3, 3, 3, 3, 3, 3, 3, 3, 3, 3, 3, 3, 3, 3, 3, 3, 3, 3, 3, 3, 3, 3, 3, 3, 3, 3, 3, 3, 3, 3, 3, 3, 3, 3, 3, 3, 3, 3, 3, 3, 3, 3, 3, 3, 3, 3, 3, 3, 3, 3, 3, 3, 3, 3, 3, 3, 3, 3, 3, 3, 3, 3, 3, 3, 3, 3, 3, 3, 3, 3, 3, 3, 3, 3, 3, 3, 3, 3, 3, 3, 3, 3, 3, 3, 3, 3, 3, 3, 3, 3, 3, 3, 3, 3, 3, 3, 3, 3, 3, 3, 3, 3, 3, 3, 3, 3, 3, 3, 3, 3, 3, 3, 3, 3, 3, 3, 3, 3, 3, 3, 3, 3, 3, 3, 3, 3, 3, 3, 3, 3, 3, 3, 3, 3, 3, 3, 3, 3, 3, 3, 3, 3, 3, 3, 3, 3, 3, 3, 3, 3, 3, 3, 3, 3, 3, 3, 3, 3, 3, 3, 3, 3, 3, 3, 3, 3, 3, 3, 3, 3, 3, 3, 3, 3, 3, 3, 3, 3, 3, 3, 3, 3, 3, 3, 3, 3, 3, 3, 3, 3, 3, 3, 3, 3, 3, 3, 3, 3, 3, 3, 3, 3, 3, 3, 3, 3, 3, 3, 3, 3, 3, 3, 3, 3, 3, 3, 3, 3, 3, 3, 3, 3, 3, 3, 3, 3, 3, 3, 3, 3, 3, 3, 3, 3, 3, 3, 3, 3, 3, 3, 3, 3, 3, 3, 3, 3, 3, 3, 3, 3, 3, 3, 3, 3, 3, 3, 3, 3, 3, 3, 3, 3, 3, 3, 3, 3, 3, 3, 3, 3, 3, 3, 3, 3, 3, 3, 3, 3, 3, 3, 3, 3, 3, 3, 3, 3, 3, 3, 3, 3, 3, 3, 3, 3, 3, 3, 3, 3, 3, 3, 3, 3, 3, 3, 3, 3, 3, 3, 3, 3, 3, 3, 3, 3, 3, 3, 3, 3, 3, 3, 3, 3, 3, 3, 3, 3, 3, 3, 3, 3, 3, 3, 3, 3, 3, 3, 3, 3, 3, 3, 3, 3, 3, 3, 3, 3, 3, 3, 3, 3, 3, 3, 3, 3, 3, 3, 3, 3, 3, 3, 3, 3, 3, 3, 3, 3, 3, 3, 3, 3, 3, 3, 3, 3, 3, 3, 3, 3, 3, 3, 3, 3, 3, 3, 3, 3, 3, 3, 3, 3, 3, 3, 3, 3, 3, 3, 3, 3, 3, 3, 3, 3, 3, 3, 3, 3, 3, 3, 3, 3, 3, 3, 3, 3, 3, 3, 3, 3, 3, 3, 3, 3, 3, 3, 3, 3, 3, 3, 3, 3, 3, 3, 3, 3, 3, 3, 3, 3, 3, 3, 3, 3, 3, 3, 3, 3, 3, 3, 3, 3, 3, 3, 3, 3, 3, 3, 3, 3, 3, 3, 3, 3, 3]
        int[] faceVertexIndices = [1, 2, 0, 0, 2, 3, 5, 6, 4, 4, 6, 7, 8, 9, 11, 11, 9, 10, 12, 13, 15, 15, 13, 14, 16, 17, 19, 19, 17, 18, 27, 20, 26, 26, 20, 21, 26, 21, 25, 25, 21, 22, 25, 22, 24, 24, 22, 23, 29, 30, 28, 28, 30, 31, 33, 34, 32, 32, 34, 35, 37, 38, 36, 36, 38, 39, 40, 41, 43, 43, 41, 42, 45, 46, 44, 44, 46, 47, 55, 48, 54, 54, 48, 49, 54, 49, 53, 53, 49, 50, 53, 50, 52, 52, 50, 51, 56, 57, 59, 59, 57, 58, 61, 62, 60, 60, 62, 63, 65, 66, 64, 64, 66, 67, 68, 69, 71, 71, 69, 70, 73, 74, 72, 72, 74, 75, 76, 77, 79, 79, 77, 78, 80, 81, 83, 83, 81, 82, 85, 86, 84, 84, 86, 87, 89, 90, 88, 88, 90, 91, 93, 94, 92, 92, 94, 95, 97, 98, 96, 96, 98, 99, 100, 101, 103, 103, 101, 102, 105, 106, 104, 104, 106, 107, 109, 110, 108, 108, 110, 111, 112, 113, 115, 115, 113, 114, 117, 118, 116, 116, 118, 119, 120, 121, 123, 123, 121, 122, 124, 125, 127, 127, 125, 126, 129, 130, 128, 128, 130, 131, 133, 134, 132, 132, 134, 135, 137, 138, 136, 136, 138, 139, 141, 142, 140, 140, 142, 143, 144, 145, 147, 147, 145, 146, 148, 149, 151, 151, 149, 150, 152, 153, 155, 155, 153, 154, 157, 158, 156, 156, 158, 159, 161, 162, 160, 160, 162, 163, 165, 166, 164, 164, 166, 167, 169, 170, 168, 168, 170, 171, 172, 173, 175, 175, 173, 174, 176, 177, 179, 179, 177, 178, 181, 182, 180, 180, 182, 183, 184, 185, 187, 187, 185, 186, 189, 190, 188, 188, 190, 191, 193, 194, 192, 192, 194, 195, 196, 197, 199, 199, 197, 198, 201, 202, 200, 200, 202, 203, 204, 205, 207, 207, 205, 206, 209, 210, 208, 208, 210, 211, 213, 214, 212, 212, 214, 215, 216, 217, 219, 219, 217, 218, 227, 220, 226, 226, 220, 221, 226, 221, 225, 225, 221, 222, 225, 222, 224, 224, 222, 223, 229, 230, 228, 228, 230, 231, 233, 234, 232, 232, 234, 235, 236, 237, 239, 239, 237, 238, 241, 242, 240, 240, 242, 243, 244, 245, 247, 247, 245, 246, 248, 249, 251, 251, 249, 250, 252, 253, 255, 255, 253, 254, 256, 257, 259, 259, 257, 258, 261, 262, 260, 260, 262, 263, 265, 266, 264, 264, 266, 267, 275, 268, 274, 274, 268, 269, 274, 269, 273, 273, 269, 270, 273, 270, 272, 272, 270, 271, 283, 276, 282, 282, 276, 277, 282, 277, 281, 281, 277, 278, 281, 278, 280, 280, 278, 279, 285, 286, 284, 284, 286, 287, 289, 290, 288, 288, 290, 291, 292, 293, 295, 295, 293, 294, 297, 298, 296, 296, 298, 299, 300, 301, 303, 303, 301, 302, 311, 304, 310, 310, 304, 305, 310, 305, 309, 309, 305, 306, 309, 306, 308, 308, 306, 307, 313, 314, 312, 312, 314, 315, 317, 318, 316, 316, 318, 319, 320, 321, 323, 323, 321, 322, 324, 325, 327, 327, 325, 326, 329, 330, 328, 328, 330, 331, 332, 333, 335, 335, 333, 334, 343, 336, 342, 342, 336, 337, 342, 337, 341, 341, 337, 338, 341, 338, 340, 340, 338, 339, 344, 345, 347, 347, 345, 346, 355, 348, 354, 354, 348, 349, 354, 349, 350, 351, 352, 350, 350, 352, 353, 350, 353, 354, 356, 357, 359, 359, 357, 358, 367, 360, 366, 366, 360, 361, 366, 361, 365, 365, 361, 362, 365, 362, 364, 364, 362, 363, 369, 370, 368, 368, 370, 371, 373, 374, 372, 372, 374, 375, 377, 378, 376, 376, 378, 379, 381, 382, 380, 380, 382, 383, 391, 384, 390, 390, 384, 385, 390, 385, 389, 389, 385, 386, 389, 386, 388, 388, 386, 387, 392, 393, 395, 395, 393, 394, 397, 398, 396, 396, 398, 399, 401, 402, 400, 400, 402, 403, 411, 404, 410, 410, 404, 405, 410, 405, 409, 409, 405, 406, 409, 406, 408, 408, 406, 407, 413, 414, 412, 412, 414, 415, 416, 417, 419, 419, 417, 418, 421, 431, 420, 420, 431, 433, 432, 426, 425, 425, 426, 427, 425, 427, 424, 424, 427, 428, 424, 428, 423, 423, 428, 429, 423, 429, 422, 422, 429, 430, 422, 430, 421, 421, 430, 431, 441, 434, 440, 440, 434, 435, 440, 435, 436, 437, 438, 436, 436, 438, 439, 436, 439, 440, 442, 443, 445, 445, 443, 444, 453, 446, 452, 452, 446, 447, 452, 447, 451, 451, 447, 448, 451, 448, 450, 450, 448, 449, 455, 456, 454, 454, 456, 457, 465, 458, 464, 464, 458, 459, 464, 459, 460, 461, 462, 460, 460, 462, 463, 460, 463, 464, 466, 467, 469, 469, 467, 468, 471, 472, 470, 470, 472, 473, 475, 476, 474, 474, 476, 477, 479, 489, 478, 478, 489, 491, 490, 484, 483, 483, 484, 485, 483, 485, 482, 482, 485, 486, 482, 486, 481, 481, 486, 487, 481, 487, 480, 480, 487, 488, 480, 488, 479, 479, 488, 489, 492, 493, 495, 495, 493, 494, 503, 496, 502, 502, 496, 497, 502, 497, 501, 501, 497, 498, 501, 498, 500, 500, 498, 499, 504, 505, 507, 507, 505, 506, 508, 509, 511, 511, 509, 510, 512, 513, 515, 515, 513, 514, 517, 518, 516, 516, 518, 519, 527, 520, 526, 526, 520, 521, 526, 521, 525, 525, 521, 522, 525, 522, 524, 524, 522, 523, 529, 539, 528, 528, 539, 541, 540, 534, 533, 533, 534, 535, 533, 535, 532, 532, 535, 536, 532, 536, 531, 531, 536, 537, 531, 537, 530, 530, 537, 538, 530, 538, 529, 529, 538, 539, 549, 542, 548, 548, 542, 543, 548, 543, 547, 547, 543, 544, 547, 544, 546, 546, 544, 545, 551, 552, 550, 550, 552, 553, 550, 553, 642, 642, 553, 557, 642, 557, 641, 641, 557, 558, 641, 558, 748, 748, 558, 747, 747, 558, 559, 747, 559, 746, 746, 559, 655, 746, 655, 656, 557, 553, 556, 556, 553, 554, 556, 554, 555, 655, 559, 654, 654, 559, 560, 654, 560, 653, 653, 560, 652, 652, 560, 651, 651, 560, 650, 650, 560, 567, 650, 567, 649, 649, 567, 648, 648, 567, 647, 647, 567, 568, 647, 568, 646, 646, 568, 739, 646, 739, 725, 725, 739, 740, 725, 740, 724, 724, 740, 723, 723, 740, 722, 722, 740, 721, 721, 740, 720, 720, 740, 719, 719, 740, 718, 718, 740, 741, 718, 741, 717, 717, 741, 716, 716, 741, 715, 715, 741, 583, 715, 583, 714, 714, 583, 584, 714, 584, 713, 713, 584, 712, 712, 584, 711, 711, 584, 591, 711, 591, 710, 710, 591, 709, 709, 591, 708, 708, 591, 707, 707, 591, 592, 707, 592, 706, 706, 592, 726, 706, 726, 705, 705, 726, 704, 704, 726, 703, 703, 726, 727, 703, 727, 702, 702, 727, 701, 701, 727, 700, 700, 727, 699, 699, 727, 698, 698, 727, 697, 697, 727, 696, 696, 727, 728, 696, 728, 695, 695, 728, 607, 695, 607, 694, 694, 607, 608, 694, 608, 693, 693, 608, 692, 692, 608, 691, 691, 608, 690, 690, 608, 615, 690, 615, 689, 689, 615, 688, 688, 615, 687, 687, 615, 616, 687, 616, 686, 686, 616, 736, 686, 736, 685, 685, 736, 737, 685, 737, 684, 684, 737, 683, 683, 737, 682, 682, 737, 681, 681, 737, 680, 680, 737, 679, 679, 737, 678, 678, 737, 732, 678, 732, 677, 677, 732, 676, 676, 732, 675, 675, 732, 631, 675, 631, 674, 674, 631, 632, 674, 632, 673, 673, 632, 672, 672, 632, 671, 671, 632, 639, 671, 639, 670, 670, 639, 669, 669, 639, 668, 668, 639, 667, 667, 639, 640, 667, 640, 666, 666, 640, 744, 666, 744, 665, 665, 744, 664, 664, 744, 663, 663, 744, 745, 663, 745, 662, 662, 745, 661, 661, 745, 660, 660, 745, 659, 659, 745, 658, 658, 745, 657, 657, 745, 656, 656, 745, 746, 560, 561, 567, 567, 561, 566, 566, 561, 564, 566, 564, 565, 562, 563, 561, 561, 563, 564, 739, 568, 738, 738, 568, 569, 738, 569, 743, 743, 569, 582, 743, 582, 742, 742, 582, 583, 742, 583, 741, 569, 570, 582, 582, 570, 581, 581, 570, 574, 581, 574, 577, 577, 574, 576, 576, 574, 575, 570, 571, 574, 574, 571, 573, 573, 571, 572, 581, 577, 580, 580, 577, 578, 580, 578, 579, 591, 584, 590, 590, 584, 585, 590, 585, 588, 588, 585, 587, 587, 585, 586, 588, 589, 590, 726, 592, 731, 731, 592, 593, 731, 593, 730, 730, 593, 606, 730, 606, 729, 729, 606, 607, 729, 607, 728, 606, 593, 605, 605, 593, 594, 605, 594, 601, 601, 594, 598, 601, 598, 599, 594, 595, 598, 598, 595, 597, 597, 595, 596, 599, 600, 601, 605, 601, 604, 604, 601, 602, 604, 602, 603, 608, 609, 615, 615, 609, 614, 614, 609, 611, 614, 611, 612, 609, 610, 611, 612, 613, 614, 736, 616, 735, 735, 616, 617, 735, 617, 734, 734, 617, 630, 734, 630, 733, 733, 630, 631, 733, 631, 732, 617, 618, 630, 630, 618, 629, 629, 618, 622, 629, 622, 625, 625, 622, 623, 625, 623, 624, 618, 619, 622, 622, 619, 621, 621, 619, 620, 629, 625, 628, 628, 625, 626, 628, 626, 627, 639, 632, 638, 638, 632, 633, 638, 633, 636, 636, 633, 635, 635, 633, 634, 636, 637, 638, 744, 640, 749, 749, 640, 641, 749, 641, 748, 642, 643, 550, 550, 643, 645, 645, 643, 644, 751, 752, 750, 750, 752, 753, 761, 754, 760, 760, 754, 755, 760, 755, 759, 759, 755, 756, 759, 756, 758, 758, 756, 757, 763, 764, 762, 762, 764, 765, 773, 766, 772, 772, 766, 767, 772, 767, 771, 771, 767, 768, 771, 768, 770, 770, 768, 769, 774, 775, 777, 777, 775, 776, 778, 779, 781, 781, 779, 780, 783, 793, 782, 782, 793, 795, 794, 788, 787, 787, 788, 789, 787, 789, 786, 786, 789, 790, 786, 790, 785, 785, 790, 791, 785, 791, 784, 784, 791, 792, 784, 792, 783, 783, 792, 793, 796, 797, 799, 799, 797, 798, 807, 800, 806, 806, 800, 801, 806, 801, 802, 803, 804, 802, 802, 804, 805, 802, 805, 806, 809, 810, 808, 808, 810, 811, 812, 813, 815, 815, 813, 814, 817, 818, 816, 816, 818, 819, 820, 821, 823, 823, 821, 822, 831, 824, 830, 830, 824, 825, 830, 825, 829, 829, 825, 826, 829, 826, 828, 828, 826, 827, 839, 832, 838, 838, 832, 833, 838, 833, 837, 837, 833, 834, 837, 834, 836, 836, 834, 835, 840, 841, 843, 843, 841, 842, 851, 844, 850, 850, 844, 845, 850, 845, 849, 849, 845, 846, 849, 846, 848, 848, 846, 847, 853, 854, 852, 852, 854, 855, 863, 856, 862, 862, 856, 857, 862, 857, 861, 861, 857, 858, 861, 858, 860, 860, 858, 859, 943, 864, 1028, 1028, 864, 865, 1028, 865, 866, 866, 867, 1028, 1028, 867, 1027, 1027, 867, 868, 1027, 868, 1063, 1063, 868, 869, 1063, 869, 1062, 1062, 869, 870, 1062, 870, 871, 871, 872, 1062, 1062, 872, 873, 1062, 873, 874, 874, 875, 1062, 1062, 875, 876, 1062, 876, 1061, 1061, 876, 877, 1061, 877, 878, 878, 879, 1061, 1061, 879, 1012, 1061, 1012, 1060, 1060, 1012, 1013, 1060, 1013, 1059, 1059, 1013, 1026, 1059, 1026, 1058, 1058, 1026, 1027, 1058, 1027, 1063, 879, 880, 1012, 1012, 880, 1011, 1011, 880, 881, 1011, 881, 882, 882, 883, 1011, 1011, 883, 884, 1011, 884, 1004, 1004, 884, 885, 1004, 885, 886, 886, 887, 1004, 1004, 887, 1003, 1003, 887, 888, 1003, 888, 1052, 1052, 888, 889, 1052, 889, 890, 890, 891, 1052, 1052, 891, 1057, 1057, 891, 892, 1057, 892, 893, 893, 894, 1057, 1057, 894, 895, 1057, 895, 896, 896, 897, 1057, 1057, 897, 898, 1057, 898, 1056, 1056, 898, 899, 1056, 899, 988, 988, 899, 900, 988, 900, 987, 987, 900, 901, 987, 901, 902, 902, 903, 987, 987, 903, 980, 987, 980, 981, 903, 904, 980, 980, 904, 905, 980, 905, 906, 906, 907, 980, 980, 907, 979, 979, 907, 908, 979, 908, 1048, 1048, 908, 909, 1048, 909, 1047, 1047, 909, 910, 1047, 910, 911, 911, 912, 1047, 1047, 912, 913, 1047, 913, 914, 914, 915, 1047, 1047, 915, 916, 1047, 916, 1046, 1046, 916, 917, 1046, 917, 918, 918, 919, 1046, 1046, 919, 964, 1046, 964, 1051, 1051, 964, 965, 1051, 965, 1050, 1050, 965, 978, 1050, 978, 1049, 1049, 978, 979, 1049, 979, 1048, 919, 920, 964, 964, 920, 963, 963, 920, 921, 963, 921, 922, 922, 923, 963, 963, 923, 924, 963, 924, 956, 956, 924, 925, 956, 925, 926, 926, 927, 956, 956, 927, 955, 955, 927, 928, 955, 928, 1040, 1040, 928, 929, 1040, 929, 930, 930, 931, 1040, 1040, 931, 1045, 1045, 931, 932, 1045, 932, 933, 933, 934, 1045, 1045, 934, 935, 1045, 935, 936, 936, 937, 1045, 1045, 937, 938, 1045, 938, 1044, 1044, 938, 939, 1044, 939, 1036, 1036, 939, 940, 1036, 940, 1035, 1035, 940, 941, 1035, 941, 942, 942, 943, 1035, 1035, 943, 1028, 1035, 1028, 1029, 944, 945, 1039, 1039, 945, 946, 1039, 946, 1038, 1038, 946, 953, 1038, 953, 954, 953, 946, 949, 949, 946, 947, 949, 947, 948, 953, 949, 952, 952, 949, 950, 952, 950, 951, 955, 1041, 954, 954, 1041, 1042, 954, 1042, 1037, 1037, 1042, 1043, 1037, 1043, 1036, 1036, 1043, 1044, 963, 956, 962, 962, 956, 957, 962, 957, 960, 960, 957, 959, 959, 957, 958, 960, 961, 962, 978, 965, 977, 977, 965, 966, 977, 966, 973, 973, 966, 970, 973, 970, 972, 972, 970, 971, 966, 967, 970, 970, 967, 969, 969, 967, 968, 977, 973, 976, 976, 973, 974, 976, 974, 975, 982, 983, 981, 981, 983, 984, 981, 984, 986, 986, 984, 985, 986, 987, 981, 1056, 988, 1055, 1055, 988, 989, 1055, 989, 1054, 1054, 989, 1002, 1054, 1002, 1053, 1053, 1002, 1003, 1053, 1003, 1052, 989, 990, 1002, 1002, 990, 1001, 1001, 990, 994, 1001, 994, 997, 997, 994, 996, 996, 994, 995, 990, 991, 994, 994, 991, 993, 993, 991, 992, 1001, 997, 1000, 1000, 997, 998, 1000, 998, 999, 1011, 1004, 1010, 1010, 1004, 1005, 1010, 1005, 1008, 1008, 1005, 1007, 1007, 1005, 1006, 1008, 1009, 1010, 1026, 1013, 1025, 1025, 1013, 1014, 1025, 1014, 1021, 1021, 1014, 1018, 1021, 1018, 1019, 1014, 1015, 1018, 1018, 1015, 1017, 1017, 1015, 1016, 1019, 1020, 1021, 1025, 1021, 1024, 1024, 1021, 1022, 1024, 1022, 1023, 1030, 1031, 1029, 1029, 1031, 1034, 1029, 1034, 1035, 1031, 1032, 1034, 1034, 1032, 1033, 1037, 1038, 954, 1040, 1041, 955]
        rel material:binding = </Env/Looks/GrayPlastic>
        uniform token physics:approximation = "none"
        point3f[] points = [(0.116, 0.272, -1.64313e-16), (0.11175, 0.272, -2.53131e-16), (0.11175, 0.272, 0.19), (0.116, 0.272, 0.19), (0.163, 0.33, 8.39329e-16), (0.154, 0.33, 6.4837e-16), (0.154, 0.33, 0.19), (0.163, 0.33, 0.19), (0.11175, 0.272, -2.53131e-16), (0.11175, 0.275336, -2.53131e-16), (0.11175, 0.275336, 0.19), (0.11175, 0.272, 0.19), (0.116, 0.27, -1.68754e-16), (0.116, 0.272, -1.64313e-16), (0.116, 0.272, 0.19), (0.116, 0.27, 0.19), (0.154, 0.33, 6.4837e-16), (0.154, 0.328, 6.43929e-16), (0.154, 0.328, 0.19), (0.154, 0.33, 0.19), (0.165, 0.328, 8.74856e-16), (0.164732, 0.329, 8.71453e-16), (0.164, 0.329732, 8.56448e-16), (0.163, 0.33, 8.39329e-16), (0.163, 0.33, 0.19), (0.164, 0.329732, 0.19), (0.164732, 0.329, 0.19), (0.165, 0.328, 0.19), (0.11175, 0.275336, -2.53131e-16), (0.115414, 0.279, -1.77636e-16), (0.115414, 0.279, 0.19), (0.11175, 0.275336, 0.19), (0.107, 0.27, -3.59712e-16), (0.116, 0.27, -1.68754e-16), (0.116, 0.27, 0.19), (0.107, 0.27, 0.19), (0.154, 0.328, 6.43929e-16), (0.15825, 0.328, 7.32747e-16), (0.15825, 0.328, 0.19), (0.154, 0.328, 0.19), (0.165, 0.319, 8.74856e-16), (0.165, 0.328, 8.74856e-16), (0.165, 0.328, 0.19), (0.165, 0.319, 0.19), (0.115414, 0.279, -1.77636e-16), (0.124586, 0.279, 1.33227e-17), (0.124586, 0.279, 0.19), (0.115414, 0.279, 0.19), (0.105, 0.272, -3.95239e-16), (0.105268, 0.271, -3.91837e-16), (0.106, 0.270268, -3.76831e-16), (0.107, 0.27, -3.59712e-16), (0.107, 0.27, 0.19), (0.106, 0.270268, 0.19), (0.105268, 0.271, 0.19), (0.105, 0.272, 0.19), (0.15825, 0.328, 7.32747e-16), (0.15825, 0.324664, 7.32747e-16), (0.15825, 0.324664, 0.19), (0.15825, 0.328, 0.19), (0.163, 0.319, 8.34888e-16), (0.165, 0.319, 8.74856e-16), (0.165, 0.319, 0.19), (0.163, 0.319, 0.19), (0.124586, 0.279, 1.33227e-17), (0.12825, 0.275336, 8.88178e-17), (0.12825, 0.275336, 0.19), (0.124586, 0.279, 0.19), (0.105, 0.281, -3.95239e-16), (0.105, 0.272, -3.95239e-16), (0.105, 0.272, 0.19), (0.105, 0.281, 0.19), (0.15825, 0.324664, 7.32747e-16), (0.154586, 0.321, 6.57252e-16), (0.154586, 0.321, 0.19), (0.15825, 0.324664, 0.19), (0.163, 0.32325, 8.34888e-16), (0.163, 0.319, 8.34888e-16), (0.163, 0.319, 0.19), (0.163, 0.32325, 0.19), (0.12825, 0.275336, 8.88178e-17), (0.12825, 0.272, 8.88178e-17), (0.12825, 0.272, 0.19), (0.12825, 0.275336, 0.19), (0.107, 0.281, -3.55271e-16), (0.105, 0.281, -3.95239e-16), (0.105, 0.281, 0.19), (0.107, 0.281, 0.19), (0.154586, 0.321, 6.57252e-16), (0.145414, 0.321, 4.66294e-16), (0.145414, 0.321, 0.19), (0.154586, 0.321, 0.19), (0.159664, 0.32325, 7.63833e-16), (0.163, 0.32325, 8.34888e-16), (0.163, 0.32325, 0.19), (0.159664, 0.32325, 0.19), (0.12825, 0.272, 8.88178e-17), (0.124, 0.272, 0), (0.124, 0.272, 0.19), (0.12825, 0.272, 0.19), (0.107, 0.27675, -3.55271e-16), (0.107, 0.281, -3.55271e-16), (0.107, 0.281, 0.19), (0.107, 0.27675, 0.19), (0.145414, 0.321, 4.66294e-16), (0.14175, 0.324664, 3.90799e-16), (0.14175, 0.324664, 0.19), (0.145414, 0.321, 0.19), (0.156, 0.319586, 6.88338e-16), (0.159664, 0.32325, 7.63833e-16), (0.159664, 0.32325, 0.19), (0.156, 0.319586, 0.19), (0.124, 0.272, 0), (0.124, 0.27, -4.44089e-18), (0.124, 0.27, 0.19), (0.124, 0.272, 0.19), (0.110336, 0.27675, -2.84217e-16), (0.107, 0.27675, -3.55271e-16), (0.107, 0.27675, 0.19), (0.110336, 0.27675, 0.19), (0.14175, 0.324664, 3.90799e-16), (0.14175, 0.328, 3.90799e-16), (0.14175, 0.328, 0.19), (0.14175, 0.324664, 0.19), (0.156, 0.310414, 6.83897e-16), (0.156, 0.319586, 6.88338e-16), (0.156, 0.319586, 0.19), (0.156, 0.310414, 0.19), (0.124, 0.27, -4.44089e-18), (0.146, 0.27, 4.57412e-16), (0.146, 0.27, 0.19), (0.124, 0.27, 0.19), (0.114, 0.280414, -2.08722e-16), (0.110336, 0.27675, -2.84217e-16), (0.110336, 0.27675, 0.19), (0.114, 0.280414, 0.19), (0.14175, 0.328, 3.90799e-16), (0.146, 0.328, 4.79616e-16), (0.146, 0.328, 0.19), (0.14175, 0.328, 0.19), (0.159664, 0.30675, 7.59393e-16), (0.156, 0.310414, 6.83897e-16), (0.156, 0.310414, 0.19), (0.159664, 0.30675, 0.19), (0.146, 0.27, 4.57412e-16), (0.146, 0.272, 4.61853e-16), (0.146, 0.272, 0.19), (0.146, 0.27, 0.19), (0.114, 0.289586, -2.04281e-16), (0.114, 0.280414, -2.08722e-16), (0.114, 0.280414, 0.19), (0.114, 0.289586, 0.19), (0.146, 0.328, 4.79616e-16), (0.146, 0.33, 4.84057e-16), (0.146, 0.33, 0.19), (0.146, 0.328, 0.19), (0.163, 0.30675, 8.30447e-16), (0.159664, 0.30675, 7.59393e-16), (0.159664, 0.30675, 0.19), (0.163, 0.30675, 0.19), (0.146, 0.272, 4.61853e-16), (0.14175, 0.272, 3.73035e-16), (0.14175, 0.272, 0.19), (0.146, 0.272, 0.19), (0.110336, 0.29325, -2.79776e-16), (0.114, 0.289586, -2.04281e-16), (0.114, 0.289586, 0.19), (0.110336, 0.29325, 0.19), (0.146, 0.33, 4.84057e-16), (0.124, 0.33, 2.22045e-17), (0.124, 0.33, 0.19), (0.146, 0.33, 0.19), (0.163, 0.311, 8.30447e-16), (0.163, 0.30675, 8.30447e-16), (0.163, 0.30675, 0.19), (0.163, 0.311, 0.19), (0.14175, 0.272, 3.73035e-16), (0.14175, 0.275336, 3.73035e-16), (0.14175, 0.275336, 0.19), (0.14175, 0.272, 0.19), (0.107, 0.29325, -3.5083e-16), (0.110336, 0.29325, -2.79776e-16), (0.110336, 0.29325, 0.19), (0.107, 0.29325, 0.19), (0.124, 0.33, 2.22045e-17), (0.124, 0.328, 1.77636e-17), (0.124, 0.328, 0.19), (0.124, 0.33, 0.19), (0.165, 0.311, 8.70415e-16), (0.163, 0.311, 8.30447e-16), (0.163, 0.311, 0.19), (0.165, 0.311, 0.19), (0.14175, 0.275336, 3.73035e-16), (0.145414, 0.279, 4.4853e-16), (0.145414, 0.279, 0.19), (0.14175, 0.275336, 0.19), (0.107, 0.289, -3.5083e-16), (0.107, 0.29325, -3.5083e-16), (0.107, 0.29325, 0.19), (0.107, 0.289, 0.19), (0.124, 0.328, 1.77636e-17), (0.12825, 0.328, 1.06581e-16), (0.12825, 0.328, 0.19), (0.124, 0.328, 0.19), (0.165, 0.289, 8.61533e-16), (0.165, 0.311, 8.70415e-16), (0.165, 0.311, 0.19), (0.165, 0.289, 0.19), (0.145414, 0.279, 4.4853e-16), (0.154586, 0.279, 6.39488e-16), (0.154586, 0.279, 0.19), (0.145414, 0.279, 0.19), (0.105, 0.289, -3.90799e-16), (0.107, 0.289, -3.5083e-16), (0.107, 0.289, 0.19), (0.105, 0.289, 0.19), (0.12825, 0.328, 1.06581e-16), (0.12825, 0.324664, 1.06581e-16), (0.12825, 0.324664, 0.19), (0.12825, 0.328, 0.19), (0.131778, 0.319707, 1.82077e-16), (0.131985, 0.319866, 1.85292e-16), (0.132226, 0.319966, 1.90369e-16), (0.132485, 0.32, 1.95399e-16), (0.132485, 0.32, 0.19), (0.132226, 0.319966, 0.19), (0.131985, 0.319866, 0.19), (0.131778, 0.319707, 0.19), (0.163, 0.289, 8.21565e-16), (0.165, 0.289, 8.61533e-16), (0.165, 0.289, 0.19), (0.163, 0.289, 0.19), (0.154586, 0.279, 6.39488e-16), (0.15825, 0.275336, 7.14984e-16), (0.15825, 0.275336, 0.19), (0.154586, 0.279, 0.19), (0.105, 0.311, -3.81917e-16), (0.105, 0.289, -3.90799e-16), (0.105, 0.289, 0.19), (0.105, 0.311, 0.19), (0.12825, 0.324664, 1.06581e-16), (0.124586, 0.321, 3.10862e-17), (0.124586, 0.321, 0.19), (0.12825, 0.324664, 0.19), (0.132485, 0.32, 1.95399e-16), (0.137515, 0.32, 3.01981e-16), (0.137515, 0.32, 0.19), (0.132485, 0.32, 0.19), (0.126293, 0.314222, 6.21725e-17), (0.131778, 0.319707, 1.82077e-16), (0.131778, 0.319707, 0.19), (0.126293, 0.314222, 0.19), (0.163, 0.29325, 8.21565e-16), (0.163, 0.289, 8.21565e-16), (0.163, 0.289, 0.19), (0.163, 0.29325, 0.19), (0.15825, 0.275336, 7.14984e-16), (0.15825, 0.272, 7.14984e-16), (0.15825, 0.272, 0.19), (0.15825, 0.275336, 0.19), (0.107, 0.311, -3.41949e-16), (0.105, 0.311, -3.81917e-16), (0.105, 0.311, 0.19), (0.107, 0.311, 0.19), (0.124586, 0.321, 3.10862e-17), (0.115414, 0.321, -1.59872e-16), (0.115414, 0.321, 0.19), (0.124586, 0.321, 0.19), (0.137515, 0.32, 3.01981e-16), (0.137774, 0.319966, 3.07762e-16), (0.138015, 0.319866, 3.12761e-16), (0.138222, 0.319707, 3.15303e-16), (0.138222, 0.319707, 0.19), (0.138015, 0.319866, 0.19), (0.137774, 0.319966, 0.19), (0.137515, 0.32, 0.19), (0.126, 0.313515, 5.77316e-17), (0.126034, 0.313774, 5.54206e-17), (0.126134, 0.314015, 5.76009e-17), (0.126293, 0.314222, 6.21725e-17), (0.126293, 0.314222, 0.19), (0.126134, 0.314015, 0.19), (0.126034, 0.313774, 0.19), (0.126, 0.313515, 0.19), (0.159664, 0.29325, 7.50511e-16), (0.163, 0.29325, 8.21565e-16), (0.163, 0.29325, 0.19), (0.159664, 0.29325, 0.19), (0.15825, 0.272, 7.14984e-16), (0.154, 0.272, 6.26166e-16), (0.154, 0.272, 0.19), (0.15825, 0.272, 0.19), (0.107, 0.30675, -3.41949e-16), (0.107, 0.311, -3.41949e-16), (0.107, 0.311, 0.19), (0.107, 0.30675, 0.19), (0.115414, 0.321, -1.59872e-16), (0.11175, 0.324664, -2.35367e-16), (0.11175, 0.324664, 0.19), (0.115414, 0.321, 0.19), (0.138222, 0.319707, 3.15303e-16), (0.143707, 0.314222, 4.26326e-16), (0.143707, 0.314222, 0.19), (0.138222, 0.319707, 0.19), (0.132485, 0.28, 1.77636e-16), (0.132226, 0.280034, 1.71854e-16), (0.131985, 0.280134, 1.66856e-16), (0.131778, 0.280293, 1.64313e-16), (0.131778, 0.280293, 0.19), (0.131985, 0.280134, 0.19), (0.132226, 0.280034, 0.19), (0.132485, 0.28, 0.19), (0.126, 0.312, 5.77316e-17), (0.126, 0.313515, 5.77316e-17), (0.126, 0.313515, 0.19), (0.126, 0.312, 0.19), (0.156, 0.289586, 6.75016e-16), (0.159664, 0.29325, 7.50511e-16), (0.159664, 0.29325, 0.19), (0.156, 0.289586, 0.19), (0.131778, 0.280293, 1.64313e-16), (0.126293, 0.285778, 5.32907e-17), (0.126293, 0.285778, 0.19), (0.131778, 0.280293, 0.19), (0.154, 0.272, 6.26166e-16), (0.154, 0.27, 6.21725e-16), (0.154, 0.27, 0.19), (0.154, 0.272, 0.19), (0.110336, 0.30675, -2.70894e-16), (0.107, 0.30675, -3.41949e-16), (0.107, 0.30675, 0.19), (0.110336, 0.30675, 0.19), (0.11175, 0.324664, -2.35367e-16), (0.11175, 0.328, -2.35367e-16), (0.11175, 0.328, 0.19), (0.11175, 0.324664, 0.19), (0.143707, 0.314222, 4.26326e-16), (0.143866, 0.314015, 4.31286e-16), (0.143966, 0.313774, 4.33279e-16), (0.144, 0.313515, 4.30767e-16), (0.144, 0.313515, 0.19), (0.143966, 0.313774, 0.19), (0.143866, 0.314015, 0.19), (0.143707, 0.314222, 0.19), (0.137515, 0.28, 2.84217e-16), (0.132485, 0.28, 1.77636e-16), (0.132485, 0.28, 0.19), (0.137515, 0.28, 0.19), (0.123, 0.309, -4.44089e-18), (0.1245, 0.309402, 2.58798e-17), (0.125598, 0.3105, 4.92418e-17), (0.126, 0.312, 5.77316e-17), (0.126, 0.312, 0.19), (0.125598, 0.3105, 0.19), (0.1245, 0.309402, 0.19), (0.123, 0.309, 0.19), (0.156, 0.280414, 6.70575e-16), (0.156, 0.289586, 6.75016e-16), (0.156, 0.289586, 0.19), (0.156, 0.280414, 0.19), (0.126293, 0.285778, 5.32907e-17), (0.126134, 0.285985, 4.83306e-17), (0.126034, 0.286226, 4.63377e-17), (0.126, 0.286485, 4.88498e-17), (0.126, 0.286485, 0.19), (0.126034, 0.286226, 0.19), (0.126134, 0.285985, 0.19), (0.126293, 0.285778, 0.19), (0.154, 0.27, 6.21725e-16), (0.163, 0.27, 8.12683e-16), (0.163, 0.27, 0.19), (0.154, 0.27, 0.19), (0.114, 0.310414, -1.95399e-16), (0.110336, 0.30675, -2.70894e-16), (0.110336, 0.30675, 0.19), (0.114, 0.310414, 0.19), (0.11175, 0.328, -2.35367e-16), (0.116, 0.328, -1.46549e-16), (0.116, 0.328, 0.19), (0.11175, 0.328, 0.19), (0.144, 0.313515, 4.30767e-16), (0.144, 0.312, 4.30767e-16), (0.144, 0.312, 0.19), (0.144, 0.313515, 0.19), (0.138222, 0.280293, 2.9754e-16), (0.138015, 0.280134, 2.94324e-16), (0.137774, 0.280034, 2.89248e-16), (0.137515, 0.28, 2.84217e-16), (0.137515, 0.28, 0.19), (0.137774, 0.280034, 0.19), (0.138015, 0.280134, 0.19), (0.138222, 0.280293, 0.19), (0.121485, 0.309, -3.9968e-17), (0.123, 0.309, -4.44089e-18), (0.123, 0.309, 0.19), (0.121485, 0.309, 0.19), (0.159664, 0.27675, 7.4607e-16), (0.156, 0.280414, 6.70575e-16), (0.156, 0.280414, 0.19), (0.159664, 0.27675, 0.19), (0.126, 0.286485, 4.88498e-17), (0.126, 0.288, 4.88498e-17), (0.126, 0.288, 0.19), (0.126, 0.286485, 0.19), (0.163, 0.27, 8.12683e-16), (0.164, 0.270268, 8.37338e-16), (0.164732, 0.271, 8.52913e-16), (0.165, 0.272, 8.57092e-16), (0.165, 0.272, 0.19), (0.164732, 0.271, 0.19), (0.164, 0.270268, 0.19), (0.163, 0.27, 0.19), (0.114, 0.319586, -1.90958e-16), (0.114, 0.310414, -1.95399e-16), (0.114, 0.310414, 0.19), (0.114, 0.319586, 0.19), (0.116, 0.328, -1.46549e-16), (0.116, 0.33, -1.42109e-16), (0.116, 0.33, 0.19), (0.116, 0.328, 0.19), (0.1166, 0.285, -1.5099e-16), (0.1183, 0.287944, -1.14299e-16), (0.1217, 0.287944, -4.32842e-17), (0.1234, 0.285, -8.92083e-18), (0.1217, 0.282056, -4.55727e-17), (0.1183, 0.282056, -1.16588e-16), (0.1166, 0.285, 0.19), (0.1183, 0.282056, 0.19), (0.1217, 0.282056, 0.19), (0.1234, 0.285, 0.19), (0.1217, 0.287944, 0.19), (0.1183, 0.287944, 0.19), (0.1166, 0.285, -1.5099e-16), (0.1166, 0.285, 0.19), (0.144, 0.312, 4.30767e-16), (0.144402, 0.3105, 4.38091e-16), (0.1455, 0.309402, 4.60599e-16), (0.147, 0.309, 4.92939e-16), (0.147, 0.309, 0.19), (0.1455, 0.309402, 0.19), (0.144402, 0.3105, 0.19), (0.144, 0.312, 0.19), (0.143707, 0.285778, 4.17444e-16), (0.138222, 0.280293, 2.9754e-16), (0.138222, 0.280293, 0.19), (0.143707, 0.285778, 0.19), (0.120778, 0.308707, -5.32907e-17), (0.120985, 0.308866, -5.00749e-17), (0.121226, 0.308966, -4.49986e-17), (0.121485, 0.309, -3.9968e-17), (0.121485, 0.309, 0.19), (0.121226, 0.308966, 0.19), (0.120985, 0.308866, 0.19), (0.120778, 0.308707, 0.19), (0.163, 0.27675, 8.17124e-16), (0.159664, 0.27675, 7.4607e-16), (0.159664, 0.27675, 0.19), (0.163, 0.27675, 0.19), (0.126, 0.288, 4.88498e-17), (0.125598, 0.2895, 4.15258e-17), (0.1245, 0.290598, 1.90172e-17), (0.123, 0.291, -1.33227e-17), (0.123, 0.291, 0.19), (0.1245, 0.290598, 0.19), (0.125598, 0.2895, 0.19), (0.126, 0.288, 0.19), (0.165, 0.272, 8.57092e-16), (0.165, 0.281, 8.57092e-16), (0.165, 0.281, 0.19), (0.165, 0.272, 0.19), (0.110336, 0.32325, -2.66454e-16), (0.114, 0.319586, -1.90958e-16), (0.114, 0.319586, 0.19), (0.110336, 0.32325, 0.19), (0.116, 0.33, -1.42109e-16), (0.107, 0.33, -3.33067e-16), (0.107, 0.33, 0.19), (0.116, 0.33, 0.19), (0.1466, 0.285, 4.79616e-16), (0.1483, 0.287944, 5.16307e-16), (0.1517, 0.287944, 5.87322e-16), (0.1534, 0.285, 6.21686e-16), (0.1517, 0.282056, 5.85034e-16), (0.1483, 0.282056, 5.14019e-16), (0.1466, 0.285, 0.19), (0.1483, 0.282056, 0.19), (0.1517, 0.282056, 0.19), (0.1534, 0.285, 0.19), (0.1517, 0.287944, 0.19), (0.1483, 0.287944, 0.19), (0.1466, 0.285, 4.79616e-16), (0.1466, 0.285, 0.19), (0.147, 0.309, 4.92939e-16), (0.148515, 0.309, 5.28466e-16), (0.148515, 0.309, 0.19), (0.147, 0.309, 0.19), (0.144, 0.286485, 4.21885e-16), (0.143966, 0.286226, 4.24196e-16), (0.143866, 0.285985, 4.22015e-16), (0.143707, 0.285778, 4.17444e-16), (0.143707, 0.285778, 0.19), (0.143866, 0.285985, 0.19), (0.143966, 0.286226, 0.19), (0.144, 0.286485, 0.19), (0.115293, 0.303222, -1.73195e-16), (0.120778, 0.308707, -5.32907e-17), (0.120778, 0.308707, 0.19), (0.115293, 0.303222, 0.19), (0.163, 0.281, 8.17124e-16), (0.163, 0.27675, 8.17124e-16), (0.163, 0.27675, 0.19), (0.163, 0.281, 0.19), (0.123, 0.291, -1.33227e-17), (0.121485, 0.291, -4.88498e-17), (0.121485, 0.291, 0.19), (0.123, 0.291, 0.19), (0.107, 0.32325, -3.37508e-16), (0.110336, 0.32325, -2.66454e-16), (0.110336, 0.32325, 0.19), (0.107, 0.32325, 0.19), (0.107, 0.33, -3.33067e-16), (0.106, 0.329732, -3.57722e-16), (0.105268, 0.329, -3.73296e-16), (0.105, 0.328, -3.77476e-16), (0.105, 0.328, 0.19), (0.105268, 0.329, 0.19), (0.106, 0.329732, 0.19), (0.107, 0.33, 0.19), (0.1466, 0.315, 4.88498e-16), (0.1483, 0.317944, 5.25189e-16), (0.1517, 0.317944, 5.96204e-16), (0.1534, 0.315, 6.30568e-16), (0.1517, 0.312056, 5.93916e-16), (0.1483, 0.312056, 5.22901e-16), (0.1466, 0.315, 0.19), (0.1483, 0.312056, 0.19), (0.1517, 0.312056, 0.19), (0.1534, 0.315, 0.19), (0.1517, 0.317944, 0.19), (0.1483, 0.317944, 0.19), (0.1466, 0.315, 4.88498e-16), (0.1466, 0.315, 0.19), (0.148515, 0.309, 5.28466e-16), (0.148774, 0.308966, 5.34247e-16), (0.149015, 0.308866, 5.39246e-16), (0.149222, 0.308707, 5.41789e-16), (0.149222, 0.308707, 0.19), (0.149015, 0.308866, 0.19), (0.148774, 0.308966, 0.19), (0.148515, 0.309, 0.19), (0.107, 0.33, 0.19), (0.106, 0.329732, 0.19), (0.105268, 0.329, 0.19), (0.105, 0.328, 0.19), (0.105, 0.319, 0.19), (0.107, 0.319, 0.19), (0.107, 0.32325, 0.19), (0.110336, 0.32325, 0.19), (0.114, 0.319586, 0.19), (0.114, 0.310414, 0.19), (0.110336, 0.30675, 0.19), (0.107, 0.30675, 0.19), (0.107, 0.311, 0.19), (0.105, 0.311, 0.19), (0.105, 0.289, 0.19), (0.107, 0.289, 0.19), (0.107, 0.29325, 0.19), (0.110336, 0.29325, 0.19), (0.114, 0.289586, 0.19), (0.114, 0.280414, 0.19), (0.110336, 0.27675, 0.19), (0.107, 0.27675, 0.19), (0.107, 0.281, 0.19), (0.105, 0.281, 0.19), (0.105, 0.272, 0.19), (0.105268, 0.271, 0.19), (0.106, 0.270268, 0.19), (0.107, 0.27, 0.19), (0.116, 0.27, 0.19), (0.116, 0.272, 0.19), (0.11175, 0.272, 0.19), (0.11175, 0.275336, 0.19), (0.115414, 0.279, 0.19), (0.124586, 0.279, 0.19), (0.12825, 0.275336, 0.19), (0.12825, 0.272, 0.19), (0.124, 0.272, 0.19), (0.124, 0.27, 0.19), (0.146, 0.27, 0.19), (0.146, 0.272, 0.19), (0.14175, 0.272, 0.19), (0.14175, 0.275336, 0.19), (0.145414, 0.279, 0.19), (0.154586, 0.279, 0.19), (0.15825, 0.275336, 0.19), (0.15825, 0.272, 0.19), (0.154, 0.272, 0.19), (0.154, 0.27, 0.19), (0.163, 0.27, 0.19), (0.164, 0.270268, 0.19), (0.164732, 0.271, 0.19), (0.165, 0.272, 0.19), (0.165, 0.281, 0.19), (0.163, 0.281, 0.19), (0.163, 0.27675, 0.19), (0.159664, 0.27675, 0.19), (0.156, 0.280414, 0.19), (0.156, 0.289586, 0.19), (0.159664, 0.29325, 0.19), (0.163, 0.29325, 0.19), (0.163, 0.289, 0.19), (0.165, 0.289, 0.19), (0.165, 0.311, 0.19), (0.163, 0.311, 0.19), (0.163, 0.30675, 0.19), (0.159664, 0.30675, 0.19), (0.156, 0.310414, 0.19), (0.156, 0.319586, 0.19), (0.159664, 0.32325, 0.19), (0.163, 0.32325, 0.19), (0.163, 0.319, 0.19), (0.165, 0.319, 0.19), (0.165, 0.328, 0.19), (0.164732, 0.329, 0.19), (0.164, 0.329732, 0.19), (0.163, 0.33, 0.19), (0.154, 0.33, 0.19), (0.154, 0.328, 0.19), (0.15825, 0.328, 0.19), (0.15825, 0.324664, 0.19), (0.154586, 0.321, 0.19), (0.145414, 0.321, 0.19), (0.14175, 0.324664, 0.19), (0.14175, 0.328, 0.19), (0.146, 0.328, 0.19), (0.146, 0.33, 0.19), (0.124, 0.33, 0.19), (0.124, 0.328, 0.19), (0.12825, 0.328, 0.19), (0.12825, 0.324664, 0.19), (0.124586, 0.321, 0.19), (0.115414, 0.321, 0.19), (0.11175, 0.324664, 0.19), (0.11175, 0.328, 0.19), (0.116, 0.328, 0.19), (0.116, 0.33, 0.19), (0.120778, 0.291293, 0.19), (0.115293, 0.296778, 0.19), (0.115134, 0.296985, 0.19), (0.115034, 0.297226, 0.19), (0.115, 0.297485, 0.19), (0.115, 0.302515, 0.19), (0.115034, 0.302774, 0.19), (0.115134, 0.303015, 0.19), (0.115293, 0.303222, 0.19), (0.120778, 0.308707, 0.19), (0.120985, 0.308866, 0.19), (0.121226, 0.308966, 0.19), (0.121485, 0.309, 0.19), (0.123, 0.309, 0.19), (0.1245, 0.309402, 0.19), (0.125598, 0.3105, 0.19), (0.126, 0.312, 0.19), (0.126, 0.313515, 0.19), (0.126034, 0.313774, 0.19), (0.126134, 0.314015, 0.19), (0.126293, 0.314222, 0.19), (0.131778, 0.319707, 0.19), (0.131985, 0.319866, 0.19), (0.132226, 0.319966, 0.19), (0.132485, 0.32, 0.19), (0.137515, 0.32, 0.19), (0.137774, 0.319966, 0.19), (0.138015, 0.319866, 0.19), (0.138222, 0.319707, 0.19), (0.143707, 0.314222, 0.19), (0.143866, 0.314015, 0.19), (0.143966, 0.313774, 0.19), (0.144, 0.313515, 0.19), (0.144, 0.312, 0.19), (0.144402, 0.3105, 0.19), (0.1455, 0.309402, 0.19), (0.147, 0.309, 0.19), (0.148515, 0.309, 0.19), (0.148774, 0.308966, 0.19), (0.149015, 0.308866, 0.19), (0.149222, 0.308707, 0.19), (0.154707, 0.303222, 0.19), (0.154866, 0.303015, 0.19), (0.154966, 0.302774, 0.19), (0.155, 0.302515, 0.19), (0.155, 0.297485, 0.19), (0.154966, 0.297226, 0.19), (0.154866, 0.296985, 0.19), (0.154707, 0.296778, 0.19), (0.149222, 0.291293, 0.19), (0.149015, 0.291134, 0.19), (0.148774, 0.291034, 0.19), (0.148515, 0.291, 0.19), (0.147, 0.291, 0.19), (0.1455, 0.290598, 0.19), (0.144402, 0.2895, 0.19), (0.144, 0.288, 0.19), (0.144, 0.286485, 0.19), (0.143966, 0.286226, 0.19), (0.143866, 0.285985, 0.19), (0.143707, 0.285778, 0.19), (0.138222, 0.280293, 0.19), (0.138015, 0.280134, 0.19), (0.137774, 0.280034, 0.19), (0.137515, 0.28, 0.19), (0.132485, 0.28, 0.19), (0.132226, 0.280034, 0.19), (0.131985, 0.280134, 0.19), (0.131778, 0.280293, 0.19), (0.126293, 0.285778, 0.19), (0.126134, 0.285985, 0.19), (0.126034, 0.286226, 0.19), (0.126, 0.286485, 0.19), (0.126, 0.288, 0.19), (0.125598, 0.2895, 0.19), (0.1245, 0.290598, 0.19), (0.123, 0.291, 0.19), (0.121485, 0.291, 0.19), (0.121226, 0.291034, 0.19), (0.120985, 0.291134, 0.19), (0.1466, 0.285, 0.19), (0.1483, 0.287944, 0.19), (0.1517, 0.287944, 0.19), (0.1534, 0.285, 0.19), (0.1517, 0.282056, 0.19), (0.1483, 0.282056, 0.19), (0.1466, 0.315, 0.19), (0.1483, 0.317944, 0.19), (0.1517, 0.317944, 0.19), (0.1534, 0.315, 0.19), (0.1517, 0.312056, 0.19), (0.1483, 0.312056, 0.19), (0.1166, 0.285, 0.19), (0.1183, 0.287944, 0.19), (0.1217, 0.287944, 0.19), (0.1234, 0.285, 0.19), (0.1217, 0.282056, 0.19), (0.1183, 0.282056, 0.19), (0.1234, 0.315, 0.19), (0.1217, 0.312056, 0.19), (0.1183, 0.312056, 0.19), (0.1166, 0.315, 0.19), (0.1183, 0.317944, 0.19), (0.1217, 0.317944, 0.19), (0.144, 0.288, 4.21885e-16), (0.144, 0.286485, 4.21885e-16), (0.144, 0.286485, 0.19), (0.144, 0.288, 0.19), (0.115, 0.302515, -1.77636e-16), (0.115034, 0.302774, -1.75506e-16), (0.115134, 0.303015, -1.73325e-16), (0.115293, 0.303222, -1.73195e-16), (0.115293, 0.303222, 0.19), (0.115134, 0.303015, 0.19), (0.115034, 0.302774, 0.19), (0.115, 0.302515, 0.19), (0.165, 0.281, 8.57092e-16), (0.163, 0.281, 8.17124e-16), (0.163, 0.281, 0.19), (0.165, 0.281, 0.19), (0.121485, 0.291, -4.88498e-17), (0.121226, 0.291034, -5.46311e-17), (0.120985, 0.291134, -5.96298e-17), (0.120778, 0.291293, -6.21725e-17), (0.120778, 0.291293, 0.19), (0.120985, 0.291134, 0.19), (0.121226, 0.291034, 0.19), (0.121485, 0.291, 0.19), (0.107, 0.319, -3.37508e-16), (0.107, 0.32325, -3.37508e-16), (0.107, 0.32325, 0.19), (0.107, 0.319, 0.19), (0.105, 0.328, -3.77476e-16), (0.105, 0.319, -3.77476e-16), (0.105, 0.319, 0.19), (0.105, 0.328, 0.19), (0.1234, 0.315, 0), (0.1217, 0.312056, -3.66909e-17), (0.1183, 0.312056, -1.07706e-16), (0.1166, 0.315, -1.4207e-16), (0.1183, 0.317944, -1.05418e-16), (0.1217, 0.317944, -3.44024e-17), (0.1234, 0.315, 0.19), (0.1217, 0.317944, 0.19), (0.1183, 0.317944, 0.19), (0.1166, 0.315, 0.19), (0.1183, 0.312056, 0.19), (0.1217, 0.312056, 0.19), (0.1234, 0.315, 0), (0.1234, 0.315, 0.19), (0.149222, 0.308707, 5.41789e-16), (0.154707, 0.303222, 6.52811e-16), (0.154707, 0.303222, 0.19), (0.149222, 0.308707, 0.19), (0.147, 0.291, 4.84057e-16), (0.1455, 0.290598, 4.53737e-16), (0.144402, 0.2895, 4.30375e-16), (0.144, 0.288, 4.21885e-16), (0.144, 0.288, 0.19), (0.144402, 0.2895, 0.19), (0.1455, 0.290598, 0.19), (0.147, 0.291, 0.19), (0.115, 0.297485, -1.77636e-16), (0.115, 0.302515, -1.77636e-16), (0.115, 0.302515, 0.19), (0.115, 0.297485, 0.19), (0.120778, 0.291293, -6.21725e-17), (0.115293, 0.296778, -1.73195e-16), (0.115293, 0.296778, 0.19), (0.120778, 0.291293, 0.19), (0.105, 0.319, -3.77476e-16), (0.107, 0.319, -3.37508e-16), (0.107, 0.319, 0.19), (0.105, 0.319, 0.19), (0.148515, 0.291, 5.19584e-16), (0.147, 0.291, 4.84057e-16), (0.147, 0.291, 0.19), (0.148515, 0.291, 0.19), (0.115293, 0.296778, -1.73195e-16), (0.115134, 0.296985, -1.73714e-16), (0.115034, 0.297226, -1.75707e-16), (0.115, 0.297485, -1.77636e-16), (0.115, 0.297485, 0.19), (0.115034, 0.297226, 0.19), (0.115134, 0.296985, 0.19), (0.115293, 0.296778, 0.19), (0.149222, 0.291293, 5.32907e-16), (0.149015, 0.291134, 5.29691e-16), (0.148774, 0.291034, 5.24615e-16), (0.148515, 0.291, 5.19584e-16), (0.148515, 0.291, 0.19), (0.148774, 0.291034, 0.19), (0.149015, 0.291134, 0.19), (0.149222, 0.291293, 0.19), (0.154707, 0.296778, 6.52811e-16), (0.149222, 0.291293, 5.32907e-16), (0.149222, 0.291293, 0.19), (0.154707, 0.296778, 0.19), (0.155, 0.297485, 6.57252e-16), (0.154966, 0.297226, 6.55122e-16), (0.154866, 0.296985, 6.52942e-16), (0.154707, 0.296778, 6.52811e-16), (0.154707, 0.296778, 0.19), (0.154866, 0.296985, 0.19), (0.154966, 0.297226, 0.19), (0.155, 0.297485, 0.19), (0.155, 0.302515, 6.57252e-16), (0.155, 0.297485, 6.57252e-16), (0.155, 0.297485, 0.19), (0.155, 0.302515, 0.19), (0.154707, 0.303222, 6.52811e-16), (0.154866, 0.303015, 6.5333e-16), (0.154966, 0.302774, 6.55323e-16), (0.155, 0.302515, 6.57252e-16), (0.155, 0.302515, 0.19), (0.154966, 0.302774, 0.19), (0.154866, 0.303015, 0.19), (0.154707, 0.303222, 0.19), (0.115, 0.297485, -1.77636e-16), (0.115034, 0.297226, -1.75707e-16), (0.115134, 0.296985, -1.73714e-16), (0.115293, 0.296778, -1.73195e-16), (0.120778, 0.291293, -6.21725e-17), (0.120985, 0.291134, -5.96298e-17), (0.121226, 0.291034, -5.46311e-17), (0.121485, 0.291, -4.88498e-17), (0.123, 0.291, -1.33227e-17), (0.1245, 0.290598, 1.90172e-17), (0.125598, 0.2895, 4.15258e-17), (0.126, 0.288, 4.88498e-17), (0.126, 0.286485, 4.88498e-17), (0.126034, 0.286226, 4.63377e-17), (0.126134, 0.285985, 4.83306e-17), (0.126293, 0.285778, 5.32907e-17), (0.131778, 0.280293, 1.64313e-16), (0.131985, 0.280134, 1.66856e-16), (0.132226, 0.280034, 1.71854e-16), (0.132485, 0.28, 1.77636e-16), (0.137515, 0.28, 2.84217e-16), (0.137774, 0.280034, 2.89248e-16), (0.138015, 0.280134, 2.94324e-16), (0.138222, 0.280293, 2.9754e-16), (0.143707, 0.285778, 4.17444e-16), (0.143866, 0.285985, 4.22015e-16), (0.143966, 0.286226, 4.24196e-16), (0.144, 0.286485, 4.21885e-16), (0.144, 0.288, 4.21885e-16), (0.144402, 0.2895, 4.30375e-16), (0.1455, 0.290598, 4.53737e-16), (0.147, 0.291, 4.84057e-16), (0.148515, 0.291, 5.19584e-16), (0.148774, 0.291034, 5.24615e-16), (0.149015, 0.291134, 5.29691e-16), (0.149222, 0.291293, 5.32907e-16), (0.154707, 0.296778, 6.52811e-16), (0.154866, 0.296985, 6.52942e-16), (0.154966, 0.297226, 6.55122e-16), (0.155, 0.297485, 6.57252e-16), (0.155, 0.302515, 6.57252e-16), (0.154966, 0.302774, 6.55323e-16), (0.154866, 0.303015, 6.5333e-16), (0.154707, 0.303222, 6.52811e-16), (0.149222, 0.308707, 5.41789e-16), (0.149015, 0.308866, 5.39246e-16), (0.148774, 0.308966, 5.34247e-16), (0.148515, 0.309, 5.28466e-16), (0.147, 0.309, 4.92939e-16), (0.1455, 0.309402, 4.60599e-16), (0.144402, 0.3105, 4.38091e-16), (0.144, 0.312, 4.30767e-16), (0.144, 0.313515, 4.30767e-16), (0.143966, 0.313774, 4.33279e-16), (0.143866, 0.314015, 4.31286e-16), (0.143707, 0.314222, 4.26326e-16), (0.138222, 0.319707, 3.15303e-16), (0.138015, 0.319866, 3.12761e-16), (0.137774, 0.319966, 3.07762e-16), (0.137515, 0.32, 3.01981e-16), (0.132485, 0.32, 1.95399e-16), (0.132226, 0.319966, 1.90369e-16), (0.131985, 0.319866, 1.85292e-16), (0.131778, 0.319707, 1.82077e-16), (0.126293, 0.314222, 6.21725e-17), (0.126134, 0.314015, 5.76009e-17), (0.126034, 0.313774, 5.54206e-17), (0.126, 0.313515, 5.77316e-17), (0.126, 0.312, 5.77316e-17), (0.125598, 0.3105, 4.92418e-17), (0.1245, 0.309402, 2.58798e-17), (0.123, 0.309, -4.44089e-18), (0.121485, 0.309, -3.9968e-17), (0.121226, 0.308966, -4.49986e-17), (0.120985, 0.308866, -5.00749e-17), (0.120778, 0.308707, -5.32907e-17), (0.115293, 0.303222, -1.73195e-16), (0.115134, 0.303015, -1.73325e-16), (0.115034, 0.302774, -1.75506e-16), (0.115, 0.302515, -1.77636e-16), (0.107, 0.319, -3.37508e-16), (0.105, 0.319, -3.77476e-16), (0.105, 0.328, -3.77476e-16), (0.105268, 0.329, -3.73296e-16), (0.106, 0.329732, -3.57722e-16), (0.107, 0.33, -3.33067e-16), (0.116, 0.33, -1.42109e-16), (0.116, 0.328, -1.46549e-16), (0.11175, 0.328, -2.35367e-16), (0.11175, 0.324664, -2.35367e-16), (0.115414, 0.321, -1.59872e-16), (0.124586, 0.321, 3.10862e-17), (0.12825, 0.324664, 1.06581e-16), (0.12825, 0.328, 1.06581e-16), (0.124, 0.328, 1.77636e-17), (0.124, 0.33, 2.22045e-17), (0.146, 0.33, 4.84057e-16), (0.146, 0.328, 4.79616e-16), (0.14175, 0.328, 3.90799e-16), (0.14175, 0.324664, 3.90799e-16), (0.145414, 0.321, 4.66294e-16), (0.154586, 0.321, 6.57252e-16), (0.15825, 0.324664, 7.32747e-16), (0.15825, 0.328, 7.32747e-16), (0.154, 0.328, 6.43929e-16), (0.154, 0.33, 6.4837e-16), (0.163, 0.33, 8.39329e-16), (0.164, 0.329732, 8.56448e-16), (0.164732, 0.329, 8.71453e-16), (0.165, 0.328, 8.74856e-16), (0.165, 0.319, 8.74856e-16), (0.163, 0.319, 8.34888e-16), (0.163, 0.32325, 8.34888e-16), (0.159664, 0.32325, 7.63833e-16), (0.156, 0.319586, 6.88338e-16), (0.156, 0.310414, 6.83897e-16), (0.159664, 0.30675, 7.59393e-16), (0.163, 0.30675, 8.30447e-16), (0.163, 0.311, 8.30447e-16), (0.165, 0.311, 8.70415e-16), (0.165, 0.289, 8.61533e-16), (0.163, 0.289, 8.21565e-16), (0.163, 0.29325, 8.21565e-16), (0.159664, 0.29325, 7.50511e-16), (0.156, 0.289586, 6.75016e-16), (0.156, 0.280414, 6.70575e-16), (0.159664, 0.27675, 7.4607e-16), (0.163, 0.27675, 8.17124e-16), (0.163, 0.281, 8.17124e-16), (0.165, 0.281, 8.57092e-16), (0.165, 0.272, 8.57092e-16), (0.164732, 0.271, 8.52913e-16), (0.164, 0.270268, 8.37338e-16), (0.163, 0.27, 8.12683e-16), (0.154, 0.27, 6.21725e-16), (0.154, 0.272, 6.26166e-16), (0.15825, 0.272, 7.14984e-16), (0.15825, 0.275336, 7.14984e-16), (0.154586, 0.279, 6.39488e-16), (0.145414, 0.279, 4.4853e-16), (0.14175, 0.275336, 3.73035e-16), (0.14175, 0.272, 3.73035e-16), (0.146, 0.272, 4.61853e-16), (0.146, 0.27, 4.57412e-16), (0.124, 0.27, -4.44089e-18), (0.124, 0.272, 0), (0.12825, 0.272, 8.88178e-17), (0.12825, 0.275336, 8.88178e-17), (0.124586, 0.279, 1.33227e-17), (0.115414, 0.279, -1.77636e-16), (0.11175, 0.275336, -2.53131e-16), (0.11175, 0.272, -2.53131e-16), (0.116, 0.272, -1.64313e-16), (0.116, 0.27, -1.68754e-16), (0.107, 0.27, -3.59712e-16), (0.106, 0.270268, -3.76831e-16), (0.105268, 0.271, -3.91837e-16), (0.105, 0.272, -3.95239e-16), (0.105, 0.281, -3.95239e-16), (0.107, 0.281, -3.55271e-16), (0.107, 0.27675, -3.55271e-16), (0.110336, 0.27675, -2.84217e-16), (0.114, 0.280414, -2.08722e-16), (0.114, 0.289586, -2.04281e-16), (0.110336, 0.29325, -2.79776e-16), (0.107, 0.29325, -3.5083e-16), (0.107, 0.289, -3.5083e-16), (0.105, 0.289, -3.90799e-16), (0.105, 0.311, -3.81917e-16), (0.107, 0.311, -3.41949e-16), (0.107, 0.30675, -3.41949e-16), (0.110336, 0.30675, -2.70894e-16), (0.114, 0.310414, -1.95399e-16), (0.114, 0.319586, -1.90958e-16), (0.110336, 0.32325, -2.66454e-16), (0.107, 0.32325, -3.37508e-16), (0.1234, 0.315, 0), (0.1217, 0.317944, -3.44024e-17), (0.1183, 0.317944, -1.05418e-16), (0.1166, 0.315, -1.4207e-16), (0.1183, 0.312056, -1.07706e-16), (0.1217, 0.312056, -3.66909e-17), (0.1466, 0.315, 4.88498e-16), (0.1483, 0.312056, 5.22901e-16), (0.1517, 0.312056, 5.93916e-16), (0.1534, 0.315, 6.30568e-16), (0.1517, 0.317944, 5.96204e-16), (0.1483, 0.317944, 5.25189e-16), (0.1466, 0.285, 4.79616e-16), (0.1483, 0.282056, 5.14019e-16), (0.1517, 0.282056, 5.85034e-16), (0.1534, 0.285, 6.21686e-16), (0.1517, 0.287944, 5.87322e-16), (0.1483, 0.287944, 5.16307e-16), (0.1166, 0.285, -1.5099e-16), (0.1183, 0.282056, -1.16588e-16), (0.1217, 0.282056, -4.55727e-17), (0.1234, 0.285, -8.92083e-18), (0.1217, 0.287944, -4.32842e-17), (0.1183, 0.287944, -1.14299e-16)]
        uniform token subdivisionScheme = "none"
    }

    def Mesh "top_plate" (
        prepend apiSchemas = ["PhysicsCollisionAPI", "PhysicsMeshCollisionAPI", "MaterialBindingAPI"]
    )
    {
        int[] faceVertexCounts = [3, 3, 3, 3, 3, 3, 3, 3, 3, 3, 3, 3, 3, 3, 3, 3, 3, 3, 3, 3, 3, 3, 3, 3, 3, 3, 3, 3, 3, 3, 3, 3, 3, 3, 3, 3, 3, 3, 3, 3, 3, 3, 3, 3, 3, 3, 3, 3, 3, 3, 3, 3, 3, 3, 3, 3, 3, 3, 3, 3, 3, 3, 3, 3, 3, 3, 3, 3, 3, 3, 3, 3, 3, 3, 3, 3, 3, 3, 3, 3, 3, 3, 3, 3, 3, 3, 3, 3, 3, 3, 3, 3, 3, 3, 3, 3, 3, 3, 3, 3, 3, 3, 3, 3, 3, 3, 3, 3, 3, 3, 3, 3, 3, 3, 3, 3, 3, 3, 3, 3, 3, 3, 3, 3, 3, 3, 3, 3, 3, 3, 3, 3, 3, 3, 3, 3, 3, 3, 3, 3, 3, 3, 3, 3, 3, 3, 3, 3, 3, 3, 3, 3, 3, 3, 3, 3, 3, 3, 3, 3, 3, 3, 3, 3, 3, 3, 3, 3, 3, 3, 3, 3, 3, 3, 3, 3, 3, 3, 3, 3, 3, 3, 3, 3, 3, 3, 3, 3, 3, 3, 3, 3, 3, 3, 3, 3, 3, 3, 3, 3, 3, 3, 3, 3, 3, 3, 3, 3, 3, 3, 3, 3, 3, 3, 3, 3, 3, 3, 3, 3, 3, 3, 3, 3, 3, 3, 3, 3, 3, 3, 3, 3, 3, 3, 3, 3, 3, 3, 3, 3, 3, 3, 3, 3, 3, 3, 3, 3, 3, 3, 3, 3, 3, 3, 3, 3, 3, 3, 3, 3, 3, 3, 3, 3, 3, 3, 3, 3, 3, 3, 3, 3, 3, 3, 3, 3, 3, 3, 3, 3, 3, 3, 3, 3, 3, 3, 3, 3, 3, 3, 3, 3, 3, 3, 3, 3, 3, 3, 3, 3, 3, 3, 3, 3, 3, 3, 3, 3, 3, 3, 3, 3, 3, 3, 3, 3, 3, 3, 3, 3, 3, 3, 3, 3, 3, 3, 3, 3, 3, 3, 3, 3, 3, 3, 3, 3, 3, 3, 3, 3, 3, 3, 3, 3, 3, 3, 3, 3, 3, 3, 3, 3, 3, 3, 3, 3, 3, 3, 3, 3, 3, 3, 3, 3, 3, 3, 3, 3, 3, 3, 3, 3, 3, 3, 3, 3, 3, 3, 3, 3, 3, 3, 3, 3, 3, 3, 3, 3, 3, 3, 3, 3, 3, 3, 3, 3, 3, 3, 3, 3, 3, 3, 3, 3, 3, 3, 3, 3, 3, 3, 3, 3, 3, 3, 3, 3, 3, 3, 3, 3, 3, 3, 3, 3, 3, 3, 3, 3, 3, 3, 3, 3, 3, 3, 3, 3, 3, 3, 3, 3, 3, 3, 3, 3, 3, 3, 3, 3, 3, 3, 3, 3, 3, 3, 3, 3, 3, 3, 3, 3, 3, 3, 3, 3, 3, 3, 3, 3, 3, 3, 3, 3, 3, 3, 3, 3, 3, 3, 3, 3, 3, 3, 3, 3, 3, 3, 3, 3, 3, 3, 3, 3, 3, 3, 3, 3, 3, 3, 3, 3, 3, 3, 3, 3, 3, 3, 3, 3, 3, 3, 3, 3, 3, 3, 3, 3, 3, 3, 3, 3, 3, 3, 3, 3, 3, 3, 3, 3, 3, 3, 3, 3, 3, 3, 3, 3, 3, 3, 3, 3, 3, 3, 3, 3, 3, 3, 3, 3, 3, 3, 3, 3, 3, 3, 3, 3, 3, 3, 3, 3, 3, 3, 3, 3, 3, 3, 3, 3, 3, 3, 3, 3, 3, 3, 3, 3, 3, 3, 3, 3, 3, 3, 3, 3, 3, 3, 3, 3, 3, 3, 3, 3, 3, 3, 3, 3, 3, 3, 3, 3, 3, 3, 3, 3, 3, 3, 3, 3, 3, 3, 3, 3, 3, 3, 3, 3, 3, 3, 3, 3, 3, 3, 3, 3, 3, 3, 3, 3, 3, 3, 3, 3, 3, 3, 3, 3, 3, 3, 3, 3, 3, 3, 3, 3, 3, 3, 3, 3, 3, 3, 3, 3, 3, 3, 3, 3, 3, 3, 3, 3, 3, 3, 3, 3, 3, 3, 3, 3, 3, 3, 3, 3, 3, 3, 3, 3, 3, 3, 3, 3, 3, 3, 3, 3, 3, 3, 3, 3, 3, 3, 3, 3, 3, 3, 3, 3, 3, 3, 3, 3, 3, 3, 3, 3, 3, 3, 3, 3, 3, 3, 3, 3, 3, 3, 3, 3, 3, 3, 3, 3, 3, 3, 3, 3, 3, 3, 3, 3, 3, 3, 3, 3, 3, 3, 3, 3, 3, 3, 3, 3, 3, 3, 3, 3, 3, 3, 3, 3, 3, 3, 3, 3, 3, 3, 3, 3, 3, 3, 3, 3, 3, 3, 3, 3, 3, 3, 3, 3, 3, 3, 3, 3, 3, 3, 3, 3, 3, 3, 3, 3, 3, 3, 3, 3, 3, 3, 3, 3, 3, 3, 3, 3, 3, 3, 3, 3, 3, 3, 3, 3, 3, 3, 3, 3, 3, 3, 3, 3, 3, 3, 3, 3, 3, 3, 3, 3, 3, 3, 3, 3, 3, 3, 3, 3, 3, 3, 3, 3, 3, 3, 3, 3, 3, 3, 3, 3, 3, 3, 3, 3, 3, 3, 3, 3, 3, 3, 3, 3, 3, 3, 3, 3, 3, 3, 3, 3, 3, 3, 3, 3, 3, 3, 3, 3, 3, 3, 3, 3, 3, 3, 3, 3, 3, 3, 3, 3, 3, 3, 3, 3, 3, 3, 3, 3, 3, 3, 3, 3, 3, 3, 3, 3, 3, 3, 3, 3, 3, 3, 3, 3, 3, 3, 3, 3, 3, 3, 3, 3, 3, 3, 3, 3, 3, 3, 3, 3, 3, 3, 3, 3, 3, 3, 3, 3, 3, 3, 3, 3, 3, 3, 3, 3, 3, 3, 3, 3, 3, 3, 3, 3, 3, 3, 3, 3, 3, 3, 3, 3, 3, 3, 3, 3, 3, 3, 3, 3, 3, 3, 3, 3, 3, 3, 3, 3, 3, 3, 3, 3, 3, 3, 3, 3, 3, 3, 3, 3, 3, 3, 3, 3, 3, 3, 3, 3, 3, 3, 3, 3, 3, 3, 3, 3, 3, 3, 3, 3, 3, 3, 3, 3, 3, 3, 3, 3, 3, 3, 3, 3, 3, 3, 3, 3, 3, 3, 3, 3, 3, 3, 3, 3, 3, 3, 3, 3, 3, 3, 3, 3, 3, 3, 3, 3, 3, 3, 3, 3, 3, 3, 3, 3, 3, 3, 3, 3, 3, 3, 3, 3, 3, 3, 3, 3, 3, 3, 3, 3, 3, 3, 3, 3, 3, 3, 3, 3, 3, 3, 3, 3, 3, 3, 3, 3, 3, 3, 3, 3, 3, 3, 3, 3, 3, 3, 3, 3, 3, 3, 3, 3, 3, 3, 3, 3, 3, 3, 3, 3, 3, 3, 3, 3]
        int[] faceVertexIndices = [1, 14, 0, 15, 10, 11, 15, 11, 6, 6, 11, 12, 6, 12, 5, 5, 12, 13, 5, 13, 4, 4, 13, 7, 4, 7, 3, 3, 7, 8, 3, 8, 2, 2, 8, 9, 2, 9, 1, 1, 9, 14, 25, 16, 26, 26, 16, 17, 26, 17, 32, 32, 17, 18, 32, 18, 31, 31, 18, 19, 31, 19, 20, 31, 20, 30, 30, 20, 33, 30, 33, 29, 34, 21, 22, 34, 22, 28, 28, 22, 23, 28, 23, 24, 28, 24, 27, 27, 24, 25, 27, 25, 26, 36, 49, 35, 50, 45, 46, 50, 46, 41, 41, 46, 47, 41, 47, 40, 40, 47, 48, 40, 48, 39, 39, 48, 42, 39, 42, 38, 38, 42, 43, 38, 43, 37, 37, 43, 44, 37, 44, 36, 36, 44, 49, 60, 51, 61, 61, 51, 52, 61, 52, 67, 67, 52, 53, 67, 53, 66, 66, 53, 54, 66, 54, 55, 66, 55, 65, 65, 55, 68, 65, 68, 64, 69, 56, 57, 69, 57, 63, 63, 57, 58, 63, 58, 59, 63, 59, 62, 62, 59, 60, 62, 60, 61, 71, 84, 70, 85, 80, 81, 85, 81, 76, 76, 81, 82, 76, 82, 75, 75, 82, 83, 75, 83, 74, 74, 83, 77, 74, 77, 73, 73, 77, 78, 73, 78, 72, 72, 78, 79, 72, 79, 71, 71, 79, 84, 95, 86, 96, 96, 86, 87, 96, 87, 102, 102, 87, 88, 102, 88, 101, 101, 88, 89, 101, 89, 90, 101, 90, 100, 100, 90, 103, 100, 103, 99, 104, 91, 92, 104, 92, 98, 98, 92, 93, 98, 93, 94, 98, 94, 97, 97, 94, 95, 97, 95, 96, 106, 119, 105, 120, 115, 116, 120, 116, 111, 111, 116, 117, 111, 117, 110, 110, 117, 118, 110, 118, 109, 109, 118, 112, 109, 112, 108, 108, 112, 113, 108, 113, 107, 107, 113, 114, 107, 114, 106, 106, 114, 119, 130, 121, 131, 131, 121, 122, 131, 122, 137, 137, 122, 123, 137, 123, 136, 136, 123, 124, 136, 124, 125, 136, 125, 135, 135, 125, 138, 135, 138, 134, 139, 126, 127, 139, 127, 133, 133, 127, 128, 133, 128, 129, 133, 129, 132, 132, 129, 130, 132, 130, 131, 141, 154, 140, 155, 150, 151, 155, 151, 146, 146, 151, 152, 146, 152, 145, 145, 152, 153, 145, 153, 144, 144, 153, 147, 144, 147, 143, 143, 147, 148, 143, 148, 142, 142, 148, 149, 142, 149, 141, 141, 149, 154, 165, 156, 166, 166, 156, 157, 166, 157, 172, 172, 157, 158, 172, 158, 171, 171, 158, 159, 171, 159, 160, 171, 160, 170, 170, 160, 173, 170, 173, 169, 174, 161, 162, 174, 162, 168, 168, 162, 163, 168, 163, 164, 168, 164, 167, 167, 164, 165, 167, 165, 166, 176, 189, 175, 190, 185, 186, 190, 186, 181, 181, 186, 187, 181, 187, 180, 180, 187, 188, 180, 188, 179, 179, 188, 182, 179, 182, 178, 178, 182, 183, 178, 183, 177, 177, 183, 184, 177, 184, 176, 176, 184, 189, 200, 191, 201, 201, 191, 192, 201, 192, 207, 207, 192, 193, 207, 193, 206, 206, 193, 194, 206, 194, 195, 206, 195, 205, 205, 195, 208, 205, 208, 204, 209, 196, 197, 209, 197, 203, 203, 197, 198, 203, 198, 199, 203, 199, 202, 202, 199, 200, 202, 200, 201, 211, 224, 210, 225, 220, 221, 225, 221, 216, 216, 221, 222, 216, 222, 215, 215, 222, 223, 215, 223, 214, 214, 223, 217, 214, 217, 213, 213, 217, 218, 213, 218, 212, 212, 218, 219, 212, 219, 211, 211, 219, 224, 235, 226, 236, 236, 226, 227, 236, 227, 242, 242, 227, 228, 242, 228, 241, 241, 228, 229, 241, 229, 230, 241, 230, 240, 240, 230, 243, 240, 243, 239, 244, 231, 232, 244, 232, 238, 238, 232, 233, 238, 233, 234, 238, 234, 237, 237, 234, 235, 237, 235, 236, 246, 259, 245, 260, 255, 256, 260, 256, 251, 251, 256, 257, 251, 257, 250, 250, 257, 258, 250, 258, 249, 249, 258, 252, 249, 252, 248, 248, 252, 253, 248, 253, 247, 247, 253, 254, 247, 254, 246, 246, 254, 259, 270, 261, 271, 271, 261, 262, 271, 262, 277, 277, 262, 263, 277, 263, 276, 276, 263, 264, 276, 264, 265, 276, 265, 275, 275, 265, 278, 275, 278, 274, 279, 266, 267, 279, 267, 273, 273, 267, 268, 273, 268, 269, 273, 269, 272, 272, 269, 270, 272, 270, 271, 281, 294, 280, 295, 290, 291, 295, 291, 286, 286, 291, 292, 286, 292, 285, 285, 292, 293, 285, 293, 284, 284, 293, 287, 284, 287, 283, 283, 287, 288, 283, 288, 282, 282, 288, 289, 282, 289, 281, 281, 289, 294, 305, 296, 306, 306, 296, 297, 306, 297, 312, 312, 297, 298, 312, 298, 311, 311, 298, 299, 311, 299, 300, 311, 300, 310, 310, 300, 313, 310, 313, 309, 314, 301, 302, 314, 302, 308, 308, 302, 303, 308, 303, 304, 308, 304, 307, 307, 304, 305, 307, 305, 306, 316, 329, 315, 330, 325, 326, 330, 326, 321, 321, 326, 327, 321, 327, 320, 320, 327, 328, 320, 328, 319, 319, 328, 322, 319, 322, 318, 318, 322, 323, 318, 323, 317, 317, 323, 324, 317, 324, 316, 316, 324, 329, 340, 331, 341, 341, 331, 332, 341, 332, 347, 347, 332, 333, 347, 333, 346, 346, 333, 334, 346, 334, 335, 346, 335, 345, 345, 335, 348, 345, 348, 344, 349, 336, 337, 349, 337, 343, 343, 337, 338, 343, 338, 339, 343, 339, 342, 342, 339, 340, 342, 340, 341, 351, 364, 350, 365, 360, 361, 365, 361, 356, 356, 361, 362, 356, 362, 355, 355, 362, 363, 355, 363, 354, 354, 363, 357, 354, 357, 353, 353, 357, 358, 353, 358, 352, 352, 358, 359, 352, 359, 351, 351, 359, 364, 367, 368, 366, 366, 368, 369, 371, 384, 370, 385, 380, 381, 385, 381, 376, 376, 381, 382, 376, 382, 375, 375, 382, 383, 375, 383, 374, 374, 383, 377, 374, 377, 373, 373, 377, 378, 373, 378, 372, 372, 378, 379, 372, 379, 371, 371, 379, 384, 395, 386, 396, 396, 386, 387, 396, 387, 402, 402, 387, 388, 402, 388, 401, 401, 388, 389, 401, 389, 390, 401, 390, 400, 400, 390, 403, 400, 403, 399, 404, 391, 392, 404, 392, 398, 398, 392, 393, 398, 393, 394, 398, 394, 397, 397, 394, 395, 397, 395, 396, 406, 407, 405, 405, 407, 408, 418, 409, 419, 419, 409, 410, 419, 410, 425, 425, 410, 411, 425, 411, 424, 424, 411, 412, 424, 412, 413, 424, 413, 423, 423, 413, 426, 423, 426, 422, 427, 414, 415, 427, 415, 421, 421, 415, 416, 421, 416, 417, 421, 417, 420, 420, 417, 418, 420, 418, 419, 429, 442, 428, 443, 438, 439, 443, 439, 434, 434, 439, 440, 434, 440, 433, 433, 440, 441, 433, 441, 432, 432, 441, 435, 432, 435, 431, 431, 435, 436, 431, 436, 430, 430, 436, 437, 430, 437, 429, 429, 437, 442, 445, 458, 444, 459, 454, 455, 459, 455, 450, 450, 455, 456, 450, 456, 449, 449, 456, 457, 449, 457, 448, 448, 457, 451, 448, 451, 447, 447, 451, 452, 447, 452, 446, 446, 452, 453, 446, 453, 445, 445, 453, 458, 469, 460, 470, 470, 460, 461, 470, 461, 476, 476, 461, 462, 476, 462, 475, 475, 462, 463, 475, 463, 464, 475, 464, 474, 474, 464, 477, 474, 477, 473, 478, 465, 466, 478, 466, 472, 472, 466, 467, 472, 467, 468, 472, 468, 471, 471, 468, 469, 471, 469, 470, 486, 479, 485, 485, 479, 480, 485, 480, 484, 484, 480, 481, 484, 481, 483, 483, 481, 482, 496, 487, 497, 497, 487, 488, 497, 488, 503, 503, 488, 489, 503, 489, 502, 502, 489, 490, 502, 490, 491, 502, 491, 501, 501, 491, 504, 501, 504, 500, 505, 492, 493, 505, 493, 499, 499, 493, 494, 499, 494, 495, 499, 495, 498, 498, 495, 496, 498, 496, 497, 507, 520, 506, 521, 516, 517, 521, 517, 512, 512, 517, 518, 512, 518, 511, 511, 518, 519, 511, 519, 510, 510, 519, 513, 510, 513, 509, 509, 513, 514, 509, 514, 508, 508, 514, 515, 508, 515, 507, 507, 515, 520, 529, 522, 528, 528, 522, 523, 528, 523, 527, 527, 523, 524, 527, 524, 526, 526, 524, 525, 539, 530, 540, 540, 530, 531, 540, 531, 546, 546, 531, 532, 546, 532, 545, 545, 532, 533, 545, 533, 534, 545, 534, 544, 544, 534, 547, 544, 547, 543, 548, 535, 536, 548, 536, 542, 542, 536, 537, 542, 537, 538, 542, 538, 541, 541, 538, 539, 541, 539, 540, 550, 551, 549, 549, 551, 552, 554, 567, 553, 568, 563, 564, 568, 564, 559, 559, 564, 565, 559, 565, 558, 558, 565, 566, 558, 566, 557, 557, 566, 560, 557, 560, 556, 556, 560, 561, 556, 561, 555, 555, 561, 562, 555, 562, 554, 554, 562, 567, 576, 569, 575, 575, 569, 570, 575, 570, 574, 574, 570, 571, 574, 571, 573, 573, 571, 572, 586, 577, 587, 587, 577, 578, 587, 578, 593, 593, 578, 579, 593, 579, 592, 592, 579, 580, 592, 580, 581, 592, 581, 591, 591, 581, 594, 591, 594, 590, 595, 582, 583, 595, 583, 589, 589, 583, 584, 589, 584, 585, 589, 585, 588, 588, 585, 586, 588, 586, 587, 603, 596, 602, 602, 596, 597, 602, 597, 601, 601, 597, 598, 601, 598, 600, 600, 598, 599, 605, 618, 604, 619, 614, 615, 619, 615, 610, 610, 615, 616, 610, 616, 609, 609, 616, 617, 609, 617, 608, 608, 617, 611, 608, 611, 607, 607, 611, 612, 607, 612, 606, 606, 612, 613, 606, 613, 605, 605, 613, 618, 621, 622, 620, 620, 622, 623, 625, 637, 624, 624, 637, 631, 624, 631, 687, 687, 631, 632, 687, 632, 633, 625, 626, 637, 637, 626, 636, 636, 626, 639, 636, 639, 640, 626, 627, 639, 639, 627, 638, 638, 627, 628, 638, 628, 644, 644, 628, 629, 644, 629, 643, 643, 629, 726, 643, 726, 701, 701, 726, 700, 700, 726, 727, 700, 727, 699, 699, 727, 728, 699, 728, 707, 707, 728, 734, 707, 734, 706, 706, 734, 735, 706, 735, 705, 705, 735, 736, 705, 736, 691, 691, 736, 750, 691, 750, 751, 726, 629, 740, 740, 629, 630, 740, 630, 739, 739, 630, 688, 739, 688, 738, 738, 688, 744, 744, 688, 746, 744, 746, 747, 630, 624, 688, 688, 624, 687, 634, 646, 633, 633, 646, 647, 633, 647, 687, 687, 647, 684, 687, 684, 686, 686, 684, 685, 646, 634, 645, 645, 634, 635, 645, 635, 651, 651, 635, 636, 651, 636, 640, 641, 649, 640, 640, 649, 650, 640, 650, 651, 649, 641, 701, 701, 641, 642, 701, 642, 643, 648, 656, 647, 647, 656, 657, 647, 657, 684, 684, 657, 683, 683, 657, 680, 683, 680, 681, 656, 648, 655, 655, 648, 649, 655, 649, 715, 715, 649, 701, 715, 701, 702, 653, 669, 652, 652, 669, 670, 652, 670, 658, 658, 670, 671, 658, 671, 657, 657, 671, 680, 654, 678, 653, 653, 678, 668, 653, 668, 669, 655, 664, 654, 654, 664, 665, 654, 665, 678, 678, 665, 677, 677, 665, 659, 677, 659, 676, 676, 659, 660, 676, 660, 675, 675, 660, 661, 675, 661, 771, 771, 661, 757, 771, 757, 758, 757, 661, 716, 716, 661, 662, 716, 662, 715, 715, 662, 663, 715, 663, 655, 655, 663, 664, 667, 673, 666, 666, 673, 680, 666, 680, 672, 672, 680, 671, 668, 678, 667, 667, 678, 679, 667, 679, 673, 680, 673, 695, 695, 673, 674, 695, 674, 772, 772, 674, 771, 771, 674, 675, 681, 682, 683, 689, 691, 688, 688, 691, 751, 688, 751, 745, 689, 690, 691, 705, 691, 719, 719, 691, 692, 719, 692, 761, 761, 692, 775, 761, 775, 760, 760, 775, 776, 760, 776, 759, 759, 776, 777, 759, 777, 765, 765, 777, 778, 765, 778, 754, 754, 778, 753, 753, 778, 768, 753, 768, 769, 693, 694, 692, 692, 694, 695, 692, 695, 774, 774, 695, 773, 773, 695, 779, 779, 695, 767, 779, 767, 778, 778, 767, 768, 697, 713, 696, 696, 713, 714, 696, 714, 702, 702, 714, 715, 698, 722, 697, 697, 722, 712, 697, 712, 713, 699, 708, 698, 698, 708, 709, 698, 709, 722, 722, 709, 721, 721, 709, 703, 721, 703, 720, 720, 703, 704, 720, 704, 719, 719, 704, 705, 707, 708, 699, 711, 755, 710, 710, 755, 756, 710, 756, 716, 716, 756, 757, 712, 722, 711, 711, 722, 723, 711, 723, 763, 763, 723, 717, 763, 717, 762, 762, 717, 718, 762, 718, 761, 761, 718, 719, 725, 741, 724, 724, 741, 742, 724, 742, 730, 730, 742, 743, 730, 743, 733, 733, 743, 732, 732, 743, 747, 732, 747, 748, 741, 725, 740, 740, 725, 726, 734, 728, 733, 733, 728, 729, 733, 729, 730, 732, 748, 731, 731, 748, 749, 731, 749, 737, 737, 749, 750, 737, 750, 736, 743, 744, 747, 745, 746, 688, 753, 769, 752, 752, 769, 770, 752, 770, 758, 758, 770, 771, 765, 754, 764, 764, 754, 755, 764, 755, 763, 763, 755, 711, 772, 766, 695, 695, 766, 767, 774, 775, 692, 789, 780, 790, 790, 780, 781, 790, 781, 796, 796, 781, 782, 796, 782, 795, 795, 782, 783, 795, 783, 784, 795, 784, 794, 794, 784, 797, 794, 797, 793, 798, 785, 786, 798, 786, 792, 792, 786, 787, 792, 787, 788, 792, 788, 791, 791, 788, 789, 791, 789, 790, 800, 823, 799, 799, 823, 824, 799, 824, 808, 808, 824, 825, 808, 825, 807, 807, 825, 826, 807, 826, 941, 941, 826, 922, 941, 922, 940, 940, 922, 923, 940, 923, 939, 939, 923, 924, 939, 924, 948, 948, 924, 925, 948, 925, 947, 947, 925, 926, 947, 926, 951, 951, 926, 932, 951, 932, 950, 950, 932, 933, 950, 933, 949, 949, 933, 934, 949, 934, 958, 958, 934, 935, 958, 935, 957, 957, 935, 936, 957, 936, 1007, 1007, 936, 937, 1007, 937, 891, 891, 937, 890, 890, 937, 938, 890, 938, 889, 889, 938, 929, 889, 929, 898, 898, 929, 930, 898, 930, 880, 880, 930, 928, 880, 928, 879, 879, 928, 919, 879, 919, 888, 888, 919, 920, 888, 920, 887, 887, 920, 921, 887, 921, 827, 827, 921, 922, 827, 922, 826, 823, 800, 822, 822, 800, 801, 822, 801, 836, 836, 801, 817, 836, 817, 835, 835, 817, 818, 835, 818, 834, 834, 818, 809, 834, 809, 833, 833, 809, 810, 833, 810, 832, 832, 810, 811, 832, 811, 1011, 1011, 811, 812, 1011, 812, 813, 801, 802, 817, 817, 802, 816, 816, 802, 815, 815, 802, 803, 815, 803, 804, 805, 1010, 804, 804, 1010, 1011, 804, 1011, 814, 814, 1011, 813, 806, 942, 805, 805, 942, 943, 805, 943, 1010, 1010, 943, 944, 1010, 944, 945, 806, 807, 942, 942, 807, 941, 814, 815, 804, 820, 829, 819, 819, 829, 887, 819, 887, 828, 828, 887, 827, 829, 820, 838, 838, 820, 821, 838, 821, 837, 837, 821, 822, 837, 822, 836, 830, 848, 829, 829, 848, 839, 829, 839, 886, 886, 839, 907, 886, 907, 885, 885, 907, 908, 885, 908, 884, 884, 908, 899, 884, 899, 883, 883, 899, 900, 883, 900, 882, 882, 900, 901, 882, 901, 896, 896, 901, 917, 896, 917, 895, 895, 917, 918, 895, 918, 894, 894, 918, 909, 894, 909, 893, 893, 909, 910, 893, 910, 892, 892, 910, 911, 892, 911, 1007, 1007, 911, 1006, 1006, 911, 912, 1006, 912, 971, 971, 912, 970, 970, 912, 913, 970, 913, 969, 969, 913, 914, 969, 914, 978, 978, 914, 915, 978, 915, 960, 960, 915, 903, 960, 903, 959, 959, 903, 904, 959, 904, 968, 968, 904, 905, 968, 905, 967, 967, 905, 906, 967, 906, 851, 851, 906, 850, 850, 906, 849, 849, 906, 839, 849, 839, 840, 848, 830, 847, 847, 830, 831, 847, 831, 999, 999, 831, 1014, 1014, 831, 1011, 1014, 1011, 1012, 831, 832, 1011, 841, 857, 840, 840, 857, 858, 840, 858, 849, 841, 842, 857, 857, 842, 856, 856, 842, 861, 856, 861, 877, 877, 861, 862, 877, 862, 876, 876, 862, 863, 876, 863, 875, 875, 863, 874, 874, 863, 864, 874, 864, 1002, 1002, 864, 865, 1002, 865, 866, 861, 842, 860, 860, 842, 843, 860, 843, 859, 859, 843, 844, 859, 844, 868, 868, 844, 845, 868, 845, 867, 867, 845, 846, 867, 846, 1002, 1002, 846, 847, 1002, 847, 999, 851, 852, 967, 967, 852, 966, 966, 852, 871, 966, 871, 987, 987, 871, 872, 987, 872, 986, 986, 872, 873, 986, 873, 985, 985, 873, 1003, 985, 1003, 984, 984, 1003, 983, 983, 1003, 995, 983, 995, 996, 871, 852, 870, 870, 852, 853, 870, 853, 869, 869, 853, 854, 869, 854, 878, 878, 854, 855, 878, 855, 877, 877, 855, 856, 866, 867, 1002, 873, 874, 1003, 1003, 874, 1002, 898, 880, 897, 897, 880, 881, 897, 881, 882, 886, 887, 829, 891, 892, 1007, 896, 897, 882, 901, 902, 917, 917, 902, 916, 916, 902, 903, 916, 903, 915, 906, 907, 839, 926, 927, 932, 932, 927, 931, 931, 927, 928, 931, 928, 930, 946, 952, 945, 945, 952, 953, 945, 953, 1010, 1010, 953, 954, 1010, 954, 955, 946, 947, 952, 952, 947, 951, 955, 956, 1010, 1010, 956, 1007, 1010, 1007, 1009, 1009, 1007, 1008, 956, 957, 1007, 978, 960, 977, 977, 960, 961, 977, 961, 962, 963, 980, 962, 962, 980, 981, 962, 981, 976, 976, 981, 997, 976, 997, 975, 975, 997, 998, 975, 998, 974, 974, 998, 989, 974, 989, 973, 973, 989, 990, 973, 990, 972, 972, 990, 991, 972, 991, 1006, 1006, 991, 992, 1006, 992, 1003, 1003, 992, 993, 1003, 993, 994, 980, 963, 979, 979, 963, 964, 979, 964, 988, 988, 964, 965, 988, 965, 987, 987, 965, 966, 971, 972, 1006, 976, 977, 962, 981, 982, 997, 997, 982, 996, 996, 982, 983, 994, 995, 1003, 1000, 1001, 999, 999, 1001, 1002, 1003, 1004, 1006, 1006, 1004, 1005, 1012, 1013, 1014, 1016, 1029, 1015, 1030, 1025, 1026, 1030, 1026, 1021, 1021, 1026, 1027, 1021, 1027, 1020, 1020, 1027, 1028, 1020, 1028, 1019, 1019, 1028, 1022, 1019, 1022, 1018, 1018, 1022, 1023, 1018, 1023, 1017, 1017, 1023, 1024, 1017, 1024, 1016, 1016, 1024, 1029, 1040, 1031, 1041, 1041, 1031, 1032, 1041, 1032, 1047, 1047, 1032, 1033, 1047, 1033, 1046, 1046, 1033, 1034, 1046, 1034, 1035, 1046, 1035, 1045, 1045, 1035, 1048, 1045, 1048, 1044, 1049, 1036, 1037, 1049, 1037, 1043, 1043, 1037, 1038, 1043, 1038, 1039, 1043, 1039, 1042, 1042, 1039, 1040, 1042, 1040, 1041, 1051, 1064, 1050, 1065, 1060, 1061, 1065, 1061, 1056, 1056, 1061, 1062, 1056, 1062, 1055, 1055, 1062, 1063, 1055, 1063, 1054, 1054, 1063, 1057, 1054, 1057, 1053, 1053, 1057, 1058, 1053, 1058, 1052, 1052, 1058, 1059, 1052, 1059, 1051, 1051, 1059, 1064, 1075, 1066, 1076, 1076, 1066, 1067, 1076, 1067, 1082, 1082, 1067, 1068, 1082, 1068, 1081, 1081, 1068, 1069, 1081, 1069, 1070, 1081, 1070, 1080, 1080, 1070, 1083, 1080, 1083, 1079, 1084, 1071, 1072, 1084, 1072, 1078, 1078, 1072, 1073, 1078, 1073, 1074, 1078, 1074, 1077, 1077, 1074, 1075, 1077, 1075, 1076, 1086, 1099, 1085, 1100, 1095, 1096, 1100, 1096, 1091, 1091, 1096, 1097, 1091, 1097, 1090, 1090, 1097, 1098, 1090, 1098, 1089, 1089, 1098, 1092, 1089, 1092, 1088, 1088, 1092, 1093, 1088, 1093, 1087, 1087, 1093, 1094, 1087, 1094, 1086, 1086, 1094, 1099, 1110, 1101, 1111, 1111, 1101, 1102, 1111, 1102, 1117, 1117, 1102, 1103, 1117, 1103, 1116, 1116, 1103, 1104, 1116, 1104, 1105, 1116, 1105, 1115, 1115, 1105, 1118, 1115, 1118, 1114, 1119, 1106, 1107, 1119, 1107, 1113, 1113, 1107, 1108, 1113, 1108, 1109, 1113, 1109, 1112, 1112, 1109, 1110, 1112, 1110, 1111]
        rel material:binding = </Env/Looks/GrayPlastic>
        uniform token physics:approximation = "none"
        point3f[] points = [(0.12, 0.319, 0.19), (0.123127, 0.317494, 0.19), (0.1239, 0.31411, 0.19), (0.121736, 0.311396, 0.19), (0.118264, 0.311396, 0.19), (0.1161, 0.31411, 0.19), (0.116873, 0.317494, 0.19), (0.12, 0.311, 0.195), (0.123127, 0.312506, 0.195), (0.1239, 0.31589, 0.195), (0.121736, 0.318604, 0.195), (0.118264, 0.318604, 0.195), (0.1161, 0.31589, 0.195), (0.116873, 0.312506, 0.195), (0.121736, 0.318604, 0.195), (0.12, 0.319, 0.19), (0.12, 0.306, 0.2), (0.12529, 0.307719, 0.2), (0.12856, 0.312219, 0.2), (0.12856, 0.317781, 0.2), (0.12529, 0.322281, 0.2), (0.12, 0.324, 0.2), (0.11471, 0.322281, 0.2), (0.11144, 0.317781, 0.2), (0.11144, 0.312219, 0.2), (0.11471, 0.307719, 0.2), (0.12, 0.311, 0.195), (0.116873, 0.312506, 0.195), (0.1161, 0.31589, 0.195), (0.118264, 0.318604, 0.195), (0.121736, 0.318604, 0.195), (0.1239, 0.31589, 0.195), (0.123127, 0.312506, 0.195), (0.12, 0.324, 0.2), (0.118264, 0.318604, 0.195), (0.15, 0.319, 0.19), (0.153127, 0.317494, 0.19), (0.1539, 0.31411, 0.19), (0.151736, 0.311396, 0.19), (0.148264, 0.311396, 0.19), (0.1461, 0.31411, 0.19), (0.146873, 0.317494, 0.19), (0.15, 0.311, 0.195), (0.153127, 0.312506, 0.195), (0.1539, 0.31589, 0.195), (0.151736, 0.318604, 0.195), (0.148264, 0.318604, 0.195), (0.1461, 0.31589, 0.195), (0.146873, 0.312506, 0.195), (0.151736, 0.318604, 0.195), (0.15, 0.319, 0.19), (0.15, 0.306, 0.2), (0.15529, 0.307719, 0.2), (0.15856, 0.312219, 0.2), (0.15856, 0.317781, 0.2), (0.15529, 0.322281, 0.2), (0.15, 0.324, 0.2), (0.14471, 0.322281, 0.2), (0.14144, 0.317781, 0.2), (0.14144, 0.312219, 0.2), (0.14471, 0.307719, 0.2), (0.15, 0.311, 0.195), (0.146873, 0.312506, 0.195), (0.1461, 0.31589, 0.195), (0.148264, 0.318604, 0.195), (0.151736, 0.318604, 0.195), (0.1539, 0.31589, 0.195), (0.153127, 0.312506, 0.195), (0.15, 0.324, 0.2), (0.148264, 0.318604, 0.195), (0.12, 0.289, 0.19), (0.123127, 0.287494, 0.19), (0.1239, 0.28411, 0.19), (0.121736, 0.281396, 0.19), (0.118264, 0.281396, 0.19), (0.1161, 0.28411, 0.19), (0.116873, 0.287494, 0.19), (0.12, 0.281, 0.195), (0.123127, 0.282506, 0.195), (0.1239, 0.28589, 0.195), (0.121736, 0.288604, 0.195), (0.118264, 0.288604, 0.195), (0.1161, 0.28589, 0.195), (0.116873, 0.282506, 0.195), (0.121736, 0.288604, 0.195), (0.12, 0.289, 0.19), (0.12, 0.276, 0.2), (0.12529, 0.277719, 0.2), (0.12856, 0.282219, 0.2), (0.12856, 0.287781, 0.2), (0.12529, 0.292281, 0.2), (0.12, 0.294, 0.2), (0.11471, 0.292281, 0.2), (0.11144, 0.287781, 0.2), (0.11144, 0.282219, 0.2), (0.11471, 0.277719, 0.2), (0.12, 0.281, 0.195), (0.116873, 0.282506, 0.195), (0.1161, 0.28589, 0.195), (0.118264, 0.288604, 0.195), (0.121736, 0.288604, 0.195), (0.1239, 0.28589, 0.195), (0.123127, 0.282506, 0.195), (0.12, 0.294, 0.2), (0.118264, 0.288604, 0.195), (0.15, 0.289, 0.19), (0.153127, 0.287494, 0.19), (0.1539, 0.28411, 0.19), (0.151736, 0.281396, 0.19), (0.148264, 0.281396, 0.19), (0.1461, 0.28411, 0.19), (0.146873, 0.287494, 0.19), (0.15, 0.281, 0.195), (0.153127, 0.282506, 0.195), (0.1539, 0.28589, 0.195), (0.151736, 0.288604, 0.195), (0.148264, 0.288604, 0.195), (0.1461, 0.28589, 0.195), (0.146873, 0.282506, 0.195), (0.151736, 0.288604, 0.195), (0.15, 0.289, 0.19), (0.15, 0.276, 0.2), (0.15529, 0.277719, 0.2), (0.15856, 0.282219, 0.2), (0.15856, 0.287781, 0.2), (0.15529, 0.292281, 0.2), (0.15, 0.294, 0.2), (0.14471, 0.292281, 0.2), (0.14144, 0.287781, 0.2), (0.14144, 0.282219, 0.2), (0.14471, 0.277719, 0.2), (0.15, 0.281, 0.195), (0.146873, 0.282506, 0.195), (0.1461, 0.28589, 0.195), (0.148264, 0.288604, 0.195), (0.151736, 0.288604, 0.195), (0.1539, 0.28589, 0.195), (0.153127, 0.282506, 0.195), (0.15, 0.294, 0.2), (0.148264, 0.288604, 0.195), (0.12, -0.319, 0.19), (0.116873, -0.317494, 0.19), (0.1161, -0.31411, 0.19), (0.118264, -0.311396, 0.19), (0.121736, -0.311396, 0.19), (0.1239, -0.31411, 0.19), (0.123127, -0.317494, 0.19), (0.12, -0.311, 0.195), (0.116873, -0.312506, 0.195), (0.1161, -0.31589, 0.195), (0.118264, -0.318604, 0.195), (0.121736, -0.318604, 0.195), (0.1239, -0.31589, 0.195), (0.123127, -0.312506, 0.195), (0.118264, -0.318604, 0.195), (0.12, -0.319, 0.19), (0.12, -0.306, 0.2), (0.11471, -0.307719, 0.2), (0.11144, -0.312219, 0.2), (0.11144, -0.317781, 0.2), (0.11471, -0.322281, 0.2), (0.12, -0.324, 0.2), (0.12529, -0.322281, 0.2), (0.12856, -0.317781, 0.2), (0.12856, -0.312219, 0.2), (0.12529, -0.307719, 0.2), (0.12, -0.311, 0.195), (0.123127, -0.312506, 0.195), (0.1239, -0.31589, 0.195), (0.121736, -0.318604, 0.195), (0.118264, -0.318604, 0.195), (0.1161, -0.31589, 0.195), (0.116873, -0.312506, 0.195), (0.12, -0.324, 0.2), (0.121736, -0.318604, 0.195), (0.15, -0.319, 0.19), (0.146873, -0.317494, 0.19), (0.1461, -0.31411, 0.19), (0.148264, -0.311396, 0.19), (0.151736, -0.311396, 0.19), (0.1539, -0.31411, 0.19), (0.153127, -0.317494, 0.19), (0.15, -0.311, 0.195), (0.146873, -0.312506, 0.195), (0.1461, -0.31589, 0.195), (0.148264, -0.318604, 0.195), (0.151736, -0.318604, 0.195), (0.1539, -0.31589, 0.195), (0.153127, -0.312506, 0.195), (0.148264, -0.318604, 0.195), (0.15, -0.319, 0.19), (0.15, -0.306, 0.2), (0.14471, -0.307719, 0.2), (0.14144, -0.312219, 0.2), (0.14144, -0.317781, 0.2), (0.14471, -0.322281, 0.2), (0.15, -0.324, 0.2), (0.15529, -0.322281, 0.2), (0.15856, -0.317781, 0.2), (0.15856, -0.312219, 0.2), (0.15529, -0.307719, 0.2), (0.15, -0.311, 0.195), (0.153127, -0.312506, 0.195), (0.1539, -0.31589, 0.195), (0.151736, -0.318604, 0.195), (0.148264, -0.318604, 0.195), (0.1461, -0.31589, 0.195), (0.146873, -0.312506, 0.195), (0.15, -0.324, 0.2), (0.151736, -0.318604, 0.195), (0.12, -0.289, 0.19), (0.116873, -0.287494, 0.19), (0.1161, -0.28411, 0.19), (0.118264, -0.281396, 0.19), (0.121736, -0.281396, 0.19), (0.1239, -0.28411, 0.19), (0.123127, -0.287494, 0.19), (0.12, -0.281, 0.195), (0.116873, -0.282506, 0.195), (0.1161, -0.28589, 0.195), (0.118264, -0.288604, 0.195), (0.121736, -0.288604, 0.195), (0.1239, -0.28589, 0.195), (0.123127, -0.282506, 0.195), (0.118264, -0.288604, 0.195), (0.12, -0.289, 0.19), (0.12, -0.276, 0.2), (0.11471, -0.277719, 0.2), (0.11144, -0.282219, 0.2), (0.11144, -0.287781, 0.2), (0.11471, -0.292281, 0.2), (0.12, -0.294, 0.2), (0.12529, -0.292281, 0.2), (0.12856, -0.287781, 0.2), (0.12856, -0.282219, 0.2), (0.12529, -0.277719, 0.2), (0.12, -0.281, 0.195), (0.123127, -0.282506, 0.195), (0.1239, -0.28589, 0.195), (0.121736, -0.288604, 0.195), (0.118264, -0.288604, 0.195), (0.1161, -0.28589, 0.195), (0.116873, -0.282506, 0.195), (0.12, -0.294, 0.2), (0.121736, -0.288604, 0.195), (0.15, -0.289, 0.19), (0.146873, -0.287494, 0.19), (0.1461, -0.28411, 0.19), (0.148264, -0.281396, 0.19), (0.151736, -0.281396, 0.19), (0.1539, -0.28411, 0.19), (0.153127, -0.287494, 0.19), (0.15, -0.281, 0.195), (0.146873, -0.282506, 0.195), (0.1461, -0.28589, 0.195), (0.148264, -0.288604, 0.195), (0.151736, -0.288604, 0.195), (0.1539, -0.28589, 0.195), (0.153127, -0.282506, 0.195), (0.148264, -0.288604, 0.195), (0.15, -0.289, 0.19), (0.15, -0.276, 0.2), (0.14471, -0.277719, 0.2), (0.14144, -0.282219, 0.2), (0.14144, -0.287781, 0.2), (0.14471, -0.292281, 0.2), (0.15, -0.294, 0.2), (0.15529, -0.292281, 0.2), (0.15856, -0.287781, 0.2), (0.15856, -0.282219, 0.2), (0.15529, -0.277719, 0.2), (0.15, -0.281, 0.195), (0.153127, -0.282506, 0.195), (0.1539, -0.28589, 0.195), (0.151736, -0.288604, 0.195), (0.148264, -0.288604, 0.195), (0.1461, -0.28589, 0.195), (0.146873, -0.282506, 0.195), (0.15, -0.294, 0.2), (0.151736, -0.288604, 0.195), (0.12, 0.019, 0.19), (0.123127, 0.017494, 0.19), (0.1239, 0.0141099, 0.19), (0.121736, 0.0113961, 0.19), (0.118264, 0.0113961, 0.19), (0.1161, 0.0141099, 0.19), (0.116873, 0.017494, 0.19), (0.12, 0.011, 0.195), (0.123127, 0.012506, 0.195), (0.1239, 0.0158901, 0.195), (0.121736, 0.0186039, 0.195), (0.118264, 0.0186039, 0.195), (0.1161, 0.0158901, 0.195), (0.116873, 0.012506, 0.195), (0.121736, 0.0186039, 0.195), (0.12, 0.019, 0.19), (0.12, 0.006, 0.2), (0.12529, 0.00771885, 0.2), (0.12856, 0.0122188, 0.2), (0.12856, 0.0177812, 0.2), (0.12529, 0.0222812, 0.2), (0.12, 0.024, 0.2), (0.11471, 0.0222812, 0.2), (0.11144, 0.0177812, 0.2), (0.11144, 0.0122188, 0.2), (0.11471, 0.00771885, 0.2), (0.12, 0.011, 0.195), (0.116873, 0.012506, 0.195), (0.1161, 0.0158901, 0.195), (0.118264, 0.0186039, 0.195), (0.121736, 0.0186039, 0.195), (0.1239, 0.0158901, 0.195), (0.123127, 0.012506, 0.195), (0.12, 0.024, 0.2), (0.118264, 0.0186039, 0.195), (0.15, 0.019, 0.19), (0.153127, 0.017494, 0.19), (0.1539, 0.0141099, 0.19), (0.151736, 0.0113961, 0.19), (0.148264, 0.0113961, 0.19), (0.1461, 0.0141099, 0.19), (0.146873, 0.017494, 0.19), (0.15, 0.011, 0.195), (0.153127, 0.012506, 0.195), (0.1539, 0.0158901, 0.195), (0.151736, 0.0186039, 0.195), (0.148264, 0.0186039, 0.195), (0.1461, 0.0158901, 0.195), (0.146873, 0.012506, 0.195), (0.151736, 0.0186039, 0.195), (0.15, 0.019, 0.19), (0.15, 0.006, 0.2), (0.15529, 0.00771885, 0.2), (0.15856, 0.0122188, 0.2), (0.15856, 0.0177812, 0.2), (0.15529, 0.0222812, 0.2), (0.15, 0.024, 0.2), (0.14471, 0.0222812, 0.2), (0.14144, 0.0177812, 0.2), (0.14144, 0.0122188, 0.2), (0.14471, 0.00771885, 0.2), (0.15, 0.011, 0.195), (0.146873, 0.012506, 0.195), (0.1461, 0.0158901, 0.195), (0.148264, 0.0186039, 0.195), (0.151736, 0.0186039, 0.195), (0.1539, 0.0158901, 0.195), (0.153127, 0.012506, 0.195), (0.15, 0.024, 0.2), (0.148264, 0.0186039, 0.195), (0.255, 0.319, 0.19), (0.258127, 0.317494, 0.19), (0.2589, 0.31411, 0.19), (0.256736, 0.311396, 0.19), (0.253264, 0.311396, 0.19), (0.2511, 0.31411, 0.19), (0.251873, 0.317494, 0.19), (0.255, 0.311, 0.195), (0.258127, 0.312506, 0.195), (0.2589, 0.31589, 0.195), (0.256736, 0.318604, 0.195), (0.253264, 0.318604, 0.195), (0.2511, 0.31589, 0.195), (0.251873, 0.312506, 0.195), (0.256736, 0.318604, 0.195), (0.255, 0.319, 0.19), (0.47, 0.44, 0.19), (0.47, 0.44, 0.2), (0.47, -0.44, 0.2), (0.47, -0.44, 0.19), (0.12, -0.011, 0.19), (0.123127, -0.012506, 0.19), (0.1239, -0.0158901, 0.19), (0.121736, -0.0186039, 0.19), (0.118264, -0.0186039, 0.19), (0.1161, -0.0158901, 0.19), (0.116873, -0.012506, 0.19), (0.12, -0.019, 0.195), (0.123127, -0.017494, 0.195), (0.1239, -0.0141099, 0.195), (0.121736, -0.0113961, 0.195), (0.118264, -0.0113961, 0.195), (0.1161, -0.0141099, 0.195), (0.116873, -0.017494, 0.195), (0.121736, -0.0113961, 0.195), (0.12, -0.011, 0.19), (0.255, 0.306, 0.2), (0.26029, 0.307719, 0.2), (0.26356, 0.312219, 0.2), (0.26356, 0.317781, 0.2), (0.26029, 0.322281, 0.2), (0.255, 0.324, 0.2), (0.24971, 0.322281, 0.2), (0.24644, 0.317781, 0.2), (0.24644, 0.312219, 0.2), (0.24971, 0.307719, 0.2), (0.255, 0.311, 0.195), (0.251873, 0.312506, 0.195), (0.2511, 0.31589, 0.195), (0.253264, 0.318604, 0.195), (0.256736, 0.318604, 0.195), (0.2589, 0.31589, 0.195), (0.258127, 0.312506, 0.195), (0.255, 0.324, 0.2), (0.253264, 0.318604, 0.195), (0.07, 0.44, 0.2), (0.07, 0.44, 0.19), (0.07, -0.44, 0.19), (0.07, -0.44, 0.2), (0.12, -0.024, 0.2), (0.12529, -0.0222812, 0.2), (0.12856, -0.0177812, 0.2), (0.12856, -0.0122188, 0.2), (0.12529, -0.00771885, 0.2), (0.12, -0.006, 0.2), (0.11471, -0.00771885, 0.2), (0.11144, -0.0122188, 0.2), (0.11144, -0.0177812, 0.2), (0.11471, -0.0222812, 0.2), (0.12, -0.019, 0.195), (0.116873, -0.017494, 0.195), (0.1161, -0.0141099, 0.195), (0.118264, -0.0113961, 0.195), (0.121736, -0.0113961, 0.195), (0.1239, -0.0141099, 0.195), (0.123127, -0.017494, 0.195), (0.12, -0.006, 0.2), (0.118264, -0.0113961, 0.195), (0.285, 0.319, 0.19), (0.288127, 0.317494, 0.19), (0.2889, 0.31411, 0.19), (0.286736, 0.311396, 0.19), (0.283264, 0.311396, 0.19), (0.2811, 0.31411, 0.19), (0.281873, 0.317494, 0.19), (0.285, 0.311, 0.195), (0.288127, 0.312506, 0.195), (0.2889, 0.31589, 0.195), (0.286736, 0.318604, 0.195), (0.283264, 0.318604, 0.195), (0.2811, 0.31589, 0.195), (0.281873, 0.312506, 0.195), (0.286736, 0.318604, 0.195), (0.285, 0.319, 0.19), (0.15, -0.011, 0.19), (0.153127, -0.012506, 0.19), (0.1539, -0.0158901, 0.19), (0.151736, -0.0186039, 0.19), (0.148264, -0.0186039, 0.19), (0.1461, -0.0158901, 0.19), (0.146873, -0.012506, 0.19), (0.15, -0.019, 0.195), (0.153127, -0.017494, 0.195), (0.1539, -0.0141099, 0.195), (0.151736, -0.0113961, 0.195), (0.148264, -0.0113961, 0.195), (0.1461, -0.0141099, 0.195), (0.146873, -0.017494, 0.195), (0.151736, -0.0113961, 0.195), (0.15, -0.011, 0.19), (0.285, 0.306, 0.2), (0.29029, 0.307719, 0.2), (0.29356, 0.312219, 0.2), (0.29356, 0.317781, 0.2), (0.29029, 0.322281, 0.2), (0.285, 0.324, 0.2), (0.27971, 0.322281, 0.2), (0.27644, 0.317781, 0.2), (0.27644, 0.312219, 0.2), (0.27971, 0.307719, 0.2), (0.285, 0.311, 0.195), (0.281873, 0.312506, 0.195), (0.2811, 0.31589, 0.195), (0.283264, 0.318604, 0.195), (0.286736, 0.318604, 0.195), (0.2889, 0.31589, 0.195), (0.288127, 0.312506, 0.195), (0.285, 0.324, 0.2), (0.283264, 0.318604, 0.195), (0.47, 0.44, 0.19), (0.46866, 0.445, 0.19), (0.465, 0.44866, 0.19), (0.46, 0.45, 0.19), (0.46, 0.45, 0.2), (0.465, 0.44866, 0.2), (0.46866, 0.445, 0.2), (0.47, 0.44, 0.2), (0.15, -0.024, 0.2), (0.15529, -0.0222812, 0.2), (0.15856, -0.0177812, 0.2), (0.15856, -0.0122188, 0.2), (0.15529, -0.00771885, 0.2), (0.15, -0.006, 0.2), (0.14471, -0.00771885, 0.2), (0.14144, -0.0122188, 0.2), (0.14144, -0.0177812, 0.2), (0.14471, -0.0222812, 0.2), (0.15, -0.019, 0.195), (0.146873, -0.017494, 0.195), (0.1461, -0.0141099, 0.195), (0.148264, -0.0113961, 0.195), (0.151736, -0.0113961, 0.195), (0.1539, -0.0141099, 0.195), (0.153127, -0.017494, 0.195), (0.15, -0.006, 0.2), (0.148264, -0.0113961, 0.195), (0.255, 0.289, 0.19), (0.258127, 0.287494, 0.19), (0.2589, 0.28411, 0.19), (0.256736, 0.281396, 0.19), (0.253264, 0.281396, 0.19), (0.2511, 0.28411, 0.19), (0.251873, 0.287494, 0.19), (0.255, 0.281, 0.195), (0.258127, 0.282506, 0.195), (0.2589, 0.28589, 0.195), (0.256736, 0.288604, 0.195), (0.253264, 0.288604, 0.195), (0.2511, 0.28589, 0.195), (0.251873, 0.282506, 0.195), (0.256736, 0.288604, 0.195), (0.255, 0.289, 0.19), (0.07, -0.44, 0.19), (0.0713397, -0.445, 0.19), (0.075, -0.44866, 0.19), (0.08, -0.45, 0.19), (0.08, -0.45, 0.2), (0.075, -0.44866, 0.2), (0.0713397, -0.445, 0.2), (0.07, -0.44, 0.2), (0.255, 0.276, 0.2), (0.26029, 0.277719, 0.2), (0.26356, 0.282219, 0.2), (0.26356, 0.287781, 0.2), (0.26029, 0.292281, 0.2), (0.255, 0.294, 0.2), (0.24971, 0.292281, 0.2), (0.24644, 0.287781, 0.2), (0.24644, 0.282219, 0.2), (0.24971, 0.277719, 0.2), (0.255, 0.281, 0.195), (0.251873, 0.282506, 0.195), (0.2511, 0.28589, 0.195), (0.253264, 0.288604, 0.195), (0.256736, 0.288604, 0.195), (0.2589, 0.28589, 0.195), (0.258127, 0.282506, 0.195), (0.255, 0.294, 0.2), (0.253264, 0.288604, 0.195), (0.46, -0.45, 0.19), (0.46, -0.45, 0.2), (0.08, -0.45, 0.2), (0.08, -0.45, 0.19), (0.285, 0.289, 0.19), (0.288127, 0.287494, 0.19), (0.2889, 0.28411, 0.19), (0.286736, 0.281396, 0.19), (0.283264, 0.281396, 0.19), (0.2811, 0.28411, 0.19), (0.281873, 0.287494, 0.19), (0.285, 0.281, 0.195), (0.288127, 0.282506, 0.195), (0.2889, 0.28589, 0.195), (0.286736, 0.288604, 0.195), (0.283264, 0.288604, 0.195), (0.2811, 0.28589, 0.195), (0.281873, 0.282506, 0.195), (0.286736, 0.288604, 0.195), (0.285, 0.289, 0.19), (0.46, -0.45, 0.19), (0.465, -0.44866, 0.19), (0.46866, -0.445, 0.19), (0.47, -0.44, 0.19), (0.47, -0.44, 0.2), (0.46866, -0.445, 0.2), (0.465, -0.44866, 0.2), (0.46, -0.45, 0.2), (0.285, 0.276, 0.2), (0.29029, 0.277719, 0.2), (0.29356, 0.282219, 0.2), (0.29356, 0.287781, 0.2), (0.29029, 0.292281, 0.2), (0.285, 0.294, 0.2), (0.27971, 0.292281, 0.2), (0.27644, 0.287781, 0.2), (0.27644, 0.282219, 0.2), (0.27971, 0.277719, 0.2), (0.285, 0.281, 0.195), (0.281873, 0.282506, 0.195), (0.2811, 0.28589, 0.195), (0.283264, 0.288604, 0.195), (0.286736, 0.288604, 0.195), (0.2889, 0.28589, 0.195), (0.288127, 0.282506, 0.195), (0.285, 0.294, 0.2), (0.283264, 0.288604, 0.195), (0.08, 0.45, 0.19), (0.075, 0.44866, 0.19), (0.0713397, 0.445, 0.19), (0.07, 0.44, 0.19), (0.07, 0.44, 0.2), (0.0713397, 0.445, 0.2), (0.075, 0.44866, 0.2), (0.08, 0.45, 0.2), (0.285, -0.289, 0.19), (0.281873, -0.287494, 0.19), (0.2811, -0.28411, 0.19), (0.283264, -0.281396, 0.19), (0.286736, -0.281396, 0.19), (0.2889, -0.28411, 0.19), (0.288127, -0.287494, 0.19), (0.285, -0.281, 0.195), (0.281873, -0.282506, 0.195), (0.2811, -0.28589, 0.195), (0.283264, -0.288604, 0.195), (0.286736, -0.288604, 0.195), (0.2889, -0.28589, 0.195), (0.288127, -0.282506, 0.195), (0.283264, -0.288604, 0.195), (0.285, -0.289, 0.19), (0.46, 0.45, 0.2), (0.46, 0.45, 0.19), (0.08, 0.45, 0.19), (0.08, 0.45, 0.2), (0.255, -0.319, 0.19), (0.258127, -0.317494, 0.19), (0.2589, -0.31411, 0.19), (0.256736, -0.311396, 0.19), (0.253264, -0.311396, 0.19), (0.2511, -0.31411, 0.19), (0.251873, -0.317494, 0.19), (0.285, -0.319, 0.19), (0.288127, -0.317494, 0.19), (0.2889, -0.31411, 0.19), (0.286736, -0.311396, 0.19), (0.283264, -0.311396, 0.19), (0.2811, -0.31411, 0.19), (0.281873, -0.317494, 0.19), (0.255, -0.289, 0.19), (0.258127, -0.287494, 0.19), (0.2589, -0.28411, 0.19), (0.256736, -0.281396, 0.19), (0.253264, -0.281396, 0.19), (0.2511, -0.28411, 0.19), (0.251873, -0.287494, 0.19), (0.285, -0.289, 0.19), (0.288127, -0.287494, 0.19), (0.2889, -0.28411, 0.19), (0.286736, -0.281396, 0.19), (0.283264, -0.281396, 0.19), (0.2811, -0.28411, 0.19), (0.281873, -0.287494, 0.19), (0.285, 0.289, 0.19), (0.281873, 0.287494, 0.19), (0.2811, 0.28411, 0.19), (0.283264, 0.281396, 0.19), (0.286736, 0.281396, 0.19), (0.2889, 0.28411, 0.19), (0.288127, 0.287494, 0.19), (0.255, 0.289, 0.19), (0.251873, 0.287494, 0.19), (0.2511, 0.28411, 0.19), (0.253264, 0.281396, 0.19), (0.256736, 0.281396, 0.19), (0.2589, 0.28411, 0.19), (0.258127, 0.287494, 0.19), (0.285, 0.319, 0.19), (0.281873, 0.317494, 0.19), (0.2811, 0.31411, 0.19), (0.283264, 0.311396, 0.19), (0.286736, 0.311396, 0.19), (0.2889, 0.31411, 0.19), (0.288127, 0.317494, 0.19), (0.255, 0.319, 0.19), (0.251873, 0.317494, 0.19), (0.2511, 0.31411, 0.19), (0.253264, 0.311396, 0.19), (0.256736, 0.311396, 0.19), (0.2589, 0.31411, 0.19), (0.258127, 0.317494, 0.19), (0.46, 0.45, 0.19), (0.465, 0.44866, 0.19), (0.46866, 0.445, 0.19), (0.47, 0.44, 0.19), (0.47, -0.44, 0.19), (0.46866, -0.445, 0.19), (0.465, -0.44866, 0.19), (0.46, -0.45, 0.19), (0.08, -0.45, 0.19), (0.075, -0.44866, 0.19), (0.0713397, -0.445, 0.19), (0.07, -0.44, 0.19), (0.07, 0.44, 0.19), (0.0713397, 0.445, 0.19), (0.075, 0.44866, 0.19), (0.08, 0.45, 0.19), (0.15, -0.011, 0.19), (0.146873, -0.012506, 0.19), (0.1461, -0.0158901, 0.19), (0.148264, -0.0186039, 0.19), (0.151736, -0.0186039, 0.19), (0.1539, -0.0158901, 0.19), (0.153127, -0.012506, 0.19), (0.12, -0.011, 0.19), (0.116873, -0.012506, 0.19), (0.1161, -0.0158901, 0.19), (0.118264, -0.0186039, 0.19), (0.121736, -0.0186039, 0.19), (0.1239, -0.0158901, 0.19), (0.123127, -0.012506, 0.19), (0.15, 0.019, 0.19), (0.146873, 0.017494, 0.19), (0.1461, 0.0141099, 0.19), (0.148264, 0.0113961, 0.19), (0.151736, 0.0113961, 0.19), (0.1539, 0.0141099, 0.19), (0.153127, 0.017494, 0.19), (0.12, 0.019, 0.19), (0.116873, 0.017494, 0.19), (0.1161, 0.0141099, 0.19), (0.118264, 0.0113961, 0.19), (0.121736, 0.0113961, 0.19), (0.1239, 0.0141099, 0.19), (0.123127, 0.017494, 0.19), (0.15, -0.289, 0.19), (0.153127, -0.287494, 0.19), (0.1539, -0.28411, 0.19), (0.151736, -0.281396, 0.19), (0.148264, -0.281396, 0.19), (0.1461, -0.28411, 0.19), (0.146873, -0.287494, 0.19), (0.12, -0.289, 0.19), (0.123127, -0.287494, 0.19), (0.1239, -0.28411, 0.19), (0.121736, -0.281396, 0.19), (0.118264, -0.281396, 0.19), (0.1161, -0.28411, 0.19), (0.116873, -0.287494, 0.19), (0.15, -0.319, 0.19), (0.153127, -0.317494, 0.19), (0.1539, -0.31411, 0.19), (0.151736, -0.311396, 0.19), (0.148264, -0.311396, 0.19), (0.1461, -0.31411, 0.19), (0.146873, -0.317494, 0.19), (0.12, -0.319, 0.19), (0.123127, -0.317494, 0.19), (0.1239, -0.31411, 0.19), (0.121736, -0.311396, 0.19), (0.118264, -0.311396, 0.19), (0.1161, -0.31411, 0.19), (0.116873, -0.317494, 0.19), (0.15, 0.289, 0.19), (0.146873, 0.287494, 0.19), (0.1461, 0.28411, 0.19), (0.148264, 0.281396, 0.19), (0.151736, 0.281396, 0.19), (0.1539, 0.28411, 0.19), (0.153127, 0.287494, 0.19), (0.12, 0.289, 0.19), (0.116873, 0.287494, 0.19), (0.1161, 0.28411, 0.19), (0.118264, 0.281396, 0.19), (0.121736, 0.281396, 0.19), (0.1239, 0.28411, 0.19), (0.123127, 0.287494, 0.19), (0.15, 0.319, 0.19), (0.146873, 0.317494, 0.19), (0.1461, 0.31411, 0.19), (0.148264, 0.311396, 0.19), (0.151736, 0.311396, 0.19), (0.1539, 0.31411, 0.19), (0.153127, 0.317494, 0.19), (0.12, 0.319, 0.19), (0.116873, 0.317494, 0.19), (0.1161, 0.31411, 0.19), (0.118264, 0.311396, 0.19), (0.121736, 0.311396, 0.19), (0.1239, 0.31411, 0.19), (0.123127, 0.317494, 0.19), (0.285, -0.276, 0.2), (0.27971, -0.277719, 0.2), (0.27644, -0.282219, 0.2), (0.27644, -0.287781, 0.2), (0.27971, -0.292281, 0.2), (0.285, -0.294, 0.2), (0.29029, -0.292281, 0.2), (0.29356, -0.287781, 0.2), (0.29356, -0.282219, 0.2), (0.29029, -0.277719, 0.2), (0.285, -0.281, 0.195), (0.288127, -0.282506, 0.195), (0.2889, -0.28589, 0.195), (0.286736, -0.288604, 0.195), (0.283264, -0.288604, 0.195), (0.2811, -0.28589, 0.195), (0.281873, -0.282506, 0.195), (0.285, -0.294, 0.2), (0.286736, -0.288604, 0.195), (0.255, -0.306, 0.2), (0.26029, -0.307719, 0.2), (0.26356, -0.312219, 0.2), (0.26356, -0.317781, 0.2), (0.26029, -0.322281, 0.2), (0.255, -0.324, 0.2), (0.24971, -0.322281, 0.2), (0.24644, -0.317781, 0.2), (0.24644, -0.312219, 0.2), (0.24971, -0.307719, 0.2), (0.285, -0.306, 0.2), (0.29029, -0.307719, 0.2), (0.29356, -0.312219, 0.2), (0.29356, -0.317781, 0.2), (0.29029, -0.322281, 0.2), (0.285, -0.324, 0.2), (0.27971, -0.322281, 0.2), (0.27644, -0.317781, 0.2), (0.27644, -0.312219, 0.2), (0.27971, -0.307719, 0.2), (0.255, -0.276, 0.2), (0.26029, -0.277719, 0.2), (0.26356, -0.282219, 0.2), (0.26356, -0.287781, 0.2), (0.26029, -0.292281, 0.2), (0.255, -0.294, 0.2), (0.24971, -0.292281, 0.2), (0.24644, -0.287781, 0.2), (0.24644, -0.282219, 0.2), (0.24971, -0.277719, 0.2), (0.285, -0.276, 0.2), (0.29029, -0.277719, 0.2), (0.29356, -0.282219, 0.2), (0.29356, -0.287781, 0.2), (0.29029, -0.292281, 0.2), (0.285, -0.294, 0.2), (0.27971, -0.292281, 0.2), (0.27644, -0.287781, 0.2), (0.27644, -0.282219, 0.2), (0.27971, -0.277719, 0.2), (0.285, 0.276, 0.2), (0.27971, 0.277719, 0.2), (0.27644, 0.282219, 0.2), (0.27644, 0.287781, 0.2), (0.27971, 0.292281, 0.2), (0.285, 0.294, 0.2), (0.29029, 0.292281, 0.2), (0.29356, 0.287781, 0.2), (0.29356, 0.282219, 0.2), (0.29029, 0.277719, 0.2), (0.255, 0.276, 0.2), (0.24971, 0.277719, 0.2), (0.24644, 0.282219, 0.2), (0.24644, 0.287781, 0.2), (0.24971, 0.292281, 0.2), (0.255, 0.294, 0.2), (0.26029, 0.292281, 0.2), (0.26356, 0.287781, 0.2), (0.26356, 0.282219, 0.2), (0.26029, 0.277719, 0.2), (0.285, 0.306, 0.2), (0.27971, 0.307719, 0.2), (0.27644, 0.312219, 0.2), (0.27644, 0.317781, 0.2), (0.27971, 0.322281, 0.2), (0.285, 0.324, 0.2), (0.29029, 0.322281, 0.2), (0.29356, 0.317781, 0.2), (0.29356, 0.312219, 0.2), (0.29029, 0.307719, 0.2), (0.255, 0.306, 0.2), (0.24971, 0.307719, 0.2), (0.24644, 0.312219, 0.2), (0.24644, 0.317781, 0.2), (0.24971, 0.322281, 0.2), (0.255, 0.324, 0.2), (0.26029, 0.322281, 0.2), (0.26356, 0.317781, 0.2), (0.26356, 0.312219, 0.2), (0.26029, 0.307719, 0.2), (0.15, -0.024, 0.2), (0.14471, -0.0222812, 0.2), (0.14144, -0.0177812, 0.2), (0.14144, -0.0122188, 0.2), (0.14471, -0.00771885, 0.2), (0.15, -0.006, 0.2), (0.15529, -0.00771885, 0.2), (0.15856, -0.0122188, 0.2), (0.15856, -0.0177812, 0.2), (0.15529, -0.0222812, 0.2), (0.12, -0.024, 0.2), (0.11471, -0.0222812, 0.2), (0.11144, -0.0177812, 0.2), (0.11144, -0.0122188, 0.2), (0.11471, -0.00771885, 0.2), (0.12, -0.006, 0.2), (0.12529, -0.00771885, 0.2), (0.12856, -0.0122188, 0.2), (0.12856, -0.0177812, 0.2), (0.12529, -0.0222812, 0.2), (0.15, 0.006, 0.2), (0.14471, 0.00771885, 0.2), (0.14144, 0.0122188, 0.2), (0.14144, 0.0177812, 0.2), (0.14471, 0.0222812, 0.2), (0.15, 0.024, 0.2), (0.15529, 0.0222812, 0.2), (0.15856, 0.0177812, 0.2), (0.15856, 0.0122188, 0.2), (0.15529, 0.00771885, 0.2), (0.12, 0.006, 0.2), (0.11471, 0.00771885, 0.2), (0.11144, 0.0122188, 0.2), (0.11144, 0.0177812, 0.2), (0.11471, 0.0222812, 0.2), (0.12, 0.024, 0.2), (0.12529, 0.0222812, 0.2), (0.12856, 0.0177812, 0.2), (0.12856, 0.0122188, 0.2), (0.12529, 0.00771885, 0.2), (0.15, -0.276, 0.2), (0.15529, -0.277719, 0.2), (0.15856, -0.282219, 0.2), (0.15856, -0.287781, 0.2), (0.15529, -0.292281, 0.2), (0.15, -0.294, 0.2), (0.14471, -0.292281, 0.2), (0.14144, -0.287781, 0.2), (0.14144, -0.282219, 0.2), (0.14471, -0.277719, 0.2), (0.12, -0.276, 0.2), (0.12529, -0.277719, 0.2), (0.12856, -0.282219, 0.2), (0.12856, -0.287781, 0.2), (0.12529, -0.292281, 0.2), (0.12, -0.294, 0.2), (0.11471, -0.292281, 0.2), (0.11144, -0.287781, 0.2), (0.11144, -0.282219, 0.2), (0.11471, -0.277719, 0.2), (0.15, -0.306, 0.2), (0.15529, -0.307719, 0.2), (0.15856, -0.312219, 0.2), (0.15856, -0.317781, 0.2), (0.15529, -0.322281, 0.2), (0.15, -0.324, 0.2), (0.14471, -0.322281, 0.2), (0.14144, -0.317781, 0.2), (0.14144, -0.312219, 0.2), (0.14471, -0.307719, 0.2), (0.12, -0.306, 0.2), (0.12529, -0.307719, 0.2), (0.12856, -0.312219, 0.2), (0.12856, -0.317781, 0.2), (0.12529, -0.322281, 0.2), (0.12, -0.324, 0.2), (0.11471, -0.322281, 0.2), (0.11144, -0.317781, 0.2), (0.11144, -0.312219, 0.2), (0.11471, -0.307719, 0.2), (0.15, 0.276, 0.2), (0.14471, 0.277719, 0.2), (0.14144, 0.282219, 0.2), (0.14144, 0.287781, 0.2), (0.14471, 0.292281, 0.2), (0.15, 0.294, 0.2), (0.15529, 0.292281, 0.2), (0.15856, 0.287781, 0.2), (0.15856, 0.282219, 0.2), (0.15529, 0.277719, 0.2), (0.12, 0.276, 0.2), (0.11471, 0.277719, 0.2), (0.11144, 0.282219, 0.2), (0.11144, 0.287781, 0.2), (0.11471, 0.292281, 0.2), (0.12, 0.294, 0.2), (0.12529, 0.292281, 0.2), (0.12856, 0.287781, 0.2), (0.12856, 0.282219, 0.2), (0.12529, 0.277719, 0.2), (0.15, 0.306, 0.2), (0.14471, 0.307719, 0.2), (0.14144, 0.312219, 0.2), (0.14144, 0.317781, 0.2), (0.14471, 0.322281, 0.2), (0.15, 0.324, 0.2), (0.15529, 0.322281, 0.2), (0.15856, 0.317781, 0.2), (0.15856, 0.312219, 0.2), (0.15529, 0.307719, 0.2), (0.12, 0.306, 0.2), (0.11471, 0.307719, 0.2), (0.11144, 0.312219, 0.2), (0.11144, 0.317781, 0.2), (0.11471, 0.322281, 0.2), (0.12, 0.324, 0.2), (0.12529, 0.322281, 0.2), (0.12856, 0.317781, 0.2), (0.12856, 0.312219, 0.2), (0.12529, 0.307719, 0.2), (0.47, 0.44, 0.2), (0.46866, 0.445, 0.2), (0.465, 0.44866, 0.2), (0.46, 0.45, 0.2), (0.08, 0.45, 0.2), (0.075, 0.44866, 0.2), (0.0713397, 0.445, 0.2), (0.07, 0.44, 0.2), (0.07, -0.44, 0.2), (0.0713397, -0.445, 0.2), (0.075, -0.44866, 0.2), (0.08, -0.45, 0.2), (0.46, -0.45, 0.2), (0.465, -0.44866, 0.2), (0.46866, -0.445, 0.2), (0.47, -0.44, 0.2), (0.255, -0.289, 0.19), (0.251873, -0.287494, 0.19), (0.2511, -0.28411, 0.19), (0.253264, -0.281396, 0.19), (0.256736, -0.281396, 0.19), (0.2589, -0.28411, 0.19), (0.258127, -0.287494, 0.19), (0.255, -0.281, 0.195), (0.251873, -0.282506, 0.195), (0.2511, -0.28589, 0.195), (0.253264, -0.288604, 0.195), (0.256736, -0.288604, 0.195), (0.2589, -0.28589, 0.195), (0.258127, -0.282506, 0.195), (0.253264, -0.288604, 0.195), (0.255, -0.289, 0.19), (0.255, -0.276, 0.2), (0.24971, -0.277719, 0.2), (0.24644, -0.282219, 0.2), (0.24644, -0.287781, 0.2), (0.24971, -0.292281, 0.2), (0.255, -0.294, 0.2), (0.26029, -0.292281, 0.2), (0.26356, -0.287781, 0.2), (0.26356, -0.282219, 0.2), (0.26029, -0.277719, 0.2), (0.255, -0.281, 0.195), (0.258127, -0.282506, 0.195), (0.2589, -0.28589, 0.195), (0.256736, -0.288604, 0.195), (0.253264, -0.288604, 0.195), (0.2511, -0.28589, 0.195), (0.251873, -0.282506, 0.195), (0.255, -0.294, 0.2), (0.256736, -0.288604, 0.195), (0.285, -0.319, 0.19), (0.281873, -0.317494, 0.19), (0.2811, -0.31411, 0.19), (0.283264, -0.311396, 0.19), (0.286736, -0.311396, 0.19), (0.2889, -0.31411, 0.19), (0.288127, -0.317494, 0.19), (0.285, -0.311, 0.195), (0.281873, -0.312506, 0.195), (0.2811, -0.31589, 0.195), (0.283264, -0.318604, 0.195), (0.286736, -0.318604, 0.195), (0.2889, -0.31589, 0.195), (0.288127, -0.312506, 0.195), (0.283264, -0.318604, 0.195), (0.285, -0.319, 0.19), (0.285, -0.306, 0.2), (0.27971, -0.307719, 0.2), (0.27644, -0.312219, 0.2), (0.27644, -0.317781, 0.2), (0.27971, -0.322281, 0.2), (0.285, -0.324, 0.2), (0.29029, -0.322281, 0.2), (0.29356, -0.317781, 0.2), (0.29356, -0.312219, 0.2), (0.29029, -0.307719, 0.2), (0.285, -0.311, 0.195), (0.288127, -0.312506, 0.195), (0.2889, -0.31589, 0.195), (0.286736, -0.318604, 0.195), (0.283264, -0.318604, 0.195), (0.2811, -0.31589, 0.195), (0.281873, -0.312506, 0.195), (0.285, -0.324, 0.2), (0.286736, -0.318604, 0.195), (0.255, -0.319, 0.19), (0.251873, -0.317494, 0.19), (0.2511, -0.31411, 0.19), (0.253264, -0.311396, 0.19), (0.256736, -0.311396, 0.19), (0.2589, -0.31411, 0.19), (0.258127, -0.317494, 0.19), (0.255, -0.311, 0.195), (0.251873, -0.312506, 0.195), (0.2511, -0.31589, 0.195), (0.253264, -0.318604, 0.195), (0.256736, -0.318604, 0.195), (0.2589, -0.31589, 0.195), (0.258127, -0.312506, 0.195), (0.253264, -0.318604, 0.195), (0.255, -0.319, 0.19), (0.255, -0.306, 0.2), (0.24971, -0.307719, 0.2), (0.24644, -0.312219, 0.2), (0.24644, -0.317781, 0.2), (0.24971, -0.322281, 0.2), (0.255, -0.324, 0.2), (0.26029, -0.322281, 0.2), (0.26356, -0.317781, 0.2), (0.26356, -0.312219, 0.2), (0.26029, -0.307719, 0.2), (0.255, -0.311, 0.195), (0.258127, -0.312506, 0.195), (0.2589, -0.31589, 0.195), (0.256736, -0.318604, 0.195), (0.253264, -0.318604, 0.195), (0.2511, -0.31589, 0.195), (0.251873, -0.312506, 0.195), (0.255, -0.324, 0.2), (0.256736, -0.318604, 0.195)]
        uniform token subdivisionScheme = "none"
    }
}

def "Render" (
    hide_in_stage_window = true
    no_delete = true
)
{
    def "OmniverseKit"
    {
        def "HydraTextures" (
            hide_in_stage_window = true
            no_delete = true
        )
        {
            def RenderProduct "omni_kit_widget_viewport_ViewportTexture_0" (
                prepend apiSchemas = ["OmniRtxSettingsCommonAdvancedAPI_1", "OmniRtxSettingsRtAdvancedAPI_1", "OmniRtxSettingsPtAdvancedAPI_1", "OmniRtxPostColorGradingAPI_1", "OmniRtxPostChromaticAberrationAPI_1", "OmniRtxPostBloomPhysicalAPI_1", "OmniRtxPostMatteObjectAPI_1", "OmniRtxPostCompositingAPI_1", "OmniRtxPostDofAPI_1", "OmniRtxPostMotionBlurAPI_1", "OmniRtxPostTvNoiseAPI_1", "OmniRtxPostTonemapIrayReinhardAPI_1", "OmniRtxPostDebugSettingsAPI_1", "OmniRtxDebugSettingsAPI_1"]
                hide_in_stage_window = true
                no_delete = true
            )
            {
                rel camera = </OmniverseKit_Persp>
                token omni:rtx:background:source:texture:textureMode = "repeatMirrored"
                token omni:rtx:background:source:type = "domeLight"
                bool omni:rtx:dlss:frameGeneration = 0
                bool omni:rtx:material:db:nonVisualMaterialCSV:enabled = 0
                bool omni:rtx:material:db:syncLoads = 1
                token omni:rtx:post:dlss:execMode = "performance"
                bool omni:rtx:post:registeredCompositing:invertColorCorrection = 1
                bool omni:rtx:post:registeredCompositing:invertToneMap = 1
                bool omni:rtx:pt:lightcache:cached:dontResolveConflicts = 1
                int omni:rtx:pt:maxSamplesPerLaunch = 2073600
                int omni:rtx:pt:mgpu:maxPixelsPerRegionExponent = 12
                color3f omni:rtx:rt:ambientLight:color = (0.1, 0.1, 0.1)
                bool omni:rtx:rt:demoire = 0
                bool omni:rtx:rt:lightcache:spatialCache:dontResolveConflicts = 1
                bool omni:rtx:scene:hydra:materialSyncLoads = 1
                bool omni:rtx:scene:hydra:mdlMaterialWarmup = 1
                uint omni:rtx:viewTile:limit = 4294967295
                rel orderedVars = </Render/Vars/LdrColor>
                custom bool overrideClipRange = 0
                uniform int2 resolution = (1280, 720)
            }
        }
    }

    def RenderSettings "OmniverseGlobalRenderSettings" (
        prepend apiSchemas = ["OmniRtxSettingsGlobalRtAdvancedAPI_1", "OmniRtxSettingsGlobalPtAdvancedAPI_1"]
        no_delete = true
    )
    {
        rel products = </Render/OmniverseKit/HydraTextures/omni_kit_widget_viewport_ViewportTexture_0>
    }

    def "Vars"
    {
        def RenderVar "LdrColor" (
            hide_in_stage_window = true
            no_delete = true
        )
        {
            uniform string sourceName = "LdrColor"
        }
    }
}

