# generated from Fusion STL (mm)
mtllib shaker_materials.mtl
g body
o body
v 28.86462 2.79890 0.00000
v 29.00000 0.00000 0.00000
v -28.96614 -1.40109 0.00000
v 28.86462 -2.79890 0.00000
v -28.69569 -4.19018 0.00000
v 28.45973 -5.57167 0.00000
v -28.15731 -6.94015 0.00000
v 27.78913 -8.29242 0.00000
v -27.35604 -9.62533 0.00000
v 26.85906 -10.93575 0.00000
v -26.29936 -12.22063 0.00000
v 25.67822 -13.47697 0.00000
v -24.99712 -14.70184 0.00000
v 24.25763 -15.89236 0.00000
v -23.46149 -17.04577 0.00000
v 22.61056 -18.15937 0.00000
v -21.70681 -19.23056 0.00000
v 20.75237 -20.25683 0.00000
v -19.74946 -21.23579 0.00000
v 18.70042 -22.16516 0.00000
v -17.60771 -23.04275 0.00000
v 16.47388 -23.86653 0.00000
v -15.30157 -24.63457 0.00000
v 14.09352 -25.34507 0.00000
v -12.85256 -25.99638 0.00000
v 11.58157 -26.58697 0.00000
v -10.28354 -27.11547 0.00000
v 8.96149 -27.58064 0.00000
v -7.61851 -27.98139 0.00000
v 6.25774 -28.31679 0.00000
v -4.88235 -28.58606 0.00000
v 3.49556 -28.78856 0.00000
v -2.10061 -28.92382 0.00000
v 0.70075 -28.99153 0.00000
v -28.96614 1.40109 0.00000
v -28.15731 6.94015 0.00000
v -27.35604 9.62533 0.00000
v -26.29936 12.22063 0.00000
v -28.69569 4.19018 0.00000
v -24.99712 14.70184 0.00000
v -23.46149 17.04577 0.00000
v -21.70681 19.23056 0.00000
v -19.74946 21.23579 0.00000
v -17.60771 23.04275 0.00000
v -15.30157 24.63457 0.00000
v -12.85256 25.99638 0.00000
v -10.28354 27.11547 0.00000
v -7.61851 27.98139 0.00000
v -4.88235 28.58606 0.00000
v -2.10061 28.92382 0.00000
v 0.70075 28.99153 0.00000
v 3.49556 28.78856 0.00000
v 6.25774 28.31679 0.00000
v 8.96149 27.58064 0.00000
v 11.58157 26.58697 0.00000
v 14.09352 25.34507 0.00000
v 16.47388 23.86653 0.00000
v 18.70042 22.16516 0.00000
v 20.75237 20.25683 0.00000
v 22.61056 18.15937 0.00000
v 24.25763 15.89236 0.00000
v 25.67822 13.47697 0.00000
v 26.85906 10.93575 0.00000
v 27.78913 8.29242 0.00000
v 28.45973 5.57167 0.00000
v 33.89519 2.66761 58.33333
v 34.00000 0.00000 58.33333
v 33.89519 -2.66761 58.33333
v 39.00000 0.00000 116.66667
v 38.87978 -3.05990 116.66667
v 44.00000 0.00000 175.00000
v 43.86436 -3.45220 175.00000
v 33.58140 5.31877 58.33333
v 33.06058 7.93714 58.33333
v 32.33592 10.50658 58.33333
v 31.41190 13.01124 58.33333
v 30.29422 15.43568 58.33333
v 34.74926 17.70563 116.66667
v 33.25297 20.37744 116.66667
v 37.51617 22.98994 175.00000
v 35.59675 25.86255 175.00000
v 31.55166 22.92362 116.66667
v 33.45786 28.57571 175.00000
v 29.65583 25.32847 116.66667
v 31.11270 31.11270 175.00000
v 27.57716 27.57716 116.66667
v 28.57571 33.45786 175.00000
v 25.32847 29.65583 116.66667
v 25.86255 35.59675 175.00000
v 22.92362 31.55166 116.66667
v 22.98994 37.51617 175.00000
v 20.37744 33.25297 116.66667
v 19.97558 39.20429 175.00000
v 17.70563 34.74926 116.66667
v 16.83807 40.65070 175.00000
v 14.92465 36.03130 116.66667
v 13.59675 41.84649 175.00000
v 12.05166 37.09121 116.66667
v 10.27160 42.78428 175.00000
v 9.10437 37.92243 116.66667
v 6.88312 43.45829 175.00000
v 6.10094 38.51984 116.66667
v 3.45220 43.86436 175.00000
v 3.05990 38.87978 116.66667
v 0.00000 44.00000 175.00000
v 0.00000 39.00000 116.66667
v -3.45220 43.86436 175.00000
v -3.05990 38.87978 116.66667
v -6.88312 43.45829 175.00000
v -6.10094 38.51984 116.66667
v -10.27160 42.78428 175.00000
v -9.10437 37.92243 116.66667
v -13.59675 41.84649 175.00000
v -12.05166 37.09121 116.66667
v -16.83807 40.65070 175.00000
v -14.92465 36.03130 116.66667
v -19.97558 39.20429 175.00000
v -17.70563 34.74926 116.66667
v -22.98994 37.51617 175.00000
v -20.37744 33.25297 116.66667
v -25.86255 35.59675 175.00000
v -22.92362 31.55166 116.66667
v -28.57571 33.45786 175.00000
v -25.32847 29.65583 116.66667
v -31.11270 31.11270 175.00000
v -27.57716 27.57716 116.66667
v -33.45786 28.57571 175.00000
v -29.65583 25.32847 116.66667
v -35.59675 25.86255 175.00000
v -31.55166 22.92362 116.66667
v -37.51617 22.98994 175.00000
v -33.25297 20.37744 116.66667
v -39.20429 19.97558 175.00000
v -34.74926 17.70563 116.66667
v -40.65070 16.83807 175.00000
v -36.03130 14.92465 116.66667
v -41.84649 13.59675 175.00000
v -37.09121 12.05166 116.66667
v -42.78428 10.27160 175.00000
v -37.92243 9.10437 116.66667
v -43.45829 6.88312 175.00000
v -38.51984 6.10094 116.66667
v -43.86436 3.45220 175.00000
v -38.87978 3.05990 116.66667
v -44.00000 0.00000 175.00000
v -39.00000 0.00000 116.66667
v -43.86436 -3.45220 175.00000
v -38.87978 -3.05990 116.66667
v -43.45829 -6.88312 175.00000
v -38.51984 -6.10094 116.66667
v -42.78428 -10.27160 175.00000
v -37.92243 -9.10437 116.66667
v -41.84649 -13.59675 175.00000
v -37.09121 -12.05166 116.66667
v -40.65070 -16.83807 175.00000
v -36.03130 -14.92465 116.66667
v -39.20429 -19.97558 175.00000
v -34.74926 -17.70563 116.66667
v -37.51617 -22.98994 175.00000
v -33.25297 -20.37744 116.66667
v -35.59675 -25.86255 175.00000
v -31.55166 -22.92362 116.66667
v -33.45786 -28.57571 175.00000
v -29.65583 -25.32847 116.66667
v -31.11270 -31.11270 175.00000
v -27.57716 -27.57716 116.66667
v -28.57571 -33.45786 175.00000
v -25.32847 -29.65583 116.66667
v -25.86255 -35.59675 175.00000
v -22.92362 -31.55166 116.66667
v -22.98994 -37.51617 175.00000
v -20.37744 -33.25297 116.66667
v -19.97558 -39.20429 175.00000
v -17.70563 -34.74926 116.66667
v -16.83807 -40.65070 175.00000
v -14.92465 -36.03130 116.66667
v -13.59675 -41.84649 175.00000
v -12.05166 -37.09121 116.66667
v -10.27160 -42.78428 175.00000
v -9.10437 -37.92243 116.66667
v -6.88312 -43.45829 175.00000
v -6.10094 -38.51984 116.66667
v -3.45220 -43.86436 175.00000
v -3.05990 -38.87978 116.66667
v -0.00000 -44.00000 175.00000
v 0.00000 -39.00000 116.66667
v 3.45220 -43.86436 175.00000
v 3.05990 -38.87978 116.66667
v 6.88312 -43.45829 175.00000
v 6.10094 -38.51984 116.66667
v 10.27160 -42.78428 175.00000
v 9.10437 -37.92243 116.66667
v 13.59675 -41.84649 175.00000
v 12.05166 -37.09121 116.66667
v 16.83807 -40.65070 175.00000
v 14.92465 -36.03130 116.66667
v 19.97558 -39.20429 175.00000
v 17.70563 -34.74926 116.66667
v 22.98994 -37.51617 175.00000
v 20.37744 -33.25297 116.66667
v 25.86255 -35.59675 175.00000
v 22.92362 -31.55166 116.66667
v 28.57571 -33.45786 175.00000
v 25.32847 -29.65583 116.66667
v 31.11270 -31.11270 175.00000
v 27.57716 -27.57716 116.66667
v 33.45786 -28.57571 175.00000
v 29.65583 -25.32847 116.66667
v 35.59675 -25.86255 175.00000
v 31.55166 -22.92362 116.66667
v 37.51617 -22.98994 175.00000
v 33.25297 -20.37744 116.66667
v 39.20429 -19.97558 175.00000
v 34.74926 -17.70563 116.66667
v 40.65070 -16.83807 175.00000
v 36.03130 -14.92465 116.66667
v 41.84649 -13.59675 175.00000
v 37.09121 -12.05166 116.66667
v 42.78428 -10.27160 175.00000
v 37.92243 -9.10437 116.66667
v 43.45829 -6.88312 175.00000
v 38.51984 -6.10094 116.66667
v 28.98977 17.76495 58.33333
v 27.50658 19.98470 58.33333
v 25.85380 22.08123 58.33333
v 24.04163 24.04163 58.33333
v 22.08123 25.85380 58.33333
v 19.98470 27.50658 58.33333
v 17.76495 28.98977 58.33333
v 15.43568 30.29422 58.33333
v 13.01124 31.41190 58.33333
v 10.50658 32.33592 58.33333
v 7.93714 33.06058 58.33333
v 5.31877 33.58140 58.33333
v 2.66761 33.89519 58.33333
v 0.00000 34.00000 58.33333
v -2.66761 33.89519 58.33333
v -5.31877 33.58140 58.33333
v -7.93714 33.06058 58.33333
v -10.50658 32.33592 58.33333
v -13.01124 31.41190 58.33333
v -15.43568 30.29422 58.33333
v -17.76495 28.98977 58.33333
v -19.98470 27.50658 58.33333
v -22.08123 25.85380 58.33333
v -24.04163 24.04163 58.33333
v -25.85380 22.08123 58.33333
v -27.50658 19.98470 58.33333
v -28.98977 17.76495 58.33333
v -30.29422 15.43568 58.33333
v -31.41190 13.01124 58.33333
v -32.33592 10.50658 58.33333
v -33.06058 7.93714 58.33333
v -33.58140 5.31877 58.33333
v -33.89519 2.66761 58.33333
v -34.00000 0.00000 58.33333
v -33.89519 -2.66761 58.33333
v -33.58140 -5.31877 58.33333
v -33.06058 -7.93714 58.33333
v -32.33592 -10.50658 58.33333
v -31.41190 -13.01124 58.33333
v -30.29422 -15.43568 58.33333
v -28.98977 -17.76495 58.33333
v -27.50658 -19.98470 58.33333
v -25.85380 -22.08123 58.33333
v -24.04163 -24.04163 58.33333
v -22.08123 -25.85380 58.33333
v -19.98470 -27.50658 58.33333
v -17.76495 -28.98977 58.33333
v -15.43568 -30.29422 58.33333
v -13.01124 -31.41190 58.33333
v -10.50658 -32.33592 58.33333
v -7.93714 -33.06058 58.33333
v -5.31877 -33.58140 58.33333
v -2.66761 -33.89519 58.33333
v 0.00000 -34.00000 58.33333
v 2.66761 -33.89519 58.33333
v 5.31877 -33.58140 58.33333
v 7.93714 -33.06058 58.33333
v 10.50658 -32.33592 58.33333
v 13.01124 -31.41190 58.33333
v 15.43568 -30.29422 58.33333
v 17.76495 -28.98977 58.33333
v 19.98470 -27.50658 58.33333
v 22.08123 -25.85380 58.33333
v 24.04163 -24.04163 58.33333
v 25.85380 -22.08123 58.33333
v 27.50658 -19.98470 58.33333
v 28.98977 -17.76495 58.33333
v 30.29422 -15.43568 58.33333
v 31.41190 -13.01124 58.33333
v 32.33592 -10.50658 58.33333
v 33.06058 -7.93714 58.33333
v 33.58140 -5.31877 58.33333
v 39.20429 19.97558 175.00000
v 36.03130 14.92465 116.66667
v 40.65070 16.83807 175.00000
v 37.09121 12.05166 116.66667
v 41.84649 13.59675 175.00000
v 37.92243 9.10437 116.66667
v 42.78428 10.27160 175.00000
v 38.51984 6.10094 116.66667
v 43.45829 6.88312 175.00000
v 38.87978 3.05990 116.66667
v 43.86436 3.45220 175.00000
v 43.06683 3.38943 175.00000
v 43.20000 0.00000 175.00000
v 43.06683 -3.38943 175.00000
v 42.66814 -6.75797 175.00000
v 42.66814 6.75797 175.00000
v 42.00638 10.08484 175.00000
v 41.08564 13.34953 175.00000
v 39.91159 16.53193 175.00000
v 38.49148 19.61239 175.00000
v 36.83406 22.57194 175.00000
v 34.94954 25.39232 175.00000
v 32.84954 28.05616 175.00000
v 30.54701 30.54701 175.00000
v 28.05616 32.84954 175.00000
v 25.39232 34.94954 175.00000
v 22.57194 36.83406 175.00000
v 19.61239 38.49148 175.00000
v 16.53193 39.91159 175.00000
v 13.34953 41.08564 175.00000
v 10.08484 42.00638 175.00000
v 6.75797 42.66814 175.00000
v 3.38943 43.06683 175.00000
v 0.00000 43.20000 175.00000
v -3.38943 43.06683 175.00000
v -6.75797 42.66814 175.00000
v -10.08484 42.00638 175.00000
v -13.34953 41.08564 175.00000
v -16.53193 39.91159 175.00000
v -19.61239 38.49148 175.00000
v -22.57194 36.83406 175.00000
v -25.39232 34.94954 175.00000
v -28.05616 32.84954 175.00000
v -30.54701 30.54701 175.00000
v -32.84954 28.05616 175.00000
v -34.94954 25.39232 175.00000
v -36.83406 22.57194 175.00000
v -38.49148 19.61239 175.00000
v -39.91159 16.53193 175.00000
v -41.08564 13.34953 175.00000
v -42.00638 10.08484 175.00000
v -42.66814 6.75797 175.00000
v -43.06683 3.38943 175.00000
v -43.20000 0.00000 175.00000
v -43.06683 -3.38943 175.00000
v -42.66814 -6.75797 175.00000
v -42.00638 -10.08484 175.00000
v -41.08564 -13.34953 175.00000
v -39.91159 -16.53193 175.00000
v -38.49148 -19.61239 175.00000
v -36.83406 -22.57194 175.00000
v -34.94954 -25.39232 175.00000
v -32.84954 -28.05616 175.00000
v -30.54701 -30.54701 175.00000
v -28.05616 -32.84954 175.00000
v -25.39232 -34.94954 175.00000
v -22.57194 -36.83406 175.00000
v -19.61239 -38.49148 175.00000
v -16.53193 -39.91159 175.00000
v -13.34953 -41.08564 175.00000
v -10.08484 -42.00638 175.00000
v -6.75797 -42.66814 175.00000
v -3.38943 -43.06683 175.00000
v -0.00000 -43.20000 175.00000
v 3.38943 -43.06683 175.00000
v 6.75797 -42.66814 175.00000
v 10.08484 -42.00638 175.00000
v 13.34953 -41.08564 175.00000
v 16.53193 -39.91159 175.00000
v 19.61239 -38.49148 175.00000
v 22.57194 -36.83406 175.00000
v 25.39232 -34.94954 175.00000
v 28.05616 -32.84954 175.00000
v 30.54701 -30.54701 175.00000
v 32.84954 -28.05616 175.00000
v 34.94954 -25.39232 175.00000
v 36.83406 -22.57194 175.00000
v 38.49148 -19.61239 175.00000
v 39.91159 -16.53193 175.00000
v 41.08564 -13.34953 175.00000
v 42.00638 -10.08484 175.00000
v 38.08224 2.99714 117.06667
v 38.20000 0.00000 117.06667
v 38.08224 -2.99714 117.06667
v 37.72969 -5.97580 117.06667
v 37.14453 -8.91761 117.06667
v 36.33036 -11.80445 117.06667
v 35.29220 -14.61851 117.06667
v 34.03645 -17.34244 117.06667
v 32.57085 -19.95945 117.06667
v 30.90445 -22.45340 117.06667
v 29.04751 -24.80892 117.06667
v 27.01148 -27.01148 117.06667
v 24.80892 -29.04751 117.06667
v 22.45340 -30.90445 117.06667
v 19.95945 -32.57085 117.06667
v 17.34244 -34.03645 117.06667
v 14.61851 -35.29220 117.06667
v 11.80445 -36.33036 117.06667
v 8.91761 -37.14453 117.06667
v 5.97580 -37.72969 117.06667
v 2.99714 -38.08224 117.06667
v -0.00000 -38.20000 117.06667
v -2.99714 -38.08224 117.06667
v -5.97580 -37.72969 117.06667
v -8.91761 -37.14453 117.06667
v -11.80445 -36.33036 117.06667
v -14.61851 -35.29220 117.06667
v -17.34244 -34.03645 117.06667
v -19.95945 -32.57085 117.06667
v -22.45340 -30.90445 117.06667
v -24.80892 -29.04751 117.06667
v -27.01148 -27.01148 117.06667
v -29.04751 -24.80892 117.06667
v -30.90445 -22.45340 117.06667
v -32.57085 -19.95945 117.06667
v -34.03645 -17.34244 117.06667
v -35.29220 -14.61851 117.06667
v -36.33036 -11.80445 117.06667
v -37.14453 -8.91761 117.06667
v -37.72969 -5.97580 117.06667
v -38.08224 -2.99714 117.06667
v -38.20000 0.00000 117.06667
v -38.08224 2.99714 117.06667
v -37.72969 5.97580 117.06667
v -37.14453 8.91761 117.06667
v -36.33036 11.80445 117.06667
v -35.29220 14.61851 117.06667
v -34.03645 17.34244 117.06667
v -32.57085 19.95945 117.06667
v -30.90445 22.45340 117.06667
v -29.04751 24.80892 117.06667
v -27.01148 27.01148 117.06667
v -24.80892 29.04751 117.06667
v -22.45340 30.90445 117.06667
v -19.95945 32.57085 117.06667
v -17.34244 34.03645 117.06667
v -14.61851 35.29220 117.06667
v -11.80445 36.33036 117.06667
v -8.91761 37.14453 117.06667
v -5.97580 37.72969 117.06667
v -2.99714 38.08224 117.06667
v 0.00000 38.20000 117.06667
v 2.99714 38.08224 117.06667
v 5.97580 37.72969 117.06667
v 8.91761 37.14453 117.06667
v 11.80445 36.33036 117.06667
v 14.61851 35.29220 117.06667
v 17.34244 34.03645 117.06667
v 19.95945 32.57085 117.06667
v 22.45340 30.90445 117.06667
v 24.80892 29.04751 117.06667
v 27.01148 27.01148 117.06667
v 29.04751 24.80892 117.06667
v 30.90445 22.45340 117.06667
v 32.57085 19.95945 117.06667
v 34.03645 17.34244 117.06667
v 35.29220 14.61851 117.06667
v 36.33036 11.80445 117.06667
v 37.14453 8.91761 117.06667
v 37.72969 5.97580 117.06667
v 28.06421 -2.76408 1.20000
v 33.09766 -2.60484 59.13333
v 28.20000 0.00000 1.20000
v 33.20000 0.00000 59.13333
v 33.09766 2.60484 59.13333
v 32.79125 -5.19362 59.13333
v 27.65814 -5.50155 1.20000
v 32.28268 -7.75039 59.13333
v 26.98572 -8.18603 1.20000
v 31.57508 -10.25936 59.13333
v 26.05340 -10.79167 1.20000
v 30.67280 -12.70509 59.13333
v 29.58142 -15.07248 59.13333
v 24.87018 -13.29339 1.20000
v 28.30765 -17.34695 59.13333
v 23.44744 -15.66708 1.20000
v 26.85936 -19.51447 59.13333
v 21.79889 -17.88989 1.20000
v 25.24548 -21.56168 59.13333
v 19.94041 -19.94041 1.20000
v 23.47594 -23.47594 59.13333
v 21.56168 -25.24548 59.13333
v 17.88989 -21.79889 1.20000
v 19.51447 -26.85936 59.13333
v 15.66708 -23.44744 1.20000
v 17.34695 -28.30765 59.13333
v 13.29339 -24.87018 1.20000
v 15.07248 -29.58142 59.13333
v 10.79167 -26.05340 1.20000
v 12.70509 -30.67280 59.13333
v 10.25936 -31.57508 59.13333
v 8.18603 -26.98572 1.20000
v 7.75039 -32.28268 59.13333
v 5.50155 -27.65814 1.20000
v 5.19362 -32.79125 59.13333
v 2.76408 -28.06421 1.20000
v 2.60484 -33.09766 59.13333
v -0.00000 -28.20000 1.20000
v -0.00000 -33.20000 59.13333
v -2.60484 -33.09766 59.13333
v -2.76408 -28.06421 1.20000
v -5.19362 -32.79125 59.13333
v -5.50155 -27.65814 1.20000
v -7.75039 -32.28268 59.13333
v -8.18603 -26.98572 1.20000
v -10.25936 -31.57508 59.13333
v -10.79167 -26.05340 1.20000
v -12.70509 -30.67280 59.13333
v -15.07248 -29.58142 59.13333
v -13.29339 -24.87018 1.20000
v -17.34695 -28.30765 59.13333
v -15.66708 -23.44744 1.20000
v -19.51447 -26.85936 59.13333
v -17.88989 -21.79889 1.20000
v -21.56168 -25.24548 59.13333
v -19.94041 -19.94041 1.20000
v -23.47594 -23.47594 59.13333
v -25.24548 -21.56168 59.13333
v -21.79889 -17.88989 1.20000
v -26.85936 -19.51447 59.13333
v -23.44744 -15.66708 1.20000
v -28.30765 -17.34695 59.13333
v -24.87018 -13.29339 1.20000
v -29.58142 -15.07248 59.13333
v -26.05340 -10.79167 1.20000
v -30.67280 -12.70509 59.13333
v -31.57508 -10.25936 59.13333
v -26.98572 -8.18603 1.20000
v -32.28268 -7.75039 59.13333
v -27.65814 -5.50155 1.20000
v -32.79125 -5.19362 59.13333
v -28.06421 -2.76408 1.20000
v -33.09766 -2.60484 59.13333
v -28.20000 0.00000 1.20000
v -33.20000 0.00000 59.13333
v -33.09766 2.60484 59.13333
v -28.06421 2.76408 1.20000
v -32.79125 5.19362 59.13333
v -27.65814 5.50155 1.20000
v -32.28268 7.75039 59.13333
v -26.98572 8.18603 1.20000
v -31.57508 10.25936 59.13333
v -26.05340 10.79167 1.20000
v -30.67280 12.70509 59.13333
v -29.58142 15.07248 59.13333
v -24.87018 13.29339 1.20000
v -28.30765 17.34695 59.13333
v -23.44744 15.66708 1.20000
v -26.85936 19.51447 59.13333
v -21.79889 17.88989 1.20000
v -25.24548 21.56168 59.13333
v -19.94041 19.94041 1.20000
v -23.47594 23.47594 59.13333
v -21.56168 25.24548 59.13333
v -17.88989 21.79889 1.20000
v -19.51447 26.85936 59.13333
v -15.66708 23.44744 1.20000
v -17.34695 28.30765 59.13333
v -13.29339 24.87018 1.20000
v -15.07248 29.58142 59.13333
v -10.79167 26.05340 1.20000
v -12.70509 30.67280 59.13333
v -10.25936 31.57508 59.13333
v -8.18603 26.98572 1.20000
v -7.75039 32.28268 59.13333
v -5.50155 27.65814 1.20000
v -5.19362 32.79125 59.13333
v -2.76408 28.06421 1.20000
v -2.60484 33.09766 59.13333
v 0.00000 28.20000 1.20000
v 0.00000 33.20000 59.13333
v 2.60484 33.09766 59.13333
v 2.76408 28.06421 1.20000
v 5.19362 32.79125 59.13333
v 5.50155 27.65814 1.20000
v 7.75039 32.28268 59.13333
v 8.18603 26.98572 1.20000
v 10.25936 31.57508 59.13333
v 10.79167 26.05340 1.20000
v 12.70509 30.67280 59.13333
v 15.07248 29.58142 59.13333
v 13.29339 24.87018 1.20000
v 17.34695 28.30765 59.13333
v 15.66708 23.44744 1.20000
v 19.51447 26.85936 59.13333
v 17.88989 21.79889 1.20000
v 21.56168 25.24548 59.13333
v 19.94041 19.94041 1.20000
v 23.47594 23.47594 59.13333
v 25.24548 21.56168 59.13333
v 21.79889 17.88989 1.20000
v 26.85936 19.51447 59.13333
v 23.44744 15.66708 1.20000
v 28.30765 17.34695 59.13333
v 24.87018 13.29339 1.20000
v 29.58142 15.07248 59.13333
v 26.05340 10.79167 1.20000
v 30.67280 12.70509 59.13333
v 31.57508 10.25936 59.13333
v 26.98572 8.18603 1.20000
v 32.28268 7.75039 59.13333
v 27.65814 5.50155 1.20000
v 32.79125 5.19362 59.13333
v 28.06421 2.76408 1.20000
vn 0.79235 0.08230 -0.60449
vn 0.85949 0.00000 -0.51115
vn -0.15439 -0.00702 -0.98798
vn 0.67393 -0.07000 -0.73547
vn -0.67519 -0.09255 -0.73181
vn 0.67410 -0.13265 -0.72664
vn -0.75682 -0.18417 -0.62714
vn 0.67435 -0.19765 -0.71147
vn -0.67128 -0.23988 -0.70132
vn 0.74345 -0.30525 -0.59507
vn -0.66907 -0.31011 -0.67541
vn 0.66256 -0.35519 -0.65943
vn -0.66401 -0.38446 -0.64131
vn 0.65441 -0.43148 -0.62095
vn -0.69815 -0.50724 -0.50526
vn 0.64033 -0.51120 -0.57328
vn -0.62330 -0.55984 -0.54596
vn 0.61802 -0.59276 -0.51643
vn -0.59498 -0.64101 -0.48489
vn 0.60007 -0.70700 -0.37425
vn -0.55543 -0.71957 -0.41680
vn 0.52148 -0.76343 -0.38111
vn -0.50315 -0.81539 -0.28634
vn 0.46299 -0.83071 -0.30911
vn -0.41865 -0.86583 -0.27399
vn 0.39372 -0.88723 -0.24044
vn -0.34410 -0.91538 -0.20900
vn 0.30516 -0.93919 -0.15746
vn -0.26233 -0.95250 -0.15466
vn 0.20726 -0.96924 -0.13270
vn -0.17583 -0.97771 -0.11472
vn 0.11896 -0.98774 -0.10112
vn -0.07507 -0.99308 -0.09030
vn 0.02893 -0.99577 -0.08723
vn -0.99474 0.04520 -0.09189
vn -0.96703 0.23533 -0.09728
vn -0.93595 0.33446 -0.11017
vn -0.90033 0.41729 -0.12361
vn -0.98697 0.13528 -0.08717
vn -0.85693 0.49615 -0.13963
vn -0.80098 0.58195 -0.14060
vn -0.73198 0.65745 -0.17878
vn -0.66637 0.71792 -0.20135
vn -0.59530 0.77123 -0.22543
vn -0.51321 0.83170 -0.21185
vn -0.41829 0.86509 -0.27687
vn -0.33526 0.89188 -0.30356
vn -0.25062 0.90998 -0.33034
vn -0.16535 0.91941 -0.35685
vn -0.07149 0.94570 -0.31707
vn 0.02651 0.91256 -0.40808
vn 0.10782 0.89530 -0.43221
vn 0.18621 0.87078 -0.45505
vn 0.28381 0.87347 -0.39559
vn 0.35212 0.79349 -0.49637
vn 0.41742 0.74894 -0.51464
vn 0.47788 0.69960 -0.53121
vn 0.57556 0.67813 -0.45702
vn 0.59831 0.57385 -0.55922
vn 0.64175 0.51233 -0.57067
vn 0.67984 0.44825 -0.58042
vn 0.71257 0.38200 -0.58848
vn 0.80000 0.32848 -0.50209
vn 0.76791 0.22508 -0.59972
vn 0.78280 0.15404 -0.60291
vn 0.99310 0.08031 -0.08542
vn 0.99631 0.00872 -0.08540
vn 0.99417 -0.06586 -0.08541
vn 0.99635 0.00167 -0.08540
vn 0.99341 -0.07651 -0.08540
vn 0.99738 -0.01203 -0.07136
vn 0.99368 -0.09028 -0.06673
vn 0.98325 0.16100 -0.08539
vn 0.96686 0.24062 -0.08538
vn 0.94402 0.31864 -0.08540
vn 0.91713 0.38933 -0.08540
vn 0.88724 0.45333 -0.08543
vn 0.88699 0.45382 -0.08540
vn 0.84865 0.52202 -0.08540
vn 0.85669 0.51087 -0.07136
vn 0.81397 0.57651 -0.07136
vn 0.80508 0.58699 -0.08540
vn 0.76623 0.63859 -0.07136
vn 0.75654 0.64835 -0.08540
vn 0.71376 0.69674 -0.07136
vn 0.70334 0.70571 -0.08540
vn 0.65690 0.75060 -0.07136
vn 0.64580 0.75871 -0.08540
vn 0.59598 0.79982 -0.07136
vn 0.58428 0.80704 -0.08540
vn 0.53139 0.84412 -0.07136
vn 0.51916 0.85040 -0.08540
vn 0.46352 0.88321 -0.07136
vn 0.45084 0.88851 -0.08540
vn 0.39280 0.91685 -0.07136
vn 0.37974 0.92114 -0.08540
vn 0.31965 0.94484 -0.07136
vn 0.30630 0.94810 -0.08540
vn 0.24453 0.96701 -0.07136
vn 0.23097 0.96921 -0.08540
vn 0.16791 0.98322 -0.07136
vn 0.15421 0.98434 -0.08540
vn 0.09025 0.99336 -0.07136
vn 0.07651 0.99341 -0.08540
vn 0.01203 0.99704 -0.07599
vn -0.00167 0.99635 -0.08540
vn -0.06626 0.99525 -0.07136
vn -0.07984 0.99314 -0.08540
vn -0.14414 0.98698 -0.07136
vn -0.15752 0.98382 -0.08540
vn -0.22113 0.97263 -0.07136
vn -0.23422 0.96843 -0.08540
vn -0.29676 0.95228 -0.07136
vn -0.30948 0.94706 -0.08540
vn -0.37056 0.92606 -0.07136
vn -0.38283 0.91986 -0.08540
vn -0.44208 0.89413 -0.07136
vn -0.45382 0.88699 -0.08540
vn -0.51087 0.85669 -0.07136
vn -0.52202 0.84865 -0.08540
vn -0.57651 0.81397 -0.07136
vn -0.58699 0.80508 -0.08540
vn -0.63859 0.76623 -0.07136
vn -0.64835 0.75654 -0.08540
vn -0.69674 0.71376 -0.07136
vn -0.70571 0.70334 -0.08540
vn -0.75060 0.65690 -0.07136
vn -0.75871 0.64580 -0.08540
vn -0.79982 0.59598 -0.07136
vn -0.80704 0.58428 -0.08540
vn -0.84412 0.53139 -0.07136
vn -0.85040 0.51916 -0.08540
vn -0.88321 0.46352 -0.07136
vn -0.88851 0.45084 -0.08540
vn -0.91685 0.39280 -0.07136
vn -0.92114 0.37974 -0.08540
vn -0.94484 0.31965 -0.07136
vn -0.94810 0.30630 -0.08540
vn -0.96701 0.24453 -0.07136
vn -0.96921 0.23097 -0.08540
vn -0.98322 0.16791 -0.07136
vn -0.98434 0.15421 -0.08540
vn -0.99336 0.09025 -0.07136
vn -0.99341 0.07651 -0.08540
vn -0.99770 0.01204 -0.06673
vn -0.99635 -0.00167 -0.08540
vn -0.99525 -0.06626 -0.07136
vn -0.99314 -0.07984 -0.08540
vn -0.98698 -0.14414 -0.07136
vn -0.98382 -0.15752 -0.08540
vn -0.97263 -0.22113 -0.07136
vn -0.96843 -0.23422 -0.08540
vn -0.95228 -0.29676 -0.07136
vn -0.94706 -0.30948 -0.08540
vn -0.92606 -0.37056 -0.07136
vn -0.91986 -0.38283 -0.08540
vn -0.89413 -0.44208 -0.07136
vn -0.88699 -0.45382 -0.08540
vn -0.85669 -0.51087 -0.07136
vn -0.84865 -0.52202 -0.08540
vn -0.81397 -0.57651 -0.07136
vn -0.80508 -0.58699 -0.08540
vn -0.76623 -0.63859 -0.07136
vn -0.75654 -0.64835 -0.08540
vn -0.71376 -0.69674 -0.07136
vn -0.70334 -0.70571 -0.08540
vn -0.65690 -0.75060 -0.07136
vn -0.64580 -0.75871 -0.08540
vn -0.59598 -0.79982 -0.07136
vn -0.58428 -0.80704 -0.08540
vn -0.53139 -0.84412 -0.07136
vn -0.51916 -0.85040 -0.08540
vn -0.46352 -0.88321 -0.07136
vn -0.45084 -0.88851 -0.08540
vn -0.39280 -0.91685 -0.07136
vn -0.37974 -0.92114 -0.08540
vn -0.31965 -0.94484 -0.07136
vn -0.30630 -0.94810 -0.08540
vn -0.24453 -0.96701 -0.07136
vn -0.23097 -0.96921 -0.08540
vn -0.16791 -0.98322 -0.07136
vn -0.15421 -0.98434 -0.08540
vn -0.09025 -0.99336 -0.07136
vn -0.07651 -0.99341 -0.08540
vn -0.01203 -0.99704 -0.07599
vn 0.00167 -0.99635 -0.08540
vn 0.06626 -0.99525 -0.07136
vn 0.07984 -0.99314 -0.08540
vn 0.14414 -0.98698 -0.07136
vn 0.15752 -0.98382 -0.08540
vn 0.22113 -0.97263 -0.07136
vn 0.23422 -0.96843 -0.08540
vn 0.29676 -0.95228 -0.07136
vn 0.30948 -0.94706 -0.08540
vn 0.37056 -0.92606 -0.07136
vn 0.38283 -0.91986 -0.08540
vn 0.44208 -0.89413 -0.07136
vn 0.45382 -0.88699 -0.08540
vn 0.51087 -0.85669 -0.07136
vn 0.52202 -0.84865 -0.08540
vn 0.57651 -0.81397 -0.07136
vn 0.58699 -0.80508 -0.08540
vn 0.63859 -0.76623 -0.07136
vn 0.64835 -0.75654 -0.08540
vn 0.69674 -0.71376 -0.07136
vn 0.70571 -0.70334 -0.08540
vn 0.75060 -0.65690 -0.07136
vn 0.75871 -0.64580 -0.08540
vn 0.79982 -0.59598 -0.07136
vn 0.80704 -0.58428 -0.08540
vn 0.84412 -0.53139 -0.07136
vn 0.85040 -0.51916 -0.08540
vn 0.88321 -0.46352 -0.07136
vn 0.88851 -0.45084 -0.08540
vn 0.91685 -0.39280 -0.07136
vn 0.92114 -0.37974 -0.08540
vn 0.94484 -0.31965 -0.07136
vn 0.94810 -0.30630 -0.08540
vn 0.96701 -0.24453 -0.07136
vn 0.96921 -0.23097 -0.08540
vn 0.98322 -0.16791 -0.07136
vn 0.98434 -0.15421 -0.08540
vn 0.84733 0.52415 -0.08539
vn 0.80178 0.59148 -0.08538
vn 0.75089 0.65488 -0.08539
vn 0.69501 0.71391 -0.08542
vn 0.64042 0.76326 -0.08540
vn 0.58307 0.80792 -0.08540
vn 0.51527 0.85276 -0.08538
vn 0.44404 0.89193 -0.08538
vn 0.36985 0.92516 -0.08541
vn 0.29958 0.95024 -0.08540
vn 0.23051 0.96931 -0.08542
vn 0.15072 0.98488 -0.08539
vn 0.06993 0.99389 -0.08538
vn -0.01133 0.99628 -0.08540
vn -0.08687 0.99255 -0.08540
vn -0.15697 0.98390 -0.08543
vn -0.23666 0.96783 -0.08539
vn -0.31477 0.94532 -0.08538
vn -0.39079 0.91651 -0.08539
vn -0.46420 0.88160 -0.08542
vn -0.52801 0.84493 -0.08540
vn -0.58820 0.80420 -0.08540
vn -0.65180 0.75357 -0.08538
vn -0.71106 0.69793 -0.08538
vn -0.76559 0.63764 -0.08541
vn -0.81116 0.57856 -0.08540
vn -0.85064 0.51876 -0.08542
vn -0.89010 0.44769 -0.08539
vn -0.92364 0.37364 -0.08538
vn -0.95102 0.29710 -0.08540
vn -0.97082 0.22410 -0.08540
vn -0.98425 0.15475 -0.08543
vn -0.99360 0.07400 -0.08539
vn -0.99632 -0.00725 -0.08538
vn -0.99241 -0.08844 -0.08539
vn -0.98190 -0.16905 -0.08542
vn -0.96674 -0.24107 -0.08540
vn -0.94660 -0.31090 -0.08540
vn -0.91811 -0.38703 -0.08538
vn -0.88350 -0.46059 -0.08538
vn -0.84301 -0.53108 -0.08541
vn -0.80090 -0.59267 -0.08540
vn -0.75623 -0.64870 -0.08542
vn -0.70083 -0.70820 -0.08539
vn -0.64077 -0.76297 -0.08538
vn -0.57644 -0.81267 -0.08540
vn -0.51313 -0.85405 -0.08540
vn -0.45133 -0.88826 -0.08543
vn -0.37742 -0.92210 -0.08539
vn -0.30099 -0.94980 -0.08538
vn -0.22256 -0.97117 -0.08539
vn -0.14265 -0.98608 -0.08542
vn -0.06947 -0.99392 -0.08540
vn 0.00316 -0.99634 -0.08540
vn 0.08438 -0.99277 -0.08538
vn 0.16503 -0.98259 -0.08538
vn 0.24458 -0.96586 -0.08541
vn 0.31617 -0.94485 -0.08540
vn 0.38327 -0.91968 -0.08542
vn 0.45696 -0.88538 -0.08539
vn 0.52762 -0.84518 -0.08538
vn 0.59476 -0.79935 -0.08540
vn 0.65368 -0.75193 -0.08540
vn 0.70532 -0.70373 -0.08543
vn 0.76034 -0.64389 -0.08539
vn 0.81030 -0.57976 -0.08538
vn 0.85487 -0.51178 -0.08539
vn 0.89374 -0.44038 -0.08542
vn 0.92381 -0.37321 -0.08540
vn 0.94855 -0.30488 -0.08540
vn 0.97025 -0.22653 -0.08538
vn 0.98549 -0.14669 -0.08538
vn 0.89413 0.44208 -0.07136
vn 0.91986 0.38283 -0.08540
vn 0.92606 0.37056 -0.07136
vn 0.94706 0.30948 -0.08540
vn 0.95228 0.29676 -0.07136
vn 0.96843 0.23422 -0.08540
vn 0.97263 0.22113 -0.07136
vn 0.98382 0.15752 -0.08540
vn 0.98698 0.14414 -0.07136
vn 0.99314 0.07984 -0.08540
vn 0.99525 0.06626 -0.07136
vn -0.99088 -0.09001 0.10024
vn -0.99489 -0.01198 0.10024
vn -0.99324 0.06614 0.09544
vn -0.98452 0.14380 0.10024
vn -0.98077 -0.16747 0.10024
vn -0.96460 -0.24391 0.10024
vn -0.94249 -0.31884 0.10024
vn -0.91457 -0.39180 0.10024
vn -0.88101 -0.46235 0.10024
vn -0.84202 -0.53005 0.10024
vn -0.79784 -0.59448 0.10024
vn -0.74874 -0.65524 0.10024
vn -0.69502 -0.71197 0.10024
vn -0.63702 -0.76430 0.10024
vn -0.57509 -0.81193 0.10024
vn -0.50961 -0.85455 0.10024
vn -0.44099 -0.89189 0.10024
vn -0.36966 -0.92375 0.10024
vn -0.29604 -0.94990 0.10024
vn -0.22060 -0.97020 0.10024
vn -0.14380 -0.98452 0.10024
vn -0.06611 -0.99276 0.10024
vn 0.01198 -0.99440 0.10504
vn 0.09001 -0.99088 0.10024
vn 0.16747 -0.98077 0.10024
vn 0.24391 -0.96460 0.10024
vn 0.31884 -0.94249 0.10024
vn 0.39180 -0.91457 0.10024
vn 0.46235 -0.88101 0.10024
vn 0.53005 -0.84202 0.10024
vn 0.59448 -0.79784 0.10024
vn 0.65524 -0.74874 0.10024
vn 0.71197 -0.69502 0.10024
vn 0.76430 -0.63702 0.10024
vn 0.81193 -0.57509 0.10024
vn 0.85455 -0.50961 0.10024
vn 0.89189 -0.44099 0.10024
vn 0.92375 -0.36966 0.10024
vn 0.94990 -0.29604 0.10024
vn 0.97020 -0.22060 0.10024
vn 0.98452 -0.14380 0.10024
vn 0.99276 -0.06611 0.10024
vn 0.99536 0.01199 0.09544
vn 0.99088 0.09001 0.10024
vn 0.98077 0.16747 0.10024
vn 0.96460 0.24391 0.10024
vn 0.94249 0.31884 0.10024
vn 0.91457 0.39180 0.10024
vn 0.88101 0.46235 0.10024
vn 0.84202 0.53005 0.10024
vn 0.79784 0.59448 0.10024
vn 0.74874 0.65524 0.10024
vn 0.69502 0.71197 0.10024
vn 0.63702 0.76430 0.10024
vn 0.57509 0.81193 0.10024
vn 0.50961 0.85455 0.10024
vn 0.44099 0.89189 0.10024
vn 0.36966 0.92375 0.10024
vn 0.29604 0.94990 0.10024
vn 0.22060 0.97020 0.10024
vn 0.14380 0.98452 0.10024
vn 0.06611 0.99276 0.10024
vn -0.01198 0.99440 0.10504
vn -0.09001 0.99088 0.10024
vn -0.16747 0.98077 0.10024
vn -0.24391 0.96460 0.10024
vn -0.31884 0.94249 0.10024
vn -0.39180 0.91457 0.10024
vn -0.46235 0.88101 0.10024
vn -0.53005 0.84202 0.10024
vn -0.59448 0.79784 0.10024
vn -0.65524 0.74874 0.10024
vn -0.71197 0.69502 0.10024
vn -0.76430 0.63702 0.10024
vn -0.81193 0.57509 0.10024
vn -0.85455 0.50961 0.10024
vn -0.89189 0.44099 0.10024
vn -0.92375 0.36966 0.10024
vn -0.94990 0.29604 0.10024
vn -0.97020 0.22060 0.10024
vn -0.99336 -0.07647 0.08599
vn -0.99629 0.00171 0.08599
vn -0.99309 0.07987 0.08599
vn -0.98376 0.15754 0.08599
vn -0.96837 0.23424 0.08599
vn -0.94700 0.30950 0.08599
vn -0.91980 0.38284 0.08599
vn -0.88693 0.45383 0.08599
vn -0.84859 0.52202 0.08599
vn -0.80502 0.58699 0.08599
vn -0.75648 0.64834 0.08599
vn -0.70328 0.70569 0.08599
vn -0.64574 0.75870 0.08599
vn -0.58423 0.80702 0.08599
vn -0.51911 0.85037 0.08599
vn -0.45079 0.88848 0.08599
vn -0.37969 0.92111 0.08599
vn -0.30625 0.94806 0.08599
vn -0.23092 0.96917 0.08599
vn -0.15417 0.98430 0.08599
vn -0.07647 0.99336 0.08599
vn 0.00171 0.99629 0.08599
vn 0.07987 0.99309 0.08599
vn 0.15754 0.98376 0.08599
vn 0.23424 0.96837 0.08599
vn 0.30950 0.94700 0.08599
vn 0.38284 0.91980 0.08599
vn 0.45383 0.88693 0.08599
vn 0.52202 0.84859 0.08599
vn 0.58699 0.80502 0.08599
vn 0.64834 0.75648 0.08599
vn 0.70569 0.70328 0.08599
vn 0.75870 0.64574 0.08599
vn 0.80702 0.58423 0.08599
vn 0.85037 0.51911 0.08599
vn 0.88848 0.45079 0.08599
vn 0.92111 0.37969 0.08599
vn 0.94806 0.30625 0.08599
vn 0.96917 0.23092 0.08599
vn 0.98430 0.15417 0.08599
vn 0.99336 0.07647 0.08599
vn 0.99629 -0.00171 0.08599
vn 0.99309 -0.07987 0.08599
vn 0.98376 -0.15754 0.08599
vn 0.96837 -0.23424 0.08599
vn 0.94700 -0.30950 0.08599
vn 0.91980 -0.38284 0.08599
vn 0.88693 -0.45383 0.08599
vn 0.84859 -0.52202 0.08599
vn 0.80502 -0.58699 0.08599
vn 0.75648 -0.64834 0.08599
vn 0.70328 -0.70569 0.08599
vn 0.64574 -0.75870 0.08599
vn 0.58423 -0.80702 0.08599
vn 0.51911 -0.85037 0.08599
vn 0.45079 -0.88848 0.08599
vn 0.37969 -0.92111 0.08599
vn 0.30625 -0.94806 0.08599
vn 0.23092 -0.96917 0.08599
vn 0.15417 -0.98430 0.08599
vn 0.07647 -0.99336 0.08599
vn -0.00171 -0.99629 0.08599
vn -0.07987 -0.99309 0.08599
vn -0.15754 -0.98376 0.08599
vn -0.23424 -0.96837 0.08599
vn -0.30950 -0.94700 0.08599
vn -0.38284 -0.91980 0.08599
vn -0.45383 -0.88693 0.08599
vn -0.52202 -0.84859 0.08599
vn -0.58699 -0.80502 0.08599
vn -0.64834 -0.75648 0.08599
vn -0.70569 -0.70328 0.08599
vn -0.75870 -0.64574 0.08599
vn -0.80702 -0.58423 0.08599
vn -0.85037 -0.51911 0.08599
vn -0.88848 -0.45079 0.08599
vn -0.92111 -0.37969 0.08599
vn -0.94806 -0.30625 0.08599
vn -0.96917 -0.23092 0.08599
vn -0.98430 -0.15417 0.08599
vn -0.67820 0.07111 0.73143
vn -0.99305 0.08039 0.08600
vn -0.76679 0.00000 0.64190
vn -0.99626 0.00874 0.08598
vn -0.99411 -0.06593 0.08600
vn -0.98314 0.16136 0.08598
vn -0.67673 0.13461 0.72382
vn -0.96665 0.24125 0.08597
vn -0.67539 0.20025 0.70975
vn -0.94367 0.31951 0.08600
vn -0.74251 0.30756 0.59505
vn -0.91708 0.38933 0.08598
vn -0.88669 0.45430 0.08600
vn -0.66056 0.35844 0.65968
vn -0.84656 0.52531 0.08598
vn -0.65101 0.43499 0.62207
vn -0.80075 0.59280 0.08597
vn -0.63561 0.51497 0.57516
vn -0.74957 0.65632 0.08600
vn -0.63726 0.63726 0.43335
vn -0.69828 0.71064 0.08598
vn -0.64534 0.75904 0.08600
vn -0.56077 0.69214 0.45440
vn -0.58109 0.80929 0.08598
vn -0.51296 0.76770 0.38407
vn -0.51294 0.85411 0.08597
vn -0.45316 0.83511 0.31182
vn -0.44134 0.89321 0.08600
vn -0.37448 0.90407 0.20599
vn -0.37317 0.92377 0.08598
vn -0.30575 0.94822 0.08600
vn -0.27951 0.94275 0.18193
vn -0.22715 0.97006 0.08598
vn -0.19333 0.97195 0.13394
vn -0.14704 0.98539 0.08597
vn -0.10373 0.98937 0.10188
vn -0.06593 0.99411 0.08600
vn 0.00000 0.99617 0.08740
vn 0.00874 0.99626 0.08598
vn 0.08039 0.99305 0.08600
vn 0.10383 0.99028 0.09253
vn 0.16136 0.98314 0.08598
vn 0.19378 0.97419 0.11577
vn 0.24125 0.96665 0.08597
vn 0.28077 0.94700 0.15609
vn 0.31951 0.94367 0.08600
vn 0.37633 0.90855 0.18141
vn 0.38933 0.91708 0.08598
vn 0.45430 0.88669 0.08600
vn 0.45833 0.84466 0.27656
vn 0.52531 0.84656 0.08598
vn 0.52087 0.77953 0.34789
vn 0.59280 0.80075 0.08597
vn 0.57138 0.70523 0.41974
vn 0.65632 0.74957 0.08600
vn 0.64626 0.64626 0.40582
vn 0.71064 0.69828 0.08598
vn 0.75904 0.64534 0.08600
vn 0.64984 0.52650 0.54818
vn 0.80929 0.58109 0.08598
vn 0.66530 0.44454 0.59980
vn 0.85411 0.51294 0.08597
vn 0.67388 0.36567 0.64200
vn 0.89321 0.44134 0.08600
vn 0.75176 0.31139 0.58128
vn 0.92377 0.37317 0.08598
vn 0.94822 0.30575 0.08600
vn 0.68457 0.20297 0.70012
vn 0.97006 0.22715 0.08598
vn 0.68305 0.13587 0.71762
vn 0.98539 0.14704 0.08597
vn 0.68141 0.07145 0.72840
vn 0.99411 0.06593 0.08600
vn 0.76679 0.00000 0.64190
vn 0.99626 -0.00874 0.08598
vn 0.99305 -0.08039 0.08600
vn 0.67820 -0.07111 0.73143
vn 0.98314 -0.16136 0.08598
vn 0.67673 -0.13461 0.72382
vn 0.96665 -0.24125 0.08597
vn 0.67539 -0.20025 0.70975
vn 0.94367 -0.31951 0.08600
vn 0.74251 -0.30756 0.59505
vn 0.91708 -0.38933 0.08598
vn 0.88669 -0.45430 0.08600
vn 0.66056 -0.35844 0.65968
vn 0.84656 -0.52531 0.08598
vn 0.65101 -0.43499 0.62207
vn 0.80075 -0.59280 0.08597
vn 0.63561 -0.51497 0.57516
vn 0.74957 -0.65632 0.08600
vn 0.63726 -0.63726 0.43335
vn 0.69828 -0.71064 0.08598
vn 0.64534 -0.75904 0.08600
vn 0.56077 -0.69214 0.45440
vn 0.58109 -0.80929 0.08598
vn 0.51296 -0.76770 0.38407
vn 0.51294 -0.85411 0.08597
vn 0.45316 -0.83511 0.31182
vn 0.44134 -0.89321 0.08600
vn 0.37448 -0.90407 0.20599
vn 0.37317 -0.92377 0.08598
vn 0.30575 -0.94822 0.08600
vn 0.27951 -0.94275 0.18193
vn 0.22715 -0.97006 0.08598
vn 0.19333 -0.97195 0.13394
vn 0.14704 -0.98539 0.08597
vn 0.10373 -0.98937 0.10188
vn 0.06593 -0.99411 0.08600
vn 0.00000 -0.99617 0.08740
vn -0.00874 -0.99626 0.08598
vn -0.08039 -0.99305 0.08600
vn -0.10383 -0.99028 0.09253
vn -0.16136 -0.98314 0.08598
vn -0.19378 -0.97419 0.11577
vn -0.24125 -0.96665 0.08597
vn -0.28077 -0.94700 0.15609
vn -0.31951 -0.94367 0.08600
vn -0.37633 -0.90855 0.18141
vn -0.38933 -0.91708 0.08598
vn -0.45430 -0.88669 0.08600
vn -0.45833 -0.84466 0.27656
vn -0.52531 -0.84656 0.08598
vn -0.52087 -0.77953 0.34789
vn -0.59280 -0.80075 0.08597
vn -0.57138 -0.70523 0.41974
vn -0.65632 -0.74957 0.08600
vn -0.64626 -0.64626 0.40582
vn -0.71064 -0.69828 0.08598
vn -0.75904 -0.64534 0.08600
vn -0.64984 -0.52650 0.54818
vn -0.80929 -0.58109 0.08598
vn -0.66530 -0.44454 0.59980
vn -0.85411 -0.51294 0.08597
vn -0.67388 -0.36567 0.64200
vn -0.89321 -0.44134 0.08600
vn -0.75176 -0.31139 0.58128
vn -0.92377 -0.37317 0.08598
vn -0.94822 -0.30575 0.08600
vn -0.68457 -0.20297 0.70012
vn -0.97006 -0.22715 0.08598
vn -0.68305 -0.13587 0.71762
vn -0.98539 -0.14704 0.08597
vn -0.68141 -0.07145 0.72840
usemtl stainless
f 1//1 2//2 3//3
f 3//3 2//2 4//4
f 3//3 4//4 5//5
f 5//5 4//4 6//6
f 5//5 6//6 7//7
f 7//7 6//6 8//8
f 7//7 8//8 9//9
f 9//9 8//8 10//10
f 9//9 10//10 11//11
f 11//11 10//10 12//12
f 11//11 12//12 13//13
f 13//13 12//12 14//14
f 13//13 14//14 15//15
f 15//15 14//14 16//16
f 15//15 16//16 17//17
f 17//17 16//16 18//18
f 17//17 18//18 19//19
f 19//19 18//18 20//20
f 19//19 20//20 21//21
f 21//21 20//20 22//22
f 21//21 22//22 23//23
f 23//23 22//22 24//24
f 23//23 24//24 25//25
f 25//25 24//24 26//26
f 25//25 26//26 27//27
f 27//27 26//26 28//28
f 27//27 28//28 29//29
f 29//29 28//28 30//30
f 29//29 30//30 31//31
f 31//31 30//30 32//32
f 31//31 32//32 33//33
f 33//33 32//32 34//34
f 35//35 36//36 3//3
f 3//3 36//36 37//37
f 3//3 37//37 38//38
f 35//35 39//39 36//36
f 38//38 40//40 3//3
f 3//3 40//40 41//41
f 3//3 41//41 42//42
f 42//42 43//43 3//3
f 3//3 43//43 44//44
f 3//3 44//44 45//45
f 45//45 46//46 3//3
f 3//3 46//46 47//47
f 3//3 47//47 48//48
f 48//48 49//49 3//3
f 3//3 49//49 50//50
f 3//3 50//50 51//51
f 51//51 52//52 3//3
f 3//3 52//52 53//53
f 3//3 53//53 54//54
f 54//54 55//55 3//3
f 3//3 55//55 56//56
f 3//3 56//56 57//57
f 57//57 58//58 3//3
f 3//3 58//58 59//59
f 3//3 59//59 60//60
f 60//60 61//61 3//3
f 3//3 61//61 62//62
f 3//3 62//62 63//63
f 63//63 64//64 3//3
f 3//3 64//64 65//65
f 3//3 65//65 1//1
f 1//1 66//66 2//2
f 2//2 66//66 67//67
f 2//2 67//67 68//68
f 68//68 67//67 69//69
f 68//68 69//69 70//70
f 70//70 69//69 71//71
f 70//70 71//71 72//72
f 66//66 1//1 73//73
f 73//73 1//1 65//65
f 73//73 65//65 74//74
f 74//74 65//65 64//64
f 74//74 64//64 75//75
f 75//75 64//64 63//63
f 75//75 63//63 76//76
f 76//76 63//63 77//77
f 76//76 77//77 78//78
f 78//78 77//77 79//79
f 78//78 79//79 80//80
f 80//80 79//79 81//81
f 81//81 79//79 82//82
f 81//81 82//82 83//83
f 83//83 82//82 84//84
f 83//83 84//84 85//85
f 85//85 84//84 86//86
f 85//85 86//86 87//87
f 87//87 86//86 88//88
f 87//87 88//88 89//89
f 89//89 88//88 90//90
f 89//89 90//90 91//91
f 91//91 90//90 92//92
f 91//91 92//92 93//93
f 93//93 92//92 94//94
f 93//93 94//94 95//95
f 95//95 94//94 96//96
f 95//95 96//96 97//97
f 97//97 96//96 98//98
f 97//97 98//98 99//99
f 99//99 98//98 100//100
f 99//99 100//100 101//101
f 101//101 100//100 102//102
f 101//101 102//102 103//103
f 103//103 102//102 104//104
f 103//103 104//104 105//105
f 105//105 104//104 106//106
f 105//105 106//106 107//107
f 107//107 106//106 108//108
f 107//107 108//108 109//109
f 109//109 108//108 110//110
f 109//109 110//110 111//111
f 111//111 110//110 112//112
f 111//111 112//112 113//113
f 113//113 112//112 114//114
f 113//113 114//114 115//115
f 115//115 114//114 116//116
f 115//115 116//116 117//117
f 117//117 116//116 118//118
f 117//117 118//118 119//119
f 119//119 118//118 120//120
f 119//119 120//120 121//121
f 121//121 120//120 122//122
f 121//121 122//122 123//123
f 123//123 122//122 124//124
f 123//123 124//124 125//125
f 125//125 124//124 126//126
f 125//125 126//126 127//127
f 127//127 126//126 128//128
f 127//127 128//128 129//129
f 129//129 128//128 130//130
f 129//129 130//130 131//131
f 131//131 130//130 132//132
f 131//131 132//132 133//133
f 133//133 132//132 134//134
f 133//133 134//134 135//135
f 135//135 134//134 136//136
f 135//135 136//136 137//137
f 137//137 136//136 138//138
f 137//137 138//138 139//139
f 139//139 138//138 140//140
f 139//139 140//140 141//141
f 141//141 140//140 142//142
f 141//141 142//142 143//143
f 143//143 142//142 144//144
f 143//143 144//144 145//145
f 145//145 144//144 146//146
f 145//145 146//146 147//147
f 147//147 146//146 148//148
f 147//147 148//148 149//149
f 149//149 148//148 150//150
f 149//149 150//150 151//151
f 151//151 150//150 152//152
f 151//151 152//152 153//153
f 153//153 152//152 154//154
f 153//153 154//154 155//155
f 155//155 154//154 156//156
f 155//155 156//156 157//157
f 157//157 156//156 158//158
f 157//157 158//158 159//159
f 159//159 158//158 160//160
f 159//159 160//160 161//161
f 161//161 160//160 162//162
f 161//161 162//162 163//163
f 163//163 162//162 164//164
f 163//163 164//164 165//165
f 165//165 164//164 166//166
f 165//165 166//166 167//167
f 167//167 166//166 168//168
f 167//167 168//168 169//169
f 169//169 168//168 170//170
f 169//169 170//170 171//171
f 171//171 170//170 172//172
f 171//171 172//172 173//173
f 173//173 172//172 174//174
f 173//173 174//174 175//175
f 175//175 174//174 176//176
f 175//175 176//176 177//177
f 177//177 176//176 178//178
f 177//177 178//178 179//179
f 179//179 178//178 180//180
f 179//179 180//180 181//181
f 181//181 180//180 182//182
f 181//181 182//182 183//183
f 183//183 182//182 184//184
f 183//183 184//184 185//185
f 185//185 184//184 186//186
f 185//185 186//186 187//187
f 187//187 186//186 188//188
f 187//187 188//188 189//189
f 189//189 188//188 190//190
f 189//189 190//190 191//191
f 191//191 190//190 192//192
f 191//191 192//192 193//193
f 193//193 192//192 194//194
f 193//193 194//194 195//195
f 195//195 194//194 196//196
f 195//195 196//196 197//197
f 197//197 196//196 198//198
f 197//197 198//198 199//199
f 199//199 198//198 200//200
f 199//199 200//200 201//201
f 201//201 200//200 202//202
f 201//201 202//202 203//203
f 203//203 202//202 204//204
f 203//203 204//204 205//205
f 205//205 204//204 206//206
f 205//205 206//206 207//207
f 207//207 206//206 208//208
f 207//207 208//208 209//209
f 209//209 208//208 210//210
f 209//209 210//210 211//211
f 211//211 210//210 212//212
f 211//211 212//212 213//213
f 213//213 212//212 214//214
f 213//213 214//214 215//215
f 215//215 214//214 216//216
f 215//215 216//216 217//217
f 217//217 216//216 218//218
f 217//217 218//218 219//219
f 219//219 218//218 220//220
f 219//219 220//220 221//221
f 221//221 220//220 222//222
f 221//221 222//222 72//72
f 72//72 222//222 70//70
f 63//63 62//62 77//77
f 77//77 62//62 223//223
f 77//77 223//223 79//79
f 79//79 223//223 82//82
f 62//62 61//61 223//223
f 223//223 61//61 224//224
f 223//223 224//224 82//82
f 82//82 224//224 84//84
f 61//61 60//60 224//224
f 224//224 60//60 225//225
f 224//224 225//225 84//84
f 84//84 225//225 86//86
f 60//60 59//59 225//225
f 225//225 59//59 226//226
f 225//225 226//226 86//86
f 86//86 226//226 88//88
f 59//59 58//58 226//226
f 226//226 58//58 227//227
f 226//226 227//227 88//88
f 88//88 227//227 90//90
f 227//227 58//58 228//228
f 228//228 58//58 57//57
f 228//228 57//57 229//229
f 229//229 57//57 56//56
f 229//229 56//56 230//230
f 230//230 56//56 55//55
f 230//230 55//55 231//231
f 231//231 55//55 54//54
f 231//231 54//54 232//232
f 232//232 54//54 233//233
f 232//232 233//233 100//100
f 100//100 233//233 102//102
f 54//54 53//53 233//233
f 233//233 53//53 234//234
f 233//233 234//234 102//102
f 102//102 234//234 104//104
f 53//53 52//52 234//234
f 234//234 52//52 235//235
f 234//234 235//235 104//104
f 104//104 235//235 106//106
f 52//52 51//51 235//235
f 235//235 51//51 236//236
f 235//235 236//236 106//106
f 106//106 236//236 108//108
f 51//51 50//50 236//236
f 236//236 50//50 237//237
f 236//236 237//237 108//108
f 108//108 237//237 110//110
f 237//237 50//50 238//238
f 238//238 50//50 49//49
f 238//238 49//49 239//239
f 239//239 49//49 48//48
f 239//239 48//48 240//240
f 240//240 48//48 47//47
f 240//240 47//47 241//241
f 241//241 47//47 46//46
f 241//241 46//46 242//242
f 242//242 46//46 45//45
f 242//242 45//45 243//243
f 243//243 45//45 244//244
f 243//243 244//244 122//122
f 122//122 244//244 124//124
f 45//45 44//44 244//244
f 244//244 44//44 245//245
f 244//244 245//245 124//124
f 124//124 245//245 126//126
f 44//44 43//43 245//245
f 245//245 43//43 246//246
f 245//245 246//246 126//126
f 126//126 246//246 128//128
f 43//43 42//42 246//246
f 246//246 42//42 247//247
f 246//246 247//247 128//128
f 128//128 247//247 130//130
f 42//42 41//41 247//247
f 247//247 41//41 248//248
f 247//247 248//248 130//130
f 130//130 248//248 132//132
f 248//248 41//41 249//249
f 249//249 41//41 40//40
f 249//249 40//40 250//250
f 250//250 40//40 38//38
f 250//250 38//38 251//251
f 251//251 38//38 37//37
f 251//251 37//37 252//252
f 252//252 37//37 36//36
f 252//252 36//36 253//253
f 253//253 36//36 254//254
f 253//253 254//254 142//142
f 142//142 254//254 144//144
f 36//36 39//39 254//254
f 254//254 39//39 255//255
f 254//254 255//255 144//144
f 144//144 255//255 146//146
f 39//39 35//35 255//255
f 255//255 35//35 256//256
f 255//255 256//256 146//146
f 146//146 256//256 148//148
f 35//35 3//3 256//256
f 256//256 3//3 257//257
f 256//256 257//257 148//148
f 148//148 257//257 150//150
f 3//3 5//5 257//257
f 257//257 5//5 258//258
f 257//257 258//258 150//150
f 150//150 258//258 152//152
f 5//5 7//7 258//258
f 258//258 7//7 259//259
f 258//258 259//259 152//152
f 152//152 259//259 154//154
f 259//259 7//7 260//260
f 260//260 7//7 9//9
f 260//260 9//9 261//261
f 261//261 9//9 11//11
f 261//261 11//11 262//262
f 262//262 11//11 13//13
f 262//262 13//13 263//263
f 263//263 13//13 15//15
f 263//263 15//15 264//264
f 264//264 15//15 265//265
f 264//264 265//265 164//164
f 164//164 265//265 166//166
f 15//15 17//17 265//265
f 265//265 17//17 266//266
f 265//265 266//266 166//166
f 166//166 266//266 168//168
f 17//17 19//19 266//266
f 266//266 19//19 267//267
f 266//266 267//267 168//168
f 168//168 267//267 170//170
f 19//19 21//21 267//267
f 267//267 21//21 268//268
f 267//267 268//268 170//170
f 170//170 268//268 172//172
f 21//21 23//23 268//268
f 268//268 23//23 269//269
f 268//268 269//269 172//172
f 172//172 269//269 174//174
f 269//269 23//23 270//270
f 270//270 23//23 25//25
f 270//270 25//25 271//271
f 271//271 25//25 27//27
f 271//271 27//27 272//272
f 272//272 27//27 29//29
f 272//272 29//29 273//273
f 273//273 29//29 31//31
f 273//273 31//31 274//274
f 274//274 31//31 33//33
f 274//274 33//33 275//275
f 275//275 33//33 276//276
f 275//275 276//276 186//186
f 186//186 276//276 188//188
f 33//33 34//34 276//276
f 276//276 34//34 277//277
f 276//276 277//277 188//188
f 188//188 277//277 190//190
f 34//34 32//32 277//277
f 277//277 32//32 278//278
f 277//277 278//278 190//190
f 190//190 278//278 192//192
f 32//32 30//30 278//278
f 278//278 30//30 279//279
f 278//278 279//279 192//192
f 192//192 279//279 194//194
f 30//30 28//28 279//279
f 279//279 28//28 280//280
f 279//279 280//280 194//194
f 194//194 280//280 196//196
f 280//280 28//28 281//281
f 281//281 28//28 26//26
f 281//281 26//26 282//282
f 282//282 26//26 24//24
f 282//282 24//24 283//283
f 283//283 24//24 22//22
f 283//283 22//22 284//284
f 284//284 22//22 20//20
f 284//284 20//20 285//285
f 285//285 20//20 286//286
f 285//285 286//286 206//206
f 206//206 286//286 208//208
f 20//20 18//18 286//286
f 286//286 18//18 287//287
f 286//286 287//287 208//208
f 208//208 287//287 210//210
f 18//18 16//16 287//287
f 287//287 16//16 288//288
f 287//287 288//288 210//210
f 210//210 288//288 212//212
f 16//16 14//14 288//288
f 288//288 14//14 289//289
f 288//288 289//289 212//212
f 212//212 289//289 214//214
f 14//14 12//12 289//289
f 289//289 12//12 290//290
f 289//289 290//290 214//214
f 214//214 290//290 216//216
f 12//12 10//10 290//290
f 290//290 10//10 291//291
f 290//290 291//291 216//216
f 216//216 291//291 218//218
f 291//291 10//10 292//292
f 292//292 10//10 8//8
f 292//292 8//8 293//293
f 293//293 8//8 6//6
f 293//293 6//6 294//294
f 294//294 6//6 4//4
f 294//294 4//4 68//68
f 68//68 4//4 2//2
f 80//80 295//295 78//78
f 78//78 295//295 296//296
f 78//78 296//296 76//76
f 76//76 296//296 75//75
f 295//295 297//297 296//296
f 296//296 297//297 298//298
f 296//296 298//298 75//75
f 75//75 298//298 74//74
f 297//297 299//299 298//298
f 298//298 299//299 300//300
f 298//298 300//300 74//74
f 74//74 300//300 73//73
f 299//299 301//301 300//300
f 300//300 301//301 302//302
f 300//300 302//302 73//73
f 73//73 302//302 66//66
f 301//301 303//303 302//302
f 302//302 303//303 304//304
f 302//302 304//304 66//66
f 66//66 304//304 67//67
f 303//303 305//305 304//304
f 304//304 305//305 69//69
f 304//304 69//69 67//67
f 305//305 71//71 69//69
f 92//92 90//90 228//228
f 228//228 90//90 227//227
f 94//94 92//92 229//229
f 229//229 92//92 228//228
f 96//96 94//94 230//230
f 230//230 94//94 229//229
f 98//98 96//96 231//231
f 231//231 96//96 230//230
f 232//232 100//100 98//98
f 231//231 232//232 98//98
f 239//239 112//112 238//238
f 238//238 112//112 110//110
f 238//238 110//110 237//237
f 112//112 239//239 114//114
f 114//114 239//239 240//240
f 114//114 240//240 116//116
f 116//116 240//240 241//241
f 116//116 241//241 118//118
f 118//118 241//241 242//242
f 118//118 242//242 120//120
f 120//120 242//242 243//243
f 120//120 243//243 122//122
f 134//134 132//132 249//249
f 249//249 132//132 248//248
f 136//136 134//134 250//250
f 250//250 134//134 249//249
f 138//138 136//136 251//251
f 251//251 136//136 250//250
f 140//140 138//138 252//252
f 252//252 138//138 251//251
f 142//142 140//140 253//253
f 253//253 140//140 252//252
f 156//156 154//154 260//260
f 260//260 154//154 259//259
f 158//158 156//156 261//261
f 261//261 156//156 260//260
f 160//160 158//158 262//262
f 262//262 158//158 261//261
f 162//162 160//160 263//263
f 263//263 160//160 262//262
f 264//264 164//164 162//162
f 263//263 264//264 162//162
f 271//271 176//176 270//270
f 270//270 176//176 174//174
f 270//270 174//174 269//269
f 176//176 271//271 178//178
f 178//178 271//271 272//272
f 178//178 272//272 180//180
f 180//180 272//272 273//273
f 180//180 273//273 182//182
f 182//182 273//273 274//274
f 182//182 274//274 184//184
f 184//184 274//274 275//275
f 184//184 275//275 186//186
f 198//198 196//196 281//281
f 281//281 196//196 280//280
f 200//200 198//198 282//282
f 282//282 198//198 281//281
f 202//202 200//200 283//283
f 283//283 200//200 282//282
f 204//204 202//202 284//284
f 284//284 202//202 283//283
f 206//206 204//204 285//285
f 285//285 204//204 284//284
f 220//220 218//218 292//292
f 292//292 218//218 291//291
f 222//222 220//220 293//293
f 293//293 220//220 292//292
f 70//70 222//222 294//294
f 294//294 222//222 293//293
f 68//68 70//70 294//294
f 305//305 306//306 71//71
f 71//71 306//306 307//307
f 71//71 307//307 72//72
f 72//72 307//307 308//308
f 72//72 308//308 309//309
f 306//306 305//305 310//310
f 310//310 305//305 303//303
f 310//310 303//303 311//311
f 311//311 303//303 301//301
f 311//311 301//301 312//312
f 312//312 301//301 299//299
f 312//312 299//299 313//313
f 313//313 299//299 297//297
f 313//313 297//297 314//314
f 314//314 297//297 295//295
f 314//314 295//295 315//315
f 315//315 295//295 80//80
f 315//315 80//80 316//316
f 316//316 80//80 81//81
f 316//316 81//81 317//317
f 317//317 81//81 83//83
f 317//317 83//83 318//318
f 318//318 83//83 85//85
f 318//318 85//85 319//319
f 319//319 85//85 87//87
f 319//319 87//87 320//320
f 320//320 87//87 89//89
f 320//320 89//89 321//321
f 321//321 89//89 91//91
f 321//321 91//91 322//322
f 322//322 91//91 93//93
f 322//322 93//93 323//323
f 323//323 93//93 95//95
f 323//323 95//95 324//324
f 324//324 95//95 97//97
f 324//324 97//97 325//325
f 325//325 97//97 99//99
f 325//325 99//99 326//326
f 326//326 99//99 101//101
f 326//326 101//101 327//327
f 327//327 101//101 103//103
f 327//327 103//103 328//328
f 328//328 103//103 105//105
f 328//328 105//105 107//107
f 328//328 107//107 329//329
f 329//329 107//107 109//109
f 329//329 109//109 330//330
f 330//330 109//109 111//111
f 330//330 111//111 331//331
f 331//331 111//111 113//113
f 331//331 113//113 332//332
f 332//332 113//113 115//115
f 332//332 115//115 333//333
f 333//333 115//115 117//117
f 333//333 117//117 334//334
f 334//334 117//117 119//119
f 334//334 119//119 335//335
f 335//335 119//119 121//121
f 335//335 121//121 336//336
f 336//336 121//121 123//123
f 336//336 123//123 337//337
f 337//337 123//123 125//125
f 337//337 125//125 338//338
f 338//338 125//125 127//127
f 338//338 127//127 339//339
f 339//339 127//127 129//129
f 339//339 129//129 340//340
f 340//340 129//129 131//131
f 340//340 131//131 341//341
f 341//341 131//131 133//133
f 341//341 133//133 342//342
f 342//342 133//133 135//135
f 342//342 135//135 343//343
f 343//343 135//135 137//137
f 343//343 137//137 344//344
f 344//344 137//137 139//139
f 344//344 139//139 345//345
f 345//345 139//139 141//141
f 345//345 141//141 346//346
f 346//346 141//141 143//143
f 346//346 143//143 347//347
f 347//347 143//143 145//145
f 347//347 145//145 348//348
f 348//348 145//145 349//349
f 349//349 145//145 147//147
f 349//349 147//147 350//350
f 350//350 147//147 149//149
f 350//350 149//149 351//351
f 351//351 149//149 151//151
f 351//351 151//151 352//352
f 352//352 151//151 153//153
f 352//352 153//153 353//353
f 353//353 153//153 155//155
f 353//353 155//155 354//354
f 354//354 155//155 157//157
f 354//354 157//157 355//355
f 355//355 157//157 159//159
f 355//355 159//159 356//356
f 356//356 159//159 161//161
f 356//356 161//161 357//357
f 357//357 161//161 163//163
f 357//357 163//163 358//358
f 358//358 163//163 165//165
f 358//358 165//165 359//359
f 359//359 165//165 167//167
f 359//359 167//167 360//360
f 360//360 167//167 169//169
f 360//360 169//169 361//361
f 361//361 169//169 171//171
f 361//361 171//171 362//362
f 362//362 171//171 173//173
f 362//362 173//173 363//363
f 363//363 173//173 175//175
f 363//363 175//175 364//364
f 364//364 175//175 177//177
f 364//364 177//177 365//365
f 365//365 177//177 179//179
f 365//365 179//179 366//366
f 366//366 179//179 181//181
f 366//366 181//181 367//367
f 367//367 181//181 183//183
f 367//367 183//183 368//368
f 368//368 183//183 185//185
f 368//368 185//185 187//187
f 368//368 187//187 369//369
f 369//369 187//187 189//189
f 369//369 189//189 370//370
f 370//370 189//189 191//191
f 370//370 191//191 371//371
f 371//371 191//191 193//193
f 371//371 193//193 372//372
f 372//372 193//193 195//195
f 372//372 195//195 373//373
f 373//373 195//195 197//197
f 373//373 197//197 374//374
f 374//374 197//197 199//199
f 374//374 199//199 375//375
f 375//375 199//199 201//201
f 375//375 201//201 376//376
f 376//376 201//201 203//203
f 376//376 203//203 377//377
f 377//377 203//203 205//205
f 377//377 205//205 378//378
f 378//378 205//205 207//207
f 378//378 207//207 379//379
f 379//379 207//207 209//209
f 379//379 209//209 380//380
f 380//380 209//209 211//211
f 380//380 211//211 381//381
f 381//381 211//211 213//213
f 381//381 213//213 382//382
f 382//382 213//213 215//215
f 382//382 215//215 383//383
f 383//383 215//215 217//217
f 383//383 217//217 384//384
f 384//384 217//217 219//219
f 384//384 219//219 385//385
f 385//385 219//219 221//221
f 385//385 221//221 309//309
f 309//309 221//221 72//72
f 306//306 386//386 307//307
f 307//307 386//386 387//387
f 307//307 387//387 308//308
f 308//308 387//387 388//388
f 308//308 388//388 309//309
f 309//309 388//388 389//389
f 309//309 389//389 385//385
f 385//385 389//389 390//390
f 385//385 390//390 384//384
f 384//384 390//390 391//391
f 384//384 391//391 383//383
f 383//383 391//391 392//392
f 383//383 392//392 382//382
f 382//382 392//392 393//393
f 382//382 393//393 381//381
f 381//381 393//393 394//394
f 381//381 394//394 380//380
f 380//380 394//394 395//395
f 380//380 395//395 379//379
f 379//379 395//395 396//396
f 379//379 396//396 378//378
f 378//378 396//396 397//397
f 378//378 397//397 377//377
f 377//377 397//397 398//398
f 377//377 398//398 376//376
f 376//376 398//398 399//399
f 376//376 399//399 375//375
f 375//375 399//399 400//400
f 375//375 400//400 374//374
f 374//374 400//400 401//401
f 374//374 401//401 373//373
f 373//373 401//401 402//402
f 373//373 402//402 372//372
f 372//372 402//402 403//403
f 372//372 403//403 371//371
f 371//371 403//403 404//404
f 371//371 404//404 370//370
f 370//370 404//404 405//405
f 370//370 405//405 369//369
f 369//369 405//405 406//406
f 369//369 406//406 368//368
f 368//368 406//406 407//407
f 368//368 407//407 367//367
f 367//367 407//407 408//408
f 367//367 408//408 366//366
f 366//366 408//408 409//409
f 366//366 409//409 365//365
f 365//365 409//409 410//410
f 365//365 410//410 364//364
f 364//364 410//410 411//411
f 364//364 411//411 363//363
f 363//363 411//411 412//412
f 363//363 412//412 362//362
f 362//362 412//412 413//413
f 362//362 413//413 361//361
f 361//361 413//413 414//414
f 361//361 414//414 360//360
f 360//360 414//414 415//415
f 360//360 415//415 359//359
f 359//359 415//415 416//416
f 359//359 416//416 358//358
f 358//358 416//416 417//417
f 358//358 417//417 357//357
f 357//357 417//417 418//418
f 357//357 418//418 356//356
f 356//356 418//418 419//419
f 356//356 419//419 355//355
f 355//355 419//419 420//420
f 355//355 420//420 354//354
f 354//354 420//420 421//421
f 354//354 421//421 353//353
f 353//353 421//421 422//422
f 353//353 422//422 352//352
f 352//352 422//422 423//423
f 352//352 423//423 351//351
f 351//351 423//423 424//424
f 351//351 424//424 350//350
f 350//350 424//424 425//425
f 350//350 425//425 349//349
f 349//349 425//425 426//426
f 349//349 426//426 348//348
f 348//348 426//426 427//427
f 348//348 427//427 347//347
f 347//347 427//427 428//428
f 347//347 428//428 346//346
f 346//346 428//428 429//429
f 346//346 429//429 345//345
f 345//345 429//429 430//430
f 345//345 430//430 344//344
f 344//344 430//430 431//431
f 344//344 431//431 343//343
f 343//343 431//431 432//432
f 343//343 432//432 342//342
f 342//342 432//432 433//433
f 342//342 433//433 341//341
f 341//341 433//433 434//434
f 341//341 434//434 340//340
f 340//340 434//434 435//435
f 340//340 435//435 339//339
f 339//339 435//435 436//436
f 339//339 436//436 338//338
f 338//338 436//436 437//437
f 338//338 437//437 337//337
f 337//337 437//437 438//438
f 337//337 438//438 336//336
f 336//336 438//438 439//439
f 336//336 439//439 335//335
f 335//335 439//439 440//440
f 335//335 440//440 334//334
f 334//334 440//440 441//441
f 334//334 441//441 333//333
f 333//333 441//441 442//442
f 333//333 442//442 332//332
f 332//332 442//442 443//443
f 332//332 443//443 331//331
f 331//331 443//443 444//444
f 331//331 444//444 330//330
f 330//330 444//444 445//445
f 330//330 445//445 329//329
f 329//329 445//445 446//446
f 329//329 446//446 328//328
f 328//328 446//446 447//447
f 328//328 447//447 327//327
f 327//327 447//447 448//448
f 327//327 448//448 326//326
f 326//326 448//448 449//449
f 326//326 449//449 325//325
f 325//325 449//449 450//450
f 325//325 450//450 324//324
f 324//324 450//450 451//451
f 324//324 451//451 323//323
f 323//323 451//451 452//452
f 323//323 452//452 322//322
f 322//322 452//452 453//453
f 322//322 453//453 321//321
f 321//321 453//453 454//454
f 321//321 454//454 320//320
f 320//320 454//454 455//455
f 320//320 455//455 319//319
f 319//319 455//455 456//456
f 319//319 456//456 318//318
f 318//318 456//456 457//457
f 318//318 457//457 317//317
f 317//317 457//457 458//458
f 317//317 458//458 316//316
f 316//316 458//458 459//459
f 316//316 459//459 315//315
f 315//315 459//459 460//460
f 315//315 460//460 314//314
f 314//314 460//460 461//461
f 314//314 461//461 313//313
f 313//313 461//461 462//462
f 313//313 462//462 312//312
f 312//312 462//462 463//463
f 312//312 463//463 311//311
f 311//311 463//463 464//464
f 311//311 464//464 310//310
f 310//310 464//464 465//465
f 310//310 465//465 306//306
f 306//306 465//465 386//386
f 466//466 467//467 468//468
f 468//468 467//467 469//469
f 468//468 469//469 470//470
f 470//470 469//469 387//387
f 470//470 387//387 386//386
f 467//467 466//466 471//471
f 471//471 466//466 472//472
f 471//471 472//472 473//473
f 473//473 472//472 474//474
f 473//473 474//474 475//475
f 475//475 474//474 476//476
f 475//475 476//476 477//477
f 477//477 476//476 478//478
f 477//477 478//478 393//393
f 393//393 478//478 394//394
f 476//476 479//479 478//478
f 478//478 479//479 480//480
f 478//478 480//480 394//394
f 394//394 480//480 395//395
f 479//479 481//481 480//480
f 480//480 481//481 482//482
f 480//480 482//482 395//395
f 395//395 482//482 396//396
f 481//481 483//483 482//482
f 482//482 483//483 484//484
f 482//482 484//484 396//396
f 396//396 484//484 397//397
f 483//483 485//485 484//484
f 484//484 485//485 486//486
f 484//484 486//486 397//397
f 397//397 486//486 398//398
f 486//486 485//485 487//487
f 487//487 485//485 488//488
f 487//487 488//488 489//489
f 489//489 488//488 490//490
f 489//489 490//490 491//491
f 491//491 490//490 492//492
f 491//491 492//492 493//493
f 493//493 492//492 494//494
f 493//493 494//494 495//495
f 495//495 494//494 496//496
f 495//495 496//496 403//403
f 403//403 496//496 404//404
f 494//494 497//497 496//496
f 496//496 497//497 498//498
f 496//496 498//498 404//404
f 404//404 498//498 405//405
f 497//497 499//499 498//498
f 498//498 499//499 500//500
f 498//498 500//500 405//405
f 405//405 500//500 406//406
f 499//499 501//501 500//500
f 500//500 501//501 502//502
f 500//500 502//502 406//406
f 406//406 502//502 407//407
f 501//501 503//503 502//502
f 502//502 503//503 504//504
f 502//502 504//504 407//407
f 407//407 504//504 408//408
f 504//504 503//503 505//505
f 505//505 503//503 506//506
f 505//505 506//506 507//507
f 507//507 506//506 508//508
f 507//507 508//508 509//509
f 509//509 508//508 510//510
f 509//509 510//510 511//511
f 511//511 510//510 512//512
f 511//511 512//512 513//513
f 513//513 512//512 514//514
f 513//513 514//514 413//413
f 413//413 514//514 414//414
f 512//512 515//515 514//514
f 514//514 515//515 516//516
f 514//514 516//516 414//414
f 414//414 516//516 415//415
f 515//515 517//517 516//516
f 516//516 517//517 518//518
f 516//516 518//518 415//415
f 415//415 518//518 416//416
f 517//517 519//519 518//518
f 518//518 519//519 520//520
f 518//518 520//520 416//416
f 416//416 520//520 417//417
f 519//519 521//521 520//520
f 520//520 521//521 522//522
f 520//520 522//522 417//417
f 417//417 522//522 418//418
f 522//522 521//521 523//523
f 523//523 521//521 524//524
f 523//523 524//524 525//525
f 525//525 524//524 526//526
f 525//525 526//526 527//527
f 527//527 526//526 528//528
f 527//527 528//528 529//529
f 529//529 528//528 530//530
f 529//529 530//530 531//531
f 531//531 530//530 532//532
f 531//531 532//532 423//423
f 423//423 532//532 424//424
f 530//530 533//533 532//532
f 532//532 533//533 534//534
f 532//532 534//534 424//424
f 424//424 534//534 425//425
f 533//533 535//535 534//534
f 534//534 535//535 536//536
f 534//534 536//536 425//425
f 425//425 536//536 426//426
f 535//535 537//537 536//536
f 536//536 537//537 538//538
f 536//536 538//538 426//426
f 426//426 538//538 427//427
f 537//537 539//539 538//538
f 538//538 539//539 540//540
f 538//538 540//540 427//427
f 427//427 540//540 428//428
f 540//540 539//539 541//541
f 541//541 539//539 542//542
f 541//541 542//542 543//543
f 543//543 542//542 544//544
f 543//543 544//544 545//545
f 545//545 544//544 546//546
f 545//545 546//546 547//547
f 547//547 546//546 548//548
f 547//547 548//548 549//549
f 549//549 548//548 550//550
f 549//549 550//550 433//433
f 433//433 550//550 434//434
f 548//548 551//551 550//550
f 550//550 551//551 552//552
f 550//550 552//552 434//434
f 434//434 552//552 435//435
f 551//551 553//553 552//552
f 552//552 553//553 554//554
f 552//552 554//554 435//435
f 435//435 554//554 436//436
f 553//553 555//555 554//554
f 554//554 555//555 556//556
f 554//554 556//556 436//436
f 436//436 556//556 437//437
f 555//555 557//557 556//556
f 556//556 557//557 558//558
f 556//556 558//558 437//437
f 437//437 558//558 438//438
f 558//558 557//557 559//559
f 559//559 557//557 560//560
f 559//559 560//560 561//561
f 561//561 560//560 562//562
f 561//561 562//562 563//563
f 563//563 562//562 564//564
f 563//563 564//564 565//565
f 565//565 564//564 566//566
f 565//565 566//566 567//567
f 567//567 566//566 568//568
f 567//567 568//568 443//443
f 443//443 568//568 444//444
f 566//566 569//569 568//568
f 568//568 569//569 570//570
f 568//568 570//570 444//444
f 444//444 570//570 445//445
f 569//569 571//571 570//570
f 570//570 571//571 572//572
f 570//570 572//572 445//445
f 445//445 572//572 446//446
f 571//571 573//573 572//572
f 572//572 573//573 574//574
f 572//572 574//574 446//446
f 446//446 574//574 447//447
f 573//573 575//575 574//574
f 574//574 575//575 576//576
f 574//574 576//576 447//447
f 447//447 576//576 448//448
f 576//576 575//575 577//577
f 577//577 575//575 578//578
f 577//577 578//578 579//579
f 579//579 578//578 580//580
f 579//579 580//580 581//581
f 581//581 580//580 582//582
f 581//581 582//582 583//583
f 583//583 582//582 584//584
f 583//583 584//584 585//585
f 585//585 584//584 586//586
f 585//585 586//586 453//453
f 453//453 586//586 454//454
f 584//584 587//587 586//586
f 586//586 587//587 588//588
f 586//586 588//588 454//454
f 454//454 588//588 455//455
f 587//587 589//589 588//588
f 588//588 589//589 590//590
f 588//588 590//590 455//455
f 455//455 590//590 456//456
f 589//589 591//591 590//590
f 590//590 591//591 592//592
f 590//590 592//592 456//456
f 456//456 592//592 457//457
f 591//591 593//593 592//592
f 592//592 593//593 594//594
f 592//592 594//594 457//457
f 457//457 594//594 458//458
f 594//594 593//593 595//595
f 595//595 593//593 596//596
f 595//595 596//596 597//597
f 597//597 596//596 598//598
f 597//597 598//598 599//599
f 599//599 598//598 600//600
f 599//599 600//600 601//601
f 601//601 600//600 602//602
f 601//601 602//602 603//603
f 603//603 602//602 604//604
f 603//603 604//604 463//463
f 463//463 604//604 464//464
f 602//602 605//605 604//604
f 604//604 605//605 606//606
f 604//604 606//606 464//464
f 464//464 606//606 465//465
f 605//605 607//607 606//606
f 606//606 607//607 608//608
f 606//606 608//608 465//465
f 465//465 608//608 386//386
f 607//607 609//609 608//608
f 608//608 609//609 470//470
f 608//608 470//470 386//386
f 609//609 468//468 470//470
f 428//428 540//540 541//541
f 388//388 387//387 469//469
f 388//388 469//469 467//467
f 603//603 463//463 462//462
f 601//601 603//603 462//462
f 601//601 462//462 461//461
f 599//599 601//601 461//461
f 599//599 461//461 460//460
f 597//597 599//599 460//460
f 597//597 460//460 459//459
f 595//595 597//597 459//459
f 595//595 459//459 458//458
f 594//594 595//595 458//458
f 585//585 453//453 452//452
f 583//583 585//585 452//452
f 583//583 452//452 451//451
f 581//581 583//583 451//451
f 581//581 451//451 450//450
f 579//579 581//581 450//450
f 579//579 450//450 449//449
f 577//577 579//579 449//449
f 577//577 449//449 448//448
f 576//576 577//577 448//448
f 567//567 443//443 442//442
f 565//565 567//567 442//442
f 565//565 442//442 441//441
f 563//563 565//565 441//441
f 563//563 441//441 440//440
f 561//561 563//563 440//440
f 561//561 440//440 439//439
f 559//559 561//561 439//439
f 559//559 439//439 438//438
f 558//558 559//559 438//438
f 549//549 433//433 432//432
f 547//547 549//549 432//432
f 547//547 432//432 431//431
f 545//545 547//547 431//431
f 545//545 431//431 430//430
f 543//543 545//545 430//430
f 543//543 430//430 429//429
f 541//541 543//543 429//429
f 541//541 429//429 428//428
f 531//531 423//423 422//422
f 529//529 531//531 422//422
f 529//529 422//422 421//421
f 527//527 529//529 421//421
f 527//527 421//421 420//420
f 525//525 527//527 420//420
f 525//525 420//420 419//419
f 523//523 525//525 419//419
f 523//523 419//419 418//418
f 522//522 523//523 418//418
f 513//513 413//413 412//412
f 511//511 513//513 412//412
f 511//511 412//412 411//411
f 509//509 511//511 411//411
f 509//509 411//411 410//410
f 507//507 509//509 410//410
f 507//507 410//410 409//409
f 505//505 507//507 409//409
f 505//505 409//409 408//408
f 504//504 505//505 408//408
f 495//495 403//403 402//402
f 493//493 495//495 402//402
f 493//493 402//402 401//401
f 491//491 493//493 401//401
f 491//491 401//401 400//400
f 489//489 491//491 400//400
f 489//489 400//400 399//399
f 487//487 489//489 399//399
f 487//487 399//399 398//398
f 486//486 487//487 398//398
f 477//477 393//393 392//392
f 475//475 477//477 392//392
f 475//475 392//392 391//391
f 473//473 475//475 391//391
f 473//473 391//391 390//390
f 471//471 473//473 390//390
f 471//471 390//390 389//389
f 467//467 471//471 389//389
f 467//467 389//389 388//388
f 609//609 542//542 468//468
f 468//468 542//542 539//539
f 468//468 539//539 466//466
f 466//466 539//539 537//537
f 466//466 537//537 472//472
f 472//472 537//537 535//535
f 472//472 535//535 474//474
f 474//474 535//535 533//533
f 474//474 533//533 476//476
f 476//476 533//533 530//530
f 476//476 530//530 479//479
f 479//479 530//530 528//528
f 479//479 528//528 481//481
f 481//481 528//528 526//526
f 481//481 526//526 483//483
f 483//483 526//526 524//524
f 483//483 524//524 485//485
f 485//485 524//524 521//521
f 485//485 521//521 488//488
f 488//488 521//521 519//519
f 488//488 519//519 490//490
f 490//490 519//519 517//517
f 490//490 517//517 492//492
f 492//492 517//517 515//515
f 492//492 515//515 494//494
f 494//494 515//515 512//512
f 494//494 512//512 497//497
f 497//497 512//512 510//510
f 497//497 510//510 499//499
f 499//499 510//510 508//508
f 499//499 508//508 501//501
f 501//501 508//508 506//506
f 501//501 506//506 503//503
f 542//542 609//609 544//544
f 544//544 609//609 607//607
f 544//544 607//607 546//546
f 546//546 607//607 605//605
f 546//546 605//605 548//548
f 548//548 605//605 602//602
f 548//548 602//602 551//551
f 551//551 602//602 600//600
f 551//551 600//600 553//553
f 553//553 600//600 598//598
f 553//553 598//598 555//555
f 555//555 598//598 596//596
f 555//555 596//596 557//557
f 557//557 596//596 593//593
f 557//557 593//593 560//560
f 560//560 593//593 591//591
f 560//560 591//591 562//562
f 562//562 591//591 589//589
f 562//562 589//589 564//564
f 564//564 589//589 587//587
f 564//564 587//587 566//566
f 566//566 587//587 584//584
f 566//566 584//584 569//569
f 569//569 584//584 582//582
f 569//569 582//582 571//571
f 571//571 582//582 580//580
f 571//571 580//580 573//573
f 573//573 580//580 578//578
f 573//573 578//578 575//575
g lid
o lid
v 6.53038 -14.37514 202.50100
v 6.53038 -14.37514 203.50100
v 6.50000 -14.72243 202.50100
v 6.50000 -14.72243 203.50100
v 6.53038 -15.06973 202.50100
v 6.53038 -15.06973 203.50100
v 6.62061 -15.40647 202.50100
v 6.62061 -15.40647 203.50100
v 6.76795 -15.72243 202.50100
v 6.76795 -15.72243 203.50100
v 6.96791 -16.00801 202.50100
v 6.96791 -16.00801 203.50100
v 7.21442 -16.25452 202.50100
v 7.21442 -16.25452 203.50100
v 7.50000 -16.45448 202.50100
v 7.50000 -16.45448 203.50100
v 7.81596 -16.60182 202.50100
v 7.81596 -16.60182 203.50100
v 8.15270 -16.69205 202.50100
v 8.15270 -16.69205 203.50100
v 8.50000 -16.72243 202.50100
v 8.50000 -16.72243 203.50100
v 8.84730 -16.69205 202.50100
v 8.84730 -16.69205 203.50100
v 9.18404 -16.60182 202.50100
v 9.18404 -16.60182 203.50100
v 9.50000 -16.45448 202.50100
v 9.50000 -16.45448 203.50100
v 9.78557 -16.25452 202.50100
v 9.78557 -16.25452 203.50100
v 10.03209 -16.00801 202.50100
v 10.03209 -16.00801 203.50100
v 10.23205 -15.72243 202.50100
v 10.23205 -15.72243 203.50100
v 10.37938 -15.40647 202.50100
v 10.37938 -15.40647 203.50100
v 10.46962 -15.06973 202.50100
v 10.46962 -15.06973 203.50100
v 10.50000 -14.72243 202.50100
v 10.50000 -14.72243 203.50100
v 10.46962 -14.37514 202.50100
v 10.46962 -14.37514 203.50100
v 10.37938 -14.03839 202.50100
v 10.37938 -14.03839 203.50100
v 10.23205 -13.72243 202.50100
v 10.23205 -13.72243 203.50100
v 10.03209 -13.43686 202.50100
v 10.03209 -13.43686 203.50100
v 9.78557 -13.19034 202.50100
v 9.78557 -13.19034 203.50100
v 9.50000 -12.99038 202.50100
v 9.50000 -12.99038 203.50100
v 9.18404 -12.84305 202.50100
v 9.18404 -12.84305 203.50100
v 8.84730 -12.75282 202.50100
v 8.84730 -12.75282 203.50100
v 8.50000 -12.72243 202.50100
v 8.50000 -12.72243 203.50100
v 8.15270 -12.75282 202.50100
v 8.15270 -12.75282 203.50100
v 7.81596 -12.84305 202.50100
v 7.81596 -12.84305 203.50100
v 7.50000 -12.99038 202.50100
v 7.50000 -12.99038 203.50100
v 7.21442 -13.19034 202.50100
v 7.21442 -13.19034 203.50100
v 6.96791 -13.43686 202.50100
v 6.96791 -13.43686 203.50100
v 6.76795 -13.72243 202.50100
v 6.76795 -13.72243 203.50100
v 6.62061 -14.03839 202.50100
v 6.62061 -14.03839 203.50100
v -10.46962 -14.37514 202.50100
v -10.46962 -14.37514 203.50100
v -10.50000 -14.72243 202.50100
v -10.50000 -14.72243 203.50100
v -10.46962 -15.06973 202.50100
v -10.46962 -15.06973 203.50100
v -10.37938 -15.40647 202.50100
v -10.37938 -15.40647 203.50100
v -10.23205 -15.72243 202.50100
v -10.23205 -15.72243 203.50100
v -10.03209 -16.00801 202.50100
v -10.03209 -16.00801 203.50100
v -9.78557 -16.25452 202.50100
v -9.78557 -16.25452 203.50100
v -9.50000 -16.45448 202.50100
v -9.50000 -16.45448 203.50100
v -9.18404 -16.60182 202.50100
v -9.18404 -16.60182 203.50100
v -8.84730 -16.69205 202.50100
v -8.84730 -16.69205 203.50100
v -8.50000 -16.72243 202.50100
v -8.50000 -16.72243 203.50100
v -8.15270 -16.69205 202.50100
v -8.15270 -16.69205 203.50100
v -7.81596 -16.60182 202.50100
v -7.81596 -16.60182 203.50100
v -7.50000 -16.45448 202.50100
v -7.50000 -16.45448 203.50100
v -7.21442 -16.25452 202.50100
v -7.21442 -16.25452 203.50100
v -6.96791 -16.00801 202.50100
v -6.96791 -16.00801 203.50100
v -6.76795 -15.72243 202.50100
v -6.76795 -15.72243 203.50100
v -6.62061 -15.40647 202.50100
v -6.62061 -15.40647 203.50100
v -6.53038 -15.06973 202.50100
v -6.53038 -15.06973 203.50100
v -6.50000 -14.72243 202.50100
v -6.50000 -14.72243 203.50100
v -6.53038 -14.37514 202.50100
v -6.53038 -14.37514 203.50100
v -6.62061 -14.03839 202.50100
v -6.62061 -14.03839 203.50100
v -6.76795 -13.72243 202.50100
v -6.76795 -13.72243 203.50100
v -6.96791 -13.43686 202.50100
v -6.96791 -13.43686 203.50100
v -7.21442 -13.19034 202.50100
v -7.21442 -13.19034 203.50100
v -7.50000 -12.99038 202.50100
v -7.50000 -12.99038 203.50100
v -7.81596 -12.84305 202.50100
v -7.81596 -12.84305 203.50100
v -8.15270 -12.75282 202.50100
v -8.15270 -12.75282 203.50100
v -8.50000 -12.72243 202.50100
v -8.50000 -12.72243 203.50100
v -8.84730 -12.75282 202.50100
v -8.84730 -12.75282 203.50100
v -9.18404 -12.84305 202.50100
v -9.18404 -12.84305 203.50100
v -9.50000 -12.99038 202.50100
v -9.50000 -12.99038 203.50100
v -9.78557 -13.19034 202.50100
v -9.78557 -13.19034 203.50100
v -10.03209 -13.43686 202.50100
v -10.03209 -13.43686 203.50100
v -10.23205 -13.72243 202.50100
v -10.23205 -13.72243 203.50100
v -10.37938 -14.03839 202.50100
v -10.37938 -14.03839 203.50100
v -18.96962 0.34730 202.50100
v -18.96962 0.34730 203.50100
v -19.00000 0.00000 202.50100
v -19.00000 0.00000 203.50100
v -18.96962 -0.34730 202.50100
v -18.96962 -0.34730 203.50100
v -18.87938 -0.68404 202.50100
v -18.87938 -0.68404 203.50100
v -18.73205 -1.00000 202.50100
v -18.73205 -1.00000 203.50100
v -18.53209 -1.28558 202.50100
v -18.53209 -1.28558 203.50100
v -18.28558 -1.53209 202.50100
v -18.28558 -1.53209 203.50100
v -18.00000 -1.73205 202.50100
v -18.00000 -1.73205 203.50100
v -17.68404 -1.87939 202.50100
v -17.68404 -1.87939 203.50100
v -17.34730 -1.96962 202.50100
v -17.34730 -1.96962 203.50100
v -17.00000 -2.00000 202.50100
v -17.00000 -2.00000 203.50100
v -16.65270 -1.96962 202.50100
v -16.65270 -1.96962 203.50100
v -16.31596 -1.87939 202.50100
v -16.31596 -1.87939 203.50100
v -16.00000 -1.73205 202.50100
v -16.00000 -1.73205 203.50100
v -15.71443 -1.53209 202.50100
v -15.71443 -1.53209 203.50100
v -15.46791 -1.28558 202.50100
v -15.46791 -1.28558 203.50100
v -15.26795 -1.00000 202.50100
v -15.26795 -1.00000 203.50100
v -15.12062 -0.68404 202.50100
v -15.12062 -0.68404 203.50100
v -15.03038 -0.34730 202.50100
v -15.03038 -0.34730 203.50100
v -15.00000 0.00000 202.50100
v -15.00000 0.00000 203.50100
v -15.03038 0.34730 202.50100
v -15.03038 0.34730 203.50100
v -15.12062 0.68404 202.50100
v -15.12062 0.68404 203.50100
v -15.26795 1.00000 202.50100
v -15.26795 1.00000 203.50100
v -15.46791 1.28558 202.50100
v -15.46791 1.28558 203.50100
v -15.71443 1.53209 202.50100
v -15.71443 1.53209 203.50100
v -16.00000 1.73205 202.50100
v -16.00000 1.73205 203.50100
v -16.31596 1.87939 202.50100
v -16.31596 1.87939 203.50100
v -16.65270 1.96962 202.50100
v -16.65270 1.96962 203.50100
v -17.00000 2.00000 202.50100
v -17.00000 2.00000 203.50100
v -17.34730 1.96962 202.50100
v -17.34730 1.96962 203.50100
v -17.68404 1.87939 202.50100
v -17.68404 1.87939 203.50100
v -18.00000 1.73205 202.50100
v -18.00000 1.73205 203.50100
v -18.28558 1.53209 202.50100
v -18.28558 1.53209 203.50100
v -18.53209 1.28558 202.50100
v -18.53209 1.28558 203.50100
v -18.73205 1.00000 202.50100
v -18.73205 1.00000 203.50100
v -18.87938 0.68404 202.50100
v -18.87938 0.68404 203.50100
v -16.69205 8.84730 202.50100
v -16.69205 8.84730 203.50100
v -16.72243 8.50000 202.50100
v -16.72243 8.50000 203.50100
v -16.69205 8.15270 202.50100
v -16.69205 8.15270 203.50100
v -16.60182 7.81596 202.50100
v -16.60182 7.81596 203.50100
v -16.45448 7.50000 202.50100
v -16.45448 7.50000 203.50100
v -16.25452 7.21442 202.50100
v -16.25452 7.21442 203.50100
v -16.00801 6.96791 202.50100
v -16.00801 6.96791 203.50100
v -15.72243 6.76795 202.50100
v -15.72243 6.76795 203.50100
v -15.40647 6.62061 202.50100
v -15.40647 6.62061 203.50100
v -15.06973 6.53038 202.50100
v -15.06973 6.53038 203.50100
v -14.72243 6.50000 202.50100
v -14.72243 6.50000 203.50100
v -14.37514 6.53038 202.50100
v -14.37514 6.53038 203.50100
v -14.03839 6.62061 202.50100
v -14.03839 6.62061 203.50100
v -13.72243 6.76795 202.50100
v -13.72243 6.76795 203.50100
v -13.43686 6.96791 202.50100
v -13.43686 6.96791 203.50100
v -13.19034 7.21442 202.50100
v -13.19034 7.21442 203.50100
v -12.99038 7.50000 202.50100
v -12.99038 7.50000 203.50100
v -12.84305 7.81596 202.50100
v -12.84305 7.81596 203.50100
v -12.75282 8.15270 202.50100
v -12.75282 8.15270 203.50100
v -12.72243 8.50000 202.50100
v -12.72243 8.50000 203.50100
v -12.75282 8.84730 202.50100
v -12.75282 8.84730 203.50100
v -12.84305 9.18404 202.50100
v -12.84305 9.18404 203.50100
v -12.99038 9.50000 202.50100
v -12.99038 9.50000 203.50100
v -13.19034 9.78557 202.50100
v -13.19034 9.78557 203.50100
v -13.43686 10.03209 202.50100
v -13.43686 10.03209 203.50100
v -13.72243 10.23205 202.50100
v -13.72243 10.23205 203.50100
v -14.03839 10.37938 202.50100
v -14.03839 10.37938 203.50100
v -14.37514 10.46962 202.50100
v -14.37514 10.46962 203.50100
v -14.72243 10.50000 202.50100
v -14.72243 10.50000 203.50100
v -15.06973 10.46962 202.50100
v -15.06973 10.46962 203.50100
v -15.40647 10.37938 202.50100
v -15.40647 10.37938 203.50100
v -15.72243 10.23205 202.50100
v -15.72243 10.23205 203.50100
v -16.00801 10.03209 202.50100
v -16.00801 10.03209 203.50100
v -16.25452 9.78557 202.50100
v -16.25452 9.78557 203.50100
v -16.45448 9.50000 202.50100
v -16.45448 9.50000 203.50100
v -16.60182 9.18404 202.50100
v -16.60182 9.18404 203.50100
v -1.96962 17.34730 202.50100
v -1.96962 17.34730 203.50100
v -2.00000 17.00000 202.50100
v -2.00000 17.00000 203.50100
v -1.96962 16.65270 202.50100
v -1.96962 16.65270 203.50100
v -1.87939 16.31596 202.50100
v -1.87939 16.31596 203.50100
v -1.73205 16.00000 202.50100
v -1.73205 16.00000 203.50100
v -1.53209 15.71443 202.50100
v -1.53209 15.71443 203.50100
v -1.28558 15.46791 202.50100
v -1.28558 15.46791 203.50100
v -1.00000 15.26795 202.50100
v -1.00000 15.26795 203.50100
v -0.68404 15.12062 202.50100
v -0.68404 15.12062 203.50100
v -0.34730 15.03038 202.50100
v -0.34730 15.03038 203.50100
v 0.00000 15.00000 202.50100
v 0.00000 15.00000 203.50100
v 0.34730 15.03038 202.50100
v 0.34730 15.03038 203.50100
v 0.68404 15.12062 202.50100
v 0.68404 15.12062 203.50100
v 1.00000 15.26795 202.50100
v 1.00000 15.26795 203.50100
v 1.28558 15.46791 202.50100
v 1.28558 15.46791 203.50100
v 1.53209 15.71443 202.50100
v 1.53209 15.71443 203.50100
v 1.73205 16.00000 202.50100
v 1.73205 16.00000 203.50100
v 1.87939 16.31596 202.50100
v 1.87939 16.31596 203.50100
v 1.96962 16.65270 202.50100
v 1.96962 16.65270 203.50100
v 2.00000 17.00000 202.50100
v 2.00000 17.00000 203.50100
v 1.96962 17.34730 202.50100
v 1.96962 17.34730 203.50100
v 1.87939 17.68404 202.50100
v 1.87939 17.68404 203.50100
v 1.73205 18.00000 202.50100
v 1.73205 18.00000 203.50100
v 1.53209 18.28558 202.50100
v 1.53209 18.28558 203.50100
v 1.28558 18.53209 202.50100
v 1.28558 18.53209 203.50100
v 1.00000 18.73205 202.50100
v 1.00000 18.73205 203.50100
v 0.68404 18.87938 202.50100
v 0.68404 18.87938 203.50100
v 0.34730 18.96962 202.50100
v 0.34730 18.96962 203.50100
v 0.00000 19.00000 202.50100
v 0.00000 19.00000 203.50100
v -0.34730 18.96962 202.50100
v -0.34730 18.96962 203.50100
v -0.68404 18.87938 202.50100
v -0.68404 18.87938 203.50100
v -1.00000 18.73205 202.50100
v -1.00000 18.73205 203.50100
v -1.28558 18.53209 202.50100
v -1.28558 18.53209 203.50100
v -1.53209 18.28558 202.50100
v -1.53209 18.28558 203.50100
v -1.73205 18.00000 202.50100
v -1.73205 18.00000 203.50100
v -1.87939 17.68404 202.50100
v -1.87939 17.68404 203.50100
v 12.75282 8.84730 202.50100
v 12.75282 8.84730 203.50100
v 12.72243 8.50000 202.50100
v 12.72243 8.50000 203.50100
v 12.75282 8.15270 202.50100
v 12.75282 8.15270 203.50100
v 12.84305 7.81596 202.50100
v 12.84305 7.81596 203.50100
v 12.99038 7.50000 202.50100
v 12.99038 7.50000 203.50100
v 13.19034 7.21442 202.50100
v 13.19034 7.21442 203.50100
v 13.43686 6.96791 202.50100
v 13.43686 6.96791 203.50100
v 13.72243 6.76795 202.50100
v 13.72243 6.76795 203.50100
v 14.03839 6.62061 202.50100
v 14.03839 6.62061 203.50100
v 14.37514 6.53038 202.50100
v 14.37514 6.53038 203.50100
v 14.72243 6.50000 202.50100
v 14.72243 6.50000 203.50100
v 15.06973 6.53038 202.50100
v 15.06973 6.53038 203.50100
v 15.40647 6.62061 202.50100
v 15.40647 6.62061 203.50100
v 15.72243 6.76795 202.50100
v 15.72243 6.76795 203.50100
v 16.00801 6.96791 202.50100
v 16.00801 6.96791 203.50100
v 16.25452 7.21442 202.50100
v 16.25452 7.21442 203.50100
v 16.45448 7.50000 202.50100
v 16.45448 7.50000 203.50100
v 16.60182 7.81596 202.50100
v 16.60182 7.81596 203.50100
v 16.69205 8.15270 202.50100
v 16.69205 8.15270 203.50100
v 16.72243 8.50000 202.50100
v 16.72243 8.50000 203.50100
v 16.69205 8.84730 202.50100
v 16.69205 8.84730 203.50100
v 16.60182 9.18404 202.50100
v 16.60182 9.18404 203.50100
v 16.45448 9.50000 202.50100
v 16.45448 9.50000 203.50100
v 16.25452 9.78557 202.50100
v 16.25452 9.78557 203.50100
v 16.00801 10.03209 202.50100
v 16.00801 10.03209 203.50100
v 15.72243 10.23205 202.50100
v 15.72243 10.23205 203.50100
v 15.40647 10.37938 202.50100
v 15.40647 10.37938 203.50100
v 15.06973 10.46962 202.50100
v 15.06973 10.46962 203.50100
v 14.72243 10.50000 202.50100
v 14.72243 10.50000 203.50100
v 14.37514 10.46962 202.50100
v 14.37514 10.46962 203.50100
v 14.03839 10.37938 202.50100
v 14.03839 10.37938 203.50100
v 13.72243 10.23205 202.50100
v 13.72243 10.23205 203.50100
v 13.43686 10.03209 202.50100
v 13.43686 10.03209 203.50100
v 13.19034 9.78557 202.50100
v 13.19034 9.78557 203.50100
v 12.99038 9.50000 202.50100
v 12.99038 9.50000 203.50100
v 12.84305 9.18404 202.50100
v 12.84305 9.18404 203.50100
v 15.03038 0.34730 202.50100
v 15.03038 0.34730 203.50100
v 15.00000 -0.00000 202.50100
v 15.00000 0.00000 203.50100
v 15.03038 -0.34730 202.50100
v 15.03038 -0.34730 203.50100
v 15.12062 -0.68404 202.50100
v 15.12062 -0.68404 203.50100
v 15.26795 -1.00000 202.50100
v 15.26795 -1.00000 203.50100
v 15.46791 -1.28558 202.50100
v 15.46791 -1.28558 203.50100
v 15.71443 -1.53209 202.50100
v 15.71443 -1.53209 203.50100
v 16.00000 -1.73205 202.50100
v 16.00000 -1.73205 203.50100
v 16.31596 -1.87939 202.50100
v 16.31596 -1.87939 203.50100
v 16.65270 -1.96962 202.50100
v 16.65270 -1.96962 203.50100
v 17.00000 -2.00000 202.50100
v 17.00000 -2.00000 203.50100
v 17.34730 -1.96962 202.50100
v 17.34730 -1.96962 203.50100
v 17.68404 -1.87939 202.50100
v 17.68404 -1.87939 203.50100
v 18.00000 -1.73205 202.50100
v 18.00000 -1.73205 203.50100
v 18.28558 -1.53209 202.50100
v 18.28558 -1.53209 203.50100
v 18.53209 -1.28558 202.50100
v 18.53209 -1.28558 203.50100
v 18.73205 -1.00000 202.50100
v 18.73205 -1.00000 203.50100
v 18.87938 -0.68404 202.50100
v 18.87938 -0.68404 203.50100
v 18.96962 -0.34730 202.50100
v 18.96962 -0.34730 203.50100
v 19.00000 0.00000 202.50100
v 19.00000 0.00000 203.50100
v 18.96962 0.34730 202.50100
v 18.96962 0.34730 203.50100
v 18.87938 0.68404 202.50100
v 18.87938 0.68404 203.50100
v 18.73205 1.00000 202.50100
v 18.73205 1.00000 203.50100
v 18.53209 1.28558 202.50100
v 18.53209 1.28558 203.50100
v 18.28558 1.53209 202.50100
v 18.28558 1.53209 203.50100
v 18.00000 1.73205 202.50100
v 18.00000 1.73205 203.50100
v 17.68404 1.87939 202.50100
v 17.68404 1.87939 203.50100
v 17.34730 1.96962 202.50100
v 17.34730 1.96962 203.50100
v 17.00000 2.00000 202.50100
v 17.00000 2.00000 203.50100
v 16.65270 1.96962 202.50100
v 16.65270 1.96962 203.50100
v 16.31596 1.87939 202.50100
v 16.31596 1.87939 203.50100
v 16.00000 1.73205 202.50100
v 16.00000 1.73205 203.50100
v 15.71443 1.53209 202.50100
v 15.71443 1.53209 203.50100
v 15.46791 1.28558 202.50100
v 15.46791 1.28558 203.50100
v 15.26795 1.00000 202.50100
v 15.26795 1.00000 203.50100
v 15.12062 0.68404 202.50100
v 15.12062 0.68404 203.50100
v 6.53038 15.06973 202.50100
v 6.53038 15.06973 203.50100
v 6.50000 14.72243 202.50100
v 6.50000 14.72243 203.50100
v 6.53038 14.37514 202.50100
v 6.53038 14.37514 203.50100
v 6.62061 14.03839 202.50100
v 6.62061 14.03839 203.50100
v 6.76795 13.72243 202.50100
v 6.76795 13.72243 203.50100
v 6.96791 13.43686 202.50100
v 6.96791 13.43686 203.50100
v 7.21442 13.19034 202.50100
v 7.21442 13.19034 203.50100
v 7.50000 12.99038 202.50100
v 7.50000 12.99038 203.50100
v 7.81596 12.84305 202.50100
v 7.81596 12.84305 203.50100
v 8.15270 12.75282 202.50100
v 8.15270 12.75282 203.50100
v 8.50000 12.72243 202.50100
v 8.50000 12.72243 203.50100
v 8.84730 12.75282 202.50100
v 8.84730 12.75282 203.50100
v 9.18404 12.84305 202.50100
v 9.18404 12.84305 203.50100
v 9.50000 12.99038 202.50100
v 9.50000 12.99038 203.50100
v 9.78557 13.19034 202.50100
v 9.78557 13.19034 203.50100
v 10.03209 13.43686 202.50100
v 10.03209 13.43686 203.50100
v 10.23205 13.72243 202.50100
v 10.23205 13.72243 203.50100
v 10.37938 14.03839 202.50100
v 10.37938 14.03839 203.50100
v 10.46962 14.37514 202.50100
v 10.46962 14.37514 203.50100
v 10.50000 14.72243 202.50100
v 10.50000 14.72243 203.50100
v 10.46962 15.06973 202.50100
v 10.46962 15.06973 203.50100
v 10.37938 15.40647 202.50100
v 10.37938 15.40647 203.50100
v 10.23205 15.72243 202.50100
v 10.23205 15.72243 203.50100
v 10.03209 16.00801 202.50100
v 10.03209 16.00801 203.50100
v 9.78557 16.25452 202.50100
v 9.78557 16.25452 203.50100
v 9.50000 16.45448 202.50100
v 9.50000 16.45448 203.50100
v 9.18404 16.60182 202.50100
v 9.18404 16.60182 203.50100
v 8.84730 16.69205 202.50100
v 8.84730 16.69205 203.50100
v 8.50000 16.72243 202.50100
v 8.50000 16.72243 203.50100
v 8.15270 16.69205 202.50100
v 8.15270 16.69205 203.50100
v 7.81596 16.60182 202.50100
v 7.81596 16.60182 203.50100
v 7.50000 16.45448 202.50100
v 7.50000 16.45448 203.50100
v 7.21442 16.25452 202.50100
v 7.21442 16.25452 203.50100
v 6.96791 16.00801 202.50100
v 6.96791 16.00801 203.50100
v 6.76795 15.72243 202.50100
v 6.76795 15.72243 203.50100
v 6.62061 15.40647 202.50100
v 6.62061 15.40647 203.50100
v -10.46962 15.06973 202.50100
v -10.46962 15.06973 203.50100
v -10.50000 14.72243 202.50100
v -10.50000 14.72243 203.50100
v -10.46962 14.37514 202.50100
v -10.46962 14.37514 203.50100
v -10.37938 14.03839 202.50100
v -10.37938 14.03839 203.50100
v -10.23205 13.72243 202.50100
v -10.23205 13.72243 203.50100
v -10.03209 13.43686 202.50100
v -10.03209 13.43686 203.50100
v -9.78557 13.19034 202.50100
v -9.78557 13.19034 203.50100
v -9.50000 12.99038 202.50100
v -9.50000 12.99038 203.50100
v -9.18404 12.84305 202.50100
v -9.18404 12.84305 203.50100
v -8.84730 12.75282 202.50100
v -8.84730 12.75282 203.50100
v -8.50000 12.72243 202.50100
v -8.50000 12.72243 203.50100
v -8.15270 12.75282 202.50100
v -8.15270 12.75282 203.50100
v -7.81596 12.84305 202.50100
v -7.81596 12.84305 203.50100
v -7.50000 12.99038 202.50100
v -7.50000 12.99038 203.50100
v -7.21442 13.19034 202.50100
v -7.21442 13.19034 203.50100
v -6.96791 13.43686 202.50100
v -6.96791 13.43686 203.50100
v -6.76795 13.72243 202.50100
v -6.76795 13.72243 203.50100
v -6.62061 14.03839 202.50100
v -6.62061 14.03839 203.50100
v -6.53038 14.37514 202.50100
v -6.53038 14.37514 203.50100
v -6.50000 14.72243 202.50100
v -6.50000 14.72243 203.50100
v -6.53038 15.06973 202.50100
v -6.53038 15.06973 203.50100
v -6.62061 15.40647 202.50100
v -6.62061 15.40647 203.50100
v -6.76795 15.72243 202.50100
v -6.76795 15.72243 203.50100
v -6.96791 16.00801 202.50100
v -6.96791 16.00801 203.50100
v -7.21442 16.25452 202.50100
v -7.21442 16.25452 203.50100
v -7.50000 16.45448 202.50100
v -7.50000 16.45448 203.50100
v -7.81596 16.60182 202.50100
v -7.81596 16.60182 203.50100
v -8.15270 16.69205 202.50100
v -8.15270 16.69205 203.50100
v -8.50000 16.72243 202.50100
v -8.50000 16.72243 203.50100
v -8.84730 16.69205 202.50100
v -8.84730 16.69205 203.50100
v -9.18404 16.60182 202.50100
v -9.18404 16.60182 203.50100
v -9.50000 16.45448 202.50100
v -9.50000 16.45448 203.50100
v -9.78557 16.25452 202.50100
v -9.78557 16.25452 203.50100
v -10.03209 16.00801 202.50100
v -10.03209 16.00801 203.50100
v -10.23205 15.72243 202.50100
v -10.23205 15.72243 203.50100
v -10.37938 15.40647 202.50100
v -10.37938 15.40647 203.50100
v -1.96962 0.34730 202.50100
v -1.96962 0.34730 203.50100
v -2.00000 -0.00000 202.50100
v -2.00000 0.00000 203.50100
v -1.96962 -0.34730 202.50100
v -1.96962 -0.34730 203.50100
v -1.87939 -0.68404 202.50100
v -1.87939 -0.68404 203.50100
v -1.73205 -1.00000 202.50100
v -1.73205 -1.00000 203.50100
v -1.53209 -1.28558 202.50100
v -1.53209 -1.28558 203.50100
v -1.28558 -1.53209 202.50100
v -1.28558 -1.53209 203.50100
v -1.00000 -1.73205 202.50100
v -1.00000 -1.73205 203.50100
v -0.68404 -1.87939 202.50100
v -0.68404 -1.87939 203.50100
v -0.34730 -1.96962 202.50100
v -0.34730 -1.96962 203.50100
v 0.00000 -2.00000 202.50100
v 0.00000 -2.00000 203.50100
v 0.34730 -1.96962 202.50100
v 0.34730 -1.96962 203.50100
v 0.68404 -1.87939 202.50100
v 0.68404 -1.87939 203.50100
v 1.00000 -1.73205 202.50100
v 1.00000 -1.73205 203.50100
v 1.28558 -1.53209 202.50100
v 1.28558 -1.53209 203.50100
v 1.53209 -1.28558 202.50100
v 1.53209 -1.28558 203.50100
v 1.73205 -1.00000 202.50100
v 1.73205 -1.00000 203.50100
v 1.87939 -0.68404 202.50100
v 1.87939 -0.68404 203.50100
v 1.96962 -0.34730 202.50100
v 1.96962 -0.34730 203.50100
v 2.00000 0.00000 202.50100
v 2.00000 0.00000 203.50100
v 1.96962 0.34730 202.50100
v 1.96962 0.34730 203.50100
v 1.87939 0.68404 202.50100
v 1.87939 0.68404 203.50100
v 1.73205 1.00000 202.50100
v 1.73205 1.00000 203.50100
v 1.53209 1.28558 202.50100
v 1.53209 1.28558 203.50100
v 1.28558 1.53209 202.50100
v 1.28558 1.53209 203.50100
v 1.00000 1.73205 202.50100
v 1.00000 1.73205 203.50100
v 0.68404 1.87939 202.50100
v 0.68404 1.87939 203.50100
v 0.34730 1.96962 202.50100
v 0.34730 1.96962 203.50100
v 0.00000 2.00000 202.50100
v 0.00000 2.00000 203.50100
v -0.34730 1.96962 202.50100
v -0.34730 1.96962 203.50100
v -0.68404 1.87939 202.50100
v -0.68404 1.87939 203.50100
v -1.00000 1.73205 202.50100
v -1.00000 1.73205 203.50100
v -1.28558 1.53209 202.50100
v -1.28558 1.53209 203.50100
v -1.53209 1.28558 202.50100
v -1.53209 1.28558 203.50100
v -1.73205 1.00000 202.50100
v -1.73205 1.00000 203.50100
v -1.87939 0.68404 202.50100
v -1.87939 0.68404 203.50100
v -16.69205 -8.15270 202.50100
v -16.69205 -8.15270 203.50100
v -16.72243 -8.50000 202.50100
v -16.72243 -8.50000 203.50100
v -16.69205 -8.84730 202.50100
v -16.69205 -8.84730 203.50100
v -16.60182 -9.18404 202.50100
v -16.60182 -9.18404 203.50100
v -16.45448 -9.50000 202.50100
v -16.45448 -9.50000 203.50100
v -16.25452 -9.78557 202.50100
v -16.25452 -9.78557 203.50100
v -16.00801 -10.03209 202.50100
v -16.00801 -10.03209 203.50100
v -15.72243 -10.23205 202.50100
v -15.72243 -10.23205 203.50100
v -15.40647 -10.37938 202.50100
v -15.40647 -10.37938 203.50100
v -15.06973 -10.46962 202.50100
v -15.06973 -10.46962 203.50100
v -14.72243 -10.50000 202.50100
v -14.72243 -10.50000 203.50100
v -14.37514 -10.46962 202.50100
v -14.37514 -10.46962 203.50100
v -14.03839 -10.37938 202.50100
v -14.03839 -10.37938 203.50100
v -13.72243 -10.23205 202.50100
v -13.72243 -10.23205 203.50100
v -13.43686 -10.03209 202.50100
v -13.43686 -10.03209 203.50100
v -13.19034 -9.78557 202.50100
v -13.19034 -9.78557 203.50100
v -12.99038 -9.50000 202.50100
v -12.99038 -9.50000 203.50100
v -12.84305 -9.18404 202.50100
v -12.84305 -9.18404 203.50100
v -12.75282 -8.84730 202.50100
v -12.75282 -8.84730 203.50100
v -12.72243 -8.50000 202.50100
v -12.72243 -8.50000 203.50100
v -12.75282 -8.15270 202.50100
v -12.75282 -8.15270 203.50100
v -12.84305 -7.81596 202.50100
v -12.84305 -7.81596 203.50100
v -12.99038 -7.50000 202.50100
v -12.99038 -7.50000 203.50100
v -13.19034 -7.21442 202.50100
v -13.19034 -7.21442 203.50100
v -13.43686 -6.96791 202.50100
v -13.43686 -6.96791 203.50100
v -13.72243 -6.76795 202.50100
v -13.72243 -6.76795 203.50100
v -14.03839 -6.62061 202.50100
v -14.03839 -6.62061 203.50100
v -14.37514 -6.53038 202.50100
v -14.37514 -6.53038 203.50100
v -14.72243 -6.50000 202.50100
v -14.72243 -6.50000 203.50100
v -15.06973 -6.53038 202.50100
v -15.06973 -6.53038 203.50100
v -15.40647 -6.62061 202.50100
v -15.40647 -6.62061 203.50100
v -15.72243 -6.76795 202.50100
v -15.72243 -6.76795 203.50100
v -16.00801 -6.96791 202.50100
v -16.00801 -6.96791 203.50100
v -16.25452 -7.21442 202.50100
v -16.25452 -7.21442 203.50100
v -16.45448 -7.50000 202.50100
v -16.45448 -7.50000 203.50100
v -16.60182 -7.81596 202.50100
v -16.60182 -7.81596 203.50100
v -1.96962 -16.65270 202.50100
v -1.96962 -16.65270 203.50100
v -2.00000 -17.00000 202.50100
v -2.00000 -17.00000 203.50100
v -1.96962 -17.34730 202.50100
v -1.96962 -17.34730 203.50100
v -1.87939 -17.68404 202.50100
v -1.87939 -17.68404 203.50100
v -1.73205 -18.00000 202.50100
v -1.73205 -18.00000 203.50100
v -1.53209 -18.28558 202.50100
v -1.53209 -18.28558 203.50100
v -1.28558 -18.53209 202.50100
v -1.28558 -18.53209 203.50100
v -1.00000 -18.73205 202.50100
v -1.00000 -18.73205 203.50100
v -0.68404 -18.87938 202.50100
v -0.68404 -18.87938 203.50100
v -0.34730 -18.96962 202.50100
v -0.34730 -18.96962 203.50100
v -0.00000 -19.00000 202.50100
v -0.00000 -19.00000 203.50100
v 0.34730 -18.96962 202.50100
v 0.34730 -18.96962 203.50100
v 0.68404 -18.87938 202.50100
v 0.68404 -18.87938 203.50100
v 1.00000 -18.73205 202.50100
v 1.00000 -18.73205 203.50100
v 1.28558 -18.53209 202.50100
v 1.28558 -18.53209 203.50100
v 1.53209 -18.28558 202.50100
v 1.53209 -18.28558 203.50100
v 1.73205 -18.00000 202.50100
v 1.73205 -18.00000 203.50100
v 1.87939 -17.68404 202.50100
v 1.87939 -17.68404 203.50100
v 1.96962 -17.34730 202.50100
v 1.96962 -17.34730 203.50100
v 2.00000 -17.00000 202.50100
v 2.00000 -17.00000 203.50100
v 1.96962 -16.65270 202.50100
v 1.96962 -16.65270 203.50100
v 1.87939 -16.31596 202.50100
v 1.87939 -16.31596 203.50100
v 1.73205 -16.00000 202.50100
v 1.73205 -16.00000 203.50100
v 1.53209 -15.71443 202.50100
v 1.53209 -15.71443 203.50100
v 1.28558 -15.46791 202.50100
v 1.28558 -15.46791 203.50100
v 1.00000 -15.26795 202.50100
v 1.00000 -15.26795 203.50100
v 0.68404 -15.12062 202.50100
v 0.68404 -15.12062 203.50100
v 0.34730 -15.03038 202.50100
v 0.34730 -15.03038 203.50100
v -0.00000 -15.00000 202.50100
v -0.00000 -15.00000 203.50100
v -0.34730 -15.03038 202.50100
v -0.34730 -15.03038 203.50100
v -0.68404 -15.12062 202.50100
v -0.68404 -15.12062 203.50100
v -1.00000 -15.26795 202.50100
v -1.00000 -15.26795 203.50100
v -1.28558 -15.46791 202.50100
v -1.28558 -15.46791 203.50100
v -1.53209 -15.71443 202.50100
v -1.53209 -15.71443 203.50100
v -1.73205 -16.00000 202.50100
v -1.73205 -16.00000 203.50100
v -1.87939 -16.31596 202.50100
v -1.87939 -16.31596 203.50100
v 12.75282 -8.15270 202.50100
v 12.75282 -8.15270 203.50100
v 12.72243 -8.50000 202.50100
v 12.72243 -8.50000 203.50100
v 12.75282 -8.84730 202.50100
v 12.75282 -8.84730 203.50100
v 12.84305 -9.18404 202.50100
v 12.84305 -9.18404 203.50100
v 12.99038 -9.50000 202.50100
v 12.99038 -9.50000 203.50100
v 13.19034 -9.78557 202.50100
v 13.19034 -9.78557 203.50100
v 13.43686 -10.03209 202.50100
v 13.43686 -10.03209 203.50100
v 13.72243 -10.23205 202.50100
v 13.72243 -10.23205 203.50100
v 14.03839 -10.37938 202.50100
v 14.03839 -10.37938 203.50100
v 14.37514 -10.46962 202.50100
v 14.37514 -10.46962 203.50100
v 14.72243 -10.50000 202.50100
v 14.72243 -10.50000 203.50100
v 15.06973 -10.46962 202.50100
v 15.06973 -10.46962 203.50100
v 15.40647 -10.37938 202.50100
v 15.40647 -10.37938 203.50100
v 15.72243 -10.23205 202.50100
v 15.72243 -10.23205 203.50100
v 16.00801 -10.03209 202.50100
v 16.00801 -10.03209 203.50100
v 16.25452 -9.78557 202.50100
v 16.25452 -9.78557 203.50100
v 16.45448 -9.50000 202.50100
v 16.45448 -9.50000 203.50100
v 16.60182 -9.18404 202.50100
v 16.60182 -9.18404 203.50100
v 16.69205 -8.84730 202.50100
v 16.69205 -8.84730 203.50100
v 16.72243 -8.50000 202.50100
v 16.72243 -8.50000 203.50100
v 16.69205 -8.15270 202.50100
v 16.69205 -8.15270 203.50100
v 16.60182 -7.81596 202.50100
v 16.60182 -7.81596 203.50100
v 16.45448 -7.50000 202.50100
v 16.45448 -7.50000 203.50100
v 16.25452 -7.21442 202.50100
v 16.25452 -7.21442 203.50100
v 16.00801 -6.96791 202.50100
v 16.00801 -6.96791 203.50100
v 15.72243 -6.76795 202.50100
v 15.72243 -6.76795 203.50100
v 15.40647 -6.62061 202.50100
v 15.40647 -6.62061 203.50100
v 15.06973 -6.53038 202.50100
v 15.06973 -6.53038 203.50100
v 14.72243 -6.50000 202.50100
v 14.72243 -6.50000 203.50100
v 14.37514 -6.53038 202.50100
v 14.37514 -6.53038 203.50100
v 14.03839 -6.62061 202.50100
v 14.03839 -6.62061 203.50100
v 13.72243 -6.76795 202.50100
v 13.72243 -6.76795 203.50100
v 13.43686 -6.96791 202.50100
v 13.43686 -6.96791 203.50100
v 13.19034 -7.21442 202.50100
v 13.19034 -7.21442 203.50100
v 12.99038 -7.50000 202.50100
v 12.99038 -7.50000 203.50100
v 12.84305 -7.81596 202.50100
v 12.84305 -7.81596 203.50100
v -28.09281 2.23906 202.50100
v -28.18190 -0.00000 202.50100
v -27.82611 4.46396 202.50100
v -27.38348 6.66063 202.50100
v -26.76773 8.81520 202.50100
v -25.98275 10.91404 202.50100
v -25.03349 12.94387 202.50100
v -23.92596 14.89187 202.50100
v -22.66717 16.74571 202.50100
v -21.26506 18.49369 202.50100
v -19.72851 20.12474 202.50100
v -18.06723 21.62855 202.50100
v -16.29173 22.99563 202.50100
v -14.41322 24.21731 202.50100
v -12.44359 25.28589 202.50100
v -10.39528 26.19460 202.50100
v -8.28126 26.93771 202.50100
v -6.11487 27.51050 202.50100
v -3.90983 27.90936 202.50100
v -1.68007 28.13177 202.50100
v 0.56032 28.17633 202.50100
v 2.79716 28.04274 202.50100
v 5.01632 27.73186 202.50100
v 7.20376 27.24564 202.50100
v 9.34566 26.58718 202.50100
v 11.42847 25.76062 202.50100
v 13.43903 24.77119 202.50100
v 15.36462 23.62515 202.50100
v 17.19308 22.32974 202.50100
v 18.91283 20.89316 202.50100
v 20.51301 19.32449 202.50100
v 21.98349 17.63364 202.50100
v 23.31500 15.83131 202.50100
v 24.49909 13.92888 202.50100
v 25.52830 11.93839 202.50100
v 26.39611 9.87242 202.50100
v 27.09703 7.74404 202.50100
v 27.62664 5.56670 202.50100
v 27.98158 3.35416 202.50100
v 28.15962 1.12041 202.50100
v 28.15962 -1.12041 202.50100
v 27.98158 -3.35416 202.50100
v 27.62664 -5.56670 202.50100
v 27.09703 -7.74404 202.50100
v 26.39611 -9.87242 202.50100
v 25.52830 -11.93839 202.50100
v 24.49909 -13.92888 202.50100
v 23.31500 -15.83131 202.50100
v 21.98349 -17.63364 202.50100
v 20.51301 -19.32449 202.50100
v 18.91283 -20.89316 202.50100
v 17.19308 -22.32974 202.50100
v 15.36462 -23.62515 202.50100
v 13.43903 -24.77119 202.50100
v 11.42847 -25.76062 202.50100
v 9.34566 -26.58718 202.50100
v 7.20376 -27.24564 202.50100
v 5.01632 -27.73186 202.50100
v 2.79716 -28.04274 202.50100
v 0.56032 -28.17633 202.50100
v -1.68007 -28.13177 202.50100
v -3.90983 -27.90936 202.50100
v -6.11487 -27.51050 202.50100
v -8.28126 -26.93771 202.50100
v -10.39528 -26.19460 202.50100
v -12.44359 -25.28589 202.50100
v -14.41322 -24.21731 202.50100
v -16.29173 -22.99563 202.50100
v -18.06723 -21.62855 202.50100
v -19.72851 -20.12474 202.50100
v -21.26506 -18.49369 202.50100
v -22.66717 -16.74571 202.50100
v -23.92596 -14.89187 202.50100
v -25.03349 -12.94387 202.50100
v -25.98275 -10.91404 202.50100
v -26.76773 -8.81520 202.50100
v -27.38348 -6.66063 202.50100
v -27.82611 -4.46396 202.50100
v -28.09281 -2.23906 202.50100
v -27.50449 -2.22039 203.50100
v -27.59397 0.00000 203.50100
v -27.23663 -4.42638 203.50100
v -26.79214 -6.60367 203.50100
v -26.17388 -8.73813 203.50100
v -25.38588 -10.81591 203.50100
v -24.43324 -12.82355 203.50100
v -23.32215 -14.74803 203.50100
v -22.05980 -16.57686 203.50100
v -20.65438 -18.29818 203.50100
v -19.11501 -19.90084 203.50100
v -17.45168 -21.37442 203.50100
v -15.67516 -22.70939 203.50100
v -13.79698 -23.89708 203.50100
v -11.82933 -24.92978 203.50100
v -9.78496 -25.80081 203.50100
v -7.67712 -26.50450 203.50100
v -5.51950 -27.03631 203.50100
v -3.32609 -27.39277 203.50100
v -1.11110 -27.57159 203.50100
v 1.11110 -27.57159 203.50100
v 3.32609 -27.39277 203.50100
v 5.51950 -27.03631 203.50100
v 7.67712 -26.50450 203.50100
v 9.78496 -25.80081 203.50100
v 11.82933 -24.92978 203.50100
v 13.79698 -23.89708 203.50100
v 15.67516 -22.70939 203.50100
v 17.45168 -21.37442 203.50100
v 19.11501 -19.90084 203.50100
v 20.65438 -18.29818 203.50100
v 22.05980 -16.57686 203.50100
v 23.32215 -14.74803 203.50100
v 24.43324 -12.82355 203.50100
v 25.38588 -10.81591 203.50100
v 26.17388 -8.73813 203.50100
v 26.79214 -6.60367 203.50100
v 27.23663 -4.42638 203.50100
v 27.50449 -2.22039 203.50100
v 27.59397 0.00000 203.50100
v 27.50449 2.22039 203.50100
v 27.23663 4.42638 203.50100
v 26.79214 6.60367 203.50100
v 26.17388 8.73813 203.50100
v 25.38588 10.81591 203.50100
v 24.43324 12.82355 203.50100
v 23.32215 14.74803 203.50100
v 22.05980 16.57686 203.50100
v 20.65438 18.29818 203.50100
v 19.11501 19.90084 203.50100
v 17.45168 21.37442 203.50100
v 15.67516 22.70939 203.50100
v 13.79698 23.89708 203.50100
v 11.82933 24.92978 203.50100
v 9.78496 25.80081 203.50100
v 7.67712 26.50450 203.50100
v 5.51950 27.03631 203.50100
v 3.32609 27.39277 203.50100
v 1.11110 27.57159 203.50100
v -1.11110 27.57159 203.50100
v -3.32609 27.39277 203.50100
v -5.51950 27.03631 203.50100
v -7.67712 26.50450 203.50100
v -9.78496 25.80081 203.50100
v -11.82933 24.92978 203.50100
v -13.79698 23.89708 203.50100
v -15.67516 22.70939 203.50100
v -17.45168 21.37442 203.50100
v -19.11501 19.90084 203.50100
v -26.79214 6.60367 203.50100
v -26.17388 8.73813 203.50100
v -20.65438 18.29818 203.50100
v -22.05980 16.57686 203.50100
v -23.32215 14.74803 203.50100
v -24.43324 12.82355 203.50100
v -25.38588 10.81591 203.50100
v -27.23663 4.42638 203.50100
v -27.50449 2.22039 203.50100
v 27.21148 2.19674 204.00100
v 27.30000 0.00000 204.00100
v 27.21148 -2.19674 204.00100
v 26.94647 -4.37923 204.00100
v 26.50671 -6.53332 204.00100
v 25.89504 -8.64504 204.00100
v 25.11544 -10.70069 204.00100
v 24.17295 -12.68694 204.00100
v 23.07369 -14.59092 204.00100
v 21.82479 -16.40026 204.00100
v 20.43434 -18.10325 204.00100
v 18.91138 -19.68883 204.00100
v 17.26576 -21.14672 204.00100
v 15.50817 -22.46746 204.00100
v 13.65000 -23.64249 204.00100
v 11.70331 -24.66420 204.00100
v 9.68071 -25.52594 204.00100
v 7.59534 -26.22215 204.00100
v 5.46070 -26.74829 204.00100
v 3.29065 -27.10095 204.00100
v 1.09926 -27.27786 204.00100
v -1.09926 -27.27786 204.00100
v -3.29065 -27.10095 204.00100
v -5.46070 -26.74829 204.00100
v -7.59534 -26.22215 204.00100
v -9.68071 -25.52594 204.00100
v -11.70331 -24.66420 204.00100
v -13.65000 -23.64249 204.00100
v -15.50817 -22.46746 204.00100
v -17.26576 -21.14672 204.00100
v -18.91138 -19.68883 204.00100
v -20.43434 -18.10325 204.00100
v -21.82479 -16.40026 204.00100
v -23.07369 -14.59092 204.00100
v -24.17295 -12.68694 204.00100
v -25.11544 -10.70069 204.00100
v -25.89504 -8.64504 204.00100
v -26.50671 -6.53332 204.00100
v -26.94647 -4.37923 204.00100
v -27.21148 -2.19674 204.00100
v -27.30000 0.00000 204.00100
v -27.21148 2.19674 204.00100
v -26.94647 4.37923 204.00100
v -26.50671 6.53332 204.00100
v -25.89504 8.64504 204.00100
v -25.11544 10.70069 204.00100
v -24.17295 12.68694 204.00100
v -23.07369 14.59092 204.00100
v -21.82479 16.40026 204.00100
v -20.43434 18.10325 204.00100
v -18.91138 19.68883 204.00100
v -17.26576 21.14672 204.00100
v -15.50817 22.46746 204.00100
v -13.65000 23.64249 204.00100
v -11.70331 24.66420 204.00100
v -9.68071 25.52594 204.00100
v -7.59534 26.22215 204.00100
v -5.46070 26.74829 204.00100
v -3.29065 27.10095 204.00100
v -1.09926 27.27786 204.00100
v 1.09926 27.27786 204.00100
v 3.29065 27.10095 204.00100
v 5.46070 26.74829 204.00100
v 7.59534 26.22215 204.00100
v 9.68071 25.52594 204.00100
v 11.70331 24.66420 204.00100
v 13.65000 23.64249 204.00100
v 15.50817 22.46746 204.00100
v 17.26576 21.14672 204.00100
v 18.91138 19.68883 204.00100
v 20.43434 18.10325 204.00100
v 21.82479 16.40026 204.00100
v 23.07369 14.59092 204.00100
v 24.17295 12.68694 204.00100
v 25.11544 10.70069 204.00100
v 25.89504 8.64504 204.00100
v 26.50671 6.53332 204.00100
v 26.94647 4.37923 204.00100
v 44.26071 2.81285 157.00100
v 45.91102 2.85980 157.00100
v 44.35000 0.00000 157.00100
v 46.00000 0.00000 157.00100
v 45.91102 -2.85980 157.00100
v 45.64441 5.70854 157.00100
v 43.99319 5.61438 157.00100
v 45.20122 8.53520 157.00100
v 43.54854 8.39329 157.00100
v 44.58315 11.32883 157.00100
v 42.92852 11.13841 157.00100
v 43.79260 14.07863 157.00100
v 42.13565 13.83868 157.00100
v 42.83263 16.77397 157.00100
v 41.17312 16.48323 157.00100
v 41.70694 19.40441 157.00100
v 40.04479 19.06141 157.00100
v 40.41990 21.95978 157.00100
v 38.75522 21.56283 157.00100
v 38.97647 24.43019 157.00100
v 37.30959 23.97742 157.00100
v 37.38226 26.80609 157.00100
v 35.71374 26.29547 157.00100
v 35.64343 29.07828 157.00100
v 33.97407 28.50763 157.00100
v 33.76669 31.23796 157.00100
v 32.09760 30.60500 157.00100
v 31.75932 33.27680 157.00100
v 30.09189 32.57914 157.00100
v 29.62908 35.18690 157.00100
v 27.96501 34.42210 157.00100
v 27.38421 36.96086 157.00100
v 25.72552 36.12644 157.00100
v 25.03339 38.59183 157.00100
v 23.38245 37.68532 157.00100
v 22.58573 40.07349 157.00100
v 20.94522 39.09246 157.00100
v 20.05068 41.40012 157.00100
v 18.42366 40.34218 157.00100
v 17.43807 42.56658 157.00100
v 15.82790 41.42946 157.00100
v 14.75799 43.56836 157.00100
v 13.16842 42.34991 157.00100
v 12.02081 44.40158 157.00100
v 10.45591 43.09984 157.00100
v 9.23713 45.06302 157.00100
v 7.70130 43.67622 157.00100
v 6.41771 45.55012 157.00100
v 4.91567 44.07674 157.00100
v 3.57346 45.86099 157.00100
v 2.11026 44.29977 157.00100
v 0.71538 45.99444 157.00100
v -0.70366 44.34442 157.00100
v -2.14546 45.94994 157.00100
v -3.51474 44.21051 157.00100
v -4.99800 45.72767 157.00100
v -6.31166 43.89858 157.00100
v -7.83120 45.32849 157.00100
v -9.08318 43.40989 157.00100
v -10.63411 44.75394 157.00100
v -11.81811 42.74640 157.00100
v -13.39588 44.00626 157.00100
v -14.50546 41.91079 157.00100
v -16.10582 43.08831 157.00100
v -17.13441 40.90641 157.00100
v -18.75345 42.00367 157.00100
v -19.69436 39.73732 157.00100
v -21.32852 40.75652 157.00100
v -22.17500 38.40823 157.00100
v -23.82108 39.35170 157.00100
v -24.56635 36.92447 157.00100
v -26.22148 37.79463 157.00100
v -26.85879 35.29204 157.00100
v -28.52044 36.09134 157.00100
v -29.04307 33.51749 157.00100
v -30.70905 34.24842 157.00100
v -31.11041 31.60799 157.00100
v -32.77886 32.27299 157.00100
v -33.05248 29.57121 157.00100
v -34.72186 30.17272 157.00100
v -34.86145 27.41535 157.00100
v -36.53052 27.95570 157.00100
v -36.53006 25.14911 157.00100
v -38.19785 25.63054 157.00100
v -38.05156 22.78159 157.00100
v -39.71740 23.20621 157.00100
v -39.41985 20.32235 157.00100
v -41.08329 20.69211 157.00100
v -40.62941 17.78127 157.00100
v -42.29024 18.09794 157.00100
v -41.67537 15.16859 157.00100
v -43.33358 15.43377 157.00100
v -42.55351 12.49484 157.00100
v -44.20926 12.70988 157.00100
v -43.26031 9.77077 157.00100
v -44.91391 9.93682 157.00100
v -43.79292 7.00736 157.00100
v -45.44480 7.12532 157.00100
v -44.14918 4.21574 157.00100
v -45.79987 4.28625 157.00100
v -44.32767 1.40713 157.00100
v -45.97775 1.43059 157.00100
v -45.97775 -1.43059 157.00100
v -44.32767 -1.40713 157.00100
v -45.79987 -4.28625 157.00100
v -44.14918 -4.21574 157.00100
v -45.44480 -7.12532 157.00100
v -43.79292 -7.00736 157.00100
v -44.91391 -9.93682 157.00100
v -43.26031 -9.77077 157.00100
v -44.20926 -12.70988 157.00100
v -42.55351 -12.49484 157.00100
v -43.33358 -15.43377 157.00100
v -41.67537 -15.16859 157.00100
v -42.29024 -18.09794 157.00100
v -40.62941 -17.78127 157.00100
v -41.08329 -20.69211 157.00100
v -39.41985 -20.32235 157.00100
v -39.71740 -23.20621 157.00100
v -38.05156 -22.78159 157.00100
v -38.19785 -25.63054 157.00100
v -36.53006 -25.14911 157.00100
v -36.53052 -27.95570 157.00100
v -34.86145 -27.41535 157.00100
v -34.72186 -30.17272 157.00100
v -33.05248 -29.57121 157.00100
v -32.77886 -32.27299 157.00100
v -31.11041 -31.60799 157.00100
v -30.70905 -34.24842 157.00100
v -29.04307 -33.51749 157.00100
v -28.52044 -36.09134 157.00100
v -26.85879 -35.29204 157.00100
v -26.22148 -37.79463 157.00100
v -24.56635 -36.92447 157.00100
v -23.82108 -39.35170 157.00100
v -22.17500 -38.40823 157.00100
v -21.32852 -40.75652 157.00100
v -19.69436 -39.73732 157.00100
v -18.75345 -42.00367 157.00100
v -17.13441 -40.90641 157.00100
v -16.10582 -43.08831 157.00100
v -14.50546 -41.91079 157.00100
v -13.39588 -44.00626 157.00100
v -11.81811 -42.74640 157.00100
v -10.63411 -44.75394 157.00100
v -9.08318 -43.40989 157.00100
v -7.83120 -45.32849 157.00100
v -6.31166 -43.89858 157.00100
v -4.99800 -45.72767 157.00100
v -3.51474 -44.21051 157.00100
v -2.14546 -45.94994 157.00100
v -0.70366 -44.34442 157.00100
v 0.71538 -45.99444 157.00100
v 2.11026 -44.29977 157.00100
v 3.57346 -45.86099 157.00100
v 4.91567 -44.07674 157.00100
v 6.41771 -45.55012 157.00100
v 7.70130 -43.67622 157.00100
v 9.23713 -45.06302 157.00100
v 10.45591 -43.09984 157.00100
v 12.02081 -44.40158 157.00100
v 13.16842 -42.34991 157.00100
v 14.75799 -43.56836 157.00100
v 15.82790 -41.42946 157.00100
v 17.43807 -42.56658 157.00100
v 18.42366 -40.34218 157.00100
v 20.05068 -41.40012 157.00100
v 20.94522 -39.09246 157.00100
v 22.58573 -40.07349 157.00100
v 23.38245 -37.68532 157.00100
v 25.03339 -38.59183 157.00100
v 25.72552 -36.12644 157.00100
v 27.38421 -36.96086 157.00100
v 27.96501 -34.42210 157.00100
v 29.62908 -35.18690 157.00100
v 30.09189 -32.57914 157.00100
v 31.75932 -33.27680 157.00100
v 32.09760 -30.60500 157.00100
v 33.76669 -31.23796 157.00100
v 33.97407 -28.50763 157.00100
v 35.64343 -29.07828 157.00100
v 35.71374 -26.29547 157.00100
v 37.38226 -26.80609 157.00100
v 37.30959 -23.97742 157.00100
v 38.97647 -24.43019 157.00100
v 38.75522 -21.56283 157.00100
v 40.41990 -21.95978 157.00100
v 40.04479 -19.06141 157.00100
v 41.70694 -19.40441 157.00100
v 41.17312 -16.48323 157.00100
v 42.83263 -16.77397 157.00100
v 42.13565 -13.83868 157.00100
v 43.79260 -14.07863 157.00100
v 42.92852 -11.13841 157.00100
v 44.58315 -11.32883 157.00100
v 43.54854 -8.39329 157.00100
v 45.20122 -8.53520 157.00100
v 43.99319 -5.61438 157.00100
v 45.64441 -5.70854 157.00100
v 44.26071 -2.81285 157.00100
v 46.00000 0.00000 175.00100
v 45.91102 -2.85980 175.00100
v 45.64441 -5.70854 175.00100
v 45.20122 -8.53520 175.00100
v 44.58315 -11.32883 175.00100
v 43.79260 -14.07863 175.00100
v 42.83263 -16.77397 175.00100
v 41.70694 -19.40441 175.00100
v 40.41990 -21.95978 175.00100
v 38.97647 -24.43019 175.00100
v 37.38226 -26.80609 175.00100
v 35.64343 -29.07828 175.00100
v 33.76669 -31.23796 175.00100
v 31.75932 -33.27680 175.00100
v 29.62908 -35.18690 175.00100
v 27.38421 -36.96086 175.00100
v 25.03339 -38.59183 175.00100
v 22.58573 -40.07349 175.00100
v 20.05068 -41.40012 175.00100
v 17.43807 -42.56658 175.00100
v 14.75799 -43.56836 175.00100
v 12.02081 -44.40158 175.00100
v 9.23713 -45.06302 175.00100
v 6.41771 -45.55012 175.00100
v 3.57346 -45.86099 175.00100
v 0.71538 -45.99444 175.00100
v -2.14546 -45.94994 175.00100
v -4.99800 -45.72767 175.00100
v -7.83120 -45.32849 175.00100
v -10.63411 -44.75394 175.00100
v -13.39588 -44.00626 175.00100
v -16.10582 -43.08831 175.00100
v -18.75345 -42.00367 175.00100
v -21.32852 -40.75652 175.00100
v -23.82108 -39.35170 175.00100
v -26.22148 -37.79463 175.00100
v -28.52044 -36.09134 175.00100
v -30.70905 -34.24842 175.00100
v -32.77886 -32.27299 175.00100
v -34.72186 -30.17272 175.00100
v -36.53052 -27.95570 175.00100
v -38.19785 -25.63054 175.00100
v -39.71740 -23.20621 175.00100
v -41.08329 -20.69211 175.00100
v -42.29024 -18.09794 175.00100
v -43.33358 -15.43377 175.00100
v -44.20926 -12.70988 175.00100
v -44.91391 -9.93682 175.00100
v -45.44480 -7.12532 175.00100
v -45.79987 -4.28625 175.00100
v -45.97775 -1.43059 175.00100
v -45.97775 1.43059 175.00100
v -45.79987 4.28625 175.00100
v -45.44480 7.12532 175.00100
v -44.91391 9.93682 175.00100
v -44.20926 12.70988 175.00100
v -43.33358 15.43377 175.00100
v -42.29024 18.09794 175.00100
v -41.08329 20.69211 175.00100
v -39.71740 23.20621 175.00100
v -38.19785 25.63054 175.00100
v -36.53052 27.95570 175.00100
v -34.72186 30.17272 175.00100
v -32.77886 32.27299 175.00100
v -30.70905 34.24842 175.00100
v -28.52044 36.09134 175.00100
v -26.22148 37.79463 175.00100
v -23.82108 39.35170 175.00100
v -21.32852 40.75652 175.00100
v -18.75345 42.00367 175.00100
v -16.10582 43.08831 175.00100
v -13.39588 44.00626 175.00100
v -10.63411 44.75394 175.00100
v -7.83120 45.32849 175.00100
v -4.99800 45.72767 175.00100
v -2.14546 45.94994 175.00100
v 0.71538 45.99444 175.00100
v 3.57346 45.86099 175.00100
v 6.41771 45.55012 175.00100
v 9.23713 45.06302 175.00100
v 12.02081 44.40158 175.00100
v 14.75799 43.56836 175.00100
v 17.43807 42.56658 175.00100
v 20.05068 41.40012 175.00100
v 22.58573 40.07349 175.00100
v 25.03339 38.59183 175.00100
v 27.38421 36.96086 175.00100
v 29.62908 35.18690 175.00100
v 31.75932 33.27680 175.00100
v 33.76669 31.23796 175.00100
v 35.64343 29.07828 175.00100
v 37.38226 26.80609 175.00100
v 38.97647 24.43019 175.00100
v 40.41990 21.95978 175.00100
v 41.70694 19.40441 175.00100
v 42.83263 16.77397 175.00100
v 43.79260 14.07863 175.00100
v 44.58315 11.32883 175.00100
v 45.20122 8.53520 175.00100
v 45.64441 5.70854 175.00100
v 45.91102 2.85980 175.00100
v 28.50000 0.00000 204.00100
v 28.40991 2.26433 204.00100
v 28.14020 4.51434 204.00100
v 27.69258 6.73582 204.00100
v 27.06987 8.91470 204.00100
v 26.27603 11.03723 204.00100
v 25.31606 13.08997 204.00100
v 24.19603 15.05996 204.00100
v 22.92302 16.93473 204.00100
v 21.50509 18.70243 204.00100
v 19.95120 20.35190 204.00100
v 18.27117 21.87269 204.00100
v 16.47562 23.25519 204.00100
v 14.57591 24.49067 204.00100
v 12.58405 25.57131 204.00100
v 10.51262 26.49028 204.00100
v 8.37473 27.24177 204.00100
v 6.18390 27.82103 204.00100
v 3.95396 28.22439 204.00100
v 1.69903 28.44931 204.00100
v -0.56664 28.49437 204.00100
v -2.82873 28.35927 204.00100
v -5.07294 28.04488 204.00100
v -7.28507 27.55318 204.00100
v -9.45115 26.88728 204.00100
v -11.55747 26.05139 204.00100
v -13.59072 25.05079 204.00100
v -15.53805 23.89182 204.00100
v -17.38714 22.58179 204.00100
v -19.12630 21.12900 204.00100
v -20.74455 19.54262 204.00100
v -22.23163 17.83268 204.00100
v -23.57817 16.01000 204.00100
v -24.77563 14.08610 204.00100
v -25.81645 12.07315 204.00100
v -26.69406 9.98386 204.00100
v -27.40289 7.83145 204.00100
v -27.93847 5.62953 204.00100
v -28.29742 3.39202 204.00100
v -28.47747 1.13306 204.00100
v -28.47747 -1.13306 204.00100
v -28.29742 -3.39202 204.00100
v -27.93847 -5.62953 204.00100
v -27.40289 -7.83145 204.00100
v -26.69406 -9.98386 204.00100
v -25.81645 -12.07315 204.00100
v -24.77563 -14.08610 204.00100
v -23.57817 -16.01000 204.00100
v -22.23163 -17.83268 204.00100
v -20.74455 -19.54262 204.00100
v -19.12630 -21.12900 204.00100
v -17.38714 -22.58179 204.00100
v -15.53805 -23.89182 204.00100
v -13.59072 -25.05079 204.00100
v -11.55747 -26.05139 204.00100
v -9.45115 -26.88728 204.00100
v -7.28507 -27.55318 204.00100
v -5.07294 -28.04488 204.00100
v -2.82873 -28.35927 204.00100
v -0.56664 -28.49437 204.00100
v 1.69903 -28.44931 204.00100
v 3.95396 -28.22439 204.00100
v 6.18390 -27.82103 204.00100
v 8.37473 -27.24177 204.00100
v 10.51262 -26.49028 204.00100
v 12.58405 -25.57131 204.00100
v 14.57591 -24.49067 204.00100
v 16.47562 -23.25519 204.00100
v 18.27117 -21.87269 204.00100
v 19.95120 -20.35190 204.00100
v 21.50509 -18.70243 204.00100
v 22.92302 -16.93473 204.00100
v 24.19603 -15.05996 204.00100
v 25.31606 -13.08997 204.00100
v 26.27603 -11.03723 204.00100
v 27.06987 -8.91470 204.00100
v 27.69258 -6.73582 204.00100
v 28.14020 -4.51434 204.00100
v 28.40991 -2.26433 204.00100
v 28.50000 0.00000 215.00100
v 28.40991 -2.26433 215.00100
v 28.14020 -4.51434 215.00100
v 27.69258 -6.73582 215.00100
v 27.06987 -8.91470 215.00100
v 26.27603 -11.03723 215.00100
v 25.31606 -13.08997 215.00100
v 24.19603 -15.05996 215.00100
v 22.92302 -16.93473 215.00100
v 21.50509 -18.70243 215.00100
v 19.95120 -20.35190 215.00100
v 18.27117 -21.87269 215.00100
v 16.47562 -23.25519 215.00100
v 14.57591 -24.49067 215.00100
v 12.58405 -25.57131 215.00100
v 10.51262 -26.49028 215.00100
v 8.37473 -27.24177 215.00100
v 6.18390 -27.82103 215.00100
v 3.95396 -28.22439 215.00100
v 1.69903 -28.44931 215.00100
v -0.56664 -28.49437 215.00100
v -2.82873 -28.35927 215.00100
v -5.07294 -28.04488 215.00100
v -7.28507 -27.55318 215.00100
v -9.45115 -26.88728 215.00100
v -11.55747 -26.05139 215.00100
v -13.59072 -25.05079 215.00100
v -15.53805 -23.89182 215.00100
v -17.38714 -22.58179 215.00100
v -19.12630 -21.12900 215.00100
v -20.74455 -19.54262 215.00100
v -22.23163 -17.83268 215.00100
v -23.57817 -16.01000 215.00100
v -24.77563 -14.08610 215.00100
v -25.81645 -12.07315 215.00100
v -26.69406 -9.98386 215.00100
v -27.40289 -7.83145 215.00100
v -27.93847 -5.62953 215.00100
v -28.29742 -3.39202 215.00100
v -28.47747 -1.13306 215.00100
v -28.47747 1.13306 215.00100
v -28.29742 3.39202 215.00100
v -27.93847 5.62953 215.00100
v -27.40289 7.83145 215.00100
v -26.69406 9.98386 215.00100
v -25.81645 12.07315 215.00100
v -24.77563 14.08610 215.00100
v -23.57817 16.01000 215.00100
v -22.23163 17.83268 215.00100
v -20.74455 19.54262 215.00100
v -19.12630 21.12900 215.00100
v -17.38714 22.58179 215.00100
v -15.53805 23.89182 215.00100
v -13.59072 25.05079 215.00100
v -11.55747 26.05139 215.00100
v -9.45115 26.88728 215.00100
v -7.28507 27.55318 215.00100
v -5.07294 28.04488 215.00100
v -2.82873 28.35927 215.00100
v -0.56664 28.49437 215.00100
v 1.69903 28.44931 215.00100
v 3.95396 28.22439 215.00100
v 6.18390 27.82103 215.00100
v 8.37473 27.24177 215.00100
v 10.51262 26.49028 215.00100
v 12.58405 25.57131 215.00100
v 14.57591 24.49067 215.00100
v 16.47562 23.25519 215.00100
v 18.27117 21.87269 215.00100
v 19.95120 20.35190 215.00100
v 21.50509 18.70243 215.00100
v 22.92302 16.93473 215.00100
v 24.19603 15.05996 215.00100
v 25.31606 13.08997 215.00100
v 26.27603 11.03723 215.00100
v 27.06987 8.91470 215.00100
v 27.69258 6.73582 215.00100
v 28.14020 4.51434 215.00100
v 28.40991 2.26433 215.00100
v 27.30000 0.00000 215.00100
v 27.21148 2.19674 215.00100
v 26.94647 4.37923 215.00100
v 26.50671 6.53332 215.00100
v 25.89504 8.64504 215.00100
v 25.11544 10.70069 215.00100
v 24.17295 12.68694 215.00100
v 23.07369 14.59092 215.00100
v 21.82479 16.40026 215.00100
v 20.43434 18.10325 215.00100
v 18.91138 19.68883 215.00100
v 17.26576 21.14672 215.00100
v 15.50817 22.46746 215.00100
v 13.65000 23.64249 215.00100
v 11.70331 24.66420 215.00100
v 9.68071 25.52594 215.00100
v 7.59534 26.22215 215.00100
v 5.46070 26.74829 215.00100
v 3.29065 27.10095 215.00100
v 1.09926 27.27786 215.00100
v -1.09926 27.27786 215.00100
v -3.29065 27.10095 215.00100
v -5.46070 26.74829 215.00100
v -7.59534 26.22215 215.00100
v -9.68071 25.52594 215.00100
v -11.70331 24.66420 215.00100
v -13.65000 23.64249 215.00100
v -15.50817 22.46746 215.00100
v -17.26576 21.14672 215.00100
v -18.91138 19.68883 215.00100
v -20.43434 18.10325 215.00100
v -21.82479 16.40026 215.00100
v -23.07369 14.59092 215.00100
v -24.17295 12.68694 215.00100
v -25.11544 10.70069 215.00100
v -25.89504 8.64504 215.00100
v -26.50671 6.53332 215.00100
v -26.94647 4.37923 215.00100
v -27.21148 2.19674 215.00100
v -27.30000 0.00000 215.00100
v -27.21148 -2.19674 215.00100
v -26.94647 -4.37923 215.00100
v -26.50671 -6.53332 215.00100
v -25.89504 -8.64504 215.00100
v -25.11544 -10.70069 215.00100
v -24.17295 -12.68694 215.00100
v -23.07369 -14.59092 215.00100
v -21.82479 -16.40026 215.00100
v -20.43434 -18.10325 215.00100
v -18.91138 -19.68883 215.00100
v -17.26576 -21.14672 215.00100
v -15.50817 -22.46746 215.00100
v -13.65000 -23.64249 215.00100
v -11.70331 -24.66420 215.00100
v -9.68071 -25.52594 215.00100
v -7.59534 -26.22215 215.00100
v -5.46070 -26.74829 215.00100
v -3.29065 -27.10095 215.00100
v -1.09926 -27.27786 215.00100
v 1.09926 -27.27786 215.00100
v 3.29065 -27.10095 215.00100
v 5.46070 -26.74829 215.00100
v 7.59534 -26.22215 215.00100
v 9.68071 -25.52594 215.00100
v 11.70331 -24.66420 215.00100
v 13.65000 -23.64249 215.00100
v 15.50817 -22.46746 215.00100
v 17.26576 -21.14672 215.00100
v 18.91138 -19.68883 215.00100
v 20.43434 -18.10325 215.00100
v 21.82479 -16.40026 215.00100
v 23.07369 -14.59092 215.00100
v 24.17295 -12.68694 215.00100
v 25.11544 -10.70069 215.00100
v 25.89504 -8.64504 215.00100
v 26.50671 -6.53332 215.00100
v 26.94647 -4.37923 215.00100
v 27.21148 -2.19674 215.00100
v -44.32767 -1.40713 175.00100
v -44.32767 1.40713 175.00100
v -44.14918 4.21574 175.00100
v -43.79292 7.00736 175.00100
v -43.26031 9.77077 175.00100
v -44.14918 -4.21574 175.00100
v -43.79292 -7.00736 175.00100
v -43.26031 -9.77077 175.00100
v -42.55351 -12.49484 175.00100
v -41.67537 -15.16859 175.00100
v -40.62941 -17.78127 175.00100
v -39.41985 -20.32235 175.00100
v -38.05156 -22.78159 175.00100
v -36.53006 -25.14911 175.00100
v -34.86145 -27.41535 175.00100
v -33.05248 -29.57121 175.00100
v -31.11041 -31.60799 175.00100
v -29.04307 -33.51749 175.00100
v -26.85879 -35.29204 175.00100
v -24.56635 -36.92447 175.00100
v -22.17500 -38.40823 175.00100
v -19.69436 -39.73732 175.00100
v -17.13441 -40.90641 175.00100
v -14.50546 -41.91079 175.00100
v -11.81811 -42.74640 175.00100
v -9.08318 -43.40989 175.00100
v -6.31166 -43.89858 175.00100
v -3.51474 -44.21051 175.00100
v -0.70366 -44.34442 175.00100
v 2.11026 -44.29977 175.00100
v 4.91567 -44.07674 175.00100
v 7.70130 -43.67622 175.00100
v 10.45591 -43.09984 175.00100
v 13.16842 -42.34991 175.00100
v 15.82790 -41.42946 175.00100
v 18.42366 -40.34218 175.00100
v 20.94522 -39.09246 175.00100
v 23.38245 -37.68532 175.00100
v 25.72552 -36.12644 175.00100
v 27.96501 -34.42210 175.00100
v 30.09189 -32.57914 175.00100
v 32.09760 -30.60500 175.00100
v 33.97407 -28.50763 175.00100
v 35.71374 -26.29547 175.00100
v 37.30959 -23.97742 175.00100
v 38.75522 -21.56283 175.00100
v 40.04479 -19.06141 175.00100
v 41.17312 -16.48323 175.00100
v 42.13565 -13.83868 175.00100
v 42.92852 -11.13841 175.00100
v 43.54854 -8.39329 175.00100
v 43.99319 -5.61438 175.00100
v 44.26071 -2.81285 175.00100
v 44.35000 0.00000 175.00100
v 44.26071 2.81285 175.00100
v 43.99319 5.61438 175.00100
v 43.54854 8.39329 175.00100
v 42.92852 11.13841 175.00100
v 42.13565 13.83868 175.00100
v 41.17312 16.48323 175.00100
v 40.04479 19.06141 175.00100
v 38.75522 21.56283 175.00100
v 37.30959 23.97742 175.00100
v 35.71374 26.29547 175.00100
v 33.97407 28.50763 175.00100
v 32.09760 30.60500 175.00100
v 30.09189 32.57914 175.00100
v 27.96501 34.42210 175.00100
v 25.72552 36.12644 175.00100
v 23.38245 37.68532 175.00100
v 20.94522 39.09246 175.00100
v 18.42366 40.34218 175.00100
v 15.82790 41.42946 175.00100
v 13.16842 42.34991 175.00100
v 10.45591 43.09984 175.00100
v 7.70130 43.67622 175.00100
v 4.91567 44.07674 175.00100
v 2.11026 44.29977 175.00100
v -0.70366 44.34442 175.00100
v -3.51474 44.21051 175.00100
v -6.31166 43.89858 175.00100
v -9.08318 43.40989 175.00100
v -11.81811 42.74640 175.00100
v -14.50546 41.91079 175.00100
v -17.13441 40.90641 175.00100
v -19.69436 39.73732 175.00100
v -22.17500 38.40823 175.00100
v -24.56635 36.92447 175.00100
v -26.85879 35.29204 175.00100
v -29.04307 33.51749 175.00100
v -31.11041 31.60799 175.00100
v -33.05248 29.57121 175.00100
v -34.86145 27.41535 175.00100
v -36.53006 25.14911 175.00100
v -38.05156 22.78159 175.00100
v -39.41985 20.32235 175.00100
v -40.62941 17.78127 175.00100
v -41.67537 15.16859 175.00100
v -42.55351 12.49484 175.00100
vn 0.20478 -0.04230 -0.97789
vn 0.20487 -0.02999 0.97833
vn 0.20537 -0.00599 -0.97867
vn 0.20372 0.00594 0.97901
vn 0.20152 0.02951 -0.97904
vn 0.19885 0.04107 0.97917
vn 0.19275 0.06385 -0.97917
vn 0.18928 0.07521 0.97904
vn 0.26426 0.14247 -0.95387
vn 0.17486 0.10787 0.97867
vn 0.25101 0.19844 -0.94743
vn 0.15620 0.13902 0.97789
vn 0.23754 0.26689 -0.93399
vn 0.13414 0.16968 0.97633
vn 0.22165 0.35929 -0.90652
vn 0.10920 0.20256 0.97316
vn 0.19794 0.49815 -0.84420
vn 0.08062 0.24336 0.96658
vn 0.14931 0.72285 -0.67468
vn 0.04460 0.30464 0.95142
vn 0.00055 0.01877 -0.99982
vn -0.00063 0.02153 0.99977
vn -0.04477 0.30578 -0.95105
vn -0.05876 0.28449 0.95688
vn -0.07144 0.21564 -0.97386
vn -0.08311 0.20915 0.97434
vn -0.08757 0.16244 -0.98282
vn -0.09929 0.16095 0.98196
vn -0.09934 0.12566 -0.98709
vn -0.11188 0.12571 0.98574
vn -0.10914 0.09714 -0.98927
vn -0.12290 0.09716 0.98765
vn -0.11815 0.07289 -0.99032
vn -0.13347 0.07196 0.98844
vn -0.12718 0.05053 -0.99059
vn -0.14446 0.04786 0.98835
vn -0.01411 0.00291 -0.99990
vn -0.01544 0.00226 0.99988
vn -0.33473 0.00976 -0.94226
vn -0.23088 -0.00673 0.97296
vn -0.29186 -0.04273 -0.95551
vn -0.21044 -0.04347 0.97664
vn -0.25900 -0.08580 -0.96206
vn -0.19242 -0.07646 0.97833
vn -0.23170 -0.12491 -0.96474
vn -0.17346 -0.10700 0.97901
vn -0.20716 -0.16378 -0.96450
vn -0.15167 -0.13500 0.97917
vn -0.18323 -0.20586 -0.96127
vn -0.12631 -0.15977 0.97904
vn -0.15762 -0.25551 -0.95387
vn -0.09750 -0.18085 0.97867
vn -0.12703 -0.31969 -0.93897
vn -0.06576 -0.19849 0.97789
vn -0.08504 -0.41171 -0.90734
vn -0.03133 -0.21402 0.97633
vn -0.01631 -0.55936 -0.82876
vn 0.00671 -0.23002 0.97316
vn 0.00376 -0.02565 -0.99966
vn 0.00233 -0.01129 0.99993
vn 0.05450 -0.16451 -0.98487
vn 0.02853 -0.07181 0.99701
vn 0.01449 -0.02687 -0.99953
vn 0.04022 -0.06520 0.99706
vn 0.19095 -0.24153 -0.95142
vn 0.05159 -0.05796 0.99699
vn 0.19150 -0.17044 -0.96658
vn 0.00917 -0.00725 0.99993
vn 0.19585 -0.12082 -0.97316
vn 0.20331 -0.10961 0.97296
vn 0.20101 -0.07987 -0.97633
vn 0.20398 -0.06758 0.97664
vn 0.21183 -0.04375 -0.97633
vn 0.21262 -0.03113 0.97664
vn 0.23002 -0.00671 -0.97316
vn 0.23088 0.00673 0.97296
vn 0.01506 0.00221 -0.99988
vn 0.01528 0.00316 0.99988
vn 0.11774 0.03901 -0.99228
vn 0.03610 0.01435 0.99925
vn 0.11607 0.06258 -0.99127
vn 0.03443 0.02124 0.99918
vn 0.11470 0.09068 -0.98925
vn 0.12796 0.11389 0.98522
vn 0.11356 0.12759 -0.98530
vn 0.02569 0.03249 0.99914
vn 0.11258 0.18249 -0.97674
vn 0.08163 0.15141 0.98509
vn 0.11131 0.28013 -0.95349
vn 0.01302 0.03931 0.99914
vn 0.10557 0.51112 -0.85300
vn 0.02482 0.16950 0.98522
vn 0.00019 0.00652 -0.99998
vn -0.00118 0.04044 0.99918
vn -0.00531 0.03626 -0.99933
vn -0.00786 0.03805 0.99925
vn -0.00464 0.01401 -0.99989
vn -0.00565 0.01421 0.99988
vn -0.10961 0.20331 -0.97296
vn -0.12082 0.19585 0.97316
vn -0.13327 0.16857 -0.97664
vn -0.14380 0.16157 0.97633
vn -0.15466 0.13766 -0.97833
vn -0.16403 0.12968 0.97789
vn -0.17346 0.10701 -0.97901
vn -0.18085 0.09750 0.97867
vn -0.18870 0.07498 -0.97917
vn -0.19334 0.06405 0.97904
vn -0.19946 0.04120 -0.97904
vn -0.20091 0.02941 0.97917
vn -0.20537 0.00599 -0.97867
vn -0.20372 -0.00594 0.97901
vn -0.20690 -0.03029 -0.97789
vn -0.20277 -0.04188 0.97833
vn -0.20532 -0.06802 -0.97633
vn -0.19970 -0.07935 0.97664
vn -0.20256 -0.10920 -0.97316
vn -0.19658 -0.12127 0.97296
vn -0.20111 -0.15899 -0.96658
vn -0.00874 -0.00778 0.99993
vn -0.20470 -0.22999 -0.95142
vn -0.04812 -0.06087 0.99699
vn -0.01502 -0.02434 -0.99959
vn -0.03635 -0.06743 0.99706
vn -0.07278 -0.18316 -0.98039
vn -0.02430 -0.07335 0.99701
vn -0.00531 -0.02572 -0.99966
vn -0.00167 -0.01141 0.99993
vn -0.00009 -0.00308 -1.00000
vn 0.00671 -0.23002 0.97316
vn 0.03113 -0.21262 -0.97664
vn 0.04375 -0.21183 0.97633
vn 0.02502 -0.07551 -0.99683
vn 0.07722 -0.19432 0.97789
vn 0.14921 -0.27678 -0.94928
vn 0.10787 -0.17486 0.97867
vn 0.18205 -0.23027 -0.95595
vn 0.13541 -0.15214 0.97904
vn 0.21338 -0.18992 -0.95833
vn 0.15928 -0.12593 0.97917
vn 0.24610 -0.15182 -0.95728
vn 0.17940 -0.09671 0.97901
vn 0.28322 -0.11254 -0.95243
vn 0.19655 -0.06511 0.97833
vn 0.03774 -0.00780 -0.99926
vn 0.04098 -0.00600 0.99914
vn 0.16123 -0.00470 -0.98691
vn 0.17194 0.00501 0.98509
vn 0.03813 0.00558 -0.99926
vn 0.04056 0.00838 0.99914
vn 0.03590 0.01189 -0.99928
vn 0.15920 0.06326 0.98522
vn 0.13584 0.07323 -0.98802
vn 0.03443 0.02124 0.99918
vn 0.02855 0.02257 -0.99934
vn 0.02902 0.02583 0.99925
vn 0.00979 0.01100 -0.99989
vn 0.00949 0.01200 0.99988
vn 0.12127 0.19658 -0.97296
vn 0.10920 0.20256 0.97316
vn 0.07935 0.19970 -0.97664
vn 0.06802 0.20532 0.97633
vn 0.04188 0.20277 -0.97833
vn 0.03029 0.20690 0.97789
vn 0.00594 0.20372 -0.97901
vn -0.00599 0.20537 0.97867
vn -0.02941 0.20091 -0.97917
vn -0.04120 0.19946 0.97904
vn -0.06405 0.19334 -0.97904
vn -0.07498 0.18870 0.97917
vn -0.09750 0.18085 -0.97867
vn -0.10701 0.17346 0.97901
vn -0.12968 0.16403 -0.97789
vn -0.13766 0.15466 0.97833
vn -0.16157 0.14380 -0.97633
vn -0.16857 0.13327 0.97664
vn -0.19585 0.12082 -0.97316
vn -0.20331 0.10961 0.97296
vn -0.01071 0.00426 -0.99993
vn -0.01110 0.00368 0.99993
vn -0.07567 0.01563 -0.99701
vn -0.07677 0.01124 0.99699
vn -0.07658 0.00223 -0.99706
vn -0.07658 -0.00223 0.99706
vn -0.07677 -0.01124 -0.99699
vn -0.07567 -0.01563 0.99701
vn -0.01094 -0.00362 -0.99993
vn -0.01036 -0.00412 0.99994
vn -0.20256 -0.10920 -0.97316
vn -0.19658 -0.12127 0.97296
vn -0.16968 -0.13414 -0.97633
vn -0.16052 -0.14287 0.97664
vn -0.13902 -0.15620 -0.97789
vn -0.12841 -0.16242 0.97833
vn -0.10787 -0.17486 -0.97867
vn -0.09671 -0.17940 0.97901
vn -0.07521 -0.18928 -0.97904
vn -0.06385 -0.19275 0.97917
vn -0.04107 -0.19885 -0.97917
vn -0.02951 -0.20152 0.97904
vn -0.00594 -0.20372 -0.97901
vn 0.00599 -0.20537 0.97867
vn 0.03000 -0.20487 -0.97833
vn 0.04230 -0.20478 0.97789
vn 0.06758 -0.20398 -0.97664
vn 0.07987 -0.20101 0.97633
vn 0.10961 -0.20331 -0.97296
vn 0.12082 -0.19585 0.97316
vn 0.00913 -0.01155 -0.99989
vn 0.01017 -0.01143 0.99988
vn 0.02719 -0.02420 -0.99934
vn 0.03048 -0.02409 0.99925
vn 0.13134 -0.08102 -0.98802
vn 0.03561 -0.01920 0.99918
vn 0.03515 -0.01397 -0.99928
vn 0.16262 -0.05387 0.98522
vn 0.03738 -0.00772 -0.99927
vn 0.04061 -0.00595 0.99916
vn 0.03705 -0.00108 -0.99931
vn 0.03977 0.00116 0.99921
vn 0.14965 0.02191 -0.98850
vn 0.15706 0.03244 0.98706
vn 0.01047 0.00347 -0.99994
vn 0.01106 0.00439 0.99993
vn 0.20256 0.10920 -0.97316
vn 0.19658 0.12127 0.97296
vn 0.16968 0.13414 -0.97633
vn 0.16052 0.14287 0.97664
vn 0.13902 0.15620 -0.97789
vn 0.12841 0.16242 0.97833
vn 0.10787 0.17486 -0.97867
vn 0.09671 0.17940 0.97901
vn 0.07521 0.18928 -0.97904
vn 0.06385 0.19275 0.97917
vn 0.04107 0.19885 -0.97917
vn 0.02951 0.20152 0.97904
vn 0.00594 0.20372 -0.97901
vn -0.00599 0.20537 0.97867
vn -0.02999 0.20487 -0.97833
vn -0.04230 0.20478 0.97789
vn -0.06758 0.20398 -0.97664
vn -0.07987 0.20101 0.97633
vn -0.10961 0.20331 -0.97296
vn -0.12082 0.19585 0.97316
vn -0.00726 0.00918 -0.99993
vn -0.00767 0.00861 0.99993
vn -0.08656 0.07704 -0.99326
vn -0.06062 0.04792 0.99701
vn -0.06520 0.04022 -0.99706
vn -0.06743 0.03635 0.99706
vn -0.07181 0.02853 -0.99701
vn -0.07366 0.02440 0.99699
vn -0.01129 0.00233 -0.99993
vn -0.01157 0.00169 0.99993
vn -0.23002 0.00671 -0.97316
vn -0.23088 -0.00673 0.97296
vn -0.21402 -0.03133 -0.97633
vn -0.21044 -0.04347 0.97664
vn -0.19849 -0.06576 -0.97789
vn -0.19242 -0.07646 0.97833
vn -0.18085 -0.09750 -0.97867
vn -0.17346 -0.10700 0.97901
vn -0.15977 -0.12631 -0.97904
vn -0.15167 -0.13500 0.97917
vn -0.13500 -0.15167 -0.97917
vn -0.12631 -0.15977 0.97904
vn -0.10700 -0.17346 -0.97901
vn -0.09750 -0.18085 0.97867
vn -0.07646 -0.19242 -0.97833
vn -0.06576 -0.19849 0.97789
vn -0.04347 -0.21044 -0.97664
vn -0.03133 -0.21402 0.97633
vn -0.00673 -0.23088 -0.97296
vn 0.00671 -0.23002 0.97316
vn 0.00162 -0.01109 -0.99994
vn 0.00237 -0.01148 0.99993
vn 0.04843 -0.14618 -0.98807
vn 0.05922 -0.14904 0.98706
vn 0.01769 -0.03281 -0.99931
vn 0.02089 -0.03386 0.99921
vn 0.09753 -0.12337 -0.98756
vn 0.02729 -0.03066 0.99916
vn 0.02865 -0.02550 -0.99926
vn 0.13478 -0.10656 0.98513
vn 0.03289 -0.02029 -0.99925
vn 0.03657 -0.01971 0.99914
vn 0.14946 -0.05939 -0.98698
vn 0.16310 -0.05403 0.98513
vn 0.20478 -0.04230 -0.97789
vn 0.20487 -0.03000 0.97833
vn 0.20537 -0.00599 -0.97867
vn 0.20372 0.00594 0.97901
vn 0.20152 0.02951 -0.97904
vn 0.19885 0.04107 0.97917
vn 0.19275 0.06385 -0.97917
vn 0.18928 0.07521 0.97904
vn 0.17940 0.09671 -0.97901
vn 0.17486 0.10787 0.97867
vn 0.16242 0.12841 -0.97833
vn 0.15620 0.13902 0.97789
vn 0.14287 0.16052 -0.97664
vn 0.13414 0.16968 0.97633
vn 0.12127 0.19658 -0.97296
vn 0.10920 0.20256 0.97316
vn 0.00412 0.01036 -0.99994
vn 0.00363 0.01094 0.99993
vn 0.01563 0.07567 -0.99701
vn 0.01119 0.07646 0.99701
vn 0.00334 0.11462 -0.99340
vn -0.00334 0.11462 0.99340
vn -0.01119 0.07646 -0.99701
vn -0.01563 0.07567 0.99701
vn -0.00350 0.01058 -0.99994
vn -0.00426 0.01071 0.99993
vn -0.10961 0.20331 -0.97296
vn -0.12082 0.19585 0.97316
vn -0.13327 0.16857 -0.97664
vn -0.14380 0.16157 0.97633
vn -0.15466 0.13766 -0.97833
vn -0.16403 0.12968 0.97789
vn -0.17346 0.10701 -0.97901
vn -0.18085 0.09750 0.97867
vn -0.18870 0.07498 -0.97917
vn -0.19334 0.06405 0.97904
vn -0.19946 0.04120 -0.97904
vn -0.20091 0.02941 0.97917
vn -0.20537 0.00599 -0.97867
vn -0.20372 -0.00594 0.97901
vn -0.20690 -0.03029 -0.97789
vn -0.20277 -0.04188 0.97833
vn -0.20532 -0.06802 -0.97633
vn -0.19970 -0.07935 0.97664
vn -0.20256 -0.10920 -0.97316
vn -0.19658 -0.12127 0.97296
vn -0.01131 -0.00895 -0.99990
vn -0.00889 -0.00791 0.99993
vn -0.02395 -0.02691 -0.99935
vn -0.09946 -0.12580 0.98706
vn -0.01967 -0.03189 -0.99930
vn -0.01888 -0.03502 0.99921
vn -0.05862 -0.14752 -0.98732
vn -0.01291 -0.03896 0.99916
vn -0.00777 -0.03764 -0.99926
vn -0.02489 -0.17001 0.98513
vn -0.00113 -0.03862 -0.99925
vn 0.00121 -0.04152 0.99914
vn 0.02319 -0.15837 -0.98711
vn 0.03476 -0.16827 0.98513
vn 0.01196 -0.03610 -0.99928
vn 0.01516 -0.03814 0.99916
vn 0.07479 -0.13873 -0.98750
vn 0.02089 -0.03386 0.99921
vn 0.02280 -0.02884 -0.99932
vn 0.10662 -0.11979 0.98706
vn 0.00823 -0.00733 -0.99994
vn 0.00933 -0.00738 0.99993
vn 0.19585 -0.12082 -0.97316
vn 0.20331 -0.10961 0.97296
vn 0.20101 -0.07987 -0.97633
vn 0.20398 -0.06758 0.97664
vn 0.21183 -0.04375 -0.97633
vn 0.21262 -0.03113 0.97664
vn 0.23002 -0.00671 -0.97316
vn 0.23088 0.00673 0.97296
vn 0.01141 0.00167 -0.99993
vn 0.01145 0.00237 0.99993
vn 0.07335 0.02430 -0.99701
vn 0.07211 0.02865 0.99699
vn 0.06743 0.03635 -0.99706
vn 0.06520 0.04022 0.99706
vn 0.06087 0.04812 -0.99699
vn 0.05772 0.05137 0.99701
vn 0.00778 0.00874 -0.99993
vn 0.00715 0.00904 0.99993
vn 0.12127 0.19658 -0.97296
vn 0.10920 0.20256 0.97316
vn 0.07935 0.19970 -0.97664
vn 0.06802 0.20532 0.97633
vn 0.04188 0.20277 -0.97833
vn 0.03029 0.20690 0.97789
vn 0.00594 0.20372 -0.97901
vn -0.00599 0.20537 0.97867
vn -0.02941 0.20091 -0.97917
vn -0.04120 0.19946 0.97904
vn -0.06405 0.19334 -0.97904
vn -0.07498 0.18870 0.97917
vn -0.09750 0.18085 -0.97867
vn -0.10701 0.17346 0.97901
vn -0.12968 0.16403 -0.97789
vn -0.13766 0.15466 0.97833
vn -0.16157 0.14380 -0.97633
vn -0.16857 0.13327 0.97664
vn -0.19585 0.12082 -0.97316
vn -0.20331 0.10961 0.97296
vn -0.01342 0.00533 -0.99990
vn -0.01130 0.00374 0.99993
vn -0.03552 0.00734 -0.99934
vn -0.15868 0.02323 0.98706
vn -0.03764 0.00110 -0.99929
vn -0.03977 -0.00116 0.99921
vn -0.15864 -0.02323 -0.98706
vn -0.04020 -0.00830 0.99916
vn -0.03655 -0.01211 -0.99926
vn -0.15968 -0.06345 0.98513
vn -0.14199 -0.07655 -0.98690
vn -0.03536 -0.02181 0.99914
vn -0.03026 -0.02392 -0.99926
vn -0.12835 -0.11423 0.98513
vn -0.02519 -0.02830 -0.99928
vn -0.02545 -0.03220 0.99916
vn -0.08158 -0.13224 -0.98785
vn -0.01888 -0.03502 0.99921
vn -0.01349 -0.03394 -0.99933
vn -0.05043 -0.15224 0.98706
vn -0.00298 -0.01444 -0.99989
vn -0.00170 -0.01160 0.99993
vn -0.00673 -0.23088 -0.97296
vn 0.00671 -0.23002 0.97316
vn 0.03113 -0.21262 -0.97664
vn 0.04375 -0.21183 0.97633
vn 0.06511 -0.19655 -0.97833
vn 0.07722 -0.19432 0.97789
vn 0.09671 -0.17940 -0.97901
vn 0.10787 -0.17486 0.97867
vn 0.12593 -0.15928 -0.97917
vn 0.13541 -0.15214 0.97904
vn 0.15214 -0.13541 -0.97904
vn 0.15928 -0.12593 0.97917
vn 0.17486 -0.10787 -0.97867
vn 0.17940 -0.09671 0.97901
vn 0.19432 -0.07722 -0.97789
vn 0.19655 -0.06511 0.97833
vn 0.07567 -0.01563 -0.99701
vn 0.07677 -0.01124 0.99699
vn 0.07658 -0.00223 -0.99706
vn 0.07658 0.00223 0.99706
vn 0.07677 0.01124 -0.99699
vn 0.07567 0.01563 0.99701
vn 0.01094 0.00362 -0.99993
vn 0.01036 0.00412 0.99994
vn 0.20256 0.10920 -0.97316
vn 0.19658 0.12127 0.97296
vn 0.16968 0.13414 -0.97633
vn 0.16052 0.14287 0.97664
vn 0.13902 0.15620 -0.97789
vn 0.12841 0.16242 0.97833
vn 0.10787 0.17486 -0.97867
vn 0.09671 0.17940 0.97901
vn 0.07521 0.18928 -0.97904
vn 0.06385 0.19275 0.97917
vn 0.04107 0.19885 -0.97917
vn 0.02951 0.20152 0.97904
vn 0.00594 0.20372 -0.97901
vn -0.00599 0.20537 0.97867
vn -0.03000 0.20487 -0.97833
vn -0.04230 0.20478 0.97789
vn -0.06758 0.20398 -0.97664
vn -0.07987 0.20101 0.97633
vn -0.10961 0.20331 -0.97296
vn -0.12082 0.19585 0.97316
vn -0.00695 0.00879 -0.99994
vn -0.01017 0.01143 0.99988
vn -0.11399 0.10145 -0.98829
vn -0.03048 0.02409 0.99925
vn -0.03163 0.01952 -0.99931
vn -0.03561 0.01920 0.99918
vn -0.03553 0.01412 -0.99927
vn -0.16262 0.05387 0.98522
vn -0.15791 0.03262 -0.98691
vn -0.04098 0.00600 0.99914
vn -0.03862 0.00113 -0.99925
vn -0.17194 -0.00501 0.98509
vn -0.15955 -0.02336 -0.98691
vn -0.04056 -0.00838 0.99914
vn -0.03630 -0.01202 -0.99927
vn -0.15920 -0.06326 0.98522
vn -0.03272 -0.01764 -0.99931
vn -0.03443 -0.02124 0.99918
vn -0.11971 -0.09464 -0.98829
vn -0.02902 -0.02583 0.99925
vn -0.00745 -0.00837 -0.99994
vn -0.00949 -0.01200 0.99988
vn -0.12127 -0.19658 -0.97296
vn -0.10920 -0.20256 0.97316
vn -0.07935 -0.19970 -0.97664
vn -0.06802 -0.20532 0.97633
vn -0.04188 -0.20277 -0.97833
vn -0.03029 -0.20690 0.97789
vn -0.00594 -0.20372 -0.97901
vn 0.00599 -0.20537 0.97867
vn 0.02941 -0.20091 -0.97917
vn 0.04120 -0.19946 0.97904
vn 0.06405 -0.19334 -0.97904
vn 0.07498 -0.18870 0.97917
vn 0.09750 -0.18085 -0.97867
vn 0.10701 -0.17346 0.97901
vn 0.12968 -0.16403 -0.97789
vn 0.13766 -0.15466 0.97833
vn 0.16157 -0.14380 -0.97633
vn 0.16857 -0.13327 0.97664
vn 0.19585 -0.12082 -0.97316
vn 0.20331 -0.10961 0.97296
vn 0.01071 -0.00426 -0.99993
vn 0.01110 -0.00368 0.99993
vn 0.19946 -0.04120 -0.97904
vn 0.20091 -0.02941 0.97917
vn 0.20537 -0.00599 -0.97867
vn 0.20372 0.00594 0.97901
vn 0.20690 0.03029 -0.97789
vn 0.20277 0.04188 0.97833
vn 0.20532 0.06802 -0.97633
vn 0.19970 0.07935 0.97664
vn 0.20256 0.10920 -0.97316
vn 0.19658 0.12127 0.97296
vn 0.00904 0.00715 -0.99993
vn 0.00874 0.00778 0.99993
vn 0.05137 0.05772 -0.99701
vn 0.04812 0.06087 0.99699
vn 0.04022 0.06520 -0.99706
vn 0.03635 0.06743 0.99706
vn 0.02865 0.07211 -0.99699
vn 0.02430 0.07335 0.99701
vn 0.00237 0.01145 -0.99993
vn 0.00167 0.01141 0.99993
vn 0.00673 0.23088 -0.97296
vn -0.00671 0.23002 0.97316
vn -0.03113 0.21262 -0.97664
vn -0.04375 0.21183 0.97633
vn -0.06511 0.19655 -0.97833
vn -0.07722 0.19432 0.97789
vn -0.09671 0.17940 -0.97901
vn -0.10787 0.17486 0.97867
vn -0.12593 0.15928 -0.97917
vn -0.13541 0.15214 0.97904
vn -0.15214 0.13541 -0.97904
vn -0.15928 0.12593 0.97917
vn -0.17486 0.10787 -0.97867
vn -0.17940 0.09671 0.97901
vn -0.19432 0.07722 -0.97789
vn -0.19655 0.06511 0.97833
vn -0.21183 0.04375 -0.97633
vn -0.21262 0.03113 0.97664
vn -0.23002 0.00671 -0.97316
vn -0.23088 -0.00673 0.97296
vn -0.01091 -0.00160 -0.99994
vn -0.01528 -0.00316 0.99988
vn -0.14233 -0.04715 -0.98870
vn -0.03610 -0.01435 0.99925
vn -0.03254 -0.01754 -0.99932
vn -0.03443 -0.02124 0.99918
vn -0.02989 -0.02363 -0.99927
vn -0.12796 -0.11389 0.98522
vn -0.10666 -0.11984 -0.98705
vn -0.02569 -0.03249 0.99914
vn -0.02029 -0.03288 -0.99925
vn -0.08163 -0.15141 0.98509
vn -0.01418 -0.03568 -0.99926
vn -0.01302 -0.03931 0.99914
vn -0.03196 -0.15472 -0.98744
vn -0.02482 -0.16950 0.98522
vn -0.00109 -0.03735 -0.99930
vn 0.00118 -0.04044 0.99918
vn 0.00520 -0.03552 -0.99936
vn 0.00786 -0.03805 0.99925
vn 0.00462 -0.01394 -0.99989
vn 0.00565 -0.01421 0.99988
vn 0.10961 -0.20331 -0.97296
vn 0.12082 -0.19585 0.97316
vn 0.13327 -0.16857 -0.97664
vn 0.14380 -0.16157 0.97633
vn 0.15466 -0.13766 -0.97833
vn 0.16403 -0.12968 0.97789
vn 0.17346 -0.10701 -0.97901
vn 0.18085 -0.09750 0.97867
vn 0.18870 -0.07498 -0.97917
vn 0.19334 -0.06405 0.97904
vn 0.01413 -0.00292 -0.99990
vn 0.01544 -0.00226 0.99988
vn 0.23002 -0.00671 -0.97316
vn 0.23088 0.00673 0.97296
vn 0.21402 0.03133 -0.97633
vn 0.21044 0.04347 0.97664
vn 0.19849 0.06576 -0.97789
vn 0.19242 0.07646 0.97833
vn 0.18085 0.09750 -0.97867
vn 0.17346 0.10700 0.97901
vn 0.15977 0.12631 -0.97904
vn 0.15167 0.13500 0.97917
vn 0.13500 0.15167 -0.97917
vn 0.12631 0.15977 0.97904
vn 0.10700 0.17346 -0.97901
vn 0.09750 0.18085 0.97867
vn 0.07646 0.19242 -0.97833
vn 0.06576 0.19849 0.97789
vn 0.04347 0.21044 -0.97664
vn 0.03133 0.21402 0.97633
vn 0.00673 0.23088 -0.97296
vn -0.00671 0.23002 0.97316
vn -0.00169 0.01157 -0.99993
vn -0.00233 0.01129 0.99993
vn -0.02440 0.07366 -0.99699
vn -0.02853 0.07181 0.99701
vn -0.03635 0.06743 -0.99706
vn -0.04022 0.06520 0.99706
vn -0.04792 0.06062 -0.99701
vn -0.05159 0.05796 0.99699
vn -0.00861 0.00767 -0.99993
vn -0.00917 0.00725 0.99993
vn -0.19585 0.12082 -0.97316
vn -0.20331 0.10961 0.97296
vn -0.20101 0.07987 -0.97633
vn -0.20398 0.06758 0.97664
vn -0.20478 0.04230 -0.97789
vn -0.20487 0.02999 0.97833
vn -0.20537 0.00599 -0.97867
vn -0.20372 -0.00594 0.97901
vn -0.20152 -0.02951 -0.97904
vn -0.19885 -0.04107 0.97917
vn -0.19275 -0.06385 -0.97917
vn -0.18928 -0.07521 0.97904
vn -0.17940 -0.09671 -0.97901
vn -0.17486 -0.10787 0.97867
vn -0.16242 -0.12841 -0.97833
vn -0.15620 -0.13902 0.97789
vn -0.14287 -0.16052 -0.97664
vn -0.13414 -0.16968 0.97633
vn -0.12127 -0.19658 -0.97296
vn -0.10920 -0.20256 0.97316
vn -0.00545 -0.01371 -0.99989
vn -0.00481 -0.01452 0.99988
vn -0.00741 -0.03589 -0.99933
vn -0.00563 -0.03844 0.99925
vn -0.00456 -0.15641 -0.98768
vn 0.00118 -0.04044 0.99918
vn 0.00550 -0.03756 -0.99928
vn 0.03465 -0.16777 0.98522
vn 0.01214 -0.03664 -0.99925
vn 0.01529 -0.03849 0.99914
vn 0.07656 -0.14201 -0.98690
vn 0.09031 -0.14640 0.98509
vn 0.02386 -0.03018 -0.99926
vn 0.02753 -0.03094 0.99914
vn 0.11916 -0.10606 -0.98719
vn 0.13438 -0.10624 0.98522
vn 0.03197 -0.01972 -0.99929
vn 0.03561 -0.01920 0.99918
vn 0.03359 -0.01335 -0.99935
vn 0.03688 -0.01222 0.99925
vn 0.07567 -0.01563 -0.99701
vn 0.07677 -0.01124 0.99699
vn 0.07658 -0.00223 -0.99706
vn 0.07658 0.00223 0.99706
vn 0.01021 0.00150 -0.99995
vn 0.07567 0.01563 0.99701
vn 0.07335 0.02430 -0.99701
vn 0.00959 0.00381 0.99995
vn 0.06743 0.03635 -0.99706
vn 0.06520 0.04022 0.99706
vn 0.06087 0.04812 -0.99699
vn 0.05772 0.05137 0.99701
vn 0.00773 0.00868 -0.99993
vn 0.00640 0.00810 0.99995
vn 0.05901 0.09565 -0.99366
vn 0.03635 0.06743 0.99706
vn 0.04279 0.10769 -0.99326
vn 0.02430 0.07335 0.99701
vn 0.02509 0.12147 -0.99228
vn 0.00143 0.00977 0.99995
vn 0.00404 0.13854 -0.99035
vn -0.00223 0.07658 0.99706
vn -0.00074 0.00503 -0.99999
vn -0.00209 0.01011 0.99995
vn -0.02974 0.08978 -0.99552
vn -0.02853 0.07181 0.99701
vn -0.04065 0.07541 -0.99632
vn -0.04022 0.06520 0.99706
vn -0.04987 0.06308 -0.99676
vn -0.00686 0.00771 0.99995
vn -0.05796 0.05159 -0.99699
vn -0.06062 0.04792 0.99701
vn -0.06520 0.04022 -0.99706
vn -0.06743 0.03635 0.99706
vn -0.00918 0.00365 -0.99995
vn -0.01024 0.00339 0.99994
vn -0.07567 0.01563 -0.99701
vn -0.07677 0.01124 0.99699
vn -0.07658 0.00223 -0.99706
vn -0.07658 -0.00223 0.99706
vn -0.01021 -0.00150 -0.99995
vn -0.07567 -0.01563 0.99701
vn -0.07335 -0.02430 -0.99701
vn -0.00959 -0.00381 0.99995
vn -0.06743 -0.03635 -0.99706
vn -0.06520 -0.04022 0.99706
vn -0.00810 -0.00640 -0.99995
vn -0.05772 -0.05137 0.99701
vn -0.05137 -0.05772 -0.99701
vn -0.00640 -0.00810 0.99995
vn -0.04022 -0.06520 -0.99706
vn -0.03635 -0.06743 0.99706
vn -0.00398 -0.01003 -0.99994
vn -0.02430 -0.07335 0.99701
vn -0.01570 -0.07599 -0.99699
vn -0.00150 -0.01021 0.99995
vn -0.00168 -0.05746 -0.99835
vn 0.00168 -0.05746 0.99835
vn 0.01124 -0.07677 -0.99699
vn 0.00209 -0.01011 0.99995
vn 0.00339 -0.01024 -0.99994
vn 0.02853 -0.07181 0.99701
vn 0.03635 -0.06743 -0.99706
vn 0.04022 -0.06520 0.99706
vn 0.04792 -0.06062 -0.99701
vn 0.00686 -0.00771 0.99995
vn 0.00771 -0.00686 -0.99995
vn 0.06062 -0.04792 0.99701
vn 0.06520 -0.04022 -0.99706
vn 0.06743 -0.03635 0.99706
vn 0.00918 -0.00365 -0.99995
vn 0.01024 -0.00339 0.99994
vn 0.14812 -0.03059 -0.98850
vn 0.15868 -0.02323 0.98706
vn 0.03705 -0.00108 -0.99931
vn 0.03977 0.00116 0.99921
vn 0.15425 0.02258 -0.98777
vn 0.04020 0.00830 0.99916
vn 0.14954 0.04954 -0.98751
vn 0.15968 0.06345 0.98513
vn 0.14542 0.07840 -0.98626
vn 0.03536 0.02181 0.99914
vn 0.14159 0.11194 -0.98358
vn 0.12835 0.11423 0.98513
vn 0.13772 0.15473 -0.97831
vn 0.02545 0.03220 0.99916
vn 0.13322 0.21594 -0.96728
vn 0.01888 0.03502 0.99921
vn 0.12638 0.31807 -0.93961
vn 0.05043 0.15224 0.98706
vn 0.10944 0.52984 -0.84101
vn 0.00170 0.01160 0.99993
vn 0.00023 0.00772 -0.99997
vn -0.00671 0.23002 0.97316
vn -0.03113 0.21262 -0.97664
vn -0.04375 0.21183 0.97633
vn -0.02502 0.07551 -0.99683
vn -0.07722 0.19432 0.97789
vn -0.14921 0.27678 -0.94928
vn -0.10787 0.17486 0.97867
vn -0.18205 0.23027 -0.95595
vn -0.13541 0.15214 0.97904
vn -0.21338 0.18992 -0.95833
vn -0.15928 0.12593 0.97917
vn -0.24610 0.15182 -0.95728
vn -0.17940 0.09671 0.97901
vn -0.28322 0.11254 -0.95243
vn -0.19655 0.06511 0.97833
vn -0.21183 0.04375 -0.97633
vn -0.21262 0.03113 0.97664
vn -0.23002 0.00671 -0.97316
vn -0.23088 -0.00673 0.97296
vn -0.01136 -0.00166 -0.99993
vn -0.01145 -0.00237 0.99993
vn -0.07335 -0.02430 -0.99701
vn -0.07211 -0.02865 0.99699
vn -0.06743 -0.03635 -0.99706
vn -0.06520 -0.04022 0.99706
vn -0.06087 -0.04812 -0.99699
vn -0.05772 -0.05137 0.99701
vn -0.00778 -0.00874 -0.99993
vn -0.00715 -0.00904 0.99993
vn -0.12127 -0.19658 -0.97296
vn -0.10920 -0.20256 0.97316
vn -0.07935 -0.19970 -0.97664
vn -0.06802 -0.20532 0.97633
vn -0.04188 -0.20277 -0.97833
vn -0.03029 -0.20690 0.97789
vn -0.00594 -0.20372 -0.97901
vn 0.00599 -0.20537 0.97867
vn 0.02941 -0.20091 -0.97917
vn 0.04120 -0.19946 0.97904
vn 0.06405 -0.19334 -0.97904
vn 0.07498 -0.18870 0.97917
vn 0.09750 -0.18085 -0.97867
vn 0.10701 -0.17346 0.97901
vn 0.12968 -0.16403 -0.97789
vn 0.13766 -0.15466 0.97833
vn 0.16157 -0.14380 -0.97633
vn 0.16857 -0.13327 0.97664
vn 0.19585 -0.12082 -0.97316
vn 0.20331 -0.10961 0.97296
vn 0.01025 -0.00407 -0.99994
vn 0.01130 -0.00374 0.99993
vn 0.19946 -0.04120 -0.97904
vn 0.20091 -0.02941 0.97917
vn 0.20537 -0.00599 -0.97867
vn 0.20372 0.00594 0.97901
vn 0.20690 0.03029 -0.97789
vn 0.20277 0.04188 0.97833
vn 0.20532 0.06802 -0.97633
vn 0.19970 0.07935 0.97664
vn 0.20256 0.10920 -0.97316
vn 0.19658 0.12127 0.97296
vn 0.00865 0.00684 -0.99994
vn 0.00889 0.00791 0.99993
vn 0.02444 0.02746 -0.99932
vn 0.09946 0.12580 0.98706
vn 0.08275 0.13413 -0.98750
vn 0.01888 0.03502 0.99921
vn 0.01404 0.03535 -0.99928
vn 0.01291 0.03896 0.99916
vn 0.03238 0.15675 -0.98711
vn 0.02489 0.17001 0.98513
vn 0.00011 0.00377 -0.99999
vn -0.00048 0.01633 0.99987
vn -0.05260 0.35923 -0.93176
vn -0.00122 0.00588 0.99998
vn -0.06416 0.19368 -0.97896
vn -0.07471 0.18802 0.97932
vn -0.01038 0.01925 -0.99976
vn -0.01114 0.01805 0.99978
vn -0.25991 0.32876 -0.90794
vn -0.21738 0.24423 0.94504
vn -0.24446 0.21758 -0.94493
vn -0.20594 0.16282 0.96492
vn -0.23504 0.14500 -0.96111
vn -0.20331 0.10961 0.97296
vn -0.22935 0.09113 -0.96907
vn -0.20398 0.06758 0.97664
vn -0.22615 0.04671 -0.97297
vn -0.20487 0.03000 0.97833
vn -0.08741 0.00255 -0.99617
vn -0.20372 -0.00594 0.97901
vn -0.20152 -0.02951 -0.97904
vn -0.19885 -0.04107 0.97917
vn -0.19275 -0.06385 -0.97917
vn -0.18928 -0.07521 0.97904
vn -0.17940 -0.09671 -0.97901
vn -0.17486 -0.10787 0.97867
vn -0.16242 -0.12841 -0.97833
vn -0.15620 -0.13902 0.97789
vn -0.14287 -0.16052 -0.97664
vn -0.13414 -0.16968 0.97633
vn -0.12127 -0.19658 -0.97296
vn -0.10920 -0.20256 0.97316
vn -0.09694 -0.24398 -0.96492
vn -0.00363 -0.01094 0.99993
vn -0.06614 -0.32020 -0.94504
vn -0.01119 -0.07646 0.99701
vn -0.00095 -0.03255 -0.99947
vn 0.00223 -0.07658 0.99706
vn 0.04737 -0.32351 -0.94504
vn 0.02344 -0.11349 0.99326
vn 0.08256 -0.24921 -0.96492
vn 0.00426 -0.01071 0.99993
vn 0.10961 -0.20331 -0.97296
vn 0.12082 -0.19585 0.97316
vn 0.13327 -0.16857 -0.97664
vn 0.14380 -0.16157 0.97633
vn 0.15466 -0.13766 -0.97833
vn 0.16403 -0.12968 0.97789
vn 0.17346 -0.10701 -0.97901
vn 0.18085 -0.09750 0.97867
vn 0.18870 -0.07498 -0.97917
vn 0.19334 -0.06405 0.97904
vn 0.07803 -0.01612 -0.99682
vn 0.01157 -0.00169 0.99993
vn 0.08423 -0.00246 -0.99644
vn 0.23088 0.00673 0.97296
vn 0.09104 0.01333 -0.99576
vn 0.21044 0.04347 0.97664
vn 0.00466 0.00154 -0.99999
vn 0.19242 0.07646 0.97833
vn 0.06514 0.03512 -0.99726
vn 0.17346 0.10700 0.97901
vn 0.06341 0.05013 -0.99673
vn 0.15167 0.13500 0.97917
vn 0.06147 0.06906 -0.99572
vn 0.12631 0.15977 0.97904
vn 0.05901 0.09565 -0.99366
vn 0.09750 0.18085 0.97867
vn 0.05528 0.13913 -0.98873
vn 0.06576 0.19849 0.97789
vn 0.04765 0.23071 -0.97186
vn 0.03133 0.21402 0.97633
vn 0.00053 0.01805 -0.99984
vn -0.00671 0.23002 0.97316
vn -0.00214 0.01459 -0.99989
vn -0.00237 0.01148 0.99993
vn -0.01149 0.03467 -0.99933
vn -0.05922 0.14904 0.98706
vn -0.07373 0.13677 -0.98785
vn -0.02089 0.03386 0.99921
vn -0.02350 0.02972 -0.99928
vn -0.02729 0.03066 0.99916
vn -0.02881 0.02564 -0.99926
vn -0.13478 0.10656 0.98513
vn -0.13728 0.08469 -0.98690
vn -0.03657 0.01971 0.99914
vn -0.03578 0.01422 -0.99926
vn -0.16310 0.05403 0.98513
vn -0.15701 0.03243 -0.98706
vn -0.04061 0.00595 0.99916
vn -0.03764 0.00110 -0.99929
vn -0.03977 -0.00116 0.99921
vn -0.03589 -0.00525 -0.99934
vn -0.15706 -0.03244 0.98706
vn -0.01371 -0.00454 -0.99990
vn -0.01106 -0.00439 0.99993
vn -0.20256 -0.10920 -0.97316
vn -0.19658 -0.12127 0.97296
vn -0.16968 -0.13414 -0.97633
vn -0.16052 -0.14287 0.97664
vn -0.13902 -0.15620 -0.97789
vn -0.12841 -0.16242 0.97833
vn -0.10787 -0.17486 -0.97867
vn -0.09671 -0.17940 0.97901
vn -0.07521 -0.18928 -0.97904
vn -0.06385 -0.19275 0.97917
vn -0.04107 -0.19885 -0.97917
vn -0.02951 -0.20152 0.97904
vn -0.00594 -0.20372 -0.97901
vn 0.00599 -0.20537 0.97867
vn 0.02999 -0.20487 -0.97833
vn 0.04230 -0.20478 0.97789
vn 0.06758 -0.20398 -0.97664
vn 0.07987 -0.20101 0.97633
vn 0.10961 -0.20331 -0.97296
vn 0.12082 -0.19585 0.97316
vn 0.00726 -0.00918 -0.99993
vn 0.00767 -0.00861 0.99993
vn 0.08656 -0.07704 -0.99326
vn 0.06062 -0.04792 0.99701
vn 0.06520 -0.04022 -0.99706
vn 0.06743 -0.03635 0.99706
vn 0.07181 -0.02853 -0.99701
vn 0.07366 -0.02440 0.99699
vn 0.77442 -0.05689 -0.63011
vn 0.77116 0.00000 -0.63665
vn 0.78382 -0.12556 -0.60816
vn 0.63507 -0.15844 -0.75603
vn 0.72700 -0.23917 -0.64364
vn 0.71665 -0.29555 -0.63171
vn 0.70742 -0.36518 -0.60515
vn 0.65752 -0.41436 -0.62926
vn 0.61917 -0.45683 -0.63869
vn 0.58130 -0.49862 -0.64301
vn 0.49614 -0.50498 -0.70629
vn 0.49262 -0.59608 -0.63404
vn 0.44563 -0.62776 -0.63822
vn 0.39912 -0.65985 -0.63663
vn 0.35452 -0.71755 -0.59953
vn 0.27977 -0.71532 -0.64035
vn 0.19316 -0.62557 -0.75588
vn 0.17286 -0.75124 -0.63700
vn 0.11177 -0.78633 -0.60761
vn 0.04237 -0.76954 -0.63719
vn -0.01425 -0.77710 -0.62922
vn -0.07046 -0.76653 -0.63834
vn -0.14007 -0.78539 -0.60294
vn -0.16865 -0.62683 -0.76068
vn -0.25496 -0.72968 -0.63448
vn -0.30642 -0.70600 -0.63849
vn -0.37981 -0.70497 -0.59897
vn -0.42282 -0.64445 -0.63711
vn -0.47151 -0.61514 -0.63189
vn -0.50870 -0.57150 -0.64390
vn -0.51379 -0.48729 -0.70609
vn -0.60078 -0.47824 -0.64058
vn -0.64137 -0.43783 -0.63004
vn -0.66708 -0.38697 -0.63660
vn -0.71930 -0.33972 -0.60597
vn -0.72537 -0.26848 -0.63385
vn -0.62875 -0.18159 -0.75611
vn -0.74915 -0.15797 -0.64329
vn -0.79329 -0.09851 -0.60082
vn -0.77037 -0.02826 -0.63697
vn -0.77037 0.02826 -0.63697
vn -0.79329 0.09851 -0.60082
vn -0.74915 0.15797 -0.64329
vn -0.62875 0.18159 -0.75611
vn -0.72537 0.26848 -0.63385
vn -0.71930 0.33972 -0.60597
vn -0.66708 0.38697 -0.63660
vn -0.64137 0.43783 -0.63004
vn -0.60078 0.47824 -0.64058
vn -0.44336 0.42049 -0.79159
vn -0.49345 0.55437 -0.67021
vn -0.45636 0.59537 -0.66126
vn -0.41551 0.63330 -0.65290
vn -0.37520 0.69641 -0.61175
vn -0.30640 0.70594 -0.63856
vn -0.25540 0.73092 -0.63288
vn -0.20214 0.75131 -0.62823
vn -0.14106 0.79091 -0.59545
vn -0.07164 0.77933 -0.62251
vn -0.01436 0.78322 -0.62158
vn 0.04237 0.76954 -0.63719
vn 0.11177 0.78633 -0.60761
vn 0.17286 0.75124 -0.63700
vn 0.19316 0.62557 -0.75588
vn 0.28190 0.72076 -0.63328
vn 0.35603 0.72062 -0.59494
vn 0.40421 0.66827 -0.62453
vn 0.45129 0.63574 -0.62624
vn 0.49517 0.59917 -0.62913
vn 0.55956 0.56952 -0.60211
vn 0.58424 0.50114 -0.63837
vn 0.50340 0.37141 -0.78015
vn 0.65592 0.41335 -0.63159
vn 0.70951 0.36626 -0.60204
vn 0.68176 0.28117 -0.67539
vn 0.72700 0.23917 -0.64364
vn 0.63507 0.15844 -0.75603
vn 0.78382 0.12556 -0.60816
vn 0.77442 0.05689 -0.63011
vn 0.07707 0.00519 0.99701
vn 0.07830 -0.00104 0.99693
vn 0.07944 0.01183 0.99677
vn 0.03085 0.00717 0.99950
vn 0.06963 0.02222 0.99733
vn 0.07597 0.03118 0.99662
vn 0.06958 0.03534 0.99695
vn 0.06651 0.04082 0.99695
vn 0.06630 0.04845 0.99662
vn 0.05535 0.04773 0.99733
vn 0.02224 0.02255 0.99950
vn 0.05162 0.06153 0.99677
vn 0.04472 0.06298 0.99701
vn 0.04005 0.06729 0.99693
vn 0.03404 0.06934 0.99701
vn 0.02948 0.07471 0.99677
vn 0.00922 0.03030 0.99950
vn 0.01557 0.07141 0.99733
vn 0.01098 0.08138 0.99662
vn 0.00418 0.07792 0.99695
vn -0.00245 0.09107 0.99584
vn -0.00963 0.08924 0.99596
vn -0.01517 0.07973 0.99670
vn -0.02236 0.08125 0.99644
vn -0.02742 0.07532 0.99678
vn -0.03146 0.06866 0.99714
vn -0.03451 0.06165 0.99750
vn -0.03662 0.05459 0.99784
vn -0.03791 0.04772 0.99814
vn -0.01241 0.01327 0.99983
vn -0.05405 0.04919 0.99733
vn -0.06498 0.05020 0.99662
vn -0.06539 0.04258 0.99695
vn -0.06861 0.03718 0.99695
vn -0.07511 0.03319 0.99662
vn -0.06901 0.02407 0.99733
vn -0.03065 0.00799 0.99950
vn -0.07910 0.01394 0.99677
vn -0.07690 0.00724 0.99701
vn -0.07830 0.00104 0.99693
vn -0.07707 -0.00519 0.99701
vn -0.07944 -0.01183 0.99677
vn -0.03085 -0.00717 0.99950
vn -0.06963 -0.02222 0.99733
vn -0.07597 -0.03118 0.99662
vn -0.06958 -0.03534 0.99695
vn -0.06651 -0.04082 0.99695
vn -0.06630 -0.04845 0.99662
vn -0.05535 -0.04773 0.99733
vn -0.02224 -0.02255 0.99950
vn -0.05162 -0.06153 0.99677
vn -0.04472 -0.06298 0.99701
vn -0.04005 -0.06729 0.99693
vn -0.03404 -0.06934 0.99701
vn -0.02948 -0.07471 0.99677
vn -0.00922 -0.03030 0.99950
vn -0.01557 -0.07141 0.99733
vn -0.01098 -0.08138 0.99662
vn -0.00418 -0.07792 0.99695
vn 0.00210 -0.07801 0.99695
vn 0.00881 -0.08164 0.99662
vn 0.01366 -0.07180 0.99733
vn 0.00841 -0.03054 0.99950
vn 0.02748 -0.07547 0.99677
vn 0.03218 -0.07022 0.99701
vn 0.03825 -0.06833 0.99693
vn 0.04303 -0.06415 0.99701
vn 0.04996 -0.06289 0.99677
vn 0.02163 -0.02313 0.99950
vn 0.03065 -0.00799 0.99950
vn 0.06901 -0.02407 0.99733
vn 0.05405 -0.04919 0.99733
vn 0.06498 -0.05020 0.99662
vn 0.06539 -0.04258 0.99695
vn 0.06861 -0.03718 0.99695
vn 0.07511 -0.03319 0.99662
vn 0.07910 -0.01394 0.99677
vn 0.07690 -0.00724 0.99701
vn -0.99734 -0.06822 -0.02564
vn -0.99960 0.01225 -0.02564
vn -0.99537 0.09265 -0.02564
vn -0.98469 0.17244 -0.02564
vn -0.96762 0.25111 -0.02564
vn -0.94427 0.32816 -0.02564
vn -0.91481 0.40308 -0.02564
vn -0.87940 0.47538 -0.02564
vn -0.83830 0.54460 -0.02564
vn -0.79176 0.61029 -0.02564
vn -0.74008 0.67203 -0.02564
vn -0.68361 0.72940 -0.02564
vn -0.62270 0.78204 -0.02564
vn -0.55775 0.82961 -0.02564
vn -0.48919 0.87180 -0.02564
vn -0.41745 0.90834 -0.02564
vn -0.34301 0.93898 -0.02564
vn -0.26634 0.96354 -0.02564
vn -0.18794 0.98185 -0.02564
vn -0.10833 0.99378 -0.02564
vn -0.02801 0.99928 -0.02564
vn 0.05249 0.99829 -0.02564
vn 0.13265 0.99083 -0.02564
vn 0.21195 0.97694 -0.02564
vn 0.28987 0.95672 -0.02564
vn 0.36592 0.93029 -0.02564
vn 0.43959 0.89783 -0.02564
vn 0.51041 0.85955 -0.02564
vn 0.57792 0.81569 -0.02564
vn 0.64168 0.76654 -0.02564
vn 0.70128 0.71242 -0.02564
vn 0.75633 0.65368 -0.02564
vn 0.80648 0.59070 -0.02564
vn 0.85140 0.52390 -0.02564
vn 0.89079 0.45369 -0.02564
vn 0.92441 0.38054 -0.02564
vn 0.95203 0.30492 -0.02564
vn 0.97348 0.22732 -0.02564
vn 0.98862 0.14825 -0.02564
vn 0.99734 0.06822 -0.02564
vn 0.99960 -0.01225 -0.02564
vn 0.99537 -0.09265 -0.02564
vn 0.98469 -0.17244 -0.02564
vn 0.96762 -0.25111 -0.02564
vn 0.94427 -0.32816 -0.02564
vn 0.91481 -0.40308 -0.02564
vn 0.87940 -0.47538 -0.02564
vn 0.83830 -0.54460 -0.02564
vn 0.79176 -0.61029 -0.02564
vn 0.74008 -0.67203 -0.02564
vn 0.68361 -0.72940 -0.02564
vn 0.62270 -0.78204 -0.02564
vn 0.55775 -0.82961 -0.02564
vn 0.48919 -0.87180 -0.02564
vn 0.41745 -0.90834 -0.02564
vn 0.34301 -0.93898 -0.02564
vn 0.26634 -0.96354 -0.02564
vn 0.18794 -0.98185 -0.02564
vn 0.10833 -0.99378 -0.02564
vn 0.02801 -0.99928 -0.02564
vn -0.05249 -0.99829 -0.02564
vn -0.13265 -0.99083 -0.02564
vn -0.21195 -0.97694 -0.02564
vn -0.28987 -0.95672 -0.02564
vn -0.36592 -0.93029 -0.02564
vn -0.43959 -0.89783 -0.02564
vn -0.51041 -0.85955 -0.02564
vn -0.57792 -0.81569 -0.02564
vn -0.64168 -0.76654 -0.02564
vn -0.70128 -0.71242 -0.02564
vn -0.75633 -0.65368 -0.02564
vn -0.80648 -0.59070 -0.02564
vn -0.85140 -0.52390 -0.02564
vn -0.89079 -0.45369 -0.02564
vn -0.92441 -0.38054 -0.02564
vn -0.95203 -0.30492 -0.02564
vn -0.97348 -0.22732 -0.02564
vn -0.98862 -0.14825 -0.02564
vn -0.99304 -0.07367 -0.09185
vn 0.99453 0.05160 -0.09079
vn -0.99243 -0.01050 -0.12238
vn 0.99808 -0.01035 -0.06099
vn 0.99325 -0.07222 -0.09079
vn 0.98940 0.11333 -0.09076
vn -0.98637 -0.13650 -0.09188
vn 0.98045 0.17462 -0.09073
vn -0.97572 -0.19879 -0.09191
vn 0.96770 0.23524 -0.09070
vn -0.96115 -0.26027 -0.09194
vn 0.95120 0.29495 -0.09067
vn -0.94270 -0.32070 -0.09197
vn 0.93103 0.35351 -0.09065
vn -0.92046 -0.37985 -0.09199
vn 0.90725 0.41071 -0.09062
vn -0.89452 -0.43746 -0.09202
vn 0.87996 0.46632 -0.09060
vn -0.86497 -0.49331 -0.09204
vn 0.84927 0.52013 -0.09058
vn -0.83194 -0.54718 -0.09206
vn 0.81529 0.57192 -0.09056
vn -0.79556 -0.59884 -0.09208
vn 0.77816 0.62150 -0.09054
vn -0.75597 -0.64809 -0.09210
vn 0.73802 0.66868 -0.09053
vn -0.71335 -0.69473 -0.09212
vn 0.69502 0.71327 -0.09051
vn -0.66785 -0.73857 -0.09214
vn 0.64933 0.75510 -0.09050
vn -0.61966 -0.77944 -0.09215
vn 0.60113 0.79401 -0.09048
vn -0.56897 -0.81717 -0.09217
vn 0.55061 0.82985 -0.09047
vn -0.51600 -0.85161 -0.09218
vn 0.49795 0.86247 -0.09046
vn -0.46095 -0.88263 -0.09219
vn 0.44337 0.89176 -0.09045
vn -0.40404 -0.91008 -0.09220
vn 0.38707 0.91760 -0.09044
vn -0.34550 -0.93388 -0.09221
vn 0.32928 0.93989 -0.09043
vn -0.28558 -0.95391 -0.09222
vn 0.27021 0.95855 -0.09043
vn -0.22450 -0.97010 -0.09222
vn 0.21009 0.97349 -0.09042
vn -0.16252 -0.98239 -0.09223
vn 0.14916 0.98467 -0.09042
vn -0.09989 -0.99071 -0.09223
vn 0.08766 0.99204 -0.09042
vn -0.03685 -0.99506 -0.09223
vn 0.02582 0.99557 -0.09042
vn 0.02633 -0.99539 -0.09223
vn -0.03613 0.99525 -0.09042
vn 0.08941 -0.99172 -0.09223
vn -0.09793 0.99108 -0.09042
vn 0.15213 -0.98405 -0.09223
vn -0.15936 0.98307 -0.09042
vn 0.21424 -0.97242 -0.09222
vn -0.22017 0.97126 -0.09042
vn 0.27548 -0.95687 -0.09222
vn -0.28012 0.95569 -0.09043
vn 0.33561 -0.93748 -0.09221
vn -0.33900 0.93643 -0.09044
vn 0.39440 -0.91430 -0.09220
vn -0.39656 0.91354 -0.09044
vn 0.45159 -0.88745 -0.09219
vn -0.45259 0.88712 -0.09045
vn 0.50697 -0.85702 -0.09218
vn -0.50686 0.85727 -0.09046
vn 0.56030 -0.82314 -0.09217
vn -0.55918 0.82410 -0.09048
vn 0.61138 -0.78595 -0.09216
vn -0.60933 0.78774 -0.09049
vn 0.66000 -0.74559 -0.09214
vn -0.65712 0.74833 -0.09050
vn 0.70596 -0.70223 -0.09213
vn -0.70237 0.70603 -0.09052
vn 0.74908 -0.65605 -0.09211
vn -0.74491 0.66100 -0.09053
vn 0.78918 -0.60722 -0.09209
vn -0.78456 0.61341 -0.09055
vn 0.82611 -0.55594 -0.09207
vn -0.82118 0.56344 -0.09057
vn 0.85970 -0.50243 -0.09205
vn -0.85461 0.51130 -0.09059
vn 0.88984 -0.44689 -0.09203
vn -0.88475 0.45718 -0.09061
vn 0.91640 -0.38956 -0.09200
vn -0.91146 0.40129 -0.09064
vn 0.93926 -0.33065 -0.09198
vn -0.93464 0.34385 -0.09066
vn 0.95834 -0.27041 -0.09195
vn -0.95421 0.28507 -0.09069
vn 0.97357 -0.20909 -0.09192
vn -0.97008 0.22520 -0.09071
vn 0.98487 -0.14692 -0.09190
vn -0.98220 0.16445 -0.09074
vn 0.99221 -0.08416 -0.09186
vn -0.99052 0.10307 -0.09077
vn 0.99226 -0.02099 -0.12238
vn -0.99728 0.04139 -0.06099
vn -0.99566 -0.02065 -0.09080
vn 0.99488 0.04212 -0.09183
vn -0.99245 -0.08251 -0.09077
vn 0.99021 0.10514 -0.09186
vn -0.98540 -0.14405 -0.09074
vn 0.98154 0.16773 -0.09190
vn -0.97454 -0.20503 -0.09071
vn 0.96892 0.22964 -0.09192
vn -0.95991 -0.26522 -0.09069
vn 0.95241 0.29063 -0.09195
vn -0.94157 -0.32439 -0.09066
vn 0.93205 0.35045 -0.09198
vn -0.91958 -0.38230 -0.09064
vn 0.90795 0.40886 -0.09200
vn -0.89404 -0.43873 -0.09061
vn 0.88019 0.46562 -0.09203
vn -0.86504 -0.49346 -0.09059
vn 0.84888 0.52051 -0.09205
vn -0.83269 -0.54629 -0.09057
vn 0.81416 0.57330 -0.09207
vn -0.79711 -0.59700 -0.09055
vn 0.77616 0.62378 -0.09209
vn -0.75846 -0.64540 -0.09053
vn 0.73503 0.67175 -0.09211
vn -0.71687 -0.69131 -0.09052
vn 0.69094 0.71701 -0.09213
vn -0.67250 -0.73454 -0.09050
vn 0.64408 0.75939 -0.09214
vn -0.62554 -0.77493 -0.09049
vn 0.59461 0.79871 -0.09216
vn -0.57615 -0.81232 -0.09048
vn 0.54276 0.83482 -0.09217
vn -0.52453 -0.84657 -0.09046
vn 0.48872 0.86756 -0.09218
vn -0.47089 -0.87754 -0.09045
vn 0.43271 0.89681 -0.09219
vn -0.41542 -0.90512 -0.09044
vn 0.37496 0.92244 -0.09220
vn -0.35835 -0.92920 -0.09044
vn 0.31570 0.94437 -0.09221
vn -0.29989 -0.94968 -0.09043
vn 0.25517 0.96249 -0.09222
vn -0.24027 -0.96649 -0.09042
vn 0.19361 0.97673 -0.09222
vn -0.17972 -0.97955 -0.09042
vn 0.13127 0.98705 -0.09223
vn -0.11847 -0.98883 -0.09042
vn 0.06840 0.99339 -0.09223
vn -0.05676 -0.99429 -0.09042
vn 0.00526 0.99572 -0.09223
vn 0.00516 -0.99589 -0.09042
vn -0.05790 0.99405 -0.09223
vn 0.06706 -0.99364 -0.09042
vn -0.12083 0.98838 -0.09223
vn 0.12871 -0.98755 -0.09042
vn -0.18327 0.97873 -0.09223
vn 0.18986 -0.97764 -0.09042
vn -0.24498 0.96513 -0.09222
vn 0.25027 -0.96394 -0.09043
vn -0.30570 0.94765 -0.09222
vn 0.30971 -0.94652 -0.09043
vn -0.36519 0.92636 -0.09221
vn 0.36796 -0.92543 -0.09044
vn -0.42321 0.90133 -0.09220
vn 0.42478 -0.90077 -0.09045
vn -0.47952 0.87267 -0.09219
vn 0.47996 -0.87262 -0.09046
vn -0.53390 0.84051 -0.09218
vn 0.53328 -0.84109 -0.09047
vn -0.58614 0.80495 -0.09217
vn 0.58454 -0.80631 -0.09048
vn -0.63601 0.76616 -0.09215
vn 0.63353 -0.76841 -0.09050
vn -0.68333 0.72428 -0.09214
vn 0.68008 -0.72753 -0.09051
vn -0.72789 0.67948 -0.09212
vn 0.72399 -0.68384 -0.09053
vn -0.76952 0.63195 -0.09210
vn 0.76510 -0.63751 -0.09054
vn -0.80805 0.58187 -0.09208
vn 0.80326 -0.58871 -0.09056
vn -0.84333 0.52945 -0.09206
vn 0.83830 -0.53763 -0.09058
vn -0.87521 0.47490 -0.09204
vn 0.87010 -0.48447 -0.09060
vn -0.90357 0.41843 -0.09202
vn 0.89854 -0.42944 -0.09062
vn -0.92830 0.36028 -0.09199
vn 0.92349 -0.37275 -0.09065
vn -0.94928 0.30068 -0.09197
vn 0.94488 -0.31461 -0.09067
vn -0.96644 0.23987 -0.09194
vn 0.96261 -0.25526 -0.09070
vn -0.97971 0.17809 -0.09191
vn 0.97661 -0.19492 -0.09073
vn -0.98904 0.11560 -0.09188
vn 0.98684 -0.13383 -0.09076
vn -0.99438 0.05264 -0.09185
vn 0.95447 0.00477 0.29827
vn 0.93890 -0.05098 0.34040
vn 0.93360 -0.11200 0.34036
vn 0.92432 -0.17255 0.34038
vn 0.91110 -0.23237 0.34044
vn 0.91012 -0.28758 0.29828
vn 0.87784 -0.33695 0.34038
vn 0.85405 -0.39339 0.34036
vn 0.82661 -0.44816 0.34040
vn 0.81127 -0.50287 0.29827
vn 0.76876 -0.54142 0.34041
vn 0.73188 -0.59034 0.34037
vn 0.69189 -0.63674 0.34037
vn 0.64895 -0.68042 0.34043
vn 0.61843 -0.72703 0.29828
vn 0.56526 -0.75141 0.34039
vn 0.51514 -0.78663 0.34036
vn 0.46282 -0.81849 0.34039
vn 0.42033 -0.85694 0.29828
vn 0.36430 -0.86683 0.34043
vn 0.30709 -0.88873 0.34037
vn 0.24857 -0.90684 0.34037
vn 0.18899 -0.92109 0.34041
vn 0.13789 -0.94447 0.29827
vn 0.08039 -0.93684 0.34040
vn 0.01922 -0.94010 0.34036
vn -0.04204 -0.93935 0.34038
vn -0.10311 -0.93459 0.34045
vn -0.15779 -0.94134 0.29829
vn -0.21130 -0.91624 0.34038
vn -0.27051 -0.90054 0.34036
vn -0.32857 -0.88100 0.34040
vn -0.38476 -0.87349 0.29827
vn -0.42898 -0.83672 0.34041
vn -0.48256 -0.80702 0.34036
vn -0.53408 -0.77389 0.34037
vn -0.58333 -0.73745 0.34043
vn -0.63364 -0.71382 0.29828
vn -0.66529 -0.66448 0.34038
vn -0.70715 -0.61975 0.34036
vn -0.74599 -0.57239 0.34039
vn -0.78992 -0.53578 0.29828
vn -0.80759 -0.48156 0.34042
vn -0.83725 -0.42797 0.34037
vn -0.86334 -0.37254 0.34037
vn -0.88575 -0.31553 0.34042
vn -0.91599 -0.26831 0.29827
vn -0.91649 -0.21018 0.34039
vn -0.92824 -0.15006 0.34036
vn -0.93604 -0.08930 0.34038
vn -0.93984 -0.02817 0.34045
vn -0.95415 0.02491 0.29829
vn -0.93675 0.08153 0.34037
vn -0.92946 0.14235 0.34036
vn -0.91820 0.20257 0.34040
vn -0.91863 0.25913 0.29827
vn -0.88834 0.30817 0.34041
vn -0.86641 0.36537 0.34036
vn -0.84077 0.42100 0.34037
vn -0.81156 0.47484 0.34043
vn -0.79524 0.52785 0.29828
vn -0.75072 0.56618 0.34038
vn -0.71227 0.61386 0.34036
vn -0.67078 0.65893 0.34039
vn -0.64074 0.70744 0.29828
vn -0.58943 0.73259 0.34042
vn -0.54049 0.76943 0.34037
vn -0.48924 0.80299 0.34037
vn -0.43591 0.83313 0.34042
vn -0.39348 0.86960 0.29827
vn -0.33587 0.87825 0.34039
vn -0.27798 0.89827 0.34036
vn -0.21890 0.91445 0.34038
vn -0.16720 0.93972 0.29829
vn -0.11086 0.93371 0.34043
vn -0.04983 0.93897 0.34037
vn 0.01142 0.94022 0.34036
vn 0.07261 0.93747 0.34041
vn 0.12844 0.94580 0.29827
vn 0.18134 0.92263 0.34040
vn 0.24104 0.90887 0.34036
vn 0.29970 0.89125 0.34038
vn 0.35709 0.86982 0.34044
vn 0.41174 0.86110 0.29828
vn 0.45602 0.82231 0.34038
vn 0.50859 0.79088 0.34036
vn 0.55900 0.75607 0.34039
vn 0.61113 0.73318 0.29828
vn 0.64328 0.68579 0.34041
vn 0.68658 0.64246 0.34037
vn 0.72696 0.59639 0.34037
vn 0.76423 0.54778 0.34042
vn 0.80620 0.51095 0.29827
vn 0.82286 0.45501 0.34039
vn 0.85075 0.40047 0.34036
vn 0.87501 0.34422 0.34038
vn 0.90720 0.29666 0.29828
vn 0.90915 0.23992 0.34043
vn 0.92286 0.18022 0.34037
vn 0.93264 0.11975 0.34036
vn 0.93844 0.05877 0.34041
vn 0.90064 -0.00240 0.43457
vn 0.90977 0.07299 0.40864
vn 0.90180 0.14056 0.40866
vn 0.88885 0.20735 0.40860
vn 0.85707 0.27673 0.43456
vn 0.84200 0.35219 0.40866
vn 0.81343 0.41394 0.40864
vn 0.76523 0.47495 0.43457
vn 0.73332 0.54338 0.40863
vn 0.69080 0.59648 0.40866
vn 0.64446 0.64630 0.40862
vn 0.58044 0.68865 0.43457
vn 0.52807 0.74441 0.40865
vn 0.47115 0.78168 0.40865
vn 0.39756 0.80815 0.43457
vn 0.33468 0.84913 0.40862
vn 0.27049 0.87168 0.40866
vn 0.20481 0.88942 0.40863
vn 0.12764 0.89155 0.43457
vn 0.05414 0.91109 0.40864
vn -0.01388 0.91258 0.40866
vn -0.08183 0.90904 0.40859
vn -0.15484 0.88723 0.43456
vn -0.23177 0.88277 0.40866
vn -0.29689 0.86306 0.40864
vn -0.36391 0.82385 0.43457
vn -0.43620 0.80171 0.40863
vn -0.49471 0.76698 0.40866
vn -0.55048 0.72802 0.40861
vn -0.60123 0.67058 0.43457
vn -0.66381 0.62639 0.40865
vn -0.70863 0.57520 0.40865
vn -0.74500 0.50609 0.43457
vn -0.79438 0.44943 0.40862
vn -0.82564 0.38900 0.40866
vn -0.85234 0.32642 0.40863
vn -0.86513 0.25040 0.43457
vn -0.89472 0.18021 0.40865
vn -0.90566 0.11306 0.40866
vn -0.89997 0.03473 0.43457
vn -0.91188 -0.03903 0.40860
vn -0.90641 -0.10685 0.40866
vn -0.89594 -0.17408 0.40864
vn -0.86645 -0.24578 0.43457
vn -0.85455 -0.32056 0.40864
vn -0.82829 -0.38333 0.40866
vn -0.79745 -0.44397 0.40861
vn -0.74769 -0.50211 0.43457
vn -0.71255 -0.57032 0.40866
vn -0.66809 -0.62182 0.40865
vn -0.60479 -0.66737 0.43457
vn -0.55545 -0.72422 0.40862
vn -0.49995 -0.76357 0.40866
vn -0.44169 -0.79871 0.40862
vn -0.36829 -0.82190 0.43457
vn -0.30280 -0.86100 0.40865
vn -0.23782 -0.88116 0.40866
vn -0.15956 -0.88639 0.43457
vn -0.08806 -0.90845 0.40861
vn -0.02014 -0.91246 0.40866
vn 0.04789 -0.91144 0.40864
vn 0.12289 -0.89222 0.43457
vn 0.19871 -0.89080 0.40864
vn 0.26451 -0.87352 0.40866
vn 0.32885 -0.85141 0.40860
vn 0.39324 -0.81025 0.43456
vn 0.46578 -0.78489 0.40866
vn 0.52295 -0.74802 0.40865
vn 0.57677 -0.69173 0.43457
vn 0.64001 -0.65070 0.40863
vn 0.68669 -0.60121 0.40866
vn 0.72958 -0.54840 0.40862
vn 0.76269 -0.47902 0.43457
vn 0.81057 -0.41950 0.40865
vn 0.83957 -0.35796 0.40865
vn 0.85558 -0.28129 0.43457
vn 0.88740 -0.21344 0.40861
vn 0.90081 -0.14674 0.40866
vn 0.90925 -0.07923 0.40863
vn 0.99728 0.01323 0.07253
vn 0.99204 -0.06584 0.10737
vn 0.98367 -0.14445 0.10734
vn 0.96909 -0.22215 0.10731
vn 0.94838 -0.29844 0.10728
vn 0.92167 -0.37285 0.10725
vn 0.88914 -0.44490 0.10722
vn 0.85098 -0.51413 0.10719
vn 0.80745 -0.58012 0.10717
vn 0.75881 -0.64244 0.10714
vn 0.70537 -0.70070 0.10712
vn 0.64747 -0.75453 0.10709
vn 0.58548 -0.80359 0.10707
vn 0.51978 -0.84757 0.10705
vn 0.45080 -0.88619 0.10703
vn 0.37897 -0.91920 0.10700
vn 0.30474 -0.94641 0.10698
vn 0.22859 -0.96763 0.10696
vn 0.15099 -0.98273 0.10695
vn 0.07243 -0.99162 0.10693
vn -0.00658 -0.99425 0.10691
vn -0.08556 -0.99058 0.10690
vn -0.16399 -0.98066 0.10688
vn -0.24138 -0.96453 0.10687
vn -0.31725 -0.94230 0.10685
vn -0.39112 -0.91412 0.10684
vn -0.46251 -0.88016 0.10683
vn -0.53097 -0.84063 0.10682
vn -0.59608 -0.79579 0.10681
vn -0.65743 -0.74591 0.10680
vn -0.71461 -0.69132 0.10679
vn -0.76728 -0.63236 0.10678
vn -0.81509 -0.56940 0.10678
vn -0.85776 -0.50284 0.10677
vn -0.89500 -0.43311 0.10677
vn -0.92658 -0.36063 0.10676
vn -0.95230 -0.28587 0.10676
vn -0.97200 -0.20931 0.10676
vn -0.98556 -0.13142 0.10675
vn -0.99289 -0.05270 0.10675
vn -0.99394 0.02635 0.10675
vn -0.98870 0.10524 0.10675
vn -0.97721 0.18346 0.10676
vn -0.95955 0.26052 0.10676
vn -0.93582 0.33593 0.10676
vn -0.90617 0.40922 0.10677
vn -0.87079 0.47992 0.10677
vn -0.82991 0.54758 0.10678
vn -0.78378 0.61179 0.10678
vn -0.73269 0.67213 0.10679
vn -0.67698 0.72821 0.10680
vn -0.61698 0.77970 0.10681
vn -0.55308 0.82625 0.10682
vn -0.48569 0.86758 0.10683
vn -0.41522 0.90342 0.10684
vn -0.34213 0.93356 0.10685
vn -0.26688 0.95779 0.10687
vn -0.18994 0.97596 0.10688
vn -0.11180 0.98796 0.10690
vn -0.03295 0.99372 0.10691
vn 0.04611 0.99320 0.10693
vn 0.12487 0.98639 0.10695
vn 0.20284 0.97335 0.10696
vn 0.27954 0.95416 0.10698
vn 0.35446 0.92893 0.10700
vn 0.42714 0.89783 0.10703
vn 0.49712 0.86105 0.10705
vn 0.56396 0.81883 0.10707
vn 0.62723 0.77143 0.10709
vn 0.68654 0.71916 0.10712
vn 0.74150 0.66234 0.10714
vn 0.79178 0.60133 0.10717
vn 0.83705 0.53652 0.10719
vn 0.87703 0.46832 0.10722
vn 0.91146 0.39716 0.10725
vn 0.94013 0.32349 0.10728
vn 0.96286 0.24777 0.10731
vn 0.97950 0.17049 0.10734
vn 0.98994 0.09213 0.10737
vn -0.98917 -0.01329 0.14616
vn -0.98959 -0.09328 0.10961
vn -0.97887 -0.17261 0.10964
vn -0.96180 -0.25081 0.10967
vn -0.93850 -0.32739 0.10970
vn -0.90911 -0.40185 0.10973
vn -0.87382 -0.47369 0.10976
vn -0.83287 -0.54247 0.10979
vn -0.78652 -0.60773 0.10982
vn -0.73506 -0.66904 0.10985
vn -0.67884 -0.72602 0.10987
vn -0.61822 -0.77829 0.10990
vn -0.55358 -0.82551 0.10992
vn -0.48536 -0.86737 0.10995
vn -0.41399 -0.90361 0.10997
vn -0.33994 -0.93399 0.10999
vn -0.26368 -0.95832 0.11001
vn -0.18571 -0.97642 0.11003
vn -0.10654 -0.98820 0.11005
vn -0.02668 -0.99357 0.11007
vn 0.05336 -0.99249 0.11009
vn 0.13305 -0.98497 0.11011
vn 0.21187 -0.97107 0.11012
vn 0.28932 -0.95087 0.11014
vn 0.36490 -0.92451 0.11015
vn 0.43811 -0.89215 0.11016
vn 0.50847 -0.85400 0.11018
vn 0.57554 -0.81032 0.11019
vn 0.63888 -0.76138 0.11020
vn 0.69807 -0.70750 0.11021
vn 0.75274 -0.64903 0.11021
vn 0.80252 -0.58636 0.11022
vn 0.84710 -0.51988 0.11023
vn 0.88618 -0.45003 0.11023
vn 0.91952 -0.37726 0.11024
vn 0.94690 -0.30205 0.11024
vn 0.96813 -0.22487 0.11025
vn 0.98309 -0.14624 0.11025
vn 0.99167 -0.06666 0.11025
vn 0.99381 0.01335 0.11025
vn 0.98952 0.09328 0.11025
vn 0.97880 0.17260 0.11025
vn 0.96174 0.25080 0.11025
vn 0.93844 0.32737 0.11024
vn 0.90906 0.40182 0.11024
vn 0.87378 0.47367 0.11023
vn 0.83283 0.54244 0.11023
vn 0.78648 0.60770 0.11022
vn 0.73503 0.66902 0.11021
vn 0.67881 0.72599 0.11021
vn 0.61820 0.77826 0.11020
vn 0.55357 0.82548 0.11019
vn 0.48535 0.86735 0.11018
vn 0.41398 0.90359 0.11016
vn 0.33993 0.93398 0.11015
vn 0.26368 0.95830 0.11014
vn 0.18571 0.97641 0.11012
vn 0.10654 0.98819 0.11011
vn 0.02668 0.99356 0.11009
vn -0.05336 0.99249 0.11007
vn -0.13305 0.98498 0.11005
vn -0.21187 0.97108 0.11003
vn -0.28933 0.95089 0.11001
vn -0.36490 0.92452 0.10999
vn -0.43812 0.89217 0.10997
vn -0.50849 0.85402 0.10995
vn -0.57556 0.81034 0.10992
vn -0.63890 0.76140 0.10990
vn -0.69810 0.70752 0.10987
vn -0.75277 0.64906 0.10985
vn -0.80256 0.58638 0.10982
vn -0.84714 0.51990 0.10979
vn -0.88623 0.45005 0.10976
vn -0.91957 0.37728 0.10973
vn -0.94695 0.30206 0.10970
vn -0.96819 0.22489 0.10967
vn -0.98315 0.14625 0.10964
vn -0.99174 0.06667 0.10961
vn 0.94483 0.02714 -0.32643
vn 0.94456 -0.03538 -0.32642
vn 0.94014 -0.09775 -0.32647
vn 0.94585 -0.15644 -0.28441
vn 0.92189 -0.20867 -0.32647
vn 0.94096 0.08954 -0.32648
vn 0.94744 0.14651 -0.28441
vn 0.92368 0.20061 -0.32646
vn 0.90841 0.26124 -0.32642
vn 0.88915 0.32072 -0.32643
vn 0.86598 0.37879 -0.32648
vn 0.85442 0.43483 -0.28441
vn 0.81490 0.47893 -0.32646
vn 0.78146 0.53175 -0.32642
vn 0.74460 0.58225 -0.32643
vn 0.70447 0.63019 -0.32648
vn 0.67608 0.67973 -0.28441
vn 0.62467 0.70937 -0.32646
vn 0.57642 0.74913 -0.32642
vn 0.52563 0.78559 -0.32643
vn 0.47254 0.81860 -0.32649
vn 0.43023 0.85675 -0.28441
vn 0.37202 0.86892 -0.32645
vn 0.31377 0.89163 -0.32642
vn 0.25414 0.91041 -0.32643
vn 0.19339 0.92520 -0.32649
vn 0.14141 0.94822 -0.28441
vn 0.08219 0.94163 -0.32645
vn 0.01976 0.94502 -0.32642
vn -0.04276 0.94425 -0.32644
vn -0.10508 0.93934 -0.32650
vn -0.16153 0.94500 -0.28441
vn -0.21586 0.92024 -0.32645
vn -0.27623 0.90396 -0.32642
vn -0.33538 0.88372 -0.32644
vn -0.39306 0.85960 -0.32650
vn -0.44833 0.84741 -0.28441
vn -0.49234 0.80687 -0.32645
vn -0.54461 0.77256 -0.32642
vn -0.59448 0.73487 -0.32644
vn -0.64175 0.69394 -0.32650
vn -0.69037 0.66521 -0.28442
vn -0.71961 0.61286 -0.32644
vn -0.75856 0.56395 -0.32642
vn -0.79417 0.51257 -0.32644
vn -0.82630 0.45894 -0.32651
vn -0.86346 0.41658 -0.28442
vn -0.87496 0.35760 -0.32644
vn -0.89669 0.29898 -0.32642
vn -0.91449 0.23905 -0.32644
vn -0.92827 0.17806 -0.32651
vn -0.95034 0.12635 -0.28442
vn -0.94287 0.06660 -0.32644
vn -0.94522 0.00413 -0.32642
vn -0.94341 -0.05837 -0.32645
vn -0.95161 -0.11638 -0.28442
vn -0.92979 -0.16995 -0.32650
vn -0.91654 -0.23105 -0.32644
vn -0.89927 -0.29114 -0.32642
vn -0.87805 -0.34995 -0.32645
vn -0.86778 -0.40750 -0.28442
vn -0.83028 -0.45171 -0.32650
vn -0.79862 -0.50562 -0.32644
vn -0.76345 -0.55731 -0.32642
vn -0.72493 -0.60655 -0.32645
vn -0.69730 -0.65793 -0.28442
vn -0.64778 -0.68832 -0.32649
vn -0.60088 -0.72965 -0.32643
vn -0.55133 -0.76778 -0.32642
vn -0.49936 -0.80254 -0.32645
vn -0.45719 -0.84267 -0.28441
vn -0.40055 -0.85613 -0.32649
vn -0.34308 -0.88076 -0.32643
vn -0.28411 -0.90152 -0.32642
vn -0.22389 -0.91831 -0.32646
vn -0.17142 -0.94325 -0.28441
vn -0.11328 -0.93839 -0.32648
vn -0.05100 -0.94384 -0.32643
vn 0.01151 -0.94515 -0.32642
vn 0.07396 -0.94231 -0.32646
vn 0.13146 -0.94965 -0.28441
vn 0.18531 -0.92686 -0.32648
vn 0.24618 -0.91260 -0.32643
vn 0.30597 -0.89433 -0.32642
vn 0.36442 -0.87214 -0.32646
vn 0.42122 -0.86121 -0.28441
vn 0.46538 -0.82270 -0.32648
vn 0.51876 -0.79015 -0.32643
vn 0.56986 -0.75413 -0.32642
vn 0.61845 -0.71480 -0.32647
vn 0.66892 -0.68678 -0.28441
vn 0.69894 -0.63632 -0.32647
vn 0.73949 -0.58873 -0.32643
vn 0.77679 -0.53856 -0.32643
vn 0.81068 -0.48602 -0.32647
vn 0.84981 -0.44376 -0.28441
vn 0.86265 -0.38634 -0.32647
vn 0.88631 -0.32847 -0.32643
vn 0.90609 -0.26916 -0.32643
usemtl stainless
f 610//610 611//611 612//612
f 612//612 611//611 613//613
f 612//612 613//613 614//614
f 614//614 613//613 615//615
f 614//614 615//615 616//616
f 616//616 615//615 617//617
f 616//616 617//617 618//618
f 618//618 617//617 619//619
f 618//618 619//619 620//620
f 620//620 619//619 621//621
f 620//620 621//621 622//622
f 622//622 621//621 623//623
f 622//622 623//623 624//624
f 624//624 623//623 625//625
f 624//624 625//625 626//626
f 626//626 625//625 627//627
f 626//626 627//627 628//628
f 628//628 627//627 629//629
f 628//628 629//629 630//630
f 630//630 629//629 631//631
f 630//630 631//631 632//632
f 632//632 631//631 633//633
f 632//632 633//633 634//634
f 634//634 633//633 635//635
f 634//634 635//635 636//636
f 636//636 635//635 637//637
f 636//636 637//637 638//638
f 638//638 637//637 639//639
f 638//638 639//639 640//640
f 640//640 639//639 641//641
f 640//640 641//641 642//642
f 642//642 641//641 643//643
f 642//642 643//643 644//644
f 644//644 643//643 645//645
f 644//644 645//645 646//646
f 646//646 645//645 647//647
f 646//646 647//647 648//648
f 648//648 647//647 649//649
f 648//648 649//649 650//650
f 650//650 649//649 651//651
f 650//650 651//651 652//652
f 652//652 651//651 653//653
f 652//652 653//653 654//654
f 654//654 653//653 655//655
f 654//654 655//655 656//656
f 656//656 655//655 657//657
f 656//656 657//657 658//658
f 658//658 657//657 659//659
f 658//658 659//659 660//660
f 660//660 659//659 661//661
f 660//660 661//661 662//662
f 662//662 661//661 663//663
f 662//662 663//663 664//664
f 664//664 663//663 665//665
f 664//664 665//665 666//666
f 666//666 665//665 667//667
f 666//666 667//667 668//668
f 668//668 667//667 669//669
f 668//668 669//669 670//670
f 670//670 669//669 671//671
f 670//670 671//671 672//672
f 672//672 671//671 673//673
f 672//672 673//673 674//674
f 674//674 673//673 675//675
f 674//674 675//675 676//676
f 676//676 675//675 677//677
f 676//676 677//677 678//678
f 678//678 677//677 679//679
f 678//678 679//679 680//680
f 680//680 679//679 681//681
f 680//680 681//681 610//610
f 610//610 681//681 611//611
f 682//682 683//683 684//684
f 684//684 683//683 685//685
f 684//684 685//685 686//686
f 686//686 685//685 687//687
f 686//686 687//687 688//688
f 688//688 687//687 689//689
f 688//688 689//689 690//690
f 690//690 689//689 691//691
f 690//690 691//691 692//692
f 692//692 691//691 693//693
f 692//692 693//693 694//694
f 694//694 693//693 695//695
f 694//694 695//695 696//696
f 696//696 695//695 697//697
f 696//696 697//697 698//698
f 698//698 697//697 699//699
f 698//698 699//699 700//700
f 700//700 699//699 701//701
f 700//700 701//701 702//702
f 702//702 701//701 703//703
f 702//702 703//703 704//704
f 704//704 703//703 705//705
f 704//704 705//705 706//706
f 706//706 705//705 707//707
f 706//706 707//707 708//708
f 708//708 707//707 709//709
f 708//708 709//709 710//710
f 710//710 709//709 711//711
f 710//710 711//711 712//712
f 712//712 711//711 713//713
f 712//712 713//713 714//714
f 714//714 713//713 715//715
f 714//714 715//715 716//716
f 716//716 715//715 717//717
f 716//716 717//717 718//718
f 718//718 717//717 719//719
f 718//718 719//719 720//720
f 720//720 719//719 721//721
f 720//720 721//721 722//722
f 722//722 721//721 723//723
f 722//722 723//723 724//724
f 724//724 723//723 725//725
f 724//724 725//725 726//726
f 726//726 725//725 727//727
f 726//726 727//727 728//728
f 728//728 727//727 729//729
f 728//728 729//729 730//730
f 730//730 729//729 731//731
f 730//730 731//731 732//732
f 732//732 731//731 733//733
f 732//732 733//733 734//734
f 734//734 733//733 735//735
f 734//734 735//735 736//736
f 736//736 735//735 737//737
f 736//736 737//737 738//738
f 738//738 737//737 739//739
f 738//738 739//739 740//740
f 740//740 739//739 741//741
f 740//740 741//741 742//742
f 742//742 741//741 743//743
f 742//742 743//743 744//744
f 744//744 743//743 745//745
f 744//744 745//745 746//746
f 746//746 745//745 747//747
f 746//746 747//747 748//748
f 748//748 747//747 749//749
f 748//748 749//749 750//750
f 750//750 749//749 751//751
f 750//750 751//751 752//752
f 752//752 751//751 753//753
f 752//752 753//753 682//682
f 682//682 753//753 683//683
f 754//754 755//755 756//756
f 756//756 755//755 757//757
f 756//756 757//757 758//758
f 758//758 757//757 759//759
f 758//758 759//759 760//760
f 760//760 759//759 761//761
f 760//760 761//761 762//762
f 762//762 761//761 763//763
f 762//762 763//763 764//764
f 764//764 763//763 765//765
f 764//764 765//765 766//766
f 766//766 765//765 767//767
f 766//766 767//767 768//768
f 768//768 767//767 769//769
f 768//768 769//769 770//770
f 770//770 769//769 771//771
f 770//770 771//771 772//772
f 772//772 771//771 773//773
f 772//772 773//773 774//774
f 774//774 773//773 775//775
f 774//774 775//775 776//776
f 776//776 775//775 777//777
f 776//776 777//777 778//778
f 778//778 777//777 779//779
f 778//778 779//779 780//780
f 780//780 779//779 781//781
f 780//780 781//781 782//782
f 782//782 781//781 783//783
f 782//782 783//783 784//784
f 784//784 783//783 785//785
f 784//784 785//785 786//786
f 786//786 785//785 787//787
f 786//786 787//787 788//788
f 788//788 787//787 789//789
f 788//788 789//789 790//790
f 790//790 789//789 791//791
f 790//790 791//791 792//792
f 792//792 791//791 793//793
f 792//792 793//793 794//794
f 794//794 793//793 795//795
f 794//794 795//795 796//796
f 796//796 795//795 797//797
f 796//796 797//797 798//798
f 798//798 797//797 799//799
f 798//798 799//799 800//800
f 800//800 799//799 801//801
f 800//800 801//801 802//802
f 802//802 801//801 803//803
f 802//802 803//803 804//804
f 804//804 803//803 805//805
f 804//804 805//805 806//806
f 806//806 805//805 807//807
f 806//806 807//807 808//808
f 808//808 807//807 809//809
f 808//808 809//809 810//810
f 810//810 809//809 811//811
f 810//810 811//811 812//812
f 812//812 811//811 813//813
f 812//812 813//813 814//814
f 814//814 813//813 815//815
f 814//814 815//815 816//816
f 816//816 815//815 817//817
f 816//816 817//817 818//818
f 818//818 817//817 819//819
f 818//818 819//819 820//820
f 820//820 819//819 821//821
f 820//820 821//821 822//822
f 822//822 821//821 823//823
f 822//822 823//823 824//824
f 824//824 823//823 825//825
f 824//824 825//825 754//754
f 754//754 825//825 755//755
f 826//826 827//827 828//828
f 828//828 827//827 829//829
f 828//828 829//829 830//830
f 830//830 829//829 831//831
f 830//830 831//831 832//832
f 832//832 831//831 833//833
f 832//832 833//833 834//834
f 834//834 833//833 835//835
f 834//834 835//835 836//836
f 836//836 835//835 837//837
f 836//836 837//837 838//838
f 838//838 837//837 839//839
f 838//838 839//839 840//840
f 840//840 839//839 841//841
f 840//840 841//841 842//842
f 842//842 841//841 843//843
f 842//842 843//843 844//844
f 844//844 843//843 845//845
f 844//844 845//845 846//846
f 846//846 845//845 847//847
f 846//846 847//847 848//848
f 848//848 847//847 849//849
f 848//848 849//849 850//850
f 850//850 849//849 851//851
f 850//850 851//851 852//852
f 852//852 851//851 853//853
f 852//852 853//853 854//854
f 854//854 853//853 855//855
f 854//854 855//855 856//856
f 856//856 855//855 857//857
f 856//856 857//857 858//858
f 858//858 857//857 859//859
f 858//858 859//859 860//860
f 860//860 859//859 861//861
f 860//860 861//861 862//862
f 862//862 861//861 863//863
f 862//862 863//863 864//864
f 864//864 863//863 865//865
f 864//864 865//865 866//866
f 866//866 865//865 867//867
f 866//866 867//867 868//868
f 868//868 867//867 869//869
f 868//868 869//869 870//870
f 870//870 869//869 871//871
f 870//870 871//871 872//872
f 872//872 871//871 873//873
f 872//872 873//873 874//874
f 874//874 873//873 875//875
f 874//874 875//875 876//876
f 876//876 875//875 877//877
f 876//876 877//877 878//878
f 878//878 877//877 879//879
f 878//878 879//879 880//880
f 880//880 879//879 881//881
f 880//880 881//881 882//882
f 882//882 881//881 883//883
f 882//882 883//883 884//884
f 884//884 883//883 885//885
f 884//884 885//885 886//886
f 886//886 885//885 887//887
f 886//886 887//887 888//888
f 888//888 887//887 889//889
f 888//888 889//889 890//890
f 890//890 889//889 891//891
f 890//890 891//891 892//892
f 892//892 891//891 893//893
f 892//892 893//893 894//894
f 894//894 893//893 895//895
f 894//894 895//895 896//896
f 896//896 895//895 897//897
f 896//896 897//897 826//826
f 826//826 897//897 827//827
f 898//898 899//899 900//900
f 900//900 899//899 901//901
f 900//900 901//901 902//902
f 902//902 901//901 903//903
f 902//902 903//903 904//904
f 904//904 903//903 905//905
f 904//904 905//905 906//906
f 906//906 905//905 907//907
f 906//906 907//907 908//908
f 908//908 907//907 909//909
f 908//908 909//909 910//910
f 910//910 909//909 911//911
f 910//910 911//911 912//912
f 912//912 911//911 913//913
f 912//912 913//913 914//914
f 914//914 913//913 915//915
f 914//914 915//915 916//916
f 916//916 915//915 917//917
f 916//916 917//917 918//918
f 918//918 917//917 919//919
f 918//918 919//919 920//920
f 920//920 919//919 921//921
f 920//920 921//921 922//922
f 922//922 921//921 923//923
f 922//922 923//923 924//924
f 924//924 923//923 925//925
f 924//924 925//925 926//926
f 926//926 925//925 927//927
f 926//926 927//927 928//928
f 928//928 927//927 929//929
f 928//928 929//929 930//930
f 930//930 929//929 931//931
f 930//930 931//931 932//932
f 932//932 931//931 933//933
f 932//932 933//933 934//934
f 934//934 933//933 935//935
f 934//934 935//935 936//936
f 936//936 935//935 937//937
f 936//936 937//937 938//938
f 938//938 937//937 939//939
f 938//938 939//939 940//940
f 940//940 939//939 941//941
f 940//940 941//941 942//942
f 942//942 941//941 943//943
f 942//942 943//943 944//944
f 944//944 943//943 945//945
f 944//944 945//945 946//946
f 946//946 945//945 947//947
f 946//946 947//947 948//948
f 948//948 947//947 949//949
f 948//948 949//949 950//950
f 950//950 949//949 951//951
f 950//950 951//951 952//952
f 952//952 951//951 953//953
f 952//952 953//953 954//954
f 954//954 953//953 955//955
f 954//954 955//955 956//956
f 956//956 955//955 957//957
f 956//956 957//957 958//958
f 958//958 957//957 959//959
f 958//958 959//959 960//960
f 960//960 959//959 961//961
f 960//960 961//961 962//962
f 962//962 961//961 963//963
f 962//962 963//963 964//964
f 964//964 963//963 965//965
f 964//964 965//965 966//966
f 966//966 965//965 967//967
f 966//966 967//967 968//968
f 968//968 967//967 969//969
f 968//968 969//969 898//898
f 898//898 969//969 899//899
f 970//970 971//971 972//972
f 972//972 971//971 973//973
f 972//972 973//973 974//974
f 974//974 973//973 975//975
f 974//974 975//975 976//976
f 976//976 975//975 977//977
f 976//976 977//977 978//978
f 978//978 977//977 979//979
f 978//978 979//979 980//980
f 980//980 979//979 981//981
f 980//980 981//981 982//982
f 982//982 981//981 983//983
f 982//982 983//983 984//984
f 984//984 983//983 985//985
f 984//984 985//985 986//986
f 986//986 985//985 987//987
f 986//986 987//987 988//988
f 988//988 987//987 989//989
f 988//988 989//989 990//990
f 990//990 989//989 991//991
f 990//990 991//991 992//992
f 992//992 991//991 993//993
f 992//992 993//993 994//994
f 994//994 993//993 995//995
f 994//994 995//995 996//996
f 996//996 995//995 997//997
f 996//996 997//997 998//998
f 998//998 997//997 999//999
f 998//998 999//999 1000//1000
f 1000//1000 999//999 1001//1001
f 1000//1000 1001//1001 1002//1002
f 1002//1002 1001//1001 1003//1003
f 1002//1002 1003//1003 1004//1004
f 1004//1004 1003//1003 1005//1005
f 1004//1004 1005//1005 1006//1006
f 1006//1006 1005//1005 1007//1007
f 1006//1006 1007//1007 1008//1008
f 1008//1008 1007//1007 1009//1009
f 1008//1008 1009//1009 1010//1010
f 1010//1010 1009//1009 1011//1011
f 1010//1010 1011//1011 1012//1012
f 1012//1012 1011//1011 1013//1013
f 1012//1012 1013//1013 1014//1014
f 1014//1014 1013//1013 1015//1015
f 1014//1014 1015//1015 1016//1016
f 1016//1016 1015//1015 1017//1017
f 1016//1016 1017//1017 1018//1018
f 1018//1018 1017//1017 1019//1019
f 1018//1018 1019//1019 1020//1020
f 1020//1020 1019//1019 1021//1021
f 1020//1020 1021//1021 1022//1022
f 1022//1022 1021//1021 1023//1023
f 1022//1022 1023//1023 1024//1024
f 1024//1024 1023//1023 1025//1025
f 1024//1024 1025//1025 1026//1026
f 1026//1026 1025//1025 1027//1027
f 1026//1026 1027//1027 1028//1028
f 1028//1028 1027//1027 1029//1029
f 1028//1028 1029//1029 1030//1030
f 1030//1030 1029//1029 1031//1031
f 1030//1030 1031//1031 1032//1032
f 1032//1032 1031//1031 1033//1033
f 1032//1032 1033//1033 1034//1034
f 1034//1034 1033//1033 1035//1035
f 1034//1034 1035//1035 1036//1036
f 1036//1036 1035//1035 1037//1037
f 1036//1036 1037//1037 1038//1038
f 1038//1038 1037//1037 1039//1039
f 1038//1038 1039//1039 1040//1040
f 1040//1040 1039//1039 1041//1041
f 1040//1040 1041//1041 970//970
f 970//970 1041//1041 971//971
f 1042//1042 1043//1043 1044//1044
f 1044//1044 1043//1043 1045//1045
f 1044//1044 1045//1045 1046//1046
f 1046//1046 1045//1045 1047//1047
f 1046//1046 1047//1047 1048//1048
f 1048//1048 1047//1047 1049//1049
f 1048//1048 1049//1049 1050//1050
f 1050//1050 1049//1049 1051//1051
f 1050//1050 1051//1051 1052//1052
f 1052//1052 1051//1051 1053//1053
f 1052//1052 1053//1053 1054//1054
f 1054//1054 1053//1053 1055//1055
f 1054//1054 1055//1055 1056//1056
f 1056//1056 1055//1055 1057//1057
f 1056//1056 1057//1057 1058//1058
f 1058//1058 1057//1057 1059//1059
f 1058//1058 1059//1059 1060//1060
f 1060//1060 1059//1059 1061//1061
f 1060//1060 1061//1061 1062//1062
f 1062//1062 1061//1061 1063//1063
f 1062//1062 1063//1063 1064//1064
f 1064//1064 1063//1063 1065//1065
f 1064//1064 1065//1065 1066//1066
f 1066//1066 1065//1065 1067//1067
f 1066//1066 1067//1067 1068//1068
f 1068//1068 1067//1067 1069//1069
f 1068//1068 1069//1069 1070//1070
f 1070//1070 1069//1069 1071//1071
f 1070//1070 1071//1071 1072//1072
f 1072//1072 1071//1071 1073//1073
f 1072//1072 1073//1073 1074//1074
f 1074//1074 1073//1073 1075//1075
f 1074//1074 1075//1075 1076//1076
f 1076//1076 1075//1075 1077//1077
f 1076//1076 1077//1077 1078//1078
f 1078//1078 1077//1077 1079//1079
f 1078//1078 1079//1079 1080//1080
f 1080//1080 1079//1079 1081//1081
f 1080//1080 1081//1081 1082//1082
f 1082//1082 1081//1081 1083//1083
f 1082//1082 1083//1083 1084//1084
f 1084//1084 1083//1083 1085//1085
f 1084//1084 1085//1085 1086//1086
f 1086//1086 1085//1085 1087//1087
f 1086//1086 1087//1087 1088//1088
f 1088//1088 1087//1087 1089//1089
f 1088//1088 1089//1089 1090//1090
f 1090//1090 1089//1089 1091//1091
f 1090//1090 1091//1091 1092//1092
f 1092//1092 1091//1091 1093//1093
f 1092//1092 1093//1093 1094//1094
f 1094//1094 1093//1093 1095//1095
f 1094//1094 1095//1095 1096//1096
f 1096//1096 1095//1095 1097//1097
f 1096//1096 1097//1097 1098//1098
f 1098//1098 1097//1097 1099//1099
f 1098//1098 1099//1099 1100//1100
f 1100//1100 1099//1099 1101//1101
f 1100//1100 1101//1101 1102//1102
f 1102//1102 1101//1101 1103//1103
f 1102//1102 1103//1103 1104//1104
f 1104//1104 1103//1103 1105//1105
f 1104//1104 1105//1105 1106//1106
f 1106//1106 1105//1105 1107//1107
f 1106//1106 1107//1107 1108//1108
f 1108//1108 1107//1107 1109//1109
f 1108//1108 1109//1109 1110//1110
f 1110//1110 1109//1109 1111//1111
f 1110//1110 1111//1111 1112//1112
f 1112//1112 1111//1111 1113//1113
f 1112//1112 1113//1113 1042//1042
f 1042//1042 1113//1113 1043//1043
f 1114//1114 1115//1115 1116//1116
f 1116//1116 1115//1115 1117//1117
f 1116//1116 1117//1117 1118//1118
f 1118//1118 1117//1117 1119//1119
f 1118//1118 1119//1119 1120//1120
f 1120//1120 1119//1119 1121//1121
f 1120//1120 1121//1121 1122//1122
f 1122//1122 1121//1121 1123//1123
f 1122//1122 1123//1123 1124//1124
f 1124//1124 1123//1123 1125//1125
f 1124//1124 1125//1125 1126//1126
f 1126//1126 1125//1125 1127//1127
f 1126//1126 1127//1127 1128//1128
f 1128//1128 1127//1127 1129//1129
f 1128//1128 1129//1129 1130//1130
f 1130//1130 1129//1129 1131//1131
f 1130//1130 1131//1131 1132//1132
f 1132//1132 1131//1131 1133//1133
f 1132//1132 1133//1133 1134//1134
f 1134//1134 1133//1133 1135//1135
f 1134//1134 1135//1135 1136//1136
f 1136//1136 1135//1135 1137//1137
f 1136//1136 1137//1137 1138//1138
f 1138//1138 1137//1137 1139//1139
f 1138//1138 1139//1139 1140//1140
f 1140//1140 1139//1139 1141//1141
f 1140//1140 1141//1141 1142//1142
f 1142//1142 1141//1141 1143//1143
f 1142//1142 1143//1143 1144//1144
f 1144//1144 1143//1143 1145//1145
f 1144//1144 1145//1145 1146//1146
f 1146//1146 1145//1145 1147//1147
f 1146//1146 1147//1147 1148//1148
f 1148//1148 1147//1147 1149//1149
f 1148//1148 1149//1149 1150//1150
f 1150//1150 1149//1149 1151//1151
f 1150//1150 1151//1151 1152//1152
f 1152//1152 1151//1151 1153//1153
f 1152//1152 1153//1153 1154//1154
f 1154//1154 1153//1153 1155//1155
f 1154//1154 1155//1155 1156//1156
f 1156//1156 1155//1155 1157//1157
f 1156//1156 1157//1157 1158//1158
f 1158//1158 1157//1157 1159//1159
f 1158//1158 1159//1159 1160//1160
f 1160//1160 1159//1159 1161//1161
f 1160//1160 1161//1161 1162//1162
f 1162//1162 1161//1161 1163//1163
f 1162//1162 1163//1163 1164//1164
f 1164//1164 1163//1163 1165//1165
f 1164//1164 1165//1165 1166//1166
f 1166//1166 1165//1165 1167//1167
f 1166//1166 1167//1167 1168//1168
f 1168//1168 1167//1167 1169//1169
f 1168//1168 1169//1169 1170//1170
f 1170//1170 1169//1169 1171//1171
f 1170//1170 1171//1171 1172//1172
f 1172//1172 1171//1171 1173//1173
f 1172//1172 1173//1173 1174//1174
f 1174//1174 1173//1173 1175//1175
f 1174//1174 1175//1175 1176//1176
f 1176//1176 1175//1175 1177//1177
f 1176//1176 1177//1177 1178//1178
f 1178//1178 1177//1177 1179//1179
f 1178//1178 1179//1179 1180//1180
f 1180//1180 1179//1179 1181//1181
f 1180//1180 1181//1181 1182//1182
f 1182//1182 1181//1181 1183//1183
f 1182//1182 1183//1183 1184//1184
f 1184//1184 1183//1183 1185//1185
f 1184//1184 1185//1185 1114//1114
f 1114//1114 1185//1185 1115//1115
f 1186//1186 1187//1187 1188//1188
f 1188//1188 1187//1187 1189//1189
f 1188//1188 1189//1189 1190//1190
f 1190//1190 1189//1189 1191//1191
f 1190//1190 1191//1191 1192//1192
f 1192//1192 1191//1191 1193//1193
f 1192//1192 1193//1193 1194//1194
f 1194//1194 1193//1193 1195//1195
f 1194//1194 1195//1195 1196//1196
f 1196//1196 1195//1195 1197//1197
f 1196//1196 1197//1197 1198//1198
f 1198//1198 1197//1197 1199//1199
f 1198//1198 1199//1199 1200//1200
f 1200//1200 1199//1199 1201//1201
f 1200//1200 1201//1201 1202//1202
f 1202//1202 1201//1201 1203//1203
f 1202//1202 1203//1203 1204//1204
f 1204//1204 1203//1203 1205//1205
f 1204//1204 1205//1205 1206//1206
f 1206//1206 1205//1205 1207//1207
f 1206//1206 1207//1207 1208//1208
f 1208//1208 1207//1207 1209//1209
f 1208//1208 1209//1209 1210//1210
f 1210//1210 1209//1209 1211//1211
f 1210//1210 1211//1211 1212//1212
f 1212//1212 1211//1211 1213//1213
f 1212//1212 1213//1213 1214//1214
f 1214//1214 1213//1213 1215//1215
f 1214//1214 1215//1215 1216//1216
f 1216//1216 1215//1215 1217//1217
f 1216//1216 1217//1217 1218//1218
f 1218//1218 1217//1217 1219//1219
f 1218//1218 1219//1219 1220//1220
f 1220//1220 1219//1219 1221//1221
f 1220//1220 1221//1221 1222//1222
f 1222//1222 1221//1221 1223//1223
f 1222//1222 1223//1223 1224//1224
f 1224//1224 1223//1223 1225//1225
f 1224//1224 1225//1225 1226//1226
f 1226//1226 1225//1225 1227//1227
f 1226//1226 1227//1227 1228//1228
f 1228//1228 1227//1227 1229//1229
f 1228//1228 1229//1229 1230//1230
f 1230//1230 1229//1229 1231//1231
f 1230//1230 1231//1231 1232//1232
f 1232//1232 1231//1231 1233//1233
f 1232//1232 1233//1233 1234//1234
f 1234//1234 1233//1233 1235//1235
f 1234//1234 1235//1235 1236//1236
f 1236//1236 1235//1235 1237//1237
f 1236//1236 1237//1237 1238//1238
f 1238//1238 1237//1237 1239//1239
f 1238//1238 1239//1239 1240//1240
f 1240//1240 1239//1239 1241//1241
f 1240//1240 1241//1241 1242//1242
f 1242//1242 1241//1241 1243//1243
f 1242//1242 1243//1243 1244//1244
f 1244//1244 1243//1243 1245//1245
f 1244//1244 1245//1245 1246//1246
f 1246//1246 1245//1245 1247//1247
f 1246//1246 1247//1247 1248//1248
f 1248//1248 1247//1247 1249//1249
f 1248//1248 1249//1249 1250//1250
f 1250//1250 1249//1249 1251//1251
f 1250//1250 1251//1251 1252//1252
f 1252//1252 1251//1251 1253//1253
f 1252//1252 1253//1253 1254//1254
f 1254//1254 1253//1253 1255//1255
f 1254//1254 1255//1255 1256//1256
f 1256//1256 1255//1255 1257//1257
f 1256//1256 1257//1257 1186//1186
f 1186//1186 1257//1257 1187//1187
f 1258//1258 1259//1259 1260//1260
f 1260//1260 1259//1259 1261//1261
f 1260//1260 1261//1261 1262//1262
f 1262//1262 1261//1261 1263//1263
f 1262//1262 1263//1263 1264//1264
f 1264//1264 1263//1263 1265//1265
f 1264//1264 1265//1265 1266//1266
f 1266//1266 1265//1265 1267//1267
f 1266//1266 1267//1267 1268//1268
f 1268//1268 1267//1267 1269//1269
f 1268//1268 1269//1269 1270//1270
f 1270//1270 1269//1269 1271//1271
f 1270//1270 1271//1271 1272//1272
f 1272//1272 1271//1271 1273//1273
f 1272//1272 1273//1273 1274//1274
f 1274//1274 1273//1273 1275//1275
f 1274//1274 1275//1275 1276//1276
f 1276//1276 1275//1275 1277//1277
f 1276//1276 1277//1277 1278//1278
f 1278//1278 1277//1277 1279//1279
f 1278//1278 1279//1279 1280//1280
f 1280//1280 1279//1279 1281//1281
f 1280//1280 1281//1281 1282//1282
f 1282//1282 1281//1281 1283//1283
f 1282//1282 1283//1283 1284//1284
f 1284//1284 1283//1283 1285//1285
f 1284//1284 1285//1285 1286//1286
f 1286//1286 1285//1285 1287//1287
f 1286//1286 1287//1287 1288//1288
f 1288//1288 1287//1287 1289//1289
f 1288//1288 1289//1289 1290//1290
f 1290//1290 1289//1289 1291//1291
f 1290//1290 1291//1291 1292//1292
f 1292//1292 1291//1291 1293//1293
f 1292//1292 1293//1293 1294//1294
f 1294//1294 1293//1293 1295//1295
f 1294//1294 1295//1295 1296//1296
f 1296//1296 1295//1295 1297//1297
f 1296//1296 1297//1297 1298//1298
f 1298//1298 1297//1297 1299//1299
f 1298//1298 1299//1299 1300//1300
f 1300//1300 1299//1299 1301//1301
f 1300//1300 1301//1301 1302//1302
f 1302//1302 1301//1301 1303//1303
f 1302//1302 1303//1303 1304//1304
f 1304//1304 1303//1303 1305//1305
f 1304//1304 1305//1305 1306//1306
f 1306//1306 1305//1305 1307//1307
f 1306//1306 1307//1307 1308//1308
f 1308//1308 1307//1307 1309//1309
f 1308//1308 1309//1309 1310//1310
f 1310//1310 1309//1309 1311//1311
f 1310//1310 1311//1311 1312//1312
f 1312//1312 1311//1311 1313//1313
f 1312//1312 1313//1313 1314//1314
f 1314//1314 1313//1313 1315//1315
f 1314//1314 1315//1315 1316//1316
f 1316//1316 1315//1315 1317//1317
f 1316//1316 1317//1317 1318//1318
f 1318//1318 1317//1317 1319//1319
f 1318//1318 1319//1319 1320//1320
f 1320//1320 1319//1319 1321//1321
f 1320//1320 1321//1321 1322//1322
f 1322//1322 1321//1321 1323//1323
f 1322//1322 1323//1323 1324//1324
f 1324//1324 1323//1323 1325//1325
f 1324//1324 1325//1325 1326//1326
f 1326//1326 1325//1325 1327//1327
f 1326//1326 1327//1327 1328//1328
f 1328//1328 1327//1327 1329//1329
f 1328//1328 1329//1329 1258//1258
f 1258//1258 1329//1329 1259//1259
f 1330//1330 1331//1331 1332//1332
f 1332//1332 1331//1331 1333//1333
f 1332//1332 1333//1333 1334//1334
f 1334//1334 1333//1333 1335//1335
f 1334//1334 1335//1335 1336//1336
f 1336//1336 1335//1335 1337//1337
f 1336//1336 1337//1337 1338//1338
f 1338//1338 1337//1337 1339//1339
f 1338//1338 1339//1339 1340//1340
f 1340//1340 1339//1339 1341//1341
f 1340//1340 1341//1341 1342//1342
f 1342//1342 1341//1341 1343//1343
f 1342//1342 1343//1343 1344//1344
f 1344//1344 1343//1343 1345//1345
f 1344//1344 1345//1345 1346//1346
f 1346//1346 1345//1345 1347//1347
f 1346//1346 1347//1347 1348//1348
f 1348//1348 1347//1347 1349//1349
f 1348//1348 1349//1349 1350//1350
f 1350//1350 1349//1349 1351//1351
f 1350//1350 1351//1351 1352//1352
f 1352//1352 1351//1351 1353//1353
f 1352//1352 1353//1353 1354//1354
f 1354//1354 1353//1353 1355//1355
f 1354//1354 1355//1355 1356//1356
f 1356//1356 1355//1355 1357//1357
f 1356//1356 1357//1357 1358//1358
f 1358//1358 1357//1357 1359//1359
f 1358//1358 1359//1359 1360//1360
f 1360//1360 1359//1359 1361//1361
f 1360//1360 1361//1361 1362//1362
f 1362//1362 1361//1361 1363//1363
f 1362//1362 1363//1363 1364//1364
f 1364//1364 1363//1363 1365//1365
f 1364//1364 1365//1365 1366//1366
f 1366//1366 1365//1365 1367//1367
f 1366//1366 1367//1367 1368//1368
f 1368//1368 1367//1367 1369//1369
f 1368//1368 1369//1369 1370//1370
f 1370//1370 1369//1369 1371//1371
f 1370//1370 1371//1371 1372//1372
f 1372//1372 1371//1371 1373//1373
f 1372//1372 1373//1373 1374//1374
f 1374//1374 1373//1373 1375//1375
f 1374//1374 1375//1375 1376//1376
f 1376//1376 1375//1375 1377//1377
f 1376//1376 1377//1377 1378//1378
f 1378//1378 1377//1377 1379//1379
f 1378//1378 1379//1379 1380//1380
f 1380//1380 1379//1379 1381//1381
f 1380//1380 1381//1381 1382//1382
f 1382//1382 1381//1381 1383//1383
f 1382//1382 1383//1383 1384//1384
f 1384//1384 1383//1383 1385//1385
f 1384//1384 1385//1385 1386//1386
f 1386//1386 1385//1385 1387//1387
f 1386//1386 1387//1387 1388//1388
f 1388//1388 1387//1387 1389//1389
f 1388//1388 1389//1389 1390//1390
f 1390//1390 1389//1389 1391//1391
f 1390//1390 1391//1391 1392//1392
f 1392//1392 1391//1391 1393//1393
f 1392//1392 1393//1393 1394//1394
f 1394//1394 1393//1393 1395//1395
f 1394//1394 1395//1395 1396//1396
f 1396//1396 1395//1395 1397//1397
f 1396//1396 1397//1397 1398//1398
f 1398//1398 1397//1397 1399//1399
f 1398//1398 1399//1399 1400//1400
f 1400//1400 1399//1399 1401//1401
f 1400//1400 1401//1401 1330//1330
f 1330//1330 1401//1401 1331//1331
f 1402//1402 1403//1403 1404//1404
f 1404//1404 1403//1403 1405//1405
f 1404//1404 1405//1405 1406//1406
f 1406//1406 1405//1405 1407//1407
f 1406//1406 1407//1407 1408//1408
f 1408//1408 1407//1407 1409//1409
f 1408//1408 1409//1409 1410//1410
f 1410//1410 1409//1409 1411//1411
f 1410//1410 1411//1411 1412//1412
f 1412//1412 1411//1411 1413//1413
f 1412//1412 1413//1413 1414//1414
f 1414//1414 1413//1413 1415//1415
f 1414//1414 1415//1415 1416//1416
f 1416//1416 1415//1415 1417//1417
f 1416//1416 1417//1417 1418//1418
f 1418//1418 1417//1417 1419//1419
f 1418//1418 1419//1419 1420//1420
f 1420//1420 1419//1419 1421//1421
f 1420//1420 1421//1421 1422//1422
f 1422//1422 1421//1421 1423//1423
f 1422//1422 1423//1423 1424//1424
f 1424//1424 1423//1423 1425//1425
f 1424//1424 1425//1425 1426//1426
f 1426//1426 1425//1425 1427//1427
f 1426//1426 1427//1427 1428//1428
f 1428//1428 1427//1427 1429//1429
f 1428//1428 1429//1429 1430//1430
f 1430//1430 1429//1429 1431//1431
f 1430//1430 1431//1431 1432//1432
f 1432//1432 1431//1431 1433//1433
f 1432//1432 1433//1433 1434//1434
f 1434//1434 1433//1433 1435//1435
f 1434//1434 1435//1435 1436//1436
f 1436//1436 1435//1435 1437//1437
f 1436//1436 1437//1437 1438//1438
f 1438//1438 1437//1437 1439//1439
f 1438//1438 1439//1439 1440//1440
f 1440//1440 1439//1439 1441//1441
f 1440//1440 1441//1441 1442//1442
f 1442//1442 1441//1441 1443//1443
f 1442//1442 1443//1443 1444//1444
f 1444//1444 1443//1443 1445//1445
f 1444//1444 1445//1445 1446//1446
f 1446//1446 1445//1445 1447//1447
f 1446//1446 1447//1447 1448//1448
f 1448//1448 1447//1447 1449//1449
f 1448//1448 1449//1449 1450//1450
f 1450//1450 1449//1449 1451//1451
f 1450//1450 1451//1451 1452//1452
f 1452//1452 1451//1451 1453//1453
f 1452//1452 1453//1453 1454//1454
f 1454//1454 1453//1453 1455//1455
f 1454//1454 1455//1455 1456//1456
f 1456//1456 1455//1455 1457//1457
f 1456//1456 1457//1457 1458//1458
f 1458//1458 1457//1457 1459//1459
f 1458//1458 1459//1459 1460//1460
f 1460//1460 1459//1459 1461//1461
f 1460//1460 1461//1461 1462//1462
f 1462//1462 1461//1461 1463//1463
f 1462//1462 1463//1463 1464//1464
f 1464//1464 1463//1463 1465//1465
f 1464//1464 1465//1465 1466//1466
f 1466//1466 1465//1465 1467//1467
f 1466//1466 1467//1467 1468//1468
f 1468//1468 1467//1467 1469//1469
f 1468//1468 1469//1469 1470//1470
f 1470//1470 1469//1469 1471//1471
f 1470//1470 1471//1471 1472//1472
f 1472//1472 1471//1471 1473//1473
f 1472//1472 1473//1473 1402//1402
f 1402//1402 1473//1473 1403//1403
f 1474//1474 1475//1475 1476//1476
f 1476//1476 1475//1475 1477//1477
f 1476//1476 1477//1477 1478//1478
f 1478//1478 1477//1477 1479//1479
f 1478//1478 1479//1479 1480//1480
f 1480//1480 1479//1479 1481//1481
f 1480//1480 1481//1481 1482//1482
f 1482//1482 1481//1481 1483//1483
f 1482//1482 1483//1483 1484//1484
f 1484//1484 1483//1483 1485//1485
f 1484//1484 1485//1485 1486//1486
f 1486//1486 1485//1485 1487//1487
f 1486//1486 1487//1487 1488//1488
f 1488//1488 1487//1487 1489//1489
f 1488//1488 1489//1489 1490//1490
f 1490//1490 1489//1489 1491//1491
f 1490//1490 1491//1491 1492//1492
f 1492//1492 1491//1491 1493//1493
f 1492//1492 1493//1493 1494//1494
f 1494//1494 1493//1493 1495//1495
f 1494//1494 1495//1495 1496//1496
f 1496//1496 1495//1495 1497//1497
f 1496//1496 1497//1497 1498//1498
f 1498//1498 1497//1497 1499//1499
f 1498//1498 1499//1499 1500//1500
f 1500//1500 1499//1499 1501//1501
f 1500//1500 1501//1501 1502//1502
f 1502//1502 1501//1501 1503//1503
f 1502//1502 1503//1503 1504//1504
f 1504//1504 1503//1503 1505//1505
f 1504//1504 1505//1505 1506//1506
f 1506//1506 1505//1505 1507//1507
f 1506//1506 1507//1507 1508//1508
f 1508//1508 1507//1507 1509//1509
f 1508//1508 1509//1509 1510//1510
f 1510//1510 1509//1509 1511//1511
f 1510//1510 1511//1511 1512//1512
f 1512//1512 1511//1511 1513//1513
f 1512//1512 1513//1513 1514//1514
f 1514//1514 1513//1513 1515//1515
f 1514//1514 1515//1515 1516//1516
f 1516//1516 1515//1515 1517//1517
f 1516//1516 1517//1517 1518//1518
f 1518//1518 1517//1517 1519//1519
f 1518//1518 1519//1519 1520//1520
f 1520//1520 1519//1519 1521//1521
f 1520//1520 1521//1521 1522//1522
f 1522//1522 1521//1521 1523//1523
f 1522//1522 1523//1523 1524//1524
f 1524//1524 1523//1523 1525//1525
f 1524//1524 1525//1525 1526//1526
f 1526//1526 1525//1525 1527//1527
f 1526//1526 1527//1527 1528//1528
f 1528//1528 1527//1527 1529//1529
f 1528//1528 1529//1529 1530//1530
f 1530//1530 1529//1529 1531//1531
f 1530//1530 1531//1531 1532//1532
f 1532//1532 1531//1531 1533//1533
f 1532//1532 1533//1533 1534//1534
f 1534//1534 1533//1533 1535//1535
f 1534//1534 1535//1535 1536//1536
f 1536//1536 1535//1535 1537//1537
f 1536//1536 1537//1537 1538//1538
f 1538//1538 1537//1537 1539//1539
f 1538//1538 1539//1539 1540//1540
f 1540//1540 1539//1539 1541//1541
f 1540//1540 1541//1541 1542//1542
f 1542//1542 1541//1541 1543//1543
f 1542//1542 1543//1543 1544//1544
f 1544//1544 1543//1543 1545//1545
f 1544//1544 1545//1545 1474//1474
f 1474//1474 1545//1545 1475//1475
f 1546//1546 754//754 1547//1547
f 1547//1547 754//754 756//756
f 1547//1547 756//756 758//758
f 754//754 1546//1546 824//824
f 824//824 1546//1546 1548//1548
f 824//824 1548//1548 822//822
f 822//822 1548//1548 820//820
f 820//820 1548//1548 1549//1549
f 820//820 1549//1549 818//818
f 818//818 1549//1549 832//832
f 818//818 832//832 816//816
f 816//816 832//832 834//834
f 816//816 834//834 814//814
f 814//814 834//834 836//836
f 814//814 836//836 812//812
f 812//812 836//836 838//838
f 812//812 838//838 810//810
f 810//810 838//838 840//840
f 810//810 840//840 808//808
f 808//808 840//840 842//842
f 808//808 842//842 806//806
f 806//806 842//842 844//844
f 806//806 844//844 804//804
f 804//804 844//844 846//846
f 804//804 846//846 802//802
f 802//802 846//846 848//848
f 802//802 848//848 800//800
f 800//800 848//848 850//850
f 800//800 850//850 798//798
f 798//798 850//850 852//852
f 798//798 852//852 796//796
f 796//796 852//852 854//854
f 796//796 854//854 1328//1328
f 1328//1328 854//854 856//856
f 1328//1328 856//856 858//858
f 1549//1549 1550//1550 832//832
f 832//832 1550//1550 830//830
f 830//830 1550//1550 828//828
f 828//828 1550//1550 1551//1551
f 828//828 1551//1551 826//826
f 826//826 1551//1551 1552//1552
f 826//826 1552//1552 896//896
f 896//896 1552//1552 894//894
f 894//894 1552//1552 1553//1553
f 894//894 1553//1553 892//892
f 892//892 1553//1553 1554//1554
f 892//892 1554//1554 890//890
f 890//890 1554//1554 888//888
f 888//888 1554//1554 1555//1555
f 888//888 1555//1555 886//886
f 886//886 1555//1555 884//884
f 884//884 1555//1555 1556//1556
f 884//884 1556//1556 1186//1186
f 1186//1186 1556//1556 1256//1256
f 1256//1256 1556//1556 1557//1557
f 1256//1256 1557//1557 1254//1254
f 1254//1254 1557//1557 1558//1558
f 1254//1254 1558//1558 1252//1252
f 1252//1252 1558//1558 1250//1250
f 1250//1250 1558//1558 1559//1559
f 1250//1250 1559//1559 1248//1248
f 1248//1248 1559//1559 1246//1246
f 1246//1246 1559//1559 1560//1560
f 1246//1246 1560//1560 1244//1244
f 1244//1244 1560//1560 1561//1561
f 1244//1244 1561//1561 1242//1242
f 1242//1242 1561//1561 1240//1240
f 1240//1240 1561//1561 1562//1562
f 1240//1240 1562//1562 1238//1238
f 1238//1238 1562//1562 964//964
f 1238//1238 964//964 1236//1236
f 1236//1236 964//964 966//966
f 1236//1236 966//966 1234//1234
f 1234//1234 966//966 968//968
f 1234//1234 968//968 1232//1232
f 1232//1232 968//968 898//898
f 1232//1232 898//898 1230//1230
f 1230//1230 898//898 900//900
f 1230//1230 900//900 1228//1228
f 1228//1228 900//900 902//902
f 1228//1228 902//902 1226//1226
f 1226//1226 902//902 904//904
f 1226//1226 904//904 1224//1224
f 1224//1224 904//904 906//906
f 1224//1224 906//906 1222//1222
f 1222//1222 906//906 908//908
f 1222//1222 908//908 1220//1220
f 1220//1220 908//908 910//910
f 1220//1220 910//910 1218//1218
f 1218//1218 910//910 912//912
f 1218//1218 912//912 1216//1216
f 1216//1216 912//912 914//914
f 1216//1216 914//914 1318//1318
f 1318//1318 914//914 1316//1316
f 1316//1316 914//914 916//916
f 1316//1316 916//916 1314//1314
f 1314//1314 916//916 918//918
f 1314//1314 918//918 920//920
f 1562//1562 1563//1563 964//964
f 964//964 1563//1563 962//962
f 962//962 1563//1563 1564//1564
f 962//962 1564//1564 960//960
f 960//960 1564//1564 958//958
f 958//958 1564//1564 1565//1565
f 958//958 1565//1565 956//956
f 956//956 1565//1565 954//954
f 954//954 1565//1565 1566//1566
f 954//954 1566//1566 952//952
f 952//952 1566//1566 1567//1567
f 952//952 1567//1567 950//950
f 950//950 1567//1567 948//948
f 948//948 1567//1567 1568//1568
f 948//948 1568//1568 946//946
f 946//946 1568//1568 1569//1569
f 946//946 1569//1569 944//944
f 944//944 1569//1569 1174//1174
f 944//944 1174//1174 1176//1176
f 1174//1174 1569//1569 1172//1172
f 1172//1172 1569//1569 1570//1570
f 1172//1172 1570//1570 1170//1170
f 1170//1170 1570//1570 1571//1571
f 1170//1170 1571//1571 1168//1168
f 1168//1168 1571//1571 1166//1166
f 1166//1166 1571//1571 1572//1572
f 1166//1166 1572//1572 1164//1164
f 1164//1164 1572//1572 1573//1573
f 1164//1164 1573//1573 1162//1162
f 1162//1162 1573//1573 1160//1160
f 1160//1160 1573//1573 1574//1574
f 1160//1160 1574//1574 1158//1158
f 1158//1158 1574//1574 1575//1575
f 1158//1158 1575//1575 1156//1156
f 1156//1156 1575//1575 1154//1154
f 1154//1154 1575//1575 1576//1576
f 1154//1154 1576//1576 1024//1024
f 1024//1024 1576//1576 1022//1022
f 1022//1022 1576//1576 1577//1577
f 1022//1022 1577//1577 1020//1020
f 1020//1020 1577//1577 1018//1018
f 1018//1018 1577//1577 1578//1578
f 1018//1018 1578//1578 1016//1016
f 1016//1016 1578//1578 1579//1579
f 1016//1016 1579//1579 1014//1014
f 1014//1014 1579//1579 1012//1012
f 1012//1012 1579//1579 1580//1580
f 1012//1012 1580//1580 1010//1010
f 1010//1010 1580//1580 1008//1008
f 1008//1008 1580//1580 1581//1581
f 1008//1008 1581//1581 1006//1006
f 1006//1006 1581//1581 1582//1582
f 1006//1006 1582//1582 1004//1004
f 1004//1004 1582//1582 1090//1090
f 1004//1004 1090//1090 1092//1092
f 1582//1582 1583//1583 1090//1090
f 1090//1090 1583//1583 1088//1088
f 1088//1088 1583//1583 1086//1086
f 1086//1086 1583//1583 1584//1584
f 1086//1086 1584//1584 1084//1084
f 1084//1084 1584//1584 1585//1585
f 1084//1084 1585//1585 1082//1082
f 1082//1082 1585//1585 1080//1080
f 1080//1080 1585//1585 1586//1586
f 1080//1080 1586//1586 1078//1078
f 1078//1078 1586//1586 1076//1076
f 1076//1076 1586//1586 1587//1587
f 1076//1076 1587//1587 1074//1074
f 1074//1074 1587//1587 1588//1588
f 1074//1074 1588//1588 1072//1072
f 1072//1072 1588//1588 1070//1070
f 1070//1070 1588//1588 1589//1589
f 1070//1070 1589//1589 1516//1516
f 1516//1516 1589//1589 1514//1514
f 1514//1514 1589//1589 1590//1590
f 1514//1514 1590//1590 1512//1512
f 1512//1512 1590//1590 1591//1591
f 1512//1512 1591//1591 1510//1510
f 1510//1510 1591//1591 1508//1508
f 1508//1508 1591//1591 1592//1592
f 1508//1508 1592//1592 1506//1506
f 1506//1506 1592//1592 1504//1504
f 1504//1504 1592//1592 1593//1593
f 1504//1504 1593//1593 1502//1502
f 1502//1502 1593//1593 1594//1594
f 1502//1502 1594//1594 1500//1500
f 1500//1500 1594//1594 1498//1498
f 1498//1498 1594//1594 1595//1595
f 1498//1498 1595//1595 1496//1496
f 1496//1496 1595//1595 646//646
f 1496//1496 646//646 1494//1494
f 1494//1494 646//646 648//648
f 1494//1494 648//648 650//650
f 1596//1596 1422//1422 1595//1595
f 1595//1595 1422//1422 1424//1424
f 1595//1595 1424//1424 1426//1426
f 1596//1596 1597//1597 1422//1422
f 1422//1422 1597//1597 1598//1598
f 1422//1422 1598//1598 1599//1599
f 1599//1599 1600//1600 1422//1422
f 1422//1422 1600//1600 1601//1601
f 1422//1422 1601//1601 1602//1602
f 1602//1602 1603//1603 1422//1422
f 1422//1422 1603//1603 1604//1604
f 1422//1422 1604//1604 1605//1605
f 1605//1605 1606//1606 1422//1422
f 1422//1422 1606//1606 1420//1420
f 1420//1420 1606//1606 1418//1418
f 1418//1418 1606//1606 1607//1607
f 1418//1418 1607//1607 1416//1416
f 1416//1416 1607//1607 1414//1414
f 1414//1414 1607//1607 1608//1608
f 1414//1414 1608//1608 1412//1412
f 1412//1412 1608//1608 1609//1609
f 1412//1412 1609//1609 706//706
f 706//706 1609//1609 704//704
f 704//704 1609//1609 1610//1610
f 704//704 1610//1610 702//702
f 702//702 1610//1610 1611//1611
f 702//702 1611//1611 1612//1612
f 1612//1612 1613//1613 702//702
f 702//702 1613//1613 1614//1614
f 702//702 1614//1614 1615//1615
f 1615//1615 1616//1616 702//702
f 702//702 1616//1616 1617//1617
f 702//702 1617//1617 700//700
f 700//700 1617//1617 698//698
f 698//698 1617//1617 696//696
f 696//696 1617//1617 694//694
f 694//694 1617//1617 692//692
f 692//692 1617//1617 690//690
f 690//690 1617//1617 688//688
f 688//688 1617//1617 686//686
f 686//686 1617//1617 1350//1350
f 686//686 1350//1350 684//684
f 684//684 1350//1350 1352//1352
f 684//684 1352//1352 682//682
f 682//682 1352//1352 1354//1354
f 682//682 1354//1354 752//752
f 752//752 1354//1354 750//750
f 750//750 1354//1354 748//748
f 748//748 1354//1354 746//746
f 746//746 1354//1354 744//744
f 744//744 1354//1354 742//742
f 742//742 1354//1354 1356//1356
f 742//742 1356//1356 1358//1358
f 1617//1617 1618//1618 1350//1350
f 1350//1350 1618//1618 1619//1619
f 1350//1350 1619//1619 1620//1620
f 1621//1621 1332//1332 1620//1620
f 1620//1620 1332//1332 1334//1334
f 1620//1620 1334//1334 1336//1336
f 1622//1622 1400//1400 1621//1621
f 1621//1621 1400//1400 1330//1330
f 1621//1621 1330//1330 1332//1332
f 1623//1623 764//764 1622//1622
f 1622//1622 764//764 766//766
f 1622//1622 766//766 1400//1400
f 1400//1400 766//766 768//768
f 1400//1400 768//768 1398//1398
f 1398//1398 768//768 770//770
f 1398//1398 770//770 1396//1396
f 1396//1396 770//770 772//772
f 1396//1396 772//772 1394//1394
f 1394//1394 772//772 774//774
f 1394//1394 774//774 1392//1392
f 1392//1392 774//774 776//776
f 1392//1392 776//776 1390//1390
f 1390//1390 776//776 778//778
f 1390//1390 778//778 1388//1388
f 1388//1388 778//778 780//780
f 1388//1388 780//780 1386//1386
f 1386//1386 780//780 782//782
f 1386//1386 782//782 1384//1384
f 1384//1384 782//782 784//784
f 1384//1384 784//784 1382//1382
f 1382//1382 784//784 786//786
f 1382//1382 786//786 1380//1380
f 1380//1380 786//786 788//788
f 1380//1380 788//788 1378//1378
f 1378//1378 788//788 1262//1262
f 1378//1378 1262//1262 1376//1376
f 1376//1376 1262//1262 1264//1264
f 1376//1376 1264//1264 1374//1374
f 1374//1374 1264//1264 1266//1266
f 1374//1374 1266//1266 1372//1372
f 1372//1372 1266//1266 1268//1268
f 1372//1372 1268//1268 1370//1370
f 1370//1370 1268//1268 1270//1270
f 1370//1370 1270//1270 738//738
f 738//738 1270//1270 1272//1272
f 738//738 1272//1272 1274//1274
f 1624//1624 760//760 1623//1623
f 1623//1623 760//760 762//762
f 1623//1623 762//762 764//764
f 760//760 1624//1624 758//758
f 758//758 1624//1624 1547//1547
f 1478//1478 1284//1284 1476//1476
f 1476//1476 1284//1284 1286//1286
f 1476//1476 1286//1286 1474//1474
f 1474//1474 1286//1286 1288//1288
f 1474//1474 1288//1288 1544//1544
f 1544//1544 1288//1288 1290//1290
f 1544//1544 1290//1290 1542//1542
f 1542//1542 1290//1290 1292//1292
f 1542//1542 1292//1292 1540//1540
f 1540//1540 1292//1292 1538//1538
f 1538//1538 1292//1292 1048//1048
f 1538//1538 1048//1048 1536//1536
f 1536//1536 1048//1048 1050//1050
f 1536//1536 1050//1050 1534//1534
f 1534//1534 1050//1050 1052//1052
f 1534//1534 1052//1052 1532//1532
f 1532//1532 1052//1052 1054//1054
f 1532//1532 1054//1054 1530//1530
f 1530//1530 1054//1054 1056//1056
f 1530//1530 1056//1056 1528//1528
f 1528//1528 1056//1056 1058//1058
f 1528//1528 1058//1058 1526//1526
f 1526//1526 1058//1058 1060//1060
f 1526//1526 1060//1060 1524//1524
f 1524//1524 1060//1060 1062//1062
f 1524//1524 1062//1062 1522//1522
f 1522//1522 1062//1062 1064//1064
f 1522//1522 1064//1064 1520//1520
f 1520//1520 1064//1064 1066//1066
f 1520//1520 1066//1066 1518//1518
f 1518//1518 1066//1066 1068//1068
f 1518//1518 1068//1068 1516//1516
f 1516//1516 1068//1068 1070//1070
f 1284//1284 1478//1478 1282//1282
f 1282//1282 1478//1478 1480//1480
f 1282//1282 1480//1480 1280//1280
f 1280//1280 1480//1480 738//738
f 1280//1280 738//738 1278//1278
f 1278//1278 738//738 1276//1276
f 1276//1276 738//738 1274//1274
f 1480//1480 1482//1482 738//738
f 738//738 1482//1482 1484//1484
f 738//738 1484//1484 1486//1486
f 1486//1486 1488//1488 738//738
f 738//738 1488//1488 1490//1490
f 738//738 1490//1490 1492//1492
f 1492//1492 1494//1494 738//738
f 738//738 1494//1494 736//736
f 736//736 1494//1494 668//668
f 736//736 668//668 734//734
f 734//734 668//668 670//670
f 734//734 670//670 732//732
f 732//732 670//670 672//672
f 732//732 672//672 1458//1458
f 1458//1458 672//672 1456//1456
f 1456//1456 672//672 674//674
f 1456//1456 674//674 1454//1454
f 1454//1454 674//674 676//676
f 1454//1454 676//676 1452//1452
f 1452//1452 676//676 678//678
f 1452//1452 678//678 1450//1450
f 1450//1450 678//678 680//680
f 1450//1450 680//680 1448//1448
f 1448//1448 680//680 610//610
f 1448//1448 610//610 1446//1446
f 1446//1446 610//610 612//612
f 1446//1446 612//612 1444//1444
f 1444//1444 612//612 614//614
f 1444//1444 614//614 1442//1442
f 1442//1442 614//614 616//616
f 1442//1442 616//616 1440//1440
f 1440//1440 616//616 618//618
f 1440//1440 618//618 620//620
f 1406//1406 714//714 1404//1404
f 1404//1404 714//714 716//716
f 1404//1404 716//716 1402//1402
f 1402//1402 716//716 718//718
f 1402//1402 718//718 1472//1472
f 1472//1472 718//718 720//720
f 1472//1472 720//720 1470//1470
f 1470//1470 720//720 722//722
f 1470//1470 722//722 1468//1468
f 1468//1468 722//722 724//724
f 1468//1468 724//724 1466//1466
f 1466//1466 724//724 726//726
f 1466//1466 726//726 1464//1464
f 1464//1464 726//726 728//728
f 1464//1464 728//728 1462//1462
f 1462//1462 728//728 730//730
f 1462//1462 730//730 1460//1460
f 1460//1460 730//730 732//732
f 1460//1460 732//732 1458//1458
f 714//714 1406//1406 712//712
f 712//712 1406//1406 1408//1408
f 712//712 1408//1408 710//710
f 710//710 1408//1408 1410//1410
f 710//710 1410//1410 708//708
f 708//708 1410//1410 1412//1412
f 708//708 1412//1412 706//706
f 1426//1426 1428//1428 1595//1595
f 1595//1595 1428//1428 630//630
f 1595//1595 630//630 632//632
f 1428//1428 1430//1430 630//630
f 630//630 1430//1430 1432//1432
f 630//630 1432//1432 1434//1434
f 1434//1434 1436//1436 630//630
f 630//630 1436//1436 1438//1438
f 630//630 1438//1438 1440//1440
f 1336//1336 1338//1338 1620//1620
f 1620//1620 1338//1338 1340//1340
f 1620//1620 1340//1340 1342//1342
f 1342//1342 1344//1344 1620//1620
f 1620//1620 1344//1344 1346//1346
f 1620//1620 1346//1346 1348//1348
f 1348//1348 1350//1350 1620//1620
f 1358//1358 1360//1360 742//742
f 742//742 1360//1360 1362//1362
f 742//742 1362//1362 1364//1364
f 1364//1364 1366//1366 742//742
f 742//742 1366//1366 740//740
f 740//740 1366//1366 1368//1368
f 740//740 1368//1368 738//738
f 738//738 1368//1368 1370//1370
f 1262//1262 790//790 1260//1260
f 1260//1260 790//790 792//792
f 1260//1260 792//792 1258//1258
f 1258//1258 792//792 794//794
f 1258//1258 794//794 1328//1328
f 1328//1328 794//794 796//796
f 1048//1048 1292//1292 1046//1046
f 1046//1046 1292//1292 1294//1294
f 1046//1046 1294//1294 1044//1044
f 1044//1044 1294//1294 1296//1296
f 1044//1044 1296//1296 1042//1042
f 1042//1042 1296//1296 1298//1298
f 1042//1042 1298//1298 1112//1112
f 1112//1112 1298//1298 982//982
f 1112//1112 982//982 984//984
f 982//982 1298//1298 980//980
f 980//980 1298//1298 1300//1300
f 980//980 1300//1300 978//978
f 978//978 1300//1300 1302//1302
f 978//978 1302//1302 976//976
f 976//976 1302//1302 1304//1304
f 976//976 1304//1304 974//974
f 974//974 1304//1304 1132//1132
f 974//974 1132//1132 1134//1134
f 1132//1132 1304//1304 1130//1130
f 1130//1130 1304//1304 1306//1306
f 1130//1130 1306//1306 1128//1128
f 1128//1128 1306//1306 1308//1308
f 1128//1128 1308//1308 1126//1126
f 1126//1126 1308//1308 1310//1310
f 1126//1126 1310//1310 1124//1124
f 1124//1124 1310//1310 922//922
f 1124//1124 922//922 924//924
f 1310//1310 1312//1312 922//922
f 922//922 1312//1312 920//920
f 920//920 1312//1312 1314//1314
f 1216//1216 1318//1318 1214//1214
f 1214//1214 1318//1318 1320//1320
f 1214//1214 1320//1320 1212//1212
f 1212//1212 1320//1320 1322//1322
f 1212//1212 1322//1322 1210//1210
f 1210//1210 1322//1322 1324//1324
f 1210//1210 1324//1324 1208//1208
f 1208//1208 1324//1324 862//862
f 1208//1208 862//862 1206//1206
f 1206//1206 862//862 864//864
f 1206//1206 864//864 1204//1204
f 1204//1204 864//864 866//866
f 1204//1204 866//866 1202//1202
f 1202//1202 866//866 868//868
f 1202//1202 868//868 1200//1200
f 1200//1200 868//868 870//870
f 1200//1200 870//870 1198//1198
f 1198//1198 870//870 872//872
f 1198//1198 872//872 1196//1196
f 1196//1196 872//872 874//874
f 1196//1196 874//874 1194//1194
f 1194//1194 874//874 876//876
f 1194//1194 876//876 1192//1192
f 1192//1192 876//876 878//878
f 1192//1192 878//878 1190//1190
f 1190//1190 878//878 880//880
f 1190//1190 880//880 1188//1188
f 1188//1188 880//880 882//882
f 1188//1188 882//882 1186//1186
f 1186//1186 882//882 884//884
f 862//862 1324//1324 860//860
f 860//860 1324//1324 1326//1326
f 860//860 1326//1326 858//858
f 858//858 1326//1326 1328//1328
f 1118//1118 930//930 1116//1116
f 1116//1116 930//930 932//932
f 1116//1116 932//932 1114//1114
f 1114//1114 932//932 934//934
f 1114//1114 934//934 1184//1184
f 1184//1184 934//934 936//936
f 1184//1184 936//936 1182//1182
f 1182//1182 936//936 938//938
f 1182//1182 938//938 1180//1180
f 1180//1180 938//938 940//940
f 1180//1180 940//940 1178//1178
f 1178//1178 940//940 942//942
f 1178//1178 942//942 1176//1176
f 1176//1176 942//942 944//944
f 930//930 1118//1118 928//928
f 928//928 1118//1118 1120//1120
f 928//928 1120//1120 926//926
f 926//926 1120//1120 1122//1122
f 926//926 1122//1122 924//924
f 924//924 1122//1122 1124//1124
f 974//974 1134//1134 972//972
f 972//972 1134//1134 1136//1136
f 972//972 1136//1136 970//970
f 970//970 1136//1136 1138//1138
f 970//970 1138//1138 1040//1040
f 1040//1040 1138//1138 1140//1140
f 1040//1040 1140//1140 1038//1038
f 1038//1038 1140//1140 1142//1142
f 1038//1038 1142//1142 1036//1036
f 1036//1036 1142//1142 1144//1144
f 1036//1036 1144//1144 1034//1034
f 1034//1034 1144//1144 1146//1146
f 1034//1034 1146//1146 1032//1032
f 1032//1032 1146//1146 1148//1148
f 1032//1032 1148//1148 1030//1030
f 1030//1030 1148//1148 1150//1150
f 1030//1030 1150//1150 1028//1028
f 1028//1028 1150//1150 1152//1152
f 1028//1028 1152//1152 1026//1026
f 1026//1026 1152//1152 1154//1154
f 1026//1026 1154//1154 1024//1024
f 1004//1004 1092//1092 1002//1002
f 1002//1002 1092//1092 1094//1094
f 1002//1002 1094//1094 1000//1000
f 1000//1000 1094//1094 1096//1096
f 1000//1000 1096//1096 998//998
f 998//998 1096//1096 1098//1098
f 998//998 1098//1098 996//996
f 996//996 1098//1098 1100//1100
f 996//996 1100//1100 994//994
f 994//994 1100//1100 1102//1102
f 994//994 1102//1102 992//992
f 992//992 1102//1102 1104//1104
f 992//992 1104//1104 990//990
f 990//990 1104//1104 1106//1106
f 990//990 1106//1106 988//988
f 988//988 1106//1106 1108//1108
f 988//988 1108//1108 986//986
f 986//986 1108//1108 1110//1110
f 986//986 1110//1110 984//984
f 984//984 1110//1110 1112//1112
f 788//788 790//790 1262//1262
f 620//620 622//622 1440//1440
f 1440//1440 622//622 624//624
f 1440//1440 624//624 626//626
f 626//626 628//628 1440//1440
f 1440//1440 628//628 630//630
f 632//632 634//634 1595//1595
f 1595//1595 634//634 636//636
f 1595//1595 636//636 638//638
f 638//638 640//640 1595//1595
f 1595//1595 640//640 642//642
f 1595//1595 642//642 644//644
f 644//644 646//646 1595//1595
f 650//650 652//652 1494//1494
f 1494//1494 652//652 654//654
f 1494//1494 654//654 656//656
f 656//656 658//658 1494//1494
f 1494//1494 658//658 660//660
f 1494//1494 660//660 662//662
f 662//662 664//664 1494//1494
f 1494//1494 664//664 666//666
f 1494//1494 666//666 668//668
f 1625//1625 759//759 1626//1626
f 1626//1626 759//759 757//757
f 1626//1626 757//757 755//755
f 1627//1627 763//763 1625//1625
f 1625//1625 763//763 761//761
f 1625//1625 761//761 759//759
f 763//763 1627//1627 765//765
f 765//765 1627//1627 1628//1628
f 765//765 1628//1628 767//767
f 767//767 1628//1628 1401//1401
f 767//767 1401//1401 1399//1399
f 1628//1628 1629//1629 1401//1401
f 1401//1401 1629//1629 1331//1331
f 1331//1331 1629//1629 1333//1333
f 1333//1333 1629//1629 1630//1630
f 1333//1333 1630//1630 1335//1335
f 1335//1335 1630//1630 1631//1631
f 1335//1335 1631//1631 1337//1337
f 1337//1337 1631//1631 1339//1339
f 1339//1339 1631//1631 1632//1632
f 1339//1339 1632//1632 1341//1341
f 1341//1341 1632//1632 1343//1343
f 1343//1343 1632//1632 1633//1633
f 1343//1343 1633//1633 1345//1345
f 1345//1345 1633//1633 1634//1634
f 1345//1345 1634//1634 1347//1347
f 1347//1347 1634//1634 1349//1349
f 1349//1349 1634//1634 1635//1635
f 1349//1349 1635//1635 687//687
f 687//687 1635//1635 689//689
f 689//689 1635//1635 1636//1636
f 689//689 1636//1636 691//691
f 691//691 1636//1636 1637//1637
f 691//691 1637//1637 693//693
f 693//693 1637//1637 695//695
f 695//695 1637//1637 1638//1638
f 695//695 1638//1638 697//697
f 697//697 1638//1638 699//699
f 699//699 1638//1638 1639//1639
f 699//699 1639//1639 701//701
f 701//701 1639//1639 703//703
f 703//703 1639//1639 1640//1640
f 703//703 1640//1640 705//705
f 705//705 1640//1640 1641//1641
f 705//705 1641//1641 707//707
f 707//707 1641//1641 1413//1413
f 707//707 1413//1413 1411//1411
f 1641//1641 1642//1642 1413//1413
f 1413//1413 1642//1642 1415//1415
f 1415//1415 1642//1642 1417//1417
f 1417//1417 1642//1642 1643//1643
f 1417//1417 1643//1643 1419//1419
f 1419//1419 1643//1643 1644//1644
f 1419//1419 1644//1644 1421//1421
f 1421//1421 1644//1644 1423//1423
f 1423//1423 1644//1644 1645//1645
f 1423//1423 1645//1645 1646//1646
f 1646//1646 1647//1647 1423//1423
f 1423//1423 1647//1647 1425//1425
f 1425//1425 1647//1647 1648//1648
f 1425//1425 1648//1648 1649//1649
f 1649//1649 1650//1650 1425//1425
f 1425//1425 1650//1650 1651//1651
f 1425//1425 1651//1651 1652//1652
f 1652//1652 1653//1653 1425//1425
f 1425//1425 1653//1653 1654//1654
f 1425//1425 1654//1654 1427//1427
f 1427//1427 1654//1654 1429//1429
f 1429//1429 1654//1654 631//631
f 1429//1429 631//631 1431//1431
f 1431//1431 631//631 629//629
f 1431//1431 629//629 1433//1433
f 1433//1433 629//629 627//627
f 1433//1433 627//627 1435//1435
f 1435//1435 627//627 625//625
f 1435//1435 625//625 1437//1437
f 1437//1437 625//625 623//623
f 1437//1437 623//623 1439//1439
f 1439//1439 623//623 621//621
f 1439//1439 621//621 1441//1441
f 1441//1441 621//621 619//619
f 1441//1441 619//619 1443//1443
f 1443//1443 619//619 617//617
f 1443//1443 617//617 1445//1445
f 1445//1445 617//617 615//615
f 1445//1445 615//615 1447//1447
f 1447//1447 615//615 613//613
f 1447//1447 613//613 1449//1449
f 1449//1449 613//613 611//611
f 1449//1449 611//611 1451//1451
f 1451//1451 611//611 681//681
f 1451//1451 681//681 1453//1453
f 1453//1453 681//681 679//679
f 1453//1453 679//679 1455//1455
f 1455//1455 679//679 677//677
f 1455//1455 677//677 1281//1281
f 1281//1281 677//677 675//675
f 1281//1281 675//675 1283//1283
f 1283//1283 675//675 673//673
f 1283//1283 673//673 1285//1285
f 1285//1285 673//673 671//671
f 1285//1285 671//671 1287//1287
f 1287//1287 671//671 669//669
f 1287//1287 669//669 1475//1475
f 1475//1475 669//669 1477//1477
f 1477//1477 669//669 667//667
f 1477//1477 667//667 1479//1479
f 1479//1479 667//667 665//665
f 1479//1479 665//665 1481//1481
f 1481//1481 665//665 663//663
f 1481//1481 663//663 1483//1483
f 1483//1483 663//663 661//661
f 1483//1483 661//661 1485//1485
f 1485//1485 661//661 659//659
f 1485//1485 659//659 1487//1487
f 1487//1487 659//659 657//657
f 1487//1487 657//657 1489//1489
f 1489//1489 657//657 655//655
f 1489//1489 655//655 1491//1491
f 1491//1491 655//655 653//653
f 1491//1491 653//653 1493//1493
f 1493//1493 653//653 651//651
f 1493//1493 651//651 1495//1495
f 1495//1495 651//651 649//649
f 1495//1495 649//649 1497//1497
f 1497//1497 649//649 647//647
f 1497//1497 647//647 1654//1654
f 1654//1654 647//647 645//645
f 1654//1654 645//645 643//643
f 1654//1654 1655//1655 1497//1497
f 1497//1497 1655//1655 1499//1499
f 1499//1499 1655//1655 1501//1501
f 1501//1501 1655//1655 1656//1656
f 1501//1501 1656//1656 1503//1503
f 1503//1503 1656//1656 1657//1657
f 1503//1503 1657//1657 1505//1505
f 1505//1505 1657//1657 1507//1507
f 1507//1507 1657//1657 1658//1658
f 1507//1507 1658//1658 1509//1509
f 1509//1509 1658//1658 1511//1511
f 1511//1511 1658//1658 1659//1659
f 1511//1511 1659//1659 1513//1513
f 1513//1513 1659//1659 1660//1660
f 1513//1513 1660//1660 1515//1515
f 1515//1515 1660//1660 1517//1517
f 1517//1517 1660//1660 1661//1661
f 1517//1517 1661//1661 1071//1071
f 1071//1071 1661//1661 1073//1073
f 1073//1073 1661//1661 1662//1662
f 1073//1073 1662//1662 1075//1075
f 1075//1075 1662//1662 1663//1663
f 1075//1075 1663//1663 1077//1077
f 1077//1077 1663//1663 1079//1079
f 1079//1079 1663//1663 1664//1664
f 1079//1079 1664//1664 1081//1081
f 1081//1081 1664//1664 1083//1083
f 1083//1083 1664//1664 1665//1665
f 1083//1083 1665//1665 1085//1085
f 1085//1085 1665//1665 1087//1087
f 1087//1087 1665//1665 1666//1666
f 1087//1087 1666//1666 1089//1089
f 1089//1089 1666//1666 1667//1667
f 1089//1089 1667//1667 1091//1091
f 1091//1091 1667//1667 1005//1005
f 1091//1091 1005//1005 1003//1003
f 1667//1667 1668//1668 1005//1005
f 1005//1005 1668//1668 1007//1007
f 1007//1007 1668//1668 1009//1009
f 1009//1009 1668//1668 1669//1669
f 1009//1009 1669//1669 1011//1011
f 1011//1011 1669//1669 1670//1670
f 1011//1011 1670//1670 1013//1013
f 1013//1013 1670//1670 1015//1015
f 1015//1015 1670//1670 1671//1671
f 1015//1015 1671//1671 1017//1017
f 1017//1017 1671//1671 1019//1019
f 1019//1019 1671//1671 1672//1672
f 1019//1019 1672//1672 1021//1021
f 1021//1021 1672//1672 1673//1673
f 1021//1021 1673//1673 1023//1023
f 1023//1023 1673//1673 1025//1025
f 1025//1025 1673//1673 1674//1674
f 1025//1025 1674//1674 1155//1155
f 1155//1155 1674//1674 1157//1157
f 1157//1157 1674//1674 1675//1675
f 1157//1157 1675//1675 1159//1159
f 1159//1159 1675//1675 1676//1676
f 1159//1159 1676//1676 1161//1161
f 1161//1161 1676//1676 1163//1163
f 1163//1163 1676//1676 1677//1677
f 1163//1163 1677//1677 1165//1165
f 1165//1165 1677//1677 1167//1167
f 1167//1167 1677//1677 1678//1678
f 1167//1167 1678//1678 1169//1169
f 1169//1169 1678//1678 1171//1171
f 1171//1171 1678//1678 1679//1679
f 1171//1171 1679//1679 1173//1173
f 1173//1173 1679//1679 1680//1680
f 1173//1173 1680//1680 1175//1175
f 1175//1175 1680//1680 945//945
f 1175//1175 945//945 943//943
f 1680//1680 1681//1681 945//945
f 945//945 1681//1681 947//947
f 947//947 1681//1681 949//949
f 949//949 1681//1681 1682//1682
f 949//949 1682//1682 951//951
f 951//951 1682//1682 1683//1683
f 951//951 1683//1683 953//953
f 953//953 1683//1683 955//955
f 955//955 1683//1683 1684//1684
f 955//955 1684//1684 957//957
f 957//957 1684//1684 959//959
f 959//959 1684//1684 1685//1685
f 959//959 1685//1685 961//961
f 961//961 1685//1685 1686//1686
f 961//961 1686//1686 963//963
f 963//963 1686//1686 965//965
f 965//965 1686//1686 1687//1687
f 965//965 1687//1687 1239//1239
f 1239//1239 1687//1687 1241//1241
f 1241//1241 1687//1687 1688//1688
f 1241//1241 1688//1688 1243//1243
f 1243//1243 1688//1688 1689//1689
f 1243//1243 1689//1689 1245//1245
f 1245//1245 1689//1689 1247//1247
f 1247//1247 1689//1689 1690//1690
f 1247//1247 1690//1690 1249//1249
f 1249//1249 1690//1690 1251//1251
f 1251//1251 1690//1690 1691//1691
f 1251//1251 1691//1691 1253//1253
f 1253//1253 1691//1691 1255//1255
f 1255//1255 1691//1691 1692//1692
f 1255//1255 1692//1692 1257//1257
f 1257//1257 1692//1692 1693//1693
f 1257//1257 1693//1693 1187//1187
f 1187//1187 1693//1693 885//885
f 1187//1187 885//885 1189//1189
f 1189//1189 885//885 883//883
f 1189//1189 883//883 1191//1191
f 1191//1191 883//883 881//881
f 1191//1191 881//881 1193//1193
f 1193//1193 881//881 879//879
f 1193//1193 879//879 1195//1195
f 1195//1195 879//879 877//877
f 1195//1195 877//877 1197//1197
f 1197//1197 877//877 875//875
f 1197//1197 875//875 1199//1199
f 1199//1199 875//875 873//873
f 1199//1199 873//873 1201//1201
f 1201//1201 873//873 871//871
f 1201//1201 871//871 1203//1203
f 1203//1203 871//871 869//869
f 1203//1203 869//869 1205//1205
f 1205//1205 869//869 867//867
f 1205//1205 867//867 1207//1207
f 1207//1207 867//867 865//865
f 1207//1207 865//865 1209//1209
f 1209//1209 865//865 863//863
f 1209//1209 863//863 1323//1323
f 1323//1323 863//863 861//861
f 1323//1323 861//861 1325//1325
f 1325//1325 861//861 859//859
f 1325//1325 859//859 1327//1327
f 1327//1327 859//859 857//857
f 1327//1327 857//857 1329//1329
f 1329//1329 857//857 855//855
f 1329//1329 855//855 797//797
f 797//797 855//855 799//799
f 799//799 855//855 853//853
f 799//799 853//853 801//801
f 801//801 853//853 851//851
f 801//801 851//851 803//803
f 803//803 851//851 849//849
f 803//803 849//849 805//805
f 805//805 849//849 847//847
f 805//805 847//847 807//807
f 807//807 847//847 845//845
f 807//807 845//845 809//809
f 809//809 845//845 843//843
f 809//809 843//843 811//811
f 811//811 843//843 841//841
f 811//811 841//841 813//813
f 813//813 841//841 839//839
f 813//813 839//839 815//815
f 815//815 839//839 837//837
f 815//815 837//837 817//817
f 817//817 837//837 835//835
f 817//817 835//835 819//819
f 819//819 835//835 833//833
f 819//819 833//833 1694//1694
f 1694//1694 833//833 1695//1695
f 1695//1695 833//833 831//831
f 1695//1695 831//831 829//829
f 1693//1693 1696//1696 885//885
f 885//885 1696//1696 887//887
f 887//887 1696//1696 889//889
f 889//889 1696//1696 1697//1697
f 889//889 1697//1697 891//891
f 891//891 1697//1697 1698//1698
f 891//891 1698//1698 893//893
f 893//893 1698//1698 895//895
f 895//895 1698//1698 1699//1699
f 895//895 1699//1699 897//897
f 897//897 1699//1699 827//827
f 827//827 1699//1699 1700//1700
f 827//827 1700//1700 829//829
f 829//829 1700//1700 1695//1695
f 819//819 1694//1694 821//821
f 821//821 1694//1694 1701//1701
f 821//821 1701//1701 823//823
f 823//823 1701//1701 1702//1702
f 823//823 1702//1702 825//825
f 825//825 1702//1702 755//755
f 755//755 1702//1702 1626//1626
f 1475//1475 1545//1545 1287//1287
f 1287//1287 1545//1545 1289//1289
f 1289//1289 1545//1545 1543//1543
f 1289//1289 1543//1543 1291//1291
f 1291//1291 1543//1543 1541//1541
f 1291//1291 1541//1541 1293//1293
f 1293//1293 1541//1541 1539//1539
f 1293//1293 1539//1539 1049//1049
f 1049//1049 1539//1539 1051//1051
f 1051//1051 1539//1539 1537//1537
f 1051//1051 1537//1537 1053//1053
f 1053//1053 1537//1537 1535//1535
f 1053//1053 1535//1535 1055//1055
f 1055//1055 1535//1535 1533//1533
f 1055//1055 1533//1533 1057//1057
f 1057//1057 1533//1533 1531//1531
f 1057//1057 1531//1531 1059//1059
f 1059//1059 1531//1531 1529//1529
f 1059//1059 1529//1529 1061//1061
f 1061//1061 1529//1529 1527//1527
f 1061//1061 1527//1527 1063//1063
f 1063//1063 1527//1527 1525//1525
f 1063//1063 1525//1525 1065//1065
f 1065//1065 1525//1525 1523//1523
f 1065//1065 1523//1523 1067//1067
f 1067//1067 1523//1523 1521//1521
f 1067//1067 1521//1521 1069//1069
f 1069//1069 1521//1521 1519//1519
f 1069//1069 1519//1519 1071//1071
f 1071//1071 1519//1519 1517//1517
f 1403//1403 715//715 1405//1405
f 1405//1405 715//715 713//713
f 1405//1405 713//713 1407//1407
f 1407//1407 713//713 711//711
f 1407//1407 711//711 1409//1409
f 1409//1409 711//711 709//709
f 1409//1409 709//709 1411//1411
f 1411//1411 709//709 707//707
f 715//715 1403//1403 717//717
f 717//717 1403//1403 1473//1473
f 717//717 1473//1473 719//719
f 719//719 1473//1473 1471//1471
f 719//719 1471//1471 721//721
f 721//721 1471//1471 1469//1469
f 721//721 1469//1469 723//723
f 723//723 1469//1469 1467//1467
f 723//723 1467//1467 725//725
f 725//725 1467//1467 1465//1465
f 725//725 1465//1465 727//727
f 727//727 1465//1465 1463//1463
f 727//727 1463//1463 729//729
f 729//729 1463//1463 1277//1277
f 729//729 1277//1277 731//731
f 731//731 1277//1277 1275//1275
f 731//731 1275//1275 733//733
f 733//733 1275//1275 1273//1273
f 733//733 1273//1273 735//735
f 735//735 1273//1273 1271//1271
f 735//735 1271//1271 737//737
f 737//737 1271//1271 1371//1371
f 737//737 1371//1371 1369//1369
f 1463//1463 1461//1461 1277//1277
f 1277//1277 1461//1461 1459//1459
f 1277//1277 1459//1459 1279//1279
f 1279//1279 1459//1459 1457//1457
f 1279//1279 1457//1457 1281//1281
f 1281//1281 1457//1457 1455//1455
f 767//767 1399//1399 769//769
f 769//769 1399//1399 1397//1397
f 769//769 1397//1397 771//771
f 771//771 1397//1397 1395//1395
f 771//771 1395//1395 773//773
f 773//773 1395//1395 1393//1393
f 773//773 1393//1393 775//775
f 775//775 1393//1393 1391//1391
f 775//775 1391//1391 777//777
f 777//777 1391//1391 1389//1389
f 777//777 1389//1389 779//779
f 779//779 1389//1389 1387//1387
f 779//779 1387//1387 781//781
f 781//781 1387//1387 1385//1385
f 781//781 1385//1385 783//783
f 783//783 1385//1385 1383//1383
f 783//783 1383//1383 785//785
f 785//785 1383//1383 1381//1381
f 785//785 1381//1381 787//787
f 787//787 1381//1381 1379//1379
f 787//787 1379//1379 789//789
f 789//789 1379//1379 1265//1265
f 789//789 1265//1265 791//791
f 791//791 1265//1265 1263//1263
f 791//791 1263//1263 793//793
f 793//793 1263//1263 1261//1261
f 793//793 1261//1261 795//795
f 795//795 1261//1261 1259//1259
f 795//795 1259//1259 797//797
f 797//797 1259//1259 1329//1329
f 1379//1379 1377//1377 1265//1265
f 1265//1265 1377//1377 1267//1267
f 1267//1267 1377//1377 1375//1375
f 1267//1267 1375//1375 1269//1269
f 1269//1269 1375//1375 1373//1373
f 1269//1269 1373//1373 1271//1271
f 1271//1271 1373//1373 1371//1371
f 737//737 1369//1369 739//739
f 739//739 1369//1369 1367//1367
f 739//739 1367//1367 741//741
f 741//741 1367//1367 1365//1365
f 741//741 1365//1365 743//743
f 743//743 1365//1365 1363//1363
f 743//743 1363//1363 745//745
f 745//745 1363//1363 1361//1361
f 745//745 1361//1361 747//747
f 747//747 1361//1361 1359//1359
f 747//747 1359//1359 749//749
f 749//749 1359//1359 1357//1357
f 749//749 1357//1357 751//751
f 751//751 1357//1357 1355//1355
f 751//751 1355//1355 753//753
f 753//753 1355//1355 1353//1353
f 753//753 1353//1353 683//683
f 683//683 1353//1353 1351//1351
f 683//683 1351//1351 685//685
f 685//685 1351//1351 1349//1349
f 685//685 1349//1349 687//687
f 1209//1209 1323//1323 1211//1211
f 1211//1211 1323//1323 1321//1321
f 1211//1211 1321//1321 1213//1213
f 1213//1213 1321//1321 1319//1319
f 1213//1213 1319//1319 1215//1215
f 1215//1215 1319//1319 1317//1317
f 1215//1215 1317//1317 1217//1217
f 1217//1217 1317//1317 915//915
f 1217//1217 915//915 1219//1219
f 1219//1219 915//915 913//913
f 1219//1219 913//913 1221//1221
f 1221//1221 913//913 911//911
f 1221//1221 911//911 1223//1223
f 1223//1223 911//911 909//909
f 1223//1223 909//909 1225//1225
f 1225//1225 909//909 907//907
f 1225//1225 907//907 1227//1227
f 1227//1227 907//907 905//905
f 1227//1227 905//905 1229//1229
f 1229//1229 905//905 903//903
f 1229//1229 903//903 1231//1231
f 1231//1231 903//903 901//901
f 1231//1231 901//901 1233//1233
f 1233//1233 901//901 899//899
f 1233//1233 899//899 1235//1235
f 1235//1235 899//899 969//969
f 1235//1235 969//969 1237//1237
f 1237//1237 969//969 967//967
f 1237//1237 967//967 1239//1239
f 1239//1239 967//967 965//965
f 915//915 1317//1317 917//917
f 917//917 1317//1317 1315//1315
f 917//917 1315//1315 919//919
f 919//919 1315//1315 921//921
f 921//921 1315//1315 1313//1313
f 921//921 1313//1313 923//923
f 923//923 1313//1313 1125//1125
f 923//923 1125//1125 1123//1123
f 1125//1125 1313//1313 1127//1127
f 1127//1127 1313//1313 1311//1311
f 1127//1127 1311//1311 1129//1129
f 1129//1129 1311//1311 1309//1309
f 1129//1129 1309//1309 1131//1131
f 1131//1131 1309//1309 1307//1307
f 1131//1131 1307//1307 1133//1133
f 1133//1133 1307//1307 975//975
f 1133//1133 975//975 973//973
f 975//975 1307//1307 977//977
f 977//977 1307//1307 1305//1305
f 977//977 1305//1305 979//979
f 979//979 1305//1305 1303//1303
f 979//979 1303//1303 981//981
f 981//981 1303//1303 1301//1301
f 981//981 1301//1301 983//983
f 983//983 1301//1301 1113//1113
f 983//983 1113//1113 1111//1111
f 1113//1113 1301//1301 1043//1043
f 1043//1043 1301//1301 1299//1299
f 1043//1043 1299//1299 1045//1045
f 1045//1045 1299//1299 1297//1297
f 1045//1045 1297//1297 1047//1047
f 1047//1047 1297//1297 1295//1295
f 1047//1047 1295//1295 1049//1049
f 1049//1049 1295//1295 1293//1293
f 1115//1115 931//931 1117//1117
f 1117//1117 931//931 929//929
f 1117//1117 929//929 1119//1119
f 1119//1119 929//929 927//927
f 1119//1119 927//927 1121//1121
f 1121//1121 927//927 925//925
f 1121//1121 925//925 1123//1123
f 1123//1123 925//925 923//923
f 931//931 1115//1115 933//933
f 933//933 1115//1115 1185//1185
f 933//933 1185//1185 935//935
f 935//935 1185//1185 1183//1183
f 935//935 1183//1183 937//937
f 937//937 1183//1183 1181//1181
f 937//937 1181//1181 939//939
f 939//939 1181//1181 1179//1179
f 939//939 1179//1179 941//941
f 941//941 1179//1179 1177//1177
f 941//941 1177//1177 943//943
f 943//943 1177//1177 1175//1175
f 1155//1155 1153//1153 1025//1025
f 1025//1025 1153//1153 1027//1027
f 1027//1027 1153//1153 1151//1151
f 1027//1027 1151//1151 1029//1029
f 1029//1029 1151//1151 1149//1149
f 1029//1029 1149//1149 1031//1031
f 1031//1031 1149//1149 1147//1147
f 1031//1031 1147//1147 1033//1033
f 1033//1033 1147//1147 1145//1145
f 1033//1033 1145//1145 1035//1035
f 1035//1035 1145//1145 1143//1143
f 1035//1035 1143//1143 1037//1037
f 1037//1037 1143//1143 1141//1141
f 1037//1037 1141//1141 1039//1039
f 1039//1039 1141//1141 1139//1139
f 1039//1039 1139//1139 1041//1041
f 1041//1041 1139//1139 1137//1137
f 1041//1041 1137//1137 971//971
f 971//971 1137//1137 1135//1135
f 971//971 1135//1135 973//973
f 973//973 1135//1135 1133//1133
f 983//983 1111//1111 985//985
f 985//985 1111//1111 1109//1109
f 985//985 1109//1109 987//987
f 987//987 1109//1109 1107//1107
f 987//987 1107//1107 989//989
f 989//989 1107//1107 1105//1105
f 989//989 1105//1105 991//991
f 991//991 1105//1105 1103//1103
f 991//991 1103//1103 993//993
f 993//993 1103//1103 1101//1101
f 993//993 1101//1101 995//995
f 995//995 1101//1101 1099//1099
f 995//995 1099//1099 997//997
f 997//997 1099//1099 1097//1097
f 997//997 1097//1097 999//999
f 999//999 1097//1097 1095//1095
f 999//999 1095//1095 1001//1001
f 1001//1001 1095//1095 1093//1093
f 1001//1001 1093//1093 1003//1003
f 1003//1003 1093//1093 1091//1091
f 643//643 641//641 1654//1654
f 1654//1654 641//641 639//639
f 1654//1654 639//639 637//637
f 637//637 635//635 1654//1654
f 1654//1654 635//635 633//633
f 1654//1654 633//633 631//631
f 1703//1703 1665//1665 1704//1704
f 1704//1704 1665//1665 1664//1664
f 1704//1704 1664//1664 1705//1705
f 1705//1705 1664//1664 1663//1663
f 1705//1705 1663//1663 1706//1706
f 1706//1706 1663//1663 1662//1662
f 1706//1706 1662//1662 1707//1707
f 1707//1707 1662//1662 1661//1661
f 1707//1707 1661//1661 1708//1708
f 1708//1708 1661//1661 1660//1660
f 1708//1708 1660//1660 1709//1709
f 1709//1709 1660//1660 1659//1659
f 1709//1709 1659//1659 1710//1710
f 1710//1710 1659//1659 1658//1658
f 1710//1710 1658//1658 1711//1711
f 1711//1711 1658//1658 1657//1657
f 1711//1711 1657//1657 1712//1712
f 1712//1712 1657//1657 1656//1656
f 1712//1712 1656//1656 1713//1713
f 1713//1713 1656//1656 1655//1655
f 1713//1713 1655//1655 1714//1714
f 1714//1714 1655//1655 1654//1654
f 1714//1714 1654//1654 1715//1715
f 1715//1715 1654//1654 1653//1653
f 1715//1715 1653//1653 1716//1716
f 1716//1716 1653//1653 1652//1652
f 1716//1716 1652//1652 1717//1717
f 1717//1717 1652//1652 1651//1651
f 1717//1717 1651//1651 1718//1718
f 1718//1718 1651//1651 1650//1650
f 1718//1718 1650//1650 1719//1719
f 1719//1719 1650//1650 1649//1649
f 1719//1719 1649//1649 1720//1720
f 1720//1720 1649//1649 1648//1648
f 1720//1720 1648//1648 1721//1721
f 1721//1721 1648//1648 1647//1647
f 1721//1721 1647//1647 1722//1722
f 1722//1722 1647//1647 1646//1646
f 1722//1722 1646//1646 1723//1723
f 1723//1723 1646//1646 1645//1645
f 1723//1723 1645//1645 1724//1724
f 1724//1724 1645//1645 1644//1644
f 1724//1724 1644//1644 1725//1725
f 1725//1725 1644//1644 1643//1643
f 1725//1725 1643//1643 1726//1726
f 1726//1726 1643//1643 1642//1642
f 1726//1726 1642//1642 1727//1727
f 1727//1727 1642//1642 1641//1641
f 1727//1727 1641//1641 1728//1728
f 1728//1728 1641//1641 1640//1640
f 1728//1728 1640//1640 1729//1729
f 1729//1729 1640//1640 1639//1639
f 1729//1729 1639//1639 1730//1730
f 1730//1730 1639//1639 1638//1638
f 1730//1730 1638//1638 1731//1731
f 1731//1731 1638//1638 1637//1637
f 1731//1731 1637//1637 1732//1732
f 1732//1732 1637//1637 1636//1636
f 1732//1732 1636//1636 1733//1733
f 1733//1733 1636//1636 1635//1635
f 1733//1733 1635//1635 1734//1734
f 1734//1734 1635//1635 1634//1634
f 1734//1734 1634//1634 1735//1735
f 1735//1735 1634//1634 1633//1633
f 1735//1735 1633//1633 1736//1736
f 1736//1736 1633//1633 1632//1632
f 1736//1736 1632//1632 1737//1737
f 1737//1737 1632//1632 1631//1631
f 1737//1737 1631//1631 1738//1738
f 1738//1738 1631//1631 1630//1630
f 1738//1738 1630//1630 1739//1739
f 1739//1739 1630//1630 1629//1629
f 1739//1739 1629//1629 1740//1740
f 1740//1740 1629//1629 1628//1628
f 1740//1740 1628//1628 1741//1741
f 1741//1741 1628//1628 1627//1627
f 1741//1741 1627//1627 1742//1742
f 1742//1742 1627//1627 1625//1625
f 1742//1742 1625//1625 1743//1743
f 1743//1743 1625//1625 1626//1626
f 1743//1743 1626//1626 1744//1744
f 1744//1744 1626//1626 1702//1702
f 1744//1744 1702//1702 1745//1745
f 1745//1745 1702//1702 1701//1701
f 1745//1745 1701//1701 1746//1746
f 1746//1746 1701//1701 1694//1694
f 1746//1746 1694//1694 1747//1747
f 1747//1747 1694//1694 1695//1695
f 1747//1747 1695//1695 1748//1748
f 1748//1748 1695//1695 1700//1700
f 1748//1748 1700//1700 1749//1749
f 1749//1749 1700//1700 1699//1699
f 1749//1749 1699//1699 1750//1750
f 1750//1750 1699//1699 1698//1698
f 1750//1750 1698//1698 1751//1751
f 1751//1751 1698//1698 1697//1697
f 1751//1751 1697//1697 1752//1752
f 1752//1752 1697//1697 1696//1696
f 1752//1752 1696//1696 1753//1753
f 1753//1753 1696//1696 1693//1693
f 1753//1753 1693//1693 1754//1754
f 1754//1754 1693//1693 1692//1692
f 1754//1754 1692//1692 1755//1755
f 1755//1755 1692//1692 1691//1691
f 1755//1755 1691//1691 1756//1756
f 1756//1756 1691//1691 1690//1690
f 1756//1756 1690//1690 1757//1757
f 1757//1757 1690//1690 1689//1689
f 1757//1757 1689//1689 1758//1758
f 1758//1758 1689//1689 1688//1688
f 1758//1758 1688//1688 1759//1759
f 1759//1759 1688//1688 1687//1687
f 1759//1759 1687//1687 1760//1760
f 1760//1760 1687//1687 1686//1686
f 1760//1760 1686//1686 1761//1761
f 1761//1761 1686//1686 1685//1685
f 1761//1761 1685//1685 1762//1762
f 1762//1762 1685//1685 1684//1684
f 1762//1762 1684//1684 1763//1763
f 1763//1763 1684//1684 1683//1683
f 1763//1763 1683//1683 1764//1764
f 1764//1764 1683//1683 1682//1682
f 1764//1764 1682//1682 1765//1765
f 1765//1765 1682//1682 1681//1681
f 1765//1765 1681//1681 1766//1766
f 1766//1766 1681//1681 1680//1680
f 1766//1766 1680//1680 1767//1767
f 1767//1767 1680//1680 1679//1679
f 1767//1767 1679//1679 1768//1768
f 1768//1768 1679//1679 1678//1678
f 1768//1768 1678//1678 1769//1769
f 1769//1769 1678//1678 1677//1677
f 1769//1769 1677//1677 1770//1770
f 1770//1770 1677//1677 1676//1676
f 1770//1770 1676//1676 1771//1771
f 1771//1771 1676//1676 1675//1675
f 1771//1771 1675//1675 1772//1772
f 1772//1772 1675//1675 1674//1674
f 1772//1772 1674//1674 1773//1773
f 1773//1773 1674//1674 1673//1673
f 1773//1773 1673//1673 1774//1774
f 1774//1774 1673//1673 1672//1672
f 1774//1774 1672//1672 1775//1775
f 1775//1775 1672//1672 1671//1671
f 1775//1775 1671//1671 1776//1776
f 1776//1776 1671//1671 1670//1670
f 1776//1776 1670//1670 1777//1777
f 1777//1777 1670//1670 1669//1669
f 1777//1777 1669//1669 1778//1778
f 1778//1778 1669//1669 1668//1668
f 1778//1778 1668//1668 1779//1779
f 1779//1779 1668//1668 1667//1667
f 1779//1779 1667//1667 1780//1780
f 1780//1780 1667//1667 1666//1666
f 1780//1780 1666//1666 1703//1703
f 1703//1703 1666//1666 1665//1665
f 1781//1781 1782//1782 1783//1783
f 1783//1783 1782//1782 1784//1784
f 1783//1783 1784//1784 1785//1785
f 1782//1782 1781//1781 1786//1786
f 1786//1786 1781//1781 1787//1787
f 1786//1786 1787//1787 1788//1788
f 1788//1788 1787//1787 1789//1789
f 1788//1788 1789//1789 1790//1790
f 1790//1790 1789//1789 1791//1791
f 1790//1790 1791//1791 1792//1792
f 1792//1792 1791//1791 1793//1793
f 1792//1792 1793//1793 1794//1794
f 1794//1794 1793//1793 1795//1795
f 1794//1794 1795//1795 1796//1796
f 1796//1796 1795//1795 1797//1797
f 1796//1796 1797//1797 1798//1798
f 1798//1798 1797//1797 1799//1799
f 1798//1798 1799//1799 1800//1800
f 1800//1800 1799//1799 1801//1801
f 1800//1800 1801//1801 1802//1802
f 1802//1802 1801//1801 1803//1803
f 1802//1802 1803//1803 1804//1804
f 1804//1804 1803//1803 1805//1805
f 1804//1804 1805//1805 1806//1806
f 1806//1806 1805//1805 1807//1807
f 1806//1806 1807//1807 1808//1808
f 1808//1808 1807//1807 1809//1809
f 1808//1808 1809//1809 1810//1810
f 1810//1810 1809//1809 1811//1811
f 1810//1810 1811//1811 1812//1812
f 1812//1812 1811//1811 1813//1813
f 1812//1812 1813//1813 1814//1814
f 1814//1814 1813//1813 1815//1815
f 1814//1814 1815//1815 1816//1816
f 1816//1816 1815//1815 1817//1817
f 1816//1816 1817//1817 1818//1818
f 1818//1818 1817//1817 1819//1819
f 1818//1818 1819//1819 1820//1820
f 1820//1820 1819//1819 1821//1821
f 1820//1820 1821//1821 1822//1822
f 1822//1822 1821//1821 1823//1823
f 1822//1822 1823//1823 1824//1824
f 1824//1824 1823//1823 1825//1825
f 1824//1824 1825//1825 1826//1826
f 1826//1826 1825//1825 1827//1827
f 1826//1826 1827//1827 1828//1828
f 1828//1828 1827//1827 1829//1829
f 1828//1828 1829//1829 1830//1830
f 1830//1830 1829//1829 1831//1831
f 1830//1830 1831//1831 1832//1832
f 1832//1832 1831//1831 1833//1833
f 1832//1832 1833//1833 1834//1834
f 1834//1834 1833//1833 1835//1835
f 1834//1834 1835//1835 1836//1836
f 1836//1836 1835//1835 1837//1837
f 1836//1836 1837//1837 1838//1838
f 1838//1838 1837//1837 1839//1839
f 1838//1838 1839//1839 1840//1840
f 1840//1840 1839//1839 1841//1841
f 1840//1840 1841//1841 1842//1842
f 1842//1842 1841//1841 1843//1843
f 1842//1842 1843//1843 1844//1844
f 1844//1844 1843//1843 1845//1845
f 1844//1844 1845//1845 1846//1846
f 1846//1846 1845//1845 1847//1847
f 1846//1846 1847//1847 1848//1848
f 1848//1848 1847//1847 1849//1849
f 1848//1848 1849//1849 1850//1850
f 1850//1850 1849//1849 1851//1851
f 1850//1850 1851//1851 1852//1852
f 1852//1852 1851//1851 1853//1853
f 1852//1852 1853//1853 1854//1854
f 1854//1854 1853//1853 1855//1855
f 1854//1854 1855//1855 1856//1856
f 1856//1856 1855//1855 1857//1857
f 1856//1856 1857//1857 1858//1858
f 1858//1858 1857//1857 1859//1859
f 1858//1858 1859//1859 1860//1860
f 1860//1860 1859//1859 1861//1861
f 1860//1860 1861//1861 1862//1862
f 1862//1862 1861//1861 1863//1863
f 1862//1862 1863//1863 1864//1864
f 1864//1864 1863//1863 1865//1865
f 1864//1864 1865//1865 1866//1866
f 1866//1866 1865//1865 1867//1867
f 1866//1866 1867//1867 1868//1868
f 1868//1868 1867//1867 1869//1869
f 1868//1868 1869//1869 1870//1870
f 1870//1870 1869//1869 1871//1871
f 1870//1870 1871//1871 1872//1872
f 1872//1872 1871//1871 1873//1873
f 1872//1872 1873//1873 1874//1874
f 1874//1874 1873//1873 1875//1875
f 1874//1874 1875//1875 1876//1876
f 1876//1876 1875//1875 1877//1877
f 1876//1876 1877//1877 1878//1878
f 1878//1878 1877//1877 1879//1879
f 1878//1878 1879//1879 1880//1880
f 1880//1880 1879//1879 1881//1881
f 1880//1880 1881//1881 1882//1882
f 1882//1882 1881//1881 1883//1883
f 1883//1883 1881//1881 1884//1884
f 1883//1883 1884//1884 1885//1885
f 1885//1885 1884//1884 1886//1886
f 1885//1885 1886//1886 1887//1887
f 1887//1887 1886//1886 1888//1888
f 1887//1887 1888//1888 1889//1889
f 1889//1889 1888//1888 1890//1890
f 1889//1889 1890//1890 1891//1891
f 1891//1891 1890//1890 1892//1892
f 1891//1891 1892//1892 1893//1893
f 1893//1893 1892//1892 1894//1894
f 1893//1893 1894//1894 1895//1895
f 1895//1895 1894//1894 1896//1896
f 1895//1895 1896//1896 1897//1897
f 1897//1897 1896//1896 1898//1898
f 1897//1897 1898//1898 1899//1899
f 1899//1899 1898//1898 1900//1900
f 1899//1899 1900//1900 1901//1901
f 1901//1901 1900//1900 1902//1902
f 1901//1901 1902//1902 1903//1903
f 1903//1903 1902//1902 1904//1904
f 1903//1903 1904//1904 1905//1905
f 1905//1905 1904//1904 1906//1906
f 1905//1905 1906//1906 1907//1907
f 1907//1907 1906//1906 1908//1908
f 1907//1907 1908//1908 1909//1909
f 1909//1909 1908//1908 1910//1910
f 1909//1909 1910//1910 1911//1911
f 1911//1911 1910//1910 1912//1912
f 1911//1911 1912//1912 1913//1913
f 1913//1913 1912//1912 1914//1914
f 1913//1913 1914//1914 1915//1915
f 1915//1915 1914//1914 1916//1916
f 1915//1915 1916//1916 1917//1917
f 1917//1917 1916//1916 1918//1918
f 1917//1917 1918//1918 1919//1919
f 1919//1919 1918//1918 1920//1920
f 1919//1919 1920//1920 1921//1921
f 1921//1921 1920//1920 1922//1922
f 1921//1921 1922//1922 1923//1923
f 1923//1923 1922//1922 1924//1924
f 1923//1923 1924//1924 1925//1925
f 1925//1925 1924//1924 1926//1926
f 1925//1925 1926//1926 1927//1927
f 1927//1927 1926//1926 1928//1928
f 1927//1927 1928//1928 1929//1929
f 1929//1929 1928//1928 1930//1930
f 1929//1929 1930//1930 1931//1931
f 1931//1931 1930//1930 1932//1932
f 1931//1931 1932//1932 1933//1933
f 1933//1933 1932//1932 1934//1934
f 1933//1933 1934//1934 1935//1935
f 1935//1935 1934//1934 1936//1936
f 1935//1935 1936//1936 1937//1937
f 1937//1937 1936//1936 1938//1938
f 1937//1937 1938//1938 1939//1939
f 1939//1939 1938//1938 1940//1940
f 1939//1939 1940//1940 1941//1941
f 1941//1941 1940//1940 1942//1942
f 1941//1941 1942//1942 1943//1943
f 1943//1943 1942//1942 1944//1944
f 1943//1943 1944//1944 1945//1945
f 1945//1945 1944//1944 1946//1946
f 1945//1945 1946//1946 1947//1947
f 1947//1947 1946//1946 1948//1948
f 1947//1947 1948//1948 1949//1949
f 1949//1949 1948//1948 1950//1950
f 1949//1949 1950//1950 1951//1951
f 1951//1951 1950//1950 1952//1952
f 1951//1951 1952//1952 1953//1953
f 1953//1953 1952//1952 1954//1954
f 1953//1953 1954//1954 1955//1955
f 1955//1955 1954//1954 1956//1956
f 1955//1955 1956//1956 1957//1957
f 1957//1957 1956//1956 1958//1958
f 1957//1957 1958//1958 1959//1959
f 1959//1959 1958//1958 1960//1960
f 1959//1959 1960//1960 1961//1961
f 1961//1961 1960//1960 1962//1962
f 1961//1961 1962//1962 1963//1963
f 1963//1963 1962//1962 1964//1964
f 1963//1963 1964//1964 1965//1965
f 1965//1965 1964//1964 1966//1966
f 1965//1965 1966//1966 1967//1967
f 1967//1967 1966//1966 1968//1968
f 1967//1967 1968//1968 1969//1969
f 1969//1969 1968//1968 1970//1970
f 1969//1969 1970//1970 1971//1971
f 1971//1971 1970//1970 1972//1972
f 1971//1971 1972//1972 1973//1973
f 1973//1973 1972//1972 1974//1974
f 1973//1973 1974//1974 1975//1975
f 1975//1975 1974//1974 1976//1976
f 1975//1975 1976//1976 1977//1977
f 1977//1977 1976//1976 1978//1978
f 1977//1977 1978//1978 1979//1979
f 1979//1979 1978//1978 1980//1980
f 1979//1979 1980//1980 1785//1785
f 1785//1785 1980//1980 1783//1783
f 1782//1782 1981//1981 1784//1784
f 1784//1784 1981//1981 1982//1982
f 1784//1784 1982//1982 1785//1785
f 1785//1785 1982//1982 1983//1983
f 1785//1785 1983//1983 1979//1979
f 1979//1979 1983//1983 1984//1984
f 1979//1979 1984//1984 1977//1977
f 1977//1977 1984//1984 1985//1985
f 1977//1977 1985//1985 1975//1975
f 1975//1975 1985//1985 1986//1986
f 1975//1975 1986//1986 1973//1973
f 1973//1973 1986//1986 1987//1987
f 1973//1973 1987//1987 1971//1971
f 1971//1971 1987//1987 1988//1988
f 1971//1971 1988//1988 1969//1969
f 1969//1969 1988//1988 1989//1989
f 1969//1969 1989//1989 1967//1967
f 1967//1967 1989//1989 1990//1990
f 1967//1967 1990//1990 1965//1965
f 1965//1965 1990//1990 1991//1991
f 1965//1965 1991//1991 1963//1963
f 1963//1963 1991//1991 1992//1992
f 1963//1963 1992//1992 1961//1961
f 1961//1961 1992//1992 1993//1993
f 1961//1961 1993//1993 1959//1959
f 1959//1959 1993//1993 1994//1994
f 1959//1959 1994//1994 1957//1957
f 1957//1957 1994//1994 1995//1995
f 1957//1957 1995//1995 1955//1955
f 1955//1955 1995//1995 1996//1996
f 1955//1955 1996//1996 1953//1953
f 1953//1953 1996//1996 1997//1997
f 1953//1953 1997//1997 1951//1951
f 1951//1951 1997//1997 1998//1998
f 1951//1951 1998//1998 1949//1949
f 1949//1949 1998//1998 1999//1999
f 1949//1949 1999//1999 1947//1947
f 1947//1947 1999//1999 2000//2000
f 1947//1947 2000//2000 1945//1945
f 1945//1945 2000//2000 2001//2001
f 1945//1945 2001//2001 1943//1943
f 1943//1943 2001//2001 2002//2002
f 1943//1943 2002//2002 1941//1941
f 1941//1941 2002//2002 2003//2003
f 1941//1941 2003//2003 1939//1939
f 1939//1939 2003//2003 2004//2004
f 1939//1939 2004//2004 1937//1937
f 1937//1937 2004//2004 2005//2005
f 1937//1937 2005//2005 1935//1935
f 1935//1935 2005//2005 2006//2006
f 1935//1935 2006//2006 1933//1933
f 1933//1933 2006//2006 2007//2007
f 1933//1933 2007//2007 1931//1931
f 1931//1931 2007//2007 2008//2008
f 1931//1931 2008//2008 1929//1929
f 1929//1929 2008//2008 2009//2009
f 1929//1929 2009//2009 1927//1927
f 1927//1927 2009//2009 2010//2010
f 1927//1927 2010//2010 1925//1925
f 1925//1925 2010//2010 2011//2011
f 1925//1925 2011//2011 1923//1923
f 1923//1923 2011//2011 2012//2012
f 1923//1923 2012//2012 1921//1921
f 1921//1921 2012//2012 2013//2013
f 1921//1921 2013//2013 1919//1919
f 1919//1919 2013//2013 2014//2014
f 1919//1919 2014//2014 1917//1917
f 1917//1917 2014//2014 2015//2015
f 1917//1917 2015//2015 1915//1915
f 1915//1915 2015//2015 2016//2016
f 1915//1915 2016//2016 1913//1913
f 1913//1913 2016//2016 2017//2017
f 1913//1913 2017//2017 1911//1911
f 1911//1911 2017//2017 2018//2018
f 1911//1911 2018//2018 1909//1909
f 1909//1909 2018//2018 2019//2019
f 1909//1909 2019//2019 1907//1907
f 1907//1907 2019//2019 2020//2020
f 1907//1907 2020//2020 1905//1905
f 1905//1905 2020//2020 2021//2021
f 1905//1905 2021//2021 1903//1903
f 1903//1903 2021//2021 2022//2022
f 1903//1903 2022//2022 1901//1901
f 1901//1901 2022//2022 2023//2023
f 1901//1901 2023//2023 1899//1899
f 1899//1899 2023//2023 2024//2024
f 1899//1899 2024//2024 1897//1897
f 1897//1897 2024//2024 2025//2025
f 1897//1897 2025//2025 1895//1895
f 1895//1895 2025//2025 2026//2026
f 1895//1895 2026//2026 1893//1893
f 1893//1893 2026//2026 2027//2027
f 1893//1893 2027//2027 1891//1891
f 1891//1891 2027//2027 2028//2028
f 1891//1891 2028//2028 1889//1889
f 1889//1889 2028//2028 2029//2029
f 1889//1889 2029//2029 1887//1887
f 1887//1887 2029//2029 2030//2030
f 1887//1887 2030//2030 1885//1885
f 1885//1885 2030//2030 2031//2031
f 1885//1885 2031//2031 1883//1883
f 1883//1883 2031//2031 2032//2032
f 1883//1883 2032//2032 1882//1882
f 1882//1882 2032//2032 2033//2033
f 1882//1882 2033//2033 1880//1880
f 1880//1880 2033//2033 2034//2034
f 1880//1880 2034//2034 1878//1878
f 1878//1878 2034//2034 2035//2035
f 1878//1878 2035//2035 1876//1876
f 1876//1876 2035//2035 2036//2036
f 1876//1876 2036//2036 1874//1874
f 1874//1874 2036//2036 2037//2037
f 1874//1874 2037//2037 1872//1872
f 1872//1872 2037//2037 2038//2038
f 1872//1872 2038//2038 1870//1870
f 1870//1870 2038//2038 2039//2039
f 1870//1870 2039//2039 1868//1868
f 1868//1868 2039//2039 2040//2040
f 1868//1868 2040//2040 1866//1866
f 1866//1866 2040//2040 2041//2041
f 1866//1866 2041//2041 1864//1864
f 1864//1864 2041//2041 2042//2042
f 1864//1864 2042//2042 1862//1862
f 1862//1862 2042//2042 2043//2043
f 1862//1862 2043//2043 1860//1860
f 1860//1860 2043//2043 2044//2044
f 1860//1860 2044//2044 1858//1858
f 1858//1858 2044//2044 2045//2045
f 1858//1858 2045//2045 1856//1856
f 1856//1856 2045//2045 2046//2046
f 1856//1856 2046//2046 1854//1854
f 1854//1854 2046//2046 2047//2047
f 1854//1854 2047//2047 1852//1852
f 1852//1852 2047//2047 2048//2048
f 1852//1852 2048//2048 1850//1850
f 1850//1850 2048//2048 2049//2049
f 1850//1850 2049//2049 1848//1848
f 1848//1848 2049//2049 2050//2050
f 1848//1848 2050//2050 1846//1846
f 1846//1846 2050//2050 2051//2051
f 1846//1846 2051//2051 1844//1844
f 1844//1844 2051//2051 2052//2052
f 1844//1844 2052//2052 1842//1842
f 1842//1842 2052//2052 2053//2053
f 1842//1842 2053//2053 1840//1840
f 1840//1840 2053//2053 2054//2054
f 1840//1840 2054//2054 1838//1838
f 1838//1838 2054//2054 2055//2055
f 1838//1838 2055//2055 1836//1836
f 1836//1836 2055//2055 2056//2056
f 1836//1836 2056//2056 1834//1834
f 1834//1834 2056//2056 2057//2057
f 1834//1834 2057//2057 1832//1832
f 1832//1832 2057//2057 2058//2058
f 1832//1832 2058//2058 1830//1830
f 1830//1830 2058//2058 2059//2059
f 1830//1830 2059//2059 1828//1828
f 1828//1828 2059//2059 2060//2060
f 1828//1828 2060//2060 1826//1826
f 1826//1826 2060//2060 2061//2061
f 1826//1826 2061//2061 1824//1824
f 1824//1824 2061//2061 2062//2062
f 1824//1824 2062//2062 1822//1822
f 1822//1822 2062//2062 2063//2063
f 1822//1822 2063//2063 1820//1820
f 1820//1820 2063//2063 2064//2064
f 1820//1820 2064//2064 1818//1818
f 1818//1818 2064//2064 2065//2065
f 1818//1818 2065//2065 1816//1816
f 1816//1816 2065//2065 2066//2066
f 1816//1816 2066//2066 1814//1814
f 1814//1814 2066//2066 2067//2067
f 1814//1814 2067//2067 1812//1812
f 1812//1812 2067//2067 2068//2068
f 1812//1812 2068//2068 1810//1810
f 1810//1810 2068//2068 2069//2069
f 1810//1810 2069//2069 1808//1808
f 1808//1808 2069//2069 2070//2070
f 1808//1808 2070//2070 1806//1806
f 1806//1806 2070//2070 2071//2071
f 1806//1806 2071//2071 1804//1804
f 1804//1804 2071//2071 2072//2072
f 1804//1804 2072//2072 1802//1802
f 1802//1802 2072//2072 2073//2073
f 1802//1802 2073//2073 1800//1800
f 1800//1800 2073//2073 2074//2074
f 1800//1800 2074//2074 1798//1798
f 1798//1798 2074//2074 2075//2075
f 1798//1798 2075//2075 1796//1796
f 1796//1796 2075//2075 2076//2076
f 1796//1796 2076//2076 1794//1794
f 1794//1794 2076//2076 2077//2077
f 1794//1794 2077//2077 1792//1792
f 1792//1792 2077//2077 2078//2078
f 1792//1792 2078//2078 1790//1790
f 1790//1790 2078//2078 2079//2079
f 1790//1790 2079//2079 1788//1788
f 1788//1788 2079//2079 2080//2080
f 1788//1788 2080//2080 1786//1786
f 1786//1786 2080//2080 2081//2081
f 1786//1786 2081//2081 1782//1782
f 1782//1782 2081//2081 1981//1981
f 1982//1982 1981//1981 2082//2082
f 2082//2082 1981//1981 2081//2081
f 2082//2082 2081//2081 2083//2083
f 2083//2083 2081//2081 2080//2080
f 2083//2083 2080//2080 2084//2084
f 2084//2084 2080//2080 2079//2079
f 2084//2084 2079//2079 2085//2085
f 2085//2085 2079//2079 2078//2078
f 2085//2085 2078//2078 2086//2086
f 2086//2086 2078//2078 2077//2077
f 2086//2086 2077//2077 2076//2076
f 2086//2086 2076//2076 2087//2087
f 2087//2087 2076//2076 2075//2075
f 2087//2087 2075//2075 2088//2088
f 2088//2088 2075//2075 2074//2074
f 2088//2088 2074//2074 2089//2089
f 2089//2089 2074//2074 2073//2073
f 2089//2089 2073//2073 2072//2072
f 2089//2089 2072//2072 2090//2090
f 2090//2090 2072//2072 2071//2071
f 2090//2090 2071//2071 2091//2091
f 2091//2091 2071//2071 2070//2070
f 2091//2091 2070//2070 2092//2092
f 2092//2092 2070//2070 2069//2069
f 2092//2092 2069//2069 2093//2093
f 2093//2093 2069//2069 2068//2068
f 2093//2093 2068//2068 2067//2067
f 2093//2093 2067//2067 2094//2094
f 2094//2094 2067//2067 2066//2066
f 2094//2094 2066//2066 2095//2095
f 2095//2095 2066//2066 2065//2065
f 2095//2095 2065//2065 2096//2096
f 2096//2096 2065//2065 2064//2064
f 2096//2096 2064//2064 2063//2063
f 2096//2096 2063//2063 2097//2097
f 2097//2097 2063//2063 2062//2062
f 2097//2097 2062//2062 2098//2098
f 2098//2098 2062//2062 2061//2061
f 2098//2098 2061//2061 2099//2099
f 2099//2099 2061//2061 2060//2060
f 2099//2099 2060//2060 2100//2100
f 2100//2100 2060//2060 2059//2059
f 2100//2100 2059//2059 2058//2058
f 2100//2100 2058//2058 2101//2101
f 2101//2101 2058//2058 2057//2057
f 2101//2101 2057//2057 2102//2102
f 2102//2102 2057//2057 2056//2056
f 2102//2102 2056//2056 2103//2103
f 2103//2103 2056//2056 2055//2055
f 2103//2103 2055//2055 2104//2104
f 2104//2104 2055//2055 2054//2054
f 2104//2104 2054//2054 2053//2053
f 2104//2104 2053//2053 2105//2105
f 2105//2105 2053//2053 2052//2052
f 2105//2105 2052//2052 2106//2106
f 2106//2106 2052//2052 2051//2051
f 2106//2106 2051//2051 2107//2107
f 2107//2107 2051//2051 2050//2050
f 2107//2107 2050//2050 2049//2049
f 2107//2107 2049//2049 2108//2108
f 2108//2108 2049//2049 2048//2048
f 2108//2108 2048//2048 2109//2109
f 2109//2109 2048//2048 2047//2047
f 2109//2109 2047//2047 2110//2110
f 2110//2110 2047//2047 2046//2046
f 2110//2110 2046//2046 2111//2111
f 2111//2111 2046//2046 2045//2045
f 2111//2111 2045//2045 2044//2044
f 2111//2111 2044//2044 2112//2112
f 2112//2112 2044//2044 2043//2043
f 2112//2112 2043//2043 2113//2113
f 2113//2113 2043//2043 2042//2042
f 2113//2113 2042//2042 2114//2114
f 2114//2114 2042//2042 2041//2041
f 2114//2114 2041//2041 2040//2040
f 2114//2114 2040//2040 2115//2115
f 2115//2115 2040//2040 2039//2039
f 2115//2115 2039//2039 2116//2116
f 2116//2116 2039//2039 2038//2038
f 2116//2116 2038//2038 2117//2117
f 2117//2117 2038//2038 2037//2037
f 2117//2117 2037//2037 2118//2118
f 2118//2118 2037//2037 2036//2036
f 2118//2118 2036//2036 2035//2035
f 2118//2118 2035//2035 2119//2119
f 2119//2119 2035//2035 2034//2034
f 2119//2119 2034//2034 2120//2120
f 2120//2120 2034//2034 2033//2033
f 2120//2120 2033//2033 2121//2121
f 2121//2121 2033//2033 2032//2032
f 2121//2121 2032//2032 2031//2031
f 2121//2121 2031//2031 2122//2122
f 2122//2122 2031//2031 2030//2030
f 2122//2122 2030//2030 2123//2123
f 2123//2123 2030//2030 2029//2029
f 2123//2123 2029//2029 2124//2124
f 2124//2124 2029//2029 2028//2028
f 2124//2124 2028//2028 2125//2125
f 2125//2125 2028//2028 2027//2027
f 2125//2125 2027//2027 2026//2026
f 2125//2125 2026//2026 2126//2126
f 2126//2126 2026//2026 2025//2025
f 2126//2126 2025//2025 2127//2127
f 2127//2127 2025//2025 2024//2024
f 2127//2127 2024//2024 2128//2128
f 2128//2128 2024//2024 2023//2023
f 2128//2128 2023//2023 2129//2129
f 2129//2129 2023//2023 2022//2022
f 2129//2129 2022//2022 2021//2021
f 2129//2129 2021//2021 2130//2130
f 2130//2130 2021//2021 2020//2020
f 2130//2130 2020//2020 2131//2131
f 2131//2131 2020//2020 2019//2019
f 2131//2131 2019//2019 2132//2132
f 2132//2132 2019//2019 2018//2018
f 2132//2132 2018//2018 2017//2017
f 2132//2132 2017//2017 2133//2133
f 2133//2133 2017//2017 2016//2016
f 2133//2133 2016//2016 2134//2134
f 2134//2134 2016//2016 2015//2015
f 2134//2134 2015//2015 2135//2135
f 2135//2135 2015//2015 2014//2014
f 2135//2135 2014//2014 2136//2136
f 2136//2136 2014//2014 2013//2013
f 2136//2136 2013//2013 2012//2012
f 2136//2136 2012//2012 2137//2137
f 2137//2137 2012//2012 2011//2011
f 2137//2137 2011//2011 2138//2138
f 2138//2138 2011//2011 2010//2010
f 2138//2138 2010//2010 2139//2139
f 2139//2139 2010//2010 2009//2009
f 2139//2139 2009//2009 2008//2008
f 2139//2139 2008//2008 2140//2140
f 2140//2140 2008//2008 2007//2007
f 2140//2140 2007//2007 2141//2141
f 2141//2141 2007//2007 2006//2006
f 2141//2141 2006//2006 2142//2142
f 2142//2142 2006//2006 2005//2005
f 2142//2142 2005//2005 2143//2143
f 2143//2143 2005//2005 2004//2004
f 2143//2143 2004//2004 2003//2003
f 2143//2143 2003//2003 2144//2144
f 2144//2144 2003//2003 2002//2002
f 2144//2144 2002//2002 2145//2145
f 2145//2145 2002//2002 2001//2001
f 2145//2145 2001//2001 2146//2146
f 2146//2146 2001//2001 2000//2000
f 2146//2146 2000//2000 2147//2147
f 2147//2147 2000//2000 1999//1999
f 2147//2147 1999//1999 1998//1998
f 2147//2147 1998//1998 2148//2148
f 2148//2148 1998//1998 1997//1997
f 2148//2148 1997//1997 2149//2149
f 2149//2149 1997//1997 1996//1996
f 2149//2149 1996//1996 2150//2150
f 2150//2150 1996//1996 1995//1995
f 2150//2150 1995//1995 1994//1994
f 2150//2150 1994//1994 2151//2151
f 2151//2151 1994//1994 1993//1993
f 2151//2151 1993//1993 2152//2152
f 2152//2152 1993//1993 1992//1992
f 2152//2152 1992//1992 2153//2153
f 2153//2153 1992//1992 1991//1991
f 2153//2153 1991//1991 2154//2154
f 2154//2154 1991//1991 1990//1990
f 2154//2154 1990//1990 1989//1989
f 2154//2154 1989//1989 2155//2155
f 2155//2155 1989//1989 1988//1988
f 2155//2155 1988//1988 2156//2156
f 2156//2156 1988//1988 1987//1987
f 2156//2156 1987//1987 2157//2157
f 2157//2157 1987//1987 1986//1986
f 2157//2157 1986//1986 1985//1985
f 2157//2157 1985//1985 2158//2158
f 2158//2158 1985//1985 1984//1984
f 2158//2158 1984//1984 2159//2159
f 2159//2159 1984//1984 1983//1983
f 2159//2159 1983//1983 2160//2160
f 2160//2160 1983//1983 1982//1982
f 2160//2160 1982//1982 2082//2082
f 2083//2083 2161//2161 2082//2082
f 2082//2082 2161//2161 2162//2162
f 2082//2082 2162//2162 2160//2160
f 2160//2160 2162//2162 2163//2163
f 2160//2160 2163//2163 2159//2159
f 2159//2159 2163//2163 2164//2164
f 2159//2159 2164//2164 2158//2158
f 2158//2158 2164//2164 2165//2165
f 2158//2158 2165//2165 2157//2157
f 2157//2157 2165//2165 2166//2166
f 2157//2157 2166//2166 2156//2156
f 2156//2156 2166//2166 2167//2167
f 2156//2156 2167//2167 2155//2155
f 2155//2155 2167//2167 2168//2168
f 2155//2155 2168//2168 2154//2154
f 2154//2154 2168//2168 2169//2169
f 2154//2154 2169//2169 2153//2153
f 2153//2153 2169//2169 2170//2170
f 2153//2153 2170//2170 2152//2152
f 2152//2152 2170//2170 2171//2171
f 2152//2152 2171//2171 2151//2151
f 2151//2151 2171//2171 2172//2172
f 2151//2151 2172//2172 2150//2150
f 2150//2150 2172//2172 2173//2173
f 2150//2150 2173//2173 2149//2149
f 2149//2149 2173//2173 2174//2174
f 2149//2149 2174//2174 2148//2148
f 2148//2148 2174//2174 2175//2175
f 2148//2148 2175//2175 2147//2147
f 2147//2147 2175//2175 2176//2176
f 2147//2147 2176//2176 2146//2146
f 2146//2146 2176//2176 2177//2177
f 2146//2146 2177//2177 2145//2145
f 2145//2145 2177//2177 2178//2178
f 2145//2145 2178//2178 2144//2144
f 2144//2144 2178//2178 2179//2179
f 2144//2144 2179//2179 2143//2143
f 2143//2143 2179//2179 2180//2180
f 2143//2143 2180//2180 2142//2142
f 2142//2142 2180//2180 2181//2181
f 2142//2142 2181//2181 2141//2141
f 2141//2141 2181//2181 2182//2182
f 2141//2141 2182//2182 2140//2140
f 2140//2140 2182//2182 2183//2183
f 2140//2140 2183//2183 2139//2139
f 2139//2139 2183//2183 2184//2184
f 2139//2139 2184//2184 2138//2138
f 2138//2138 2184//2184 2185//2185
f 2138//2138 2185//2185 2137//2137
f 2137//2137 2185//2185 2186//2186
f 2137//2137 2186//2186 2136//2136
f 2136//2136 2186//2186 2187//2187
f 2136//2136 2187//2187 2135//2135
f 2135//2135 2187//2187 2188//2188
f 2135//2135 2188//2188 2134//2134
f 2134//2134 2188//2188 2189//2189
f 2134//2134 2189//2189 2133//2133
f 2133//2133 2189//2189 2190//2190
f 2133//2133 2190//2190 2132//2132
f 2132//2132 2190//2190 2191//2191
f 2132//2132 2191//2191 2131//2131
f 2131//2131 2191//2191 2192//2192
f 2131//2131 2192//2192 2130//2130
f 2130//2130 2192//2192 2193//2193
f 2130//2130 2193//2193 2129//2129
f 2129//2129 2193//2193 2194//2194
f 2129//2129 2194//2194 2128//2128
f 2128//2128 2194//2194 2195//2195
f 2128//2128 2195//2195 2127//2127
f 2127//2127 2195//2195 2196//2196
f 2127//2127 2196//2196 2126//2126
f 2126//2126 2196//2196 2197//2197
f 2126//2126 2197//2197 2125//2125
f 2125//2125 2197//2197 2198//2198
f 2125//2125 2198//2198 2124//2124
f 2124//2124 2198//2198 2199//2199
f 2124//2124 2199//2199 2123//2123
f 2123//2123 2199//2199 2200//2200
f 2123//2123 2200//2200 2122//2122
f 2122//2122 2200//2200 2201//2201
f 2122//2122 2201//2201 2121//2121
f 2121//2121 2201//2201 2202//2202
f 2121//2121 2202//2202 2120//2120
f 2120//2120 2202//2202 2203//2203
f 2120//2120 2203//2203 2119//2119
f 2119//2119 2203//2203 2204//2204
f 2119//2119 2204//2204 2118//2118
f 2118//2118 2204//2204 2205//2205
f 2118//2118 2205//2205 2117//2117
f 2117//2117 2205//2205 2206//2206
f 2117//2117 2206//2206 2116//2116
f 2116//2116 2206//2206 2207//2207
f 2116//2116 2207//2207 2115//2115
f 2115//2115 2207//2207 2208//2208
f 2115//2115 2208//2208 2114//2114
f 2114//2114 2208//2208 2209//2209
f 2114//2114 2209//2209 2113//2113
f 2113//2113 2209//2209 2210//2210
f 2113//2113 2210//2210 2112//2112
f 2112//2112 2210//2210 2211//2211
f 2112//2112 2211//2211 2111//2111
f 2111//2111 2211//2211 2212//2212
f 2111//2111 2212//2212 2110//2110
f 2110//2110 2212//2212 2213//2213
f 2110//2110 2213//2213 2109//2109
f 2109//2109 2213//2213 2214//2214
f 2109//2109 2214//2214 2108//2108
f 2108//2108 2214//2214 2215//2215
f 2108//2108 2215//2215 2107//2107
f 2107//2107 2215//2215 2216//2216
f 2107//2107 2216//2216 2106//2106
f 2106//2106 2216//2216 2217//2217
f 2106//2106 2217//2217 2105//2105
f 2105//2105 2217//2217 2218//2218
f 2105//2105 2218//2218 2104//2104
f 2104//2104 2218//2218 2219//2219
f 2104//2104 2219//2219 2103//2103
f 2103//2103 2219//2219 2220//2220
f 2103//2103 2220//2220 2102//2102
f 2102//2102 2220//2220 2221//2221
f 2102//2102 2221//2221 2101//2101
f 2101//2101 2221//2221 2222//2222
f 2101//2101 2222//2222 2100//2100
f 2100//2100 2222//2222 2223//2223
f 2100//2100 2223//2223 2099//2099
f 2099//2099 2223//2223 2224//2224
f 2099//2099 2224//2224 2098//2098
f 2098//2098 2224//2224 2225//2225
f 2098//2098 2225//2225 2097//2097
f 2097//2097 2225//2225 2226//2226
f 2097//2097 2226//2226 2096//2096
f 2096//2096 2226//2226 2227//2227
f 2096//2096 2227//2227 2095//2095
f 2095//2095 2227//2227 2228//2228
f 2095//2095 2228//2228 2094//2094
f 2094//2094 2228//2228 2229//2229
f 2094//2094 2229//2229 2093//2093
f 2093//2093 2229//2229 2230//2230
f 2093//2093 2230//2230 2092//2092
f 2092//2092 2230//2230 2231//2231
f 2092//2092 2231//2231 2091//2091
f 2091//2091 2231//2231 2232//2232
f 2091//2091 2232//2232 2090//2090
f 2090//2090 2232//2232 2233//2233
f 2090//2090 2233//2233 2089//2089
f 2089//2089 2233//2233 2234//2234
f 2089//2089 2234//2234 2088//2088
f 2088//2088 2234//2234 2235//2235
f 2088//2088 2235//2235 2087//2087
f 2087//2087 2235//2235 2236//2236
f 2087//2087 2236//2236 2086//2086
f 2086//2086 2236//2236 2237//2237
f 2086//2086 2237//2237 2085//2085
f 2085//2085 2237//2237 2238//2238
f 2085//2085 2238//2238 2084//2084
f 2084//2084 2238//2238 2239//2239
f 2084//2084 2239//2239 2083//2083
f 2083//2083 2239//2239 2161//2161
f 2162//2162 2161//2161 2240//2240
f 2240//2240 2161//2161 2239//2239
f 2240//2240 2239//2239 2241//2241
f 2241//2241 2239//2239 2238//2238
f 2241//2241 2238//2238 2242//2242
f 2242//2242 2238//2238 2237//2237
f 2242//2242 2237//2237 2243//2243
f 2243//2243 2237//2237 2236//2236
f 2243//2243 2236//2236 2244//2244
f 2244//2244 2236//2236 2235//2235
f 2244//2244 2235//2235 2245//2245
f 2245//2245 2235//2235 2234//2234
f 2245//2245 2234//2234 2246//2246
f 2246//2246 2234//2234 2233//2233
f 2246//2246 2233//2233 2247//2247
f 2247//2247 2233//2233 2232//2232
f 2247//2247 2232//2232 2248//2248
f 2248//2248 2232//2232 2231//2231
f 2248//2248 2231//2231 2249//2249
f 2249//2249 2231//2231 2230//2230
f 2249//2249 2230//2230 2250//2250
f 2250//2250 2230//2230 2229//2229
f 2250//2250 2229//2229 2251//2251
f 2251//2251 2229//2229 2228//2228
f 2251//2251 2228//2228 2252//2252
f 2252//2252 2228//2228 2227//2227
f 2252//2252 2227//2227 2253//2253
f 2253//2253 2227//2227 2226//2226
f 2253//2253 2226//2226 2254//2254
f 2254//2254 2226//2226 2225//2225
f 2254//2254 2225//2225 2255//2255
f 2255//2255 2225//2225 2224//2224
f 2255//2255 2224//2224 2256//2256
f 2256//2256 2224//2224 2223//2223
f 2256//2256 2223//2223 2257//2257
f 2257//2257 2223//2223 2222//2222
f 2257//2257 2222//2222 2258//2258
f 2258//2258 2222//2222 2221//2221
f 2258//2258 2221//2221 2259//2259
f 2259//2259 2221//2221 2220//2220
f 2259//2259 2220//2220 2260//2260
f 2260//2260 2220//2220 2219//2219
f 2260//2260 2219//2219 2261//2261
f 2261//2261 2219//2219 2218//2218
f 2261//2261 2218//2218 2262//2262
f 2262//2262 2218//2218 2217//2217
f 2262//2262 2217//2217 2263//2263
f 2263//2263 2217//2217 2216//2216
f 2263//2263 2216//2216 2264//2264
f 2264//2264 2216//2216 2215//2215
f 2264//2264 2215//2215 2265//2265
f 2265//2265 2215//2215 2214//2214
f 2265//2265 2214//2214 2266//2266
f 2266//2266 2214//2214 2213//2213
f 2266//2266 2213//2213 2267//2267
f 2267//2267 2213//2213 2212//2212
f 2267//2267 2212//2212 2268//2268
f 2268//2268 2212//2212 2211//2211
f 2268//2268 2211//2211 2269//2269
f 2269//2269 2211//2211 2210//2210
f 2269//2269 2210//2210 2270//2270
f 2270//2270 2210//2210 2209//2209
f 2270//2270 2209//2209 2271//2271
f 2271//2271 2209//2209 2208//2208
f 2271//2271 2208//2208 2272//2272
f 2272//2272 2208//2208 2207//2207
f 2272//2272 2207//2207 2273//2273
f 2273//2273 2207//2207 2206//2206
f 2273//2273 2206//2206 2274//2274
f 2274//2274 2206//2206 2205//2205
f 2274//2274 2205//2205 2275//2275
f 2275//2275 2205//2205 2204//2204
f 2275//2275 2204//2204 2276//2276
f 2276//2276 2204//2204 2203//2203
f 2276//2276 2203//2203 2277//2277
f 2277//2277 2203//2203 2202//2202
f 2277//2277 2202//2202 2278//2278
f 2278//2278 2202//2202 2201//2201
f 2278//2278 2201//2201 2279//2279
f 2279//2279 2201//2201 2200//2200
f 2279//2279 2200//2200 2280//2280
f 2280//2280 2200//2200 2199//2199
f 2280//2280 2199//2199 2281//2281
f 2281//2281 2199//2199 2198//2198
f 2281//2281 2198//2198 2282//2282
f 2282//2282 2198//2198 2197//2197
f 2282//2282 2197//2197 2283//2283
f 2283//2283 2197//2197 2196//2196
f 2283//2283 2196//2196 2284//2284
f 2284//2284 2196//2196 2195//2195
f 2284//2284 2195//2195 2285//2285
f 2285//2285 2195//2195 2194//2194
f 2285//2285 2194//2194 2286//2286
f 2286//2286 2194//2194 2193//2193
f 2286//2286 2193//2193 2287//2287
f 2287//2287 2193//2193 2192//2192
f 2287//2287 2192//2192 2288//2288
f 2288//2288 2192//2192 2191//2191
f 2288//2288 2191//2191 2289//2289
f 2289//2289 2191//2191 2190//2190
f 2289//2289 2190//2190 2290//2290
f 2290//2290 2190//2190 2189//2189
f 2290//2290 2189//2189 2291//2291
f 2291//2291 2189//2189 2188//2188
f 2291//2291 2188//2188 2292//2292
f 2292//2292 2188//2188 2187//2187
f 2292//2292 2187//2187 2293//2293
f 2293//2293 2187//2187 2186//2186
f 2293//2293 2186//2186 2294//2294
f 2294//2294 2186//2186 2185//2185
f 2294//2294 2185//2185 2295//2295
f 2295//2295 2185//2185 2184//2184
f 2295//2295 2184//2184 2296//2296
f 2296//2296 2184//2184 2183//2183
f 2296//2296 2183//2183 2297//2297
f 2297//2297 2183//2183 2182//2182
f 2297//2297 2182//2182 2298//2298
f 2298//2298 2182//2182 2181//2181
f 2298//2298 2181//2181 2299//2299
f 2299//2299 2181//2181 2180//2180
f 2299//2299 2180//2180 2300//2300
f 2300//2300 2180//2180 2179//2179
f 2300//2300 2179//2179 2301//2301
f 2301//2301 2179//2179 2178//2178
f 2301//2301 2178//2178 2302//2302
f 2302//2302 2178//2178 2177//2177
f 2302//2302 2177//2177 2303//2303
f 2303//2303 2177//2177 2176//2176
f 2303//2303 2176//2176 2304//2304
f 2304//2304 2176//2176 2175//2175
f 2304//2304 2175//2175 2305//2305
f 2305//2305 2175//2175 2174//2174
f 2305//2305 2174//2174 2306//2306
f 2306//2306 2174//2174 2173//2173
f 2306//2306 2173//2173 2307//2307
f 2307//2307 2173//2173 2172//2172
f 2307//2307 2172//2172 2308//2308
f 2308//2308 2172//2172 2171//2171
f 2308//2308 2171//2171 2309//2309
f 2309//2309 2171//2171 2170//2170
f 2309//2309 2170//2170 2310//2310
f 2310//2310 2170//2170 2169//2169
f 2310//2310 2169//2169 2311//2311
f 2311//2311 2169//2169 2168//2168
f 2311//2311 2168//2168 2312//2312
f 2312//2312 2168//2168 2167//2167
f 2312//2312 2167//2167 2313//2313
f 2313//2313 2167//2167 2166//2166
f 2313//2313 2166//2166 2314//2314
f 2314//2314 2166//2166 2165//2165
f 2314//2314 2165//2165 2315//2315
f 2315//2315 2165//2165 2164//2164
f 2315//2315 2164//2164 2316//2316
f 2316//2316 2164//2164 2163//2163
f 2316//2316 2163//2163 2317//2317
f 2317//2317 2163//2163 2162//2162
f 2317//2317 2162//2162 2240//2240
f 2241//2241 1703//1703 2240//2240
f 2240//2240 1703//1703 1704//1704
f 2240//2240 1704//1704 2317//2317
f 2317//2317 1704//1704 1705//1705
f 2317//2317 1705//1705 2316//2316
f 2316//2316 1705//1705 1706//1706
f 2316//2316 1706//1706 2315//2315
f 2315//2315 1706//1706 1707//1707
f 2315//2315 1707//1707 2314//2314
f 2314//2314 1707//1707 1708//1708
f 2314//2314 1708//1708 2313//2313
f 2313//2313 1708//1708 1709//1709
f 2313//2313 1709//1709 2312//2312
f 2312//2312 1709//1709 1710//1710
f 2312//2312 1710//1710 2311//2311
f 2311//2311 1710//1710 1711//1711
f 2311//2311 1711//1711 2310//2310
f 2310//2310 1711//1711 1712//1712
f 2310//2310 1712//1712 2309//2309
f 2309//2309 1712//1712 1713//1713
f 2309//2309 1713//1713 2308//2308
f 2308//2308 1713//1713 1714//1714
f 2308//2308 1714//1714 2307//2307
f 2307//2307 1714//1714 1715//1715
f 2307//2307 1715//1715 2306//2306
f 2306//2306 1715//1715 1716//1716
f 2306//2306 1716//1716 2305//2305
f 2305//2305 1716//1716 1717//1717
f 2305//2305 1717//1717 2304//2304
f 2304//2304 1717//1717 1718//1718
f 2304//2304 1718//1718 2303//2303
f 2303//2303 1718//1718 1719//1719
f 2303//2303 1719//1719 2302//2302
f 2302//2302 1719//1719 1720//1720
f 2302//2302 1720//1720 2301//2301
f 2301//2301 1720//1720 1721//1721
f 2301//2301 1721//1721 2300//2300
f 2300//2300 1721//1721 1722//1722
f 2300//2300 1722//1722 2299//2299
f 2299//2299 1722//1722 1723//1723
f 2299//2299 1723//1723 2298//2298
f 2298//2298 1723//1723 1724//1724
f 2298//2298 1724//1724 2297//2297
f 2297//2297 1724//1724 1725//1725
f 2297//2297 1725//1725 2296//2296
f 2296//2296 1725//1725 1726//1726
f 2296//2296 1726//1726 2295//2295
f 2295//2295 1726//1726 1727//1727
f 2295//2295 1727//1727 2294//2294
f 2294//2294 1727//1727 1728//1728
f 2294//2294 1728//1728 2293//2293
f 2293//2293 1728//1728 1729//1729
f 2293//2293 1729//1729 2292//2292
f 2292//2292 1729//1729 1730//1730
f 2292//2292 1730//1730 2291//2291
f 2291//2291 1730//1730 1731//1731
f 2291//2291 1731//1731 2290//2290
f 2290//2290 1731//1731 1732//1732
f 2290//2290 1732//1732 2289//2289
f 2289//2289 1732//1732 1733//1733
f 2289//2289 1733//1733 2288//2288
f 2288//2288 1733//1733 1734//1734
f 2288//2288 1734//1734 2287//2287
f 2287//2287 1734//1734 1735//1735
f 2287//2287 1735//1735 2286//2286
f 2286//2286 1735//1735 1736//1736
f 2286//2286 1736//1736 2285//2285
f 2285//2285 1736//1736 1737//1737
f 2285//2285 1737//1737 2284//2284
f 2284//2284 1737//1737 1738//1738
f 2284//2284 1738//1738 2283//2283
f 2283//2283 1738//1738 1739//1739
f 2283//2283 1739//1739 2282//2282
f 2282//2282 1739//1739 1740//1740
f 2282//2282 1740//1740 2281//2281
f 2281//2281 1740//1740 1741//1741
f 2281//2281 1741//1741 2280//2280
f 2280//2280 1741//1741 1742//1742
f 2280//2280 1742//1742 2279//2279
f 2279//2279 1742//1742 1743//1743
f 2279//2279 1743//1743 2278//2278
f 2278//2278 1743//1743 1744//1744
f 2278//2278 1744//1744 2277//2277
f 2277//2277 1744//1744 1745//1745
f 2277//2277 1745//1745 2276//2276
f 2276//2276 1745//1745 1746//1746
f 2276//2276 1746//1746 2275//2275
f 2275//2275 1746//1746 1747//1747
f 2275//2275 1747//1747 2274//2274
f 2274//2274 1747//1747 1748//1748
f 2274//2274 1748//1748 2273//2273
f 2273//2273 1748//1748 1749//1749
f 2273//2273 1749//1749 2272//2272
f 2272//2272 1749//1749 1750//1750
f 2272//2272 1750//1750 2271//2271
f 2271//2271 1750//1750 1751//1751
f 2271//2271 1751//1751 2270//2270
f 2270//2270 1751//1751 1752//1752
f 2270//2270 1752//1752 2269//2269
f 2269//2269 1752//1752 1753//1753
f 2269//2269 1753//1753 2268//2268
f 2268//2268 1753//1753 1754//1754
f 2268//2268 1754//1754 2267//2267
f 2267//2267 1754//1754 1755//1755
f 2267//2267 1755//1755 2266//2266
f 2266//2266 1755//1755 1756//1756
f 2266//2266 1756//1756 2265//2265
f 2265//2265 1756//1756 1757//1757
f 2265//2265 1757//1757 2264//2264
f 2264//2264 1757//1757 1758//1758
f 2264//2264 1758//1758 2263//2263
f 2263//2263 1758//1758 1759//1759
f 2263//2263 1759//1759 2262//2262
f 2262//2262 1759//1759 1760//1760
f 2262//2262 1760//1760 2261//2261
f 2261//2261 1760//1760 1761//1761
f 2261//2261 1761//1761 2260//2260
f 2260//2260 1761//1761 1762//1762
f 2260//2260 1762//1762 2259//2259
f 2259//2259 1762//1762 1763//1763
f 2259//2259 1763//1763 2258//2258
f 2258//2258 1763//1763 1764//1764
f 2258//2258 1764//1764 2257//2257
f 2257//2257 1764//1764 1765//1765
f 2257//2257 1765//1765 2256//2256
f 2256//2256 1765//1765 1766//1766
f 2256//2256 1766//1766 2255//2255
f 2255//2255 1766//1766 1767//1767
f 2255//2255 1767//1767 2254//2254
f 2254//2254 1767//1767 1768//1768
f 2254//2254 1768//1768 2253//2253
f 2253//2253 1768//1768 1769//1769
f 2253//2253 1769//1769 2252//2252
f 2252//2252 1769//1769 1770//1770
f 2252//2252 1770//1770 2251//2251
f 2251//2251 1770//1770 1771//1771
f 2251//2251 1771//1771 2250//2250
f 2250//2250 1771//1771 1772//1772
f 2250//2250 1772//1772 2249//2249
f 2249//2249 1772//1772 1773//1773
f 2249//2249 1773//1773 2248//2248
f 2248//2248 1773//1773 1774//1774
f 2248//2248 1774//1774 2247//2247
f 2247//2247 1774//1774 1775//1775
f 2247//2247 1775//1775 2246//2246
f 2246//2246 1775//1775 1776//1776
f 2246//2246 1776//1776 2245//2245
f 2245//2245 1776//1776 1777//1777
f 2245//2245 1777//1777 2244//2244
f 2244//2244 1777//1777 1778//1778
f 2244//2244 1778//1778 2243//2243
f 2243//2243 1778//1778 1779//1779
f 2243//2243 1779//1779 2242//2242
f 2242//2242 1779//1779 1780//1780
f 2242//2242 1780//1780 2241//2241
f 2241//2241 1780//1780 1703//1703
f 1624//1624 2318//2318 1547//1547
f 1547//1547 2318//2318 2319//2319
f 1547//1547 2319//2319 1546//1546
f 1546//1546 2319//2319 2320//2320
f 1546//1546 2320//2320 1548//1548
f 1548//1548 2320//2320 2321//2321
f 1548//1548 2321//2321 2322//2322
f 2318//2318 1624//1624 2323//2323
f 2323//2323 1624//1624 1623//1623
f 2323//2323 1623//1623 2324//2324
f 2324//2324 1623//1623 2325//2325
f 2325//2325 1623//1623 1622//1622
f 2325//2325 1622//1622 2326//2326
f 2326//2326 1622//1622 1621//1621
f 2326//2326 1621//1621 2327//2327
f 2327//2327 1621//1621 1620//1620
f 2327//2327 1620//1620 2328//2328
f 2328//2328 1620//1620 1619//1619
f 2328//2328 1619//1619 2329//2329
f 2329//2329 1619//1619 2330//2330
f 2330//2330 1619//1619 1618//1618
f 2330//2330 1618//1618 2331//2331
f 2331//2331 1618//1618 1617//1617
f 2331//2331 1617//1617 2332//2332
f 2332//2332 1617//1617 1616//1616
f 2332//2332 1616//1616 2333//2333
f 2333//2333 1616//1616 1615//1615
f 2333//2333 1615//1615 2334//2334
f 2334//2334 1615//1615 2335//2335
f 2335//2335 1615//1615 1614//1614
f 2335//2335 1614//1614 2336//2336
f 2336//2336 1614//1614 1613//1613
f 2336//2336 1613//1613 2337//2337
f 2337//2337 1613//1613 1612//1612
f 2337//2337 1612//1612 2338//2338
f 2338//2338 1612//1612 1611//1611
f 2338//2338 1611//1611 2339//2339
f 2339//2339 1611//1611 2340//2340
f 2340//2340 1611//1611 1610//1610
f 2340//2340 1610//1610 2341//2341
f 2341//2341 1610//1610 1609//1609
f 2341//2341 1609//1609 2342//2342
f 2342//2342 1609//1609 1608//1608
f 2342//2342 1608//1608 2343//2343
f 2343//2343 1608//1608 1607//1607
f 2343//2343 1607//1607 2344//2344
f 2344//2344 1607//1607 2345//2345
f 2345//2345 1607//1607 1606//1606
f 2345//2345 1606//1606 2346//2346
f 2346//2346 1606//1606 1605//1605
f 2346//2346 1605//1605 2347//2347
f 2347//2347 1605//1605 1604//1604
f 2347//2347 1604//1604 2348//2348
f 2348//2348 1604//1604 1603//1603
f 2348//2348 1603//1603 2349//2349
f 2349//2349 1603//1603 2350//2350
f 2350//2350 1603//1603 1602//1602
f 2350//2350 1602//1602 2351//2351
f 2351//2351 1602//1602 1601//1601
f 2351//2351 1601//1601 2352//2352
f 2352//2352 1601//1601 1600//1600
f 2352//2352 1600//1600 2353//2353
f 2353//2353 1600//1600 1599//1599
f 2353//2353 1599//1599 2354//2354
f 2354//2354 1599//1599 2355//2355
f 2355//2355 1599//1599 1598//1598
f 2355//2355 1598//1598 2356//2356
f 2356//2356 1598//1598 1597//1597
f 2356//2356 1597//1597 2357//2357
f 2357//2357 1597//1597 1596//1596
f 2357//2357 1596//1596 2358//2358
f 2358//2358 1596//1596 1595//1595
f 2358//2358 1595//1595 2359//2359
f 2359//2359 1595//1595 2360//2360
f 2360//2360 1595//1595 1594//1594
f 2360//2360 1594//1594 2361//2361
f 2361//2361 1594//1594 1593//1593
f 2361//2361 1593//1593 2362//2362
f 2362//2362 1593//1593 1592//1592
f 2362//2362 1592//1592 2363//2363
f 2363//2363 1592//1592 1591//1591
f 2363//2363 1591//1591 2364//2364
f 2364//2364 1591//1591 2365//2365
f 2365//2365 1591//1591 1590//1590
f 2365//2365 1590//1590 2366//2366
f 2366//2366 1590//1590 1589//1589
f 2366//2366 1589//1589 2367//2367
f 2367//2367 1589//1589 1588//1588
f 2367//2367 1588//1588 2368//2368
f 2368//2368 1588//1588 1587//1587
f 2368//2368 1587//1587 2369//2369
f 2369//2369 1587//1587 2370//2370
f 2370//2370 1587//1587 1586//1586
f 2370//2370 1586//1586 2371//2371
f 2371//2371 1586//1586 1585//1585
f 2371//2371 1585//1585 2372//2372
f 2372//2372 1585//1585 1584//1584
f 2372//2372 1584//1584 2373//2373
f 2373//2373 1584//1584 2374//2374
f 2374//2374 1584//1584 1583//1583
f 2374//2374 1583//1583 2375//2375
f 2375//2375 1583//1583 1582//1582
f 2375//2375 1582//1582 2376//2376
f 2376//2376 1582//1582 1581//1581
f 2376//2376 1581//1581 2377//2377
f 2377//2377 1581//1581 1580//1580
f 2377//2377 1580//1580 2378//2378
f 2378//2378 1580//1580 2379//2379
f 2379//2379 1580//1580 1579//1579
f 2379//2379 1579//1579 2380//2380
f 2380//2380 1579//1579 1578//1578
f 2380//2380 1578//1578 2381//2381
f 2381//2381 1578//1578 1577//1577
f 2381//2381 1577//1577 2382//2382
f 2382//2382 1577//1577 1576//1576
f 2382//2382 1576//1576 2383//2383
f 2383//2383 1576//1576 2384//2384
f 2384//2384 1576//1576 1575//1575
f 2384//2384 1575//1575 2385//2385
f 2385//2385 1575//1575 1574//1574
f 2385//2385 1574//1574 2386//2386
f 2386//2386 1574//1574 1573//1573
f 2386//2386 1573//1573 2387//2387
f 2387//2387 1573//1573 1572//1572
f 2387//2387 1572//1572 2388//2388
f 2388//2388 1572//1572 2389//2389
f 2389//2389 1572//1572 1571//1571
f 2389//2389 1571//1571 2390//2390
f 2390//2390 1571//1571 1570//1570
f 2390//2390 1570//1570 2391//2391
f 2391//2391 1570//1570 1569//1569
f 2391//2391 1569//1569 2392//2392
f 2392//2392 1569//1569 1568//1568
f 2392//2392 1568//1568 2393//2393
f 2393//2393 1568//1568 2394//2394
f 2394//2394 1568//1568 1567//1567
f 2394//2394 1567//1567 2395//2395
f 2395//2395 1567//1567 1566//1566
f 2395//2395 1566//1566 2396//2396
f 2396//2396 1566//1566 1565//1565
f 2396//2396 1565//1565 2397//2397
f 2397//2397 1565//1565 1564//1564
f 2397//2397 1564//1564 2398//2398
f 2398//2398 1564//1564 2399//2399
f 2399//2399 1564//1564 1563//1563
f 2399//2399 1563//1563 2400//2400
f 2400//2400 1563//1563 1562//1562
f 2400//2400 1562//1562 2401//2401
f 2401//2401 1562//1562 1561//1561
f 2401//2401 1561//1561 2402//2402
f 2402//2402 1561//1561 1560//1560
f 2402//2402 1560//1560 2403//2403
f 2403//2403 1560//1560 2404//2404
f 2404//2404 1560//1560 1559//1559
f 2404//2404 1559//1559 2405//2405
f 2405//2405 1559//1559 1558//1558
f 2405//2405 1558//1558 2406//2406
f 2406//2406 1558//1558 1557//1557
f 2406//2406 1557//1557 2407//2407
f 2407//2407 1557//1557 1556//1556
f 2407//2407 1556//1556 2408//2408
f 2408//2408 1556//1556 2409//2409
f 2409//2409 1556//1556 1555//1555
f 2409//2409 1555//1555 2410//2410
f 2410//2410 1555//1555 1554//1554
f 2410//2410 1554//1554 2411//2411
f 2411//2411 1554//1554 1553//1553
f 2411//2411 1553//1553 2412//2412
f 2412//2412 1553//1553 1552//1552
f 2412//2412 1552//1552 2413//2413
f 2413//2413 1552//1552 2414//2414
f 2414//2414 1552//1552 1551//1551
f 2414//2414 1551//1551 2415//2415
f 2415//2415 1551//1551 1550//1550
f 2415//2415 1550//1550 2416//2416
f 2416//2416 1550//1550 1549//1549
f 2416//2416 1549//1549 2322//2322
f 2322//2322 1549//1549 1548//1548
f 2372//2372 1783//1783 2371//2371
f 2371//2371 1783//1783 1980//1980
f 2371//2371 1980//1980 2370//2370
f 2370//2370 1980//1980 1978//1978
f 2370//2370 1978//1978 2369//2369
f 2369//2369 1978//1978 1976//1976
f 2369//2369 1976//1976 2368//2368
f 2368//2368 1976//1976 1974//1974
f 2368//2368 1974//1974 2367//2367
f 2367//2367 1974//1974 1972//1972
f 2367//2367 1972//1972 2366//2366
f 2366//2366 1972//1972 1970//1970
f 2366//2366 1970//1970 2365//2365
f 2365//2365 1970//1970 1968//1968
f 2365//2365 1968//1968 2364//2364
f 2364//2364 1968//1968 1966//1966
f 2364//2364 1966//1966 2363//2363
f 2363//2363 1966//1966 1964//1964
f 2363//2363 1964//1964 2362//2362
f 2362//2362 1964//1964 1962//1962
f 2362//2362 1962//1962 2361//2361
f 2361//2361 1962//1962 1960//1960
f 2361//2361 1960//1960 2360//2360
f 2360//2360 1960//1960 1958//1958
f 2360//2360 1958//1958 2359//2359
f 2359//2359 1958//1958 1956//1956
f 2359//2359 1956//1956 2358//2358
f 2358//2358 1956//1956 1954//1954
f 2358//2358 1954//1954 2357//2357
f 2357//2357 1954//1954 1952//1952
f 2357//2357 1952//1952 2356//2356
f 2356//2356 1952//1952 1950//1950
f 2356//2356 1950//1950 2355//2355
f 2355//2355 1950//1950 1948//1948
f 2355//2355 1948//1948 2354//2354
f 2354//2354 1948//1948 1946//1946
f 2354//2354 1946//1946 2353//2353
f 2353//2353 1946//1946 1944//1944
f 2353//2353 1944//1944 2352//2352
f 2352//2352 1944//1944 1942//1942
f 2352//2352 1942//1942 2351//2351
f 2351//2351 1942//1942 1940//1940
f 2351//2351 1940//1940 2350//2350
f 2350//2350 1940//1940 1938//1938
f 2350//2350 1938//1938 2349//2349
f 2349//2349 1938//1938 1936//1936
f 2349//2349 1936//1936 2348//2348
f 2348//2348 1936//1936 1934//1934
f 2348//2348 1934//1934 2347//2347
f 2347//2347 1934//1934 1932//1932
f 2347//2347 1932//1932 2346//2346
f 2346//2346 1932//1932 1930//1930
f 2346//2346 1930//1930 2345//2345
f 2345//2345 1930//1930 1928//1928
f 2345//2345 1928//1928 2344//2344
f 2344//2344 1928//1928 1926//1926
f 2344//2344 1926//1926 2343//2343
f 2343//2343 1926//1926 1924//1924
f 2343//2343 1924//1924 2342//2342
f 2342//2342 1924//1924 1922//1922
f 2342//2342 1922//1922 2341//2341
f 2341//2341 1922//1922 1920//1920
f 2341//2341 1920//1920 2340//2340
f 2340//2340 1920//1920 1918//1918
f 2340//2340 1918//1918 2339//2339
f 2339//2339 1918//1918 1916//1916
f 2339//2339 1916//1916 2338//2338
f 2338//2338 1916//1916 1914//1914
f 2338//2338 1914//1914 2337//2337
f 2337//2337 1914//1914 1912//1912
f 2337//2337 1912//1912 2336//2336
f 2336//2336 1912//1912 1910//1910
f 2336//2336 1910//1910 2335//2335
f 2335//2335 1910//1910 1908//1908
f 2335//2335 1908//1908 2334//2334
f 2334//2334 1908//1908 1906//1906
f 2334//2334 1906//1906 2333//2333
f 2333//2333 1906//1906 1904//1904
f 2333//2333 1904//1904 2332//2332
f 2332//2332 1904//1904 1902//1902
f 2332//2332 1902//1902 2331//2331
f 2331//2331 1902//1902 1900//1900
f 2331//2331 1900//1900 2330//2330
f 2330//2330 1900//1900 1898//1898
f 2330//2330 1898//1898 2329//2329
f 2329//2329 1898//1898 1896//1896
f 2329//2329 1896//1896 2328//2328
f 2328//2328 1896//1896 1894//1894
f 2328//2328 1894//1894 2327//2327
f 2327//2327 1894//1894 1892//1892
f 2327//2327 1892//1892 2326//2326
f 2326//2326 1892//1892 1890//1890
f 2326//2326 1890//1890 2325//2325
f 2325//2325 1890//1890 1888//1888
f 2325//2325 1888//1888 2324//2324
f 2324//2324 1888//1888 1886//1886
f 2324//2324 1886//1886 2323//2323
f 2323//2323 1886//1886 1884//1884
f 2323//2323 1884//1884 2318//2318
f 2318//2318 1884//1884 1881//1881
f 2318//2318 1881//1881 2319//2319
f 2319//2319 1881//1881 1879//1879
f 2319//2319 1879//1879 2320//2320
f 2320//2320 1879//1879 1877//1877
f 2320//2320 1877//1877 2321//2321
f 2321//2321 1877//1877 1875//1875
f 2321//2321 1875//1875 2322//2322
f 2322//2322 1875//1875 1873//1873
f 2322//2322 1873//1873 2416//2416
f 2416//2416 1873//1873 1871//1871
f 2416//2416 1871//1871 2415//2415
f 2415//2415 1871//1871 1869//1869
f 2415//2415 1869//1869 2414//2414
f 2414//2414 1869//1869 1867//1867
f 2414//2414 1867//1867 2413//2413
f 2413//2413 1867//1867 1865//1865
f 2413//2413 1865//1865 2412//2412
f 2412//2412 1865//1865 1863//1863
f 2412//2412 1863//1863 2411//2411
f 2411//2411 1863//1863 1861//1861
f 2411//2411 1861//1861 2410//2410
f 2410//2410 1861//1861 1859//1859
f 2410//2410 1859//1859 2409//2409
f 2409//2409 1859//1859 1857//1857
f 2409//2409 1857//1857 2408//2408
f 2408//2408 1857//1857 1855//1855
f 2408//2408 1855//1855 2407//2407
f 2407//2407 1855//1855 1853//1853
f 2407//2407 1853//1853 2406//2406
f 2406//2406 1853//1853 1851//1851
f 2406//2406 1851//1851 2405//2405
f 2405//2405 1851//1851 1849//1849
f 2405//2405 1849//1849 2404//2404
f 2404//2404 1849//1849 1847//1847
f 2404//2404 1847//1847 2403//2403
f 2403//2403 1847//1847 1845//1845
f 2403//2403 1845//1845 2402//2402
f 2402//2402 1845//1845 1843//1843
f 2402//2402 1843//1843 2401//2401
f 2401//2401 1843//1843 1841//1841
f 2401//2401 1841//1841 2400//2400
f 2400//2400 1841//1841 1839//1839
f 2400//2400 1839//1839 2399//2399
f 2399//2399 1839//1839 1837//1837
f 2399//2399 1837//1837 2398//2398
f 2398//2398 1837//1837 1835//1835
f 2398//2398 1835//1835 2397//2397
f 2397//2397 1835//1835 1833//1833
f 2397//2397 1833//1833 2396//2396
f 2396//2396 1833//1833 1831//1831
f 2396//2396 1831//1831 2395//2395
f 2395//2395 1831//1831 1829//1829
f 2395//2395 1829//1829 2394//2394
f 2394//2394 1829//1829 1827//1827
f 2394//2394 1827//1827 2393//2393
f 2393//2393 1827//1827 1825//1825
f 2393//2393 1825//1825 2392//2392
f 2392//2392 1825//1825 1823//1823
f 2392//2392 1823//1823 2391//2391
f 2391//2391 1823//1823 1821//1821
f 2391//2391 1821//1821 2390//2390
f 2390//2390 1821//1821 1819//1819
f 2390//2390 1819//1819 2389//2389
f 2389//2389 1819//1819 1817//1817
f 2389//2389 1817//1817 2388//2388
f 2388//2388 1817//1817 1815//1815
f 2388//2388 1815//1815 2387//2387
f 2387//2387 1815//1815 1813//1813
f 2387//2387 1813//1813 2386//2386
f 2386//2386 1813//1813 1811//1811
f 2386//2386 1811//1811 2385//2385
f 2385//2385 1811//1811 1809//1809
f 2385//2385 1809//1809 2384//2384
f 2384//2384 1809//1809 1807//1807
f 2384//2384 1807//1807 2383//2383
f 2383//2383 1807//1807 1805//1805
f 2383//2383 1805//1805 2382//2382
f 2382//2382 1805//1805 1803//1803
f 2382//2382 1803//1803 2381//2381
f 2381//2381 1803//1803 1801//1801
f 2381//2381 1801//1801 2380//2380
f 2380//2380 1801//1801 1799//1799
f 2380//2380 1799//1799 2379//2379
f 2379//2379 1799//1799 1797//1797
f 2379//2379 1797//1797 2378//2378
f 2378//2378 1797//1797 1795//1795
f 2378//2378 1795//1795 2377//2377
f 2377//2377 1795//1795 1793//1793
f 2377//2377 1793//1793 2376//2376
f 2376//2376 1793//1793 1791//1791
f 2376//2376 1791//1791 2375//2375
f 2375//2375 1791//1791 1789//1789
f 2375//2375 1789//1789 2374//2374
f 2374//2374 1789//1789 1787//1787
f 2374//2374 1787//1787 2373//2373
f 2373//2373 1787//1787 1781//1781
f 2373//2373 1781//1781 2372//2372
f 2372//2372 1781//1781 1783//1783
g cap
o cap
v 28.74202 1.82661 203.00000
v 29.94197 1.86509 203.00000
v 28.80000 0.00000 203.00000
v 30.00000 0.00000 203.00000
v 29.94197 -1.86509 203.00000
v 29.76810 3.72296 203.00000
v 28.56830 3.64586 203.00000
v 29.47906 5.56643 203.00000
v 28.27955 5.45044 203.00000
v 29.07597 7.38837 203.00000
v 27.87692 7.23306 203.00000
v 28.56039 9.18172 203.00000
v 27.36205 8.98656 203.00000
v 27.93432 10.93955 203.00000
v 26.73700 10.70388 203.00000
v 27.20018 12.65505 203.00000
v 26.00428 12.37809 203.00000
v 26.36080 14.32160 203.00000
v 25.16686 14.00247 203.00000
v 25.41944 15.93273 203.00000
v 24.22810 15.57046 203.00000
v 24.37974 17.48223 203.00000
v 23.19178 17.07575 203.00000
v 23.24571 18.96409 203.00000
v 22.06208 18.51228 203.00000
v 22.02176 20.37259 203.00000
v 20.84354 19.87428 203.00000
v 20.71260 21.70226 203.00000
v 19.54107 21.15624 203.00000
v 19.32331 22.94798 203.00000
v 18.15992 22.35302 203.00000
v 17.85927 24.10491 203.00000
v 16.70564 23.45979 203.00000
v 16.32613 25.16858 203.00000
v 15.18409 24.47209 203.00000
v 14.72982 26.13489 203.00000
v 13.60141 25.38586 203.00000
v 13.07653 27.00008 203.00000
v 11.96395 26.19740 203.00000
v 11.37265 27.76081 203.00000
v 10.27832 26.90346 203.00000
v 9.62477 28.41415 203.00000
v 8.55131 27.50118 203.00000
v 7.83966 28.95755 203.00000
v 6.78986 27.98817 203.00000
v 6.02421 29.38892 203.00000
v 5.00107 28.36246 203.00000
v 4.18546 29.70660 203.00000
v 3.19214 28.62255 203.00000
v 2.33052 29.90934 203.00000
v 1.37036 28.76738 203.00000
v 0.46655 29.99637 203.00000
v -0.45694 28.79638 203.00000
v -1.39921 29.96735 203.00000
v -2.28240 28.70942 203.00000
v -3.25956 29.82240 203.00000
v -4.09867 28.50686 203.00000
v -5.10731 29.56206 203.00000
v -5.89843 28.18951 203.00000
v -6.93529 29.18736 203.00000
v -7.67445 27.75865 203.00000
v -8.73644 28.69973 203.00000
v -9.41956 27.21602 203.00000
v -10.50379 28.10107 203.00000
v -11.12674 26.56380 203.00000
v -12.23051 27.39370 203.00000
v -12.78912 25.80462 203.00000
v -13.90991 26.58034 203.00000
v -14.40000 24.94153 203.00000
v -15.53549 25.66415 203.00000
v -15.95290 23.97801 203.00000
v -17.10097 24.64867 203.00000
v -17.44156 22.91794 203.00000
v -18.60029 23.53783 203.00000
v -18.85999 21.76559 203.00000
v -20.02765 22.33592 203.00000
v -20.20248 20.52559 203.00000
v -21.37752 21.04761 203.00000
v -21.46362 19.20295 203.00000
v -22.64469 19.67786 203.00000
v -22.63833 17.80298 203.00000
v -23.82425 18.23198 203.00000
v -23.72189 16.33132 203.00000
v -24.91164 16.71557 203.00000
v -24.70992 14.79391 203.00000
v -25.90265 15.13449 203.00000
v -25.59846 13.19692 203.00000
v -26.79345 13.49485 203.00000
v -26.38392 11.54680 203.00000
v -27.58059 11.80301 203.00000
v -27.06315 9.85018 203.00000
v -28.26103 10.06550 203.00000
v -27.63340 8.11390 203.00000
v -28.83213 8.28905 203.00000
v -28.09238 6.34494 203.00000
v -29.29168 6.48053 203.00000
v -28.43824 4.55044 203.00000
v -29.63791 4.64695 203.00000
v -28.66959 2.73761 203.00000
v -29.86948 2.79538 203.00000
v -28.78550 0.91376 203.00000
v -29.98549 0.93300 203.00000
v -29.98549 -0.93300 203.00000
v -28.78550 -0.91376 203.00000
v -29.86948 -2.79538 203.00000
v -28.66959 -2.73761 203.00000
v -29.63791 -4.64695 203.00000
v -28.43824 -4.55044 203.00000
v -29.29168 -6.48053 203.00000
v -28.09238 -6.34494 203.00000
v -28.83213 -8.28905 203.00000
v -27.63340 -8.11390 203.00000
v -28.26103 -10.06550 203.00000
v -27.06315 -9.85018 203.00000
v -27.58059 -11.80301 203.00000
v -26.38392 -11.54680 203.00000
v -26.79345 -13.49485 203.00000
v -25.59846 -13.19692 203.00000
v -25.90265 -15.13449 203.00000
v -24.70992 -14.79391 203.00000
v -24.91164 -16.71557 203.00000
v -23.72189 -16.33132 203.00000
v -23.82425 -18.23198 203.00000
v -22.63833 -17.80298 203.00000
v -22.64469 -19.67786 203.00000
v -21.46362 -19.20295 203.00000
v -21.37752 -21.04761 203.00000
v -20.20248 -20.52559 203.00000
v -20.02765 -22.33592 203.00000
v -18.85999 -21.76559 203.00000
v -18.60029 -23.53783 203.00000
v -17.44156 -22.91794 203.00000
v -17.10097 -24.64867 203.00000
v -15.95290 -23.97801 203.00000
v -15.53549 -25.66415 203.00000
v -14.40000 -24.94153 203.00000
v -13.90991 -26.58034 203.00000
v -12.78912 -25.80462 203.00000
v -12.23051 -27.39370 203.00000
v -11.12674 -26.56380 203.00000
v -10.50379 -28.10107 203.00000
v -9.41956 -27.21602 203.00000
v -8.73644 -28.69973 203.00000
v -7.67445 -27.75865 203.00000
v -6.93529 -29.18736 203.00000
v -5.89843 -28.18951 203.00000
v -5.10731 -29.56206 203.00000
v -4.09867 -28.50686 203.00000
v -3.25956 -29.82240 203.00000
v -2.28240 -28.70942 203.00000
v -1.39921 -29.96735 203.00000
v -0.45694 -28.79638 203.00000
v 0.46655 -29.99637 203.00000
v 1.37036 -28.76738 203.00000
v 2.33052 -29.90934 203.00000
v 3.19214 -28.62255 203.00000
v 4.18546 -29.70660 203.00000
v 5.00107 -28.36246 203.00000
v 6.02421 -29.38892 203.00000
v 6.78986 -27.98817 203.00000
v 7.83966 -28.95755 203.00000
v 8.55131 -27.50118 203.00000
v 9.62477 -28.41415 203.00000
v 10.27832 -26.90346 203.00000
v 11.37265 -27.76081 203.00000
v 11.96395 -26.19740 203.00000
v 13.07653 -27.00008 203.00000
v 13.60141 -25.38586 203.00000
v 14.72982 -26.13489 203.00000
v 15.18409 -24.47209 203.00000
v 16.32613 -25.16858 203.00000
v 16.70564 -23.45979 203.00000
v 17.85927 -24.10491 203.00000
v 18.15992 -22.35302 203.00000
v 19.32331 -22.94798 203.00000
v 19.54107 -21.15624 203.00000
v 20.71260 -21.70226 203.00000
v 20.84354 -19.87428 203.00000
v 22.02176 -20.37259 203.00000
v 22.06208 -18.51228 203.00000
v 23.24571 -18.96409 203.00000
v 23.19178 -17.07575 203.00000
v 24.37974 -17.48223 203.00000
v 24.22810 -15.57046 203.00000
v 25.41944 -15.93273 203.00000
v 25.16686 -14.00247 203.00000
v 26.36080 -14.32160 203.00000
v 26.00428 -12.37809 203.00000
v 27.20018 -12.65505 203.00000
v 26.73700 -10.70388 203.00000
v 27.93432 -10.93955 203.00000
v 27.36205 -8.98656 203.00000
v 28.56039 -9.18172 203.00000
v 27.87692 -7.23306 203.00000
v 29.07597 -7.38837 203.00000
v 28.27955 -5.45044 203.00000
v 29.47906 -5.56643 203.00000
v 28.56830 -3.64586 203.00000
v 29.76810 -3.72296 203.00000
v 28.74202 -1.82661 203.00000
v 27.50000 0.00000 238.00000
v 27.44233 1.78007 238.00000
v 27.26955 3.55267 238.00000
v 26.98240 5.31038 238.00000
v 26.58207 7.04581 238.00000
v 26.07025 8.75168 238.00000
v 25.44908 10.42085 238.00000
v 24.72117 12.04631 238.00000
v 23.88957 13.62125 238.00000
v 22.95777 15.13905 238.00000
v 21.92968 16.59335 238.00000
v 20.80960 17.97805 238.00000
v 19.60225 19.28735 238.00000
v 18.31267 20.51575 238.00000
v 16.94628 21.65810 238.00000
v 15.50882 22.70961 238.00000
v 14.00630 23.66587 238.00000
v 12.44504 24.52287 238.00000
v 10.83158 25.27700 238.00000
v 9.17269 25.92512 238.00000
v 7.47533 26.46449 238.00000
v 5.74661 26.89287 238.00000
v 3.99379 27.20845 238.00000
v 2.22421 27.40990 238.00000
v 0.44531 27.49640 238.00000
v -1.33546 27.46755 238.00000
v -3.11063 27.32351 238.00000
v -4.87275 27.06485 238.00000
v -6.61444 26.69268 238.00000
v -8.32838 26.20855 238.00000
v -10.00739 25.61449 238.00000
v -11.64442 24.91300 238.00000
v -13.23261 24.10701 238.00000
v -14.76530 23.19991 238.00000
v -16.23606 22.19550 238.00000
v -17.63873 21.09799 238.00000
v -18.96740 19.91200 238.00000
v -20.21653 18.64248 238.00000
v -21.38085 17.29477 238.00000
v -22.45550 15.87452 238.00000
v -23.43596 14.38769 238.00000
v -24.31813 12.84051 238.00000
v -25.09829 11.23948 238.00000
v -25.77318 9.59130 238.00000
v -26.33998 7.90289 238.00000
v -26.79629 6.18133 238.00000
v -27.14021 4.43385 238.00000
v -27.37029 2.66777 238.00000
v -27.48558 0.89050 238.00000
v -27.48558 -0.89050 238.00000
v -27.37029 -2.66777 238.00000
v -27.14021 -4.43385 238.00000
v -26.79629 -6.18133 238.00000
v -26.33998 -7.90289 238.00000
v -25.77318 -9.59130 238.00000
v -25.09829 -11.23948 238.00000
v -24.31813 -12.84051 238.00000
v -23.43596 -14.38769 238.00000
v -22.45550 -15.87452 238.00000
v -21.38085 -17.29477 238.00000
v -20.21653 -18.64248 238.00000
v -18.96740 -19.91200 238.00000
v -17.63873 -21.09799 238.00000
v -16.23606 -22.19550 238.00000
v -14.76530 -23.19991 238.00000
v -13.23261 -24.10701 238.00000
v -11.64442 -24.91300 238.00000
v -10.00739 -25.61449 238.00000
v -8.32838 -26.20855 238.00000
v -6.61444 -26.69268 238.00000
v -4.87275 -27.06485 238.00000
v -3.11063 -27.32351 238.00000
v -1.33546 -27.46755 238.00000
v 0.44531 -27.49640 238.00000
v 2.22421 -27.40990 238.00000
v 3.99379 -27.20845 238.00000
v 5.74661 -26.89287 238.00000
v 7.47533 -26.46449 238.00000
v 9.17269 -25.92512 238.00000
v 10.83158 -25.27700 238.00000
v 12.44504 -24.52287 238.00000
v 14.00630 -23.66587 238.00000
v 15.50882 -22.70961 238.00000
v 16.94628 -21.65810 238.00000
v 18.31267 -20.51575 238.00000
v 19.60225 -19.28735 238.00000
v 20.80960 -17.97805 238.00000
v 21.92968 -16.59335 238.00000
v 22.95777 -15.13905 238.00000
v 23.88957 -13.62125 238.00000
v 24.72117 -12.04631 238.00000
v 25.44908 -10.42085 238.00000
v 26.07025 -8.75168 238.00000
v 26.58207 -7.04581 238.00000
v 26.98240 -5.31038 238.00000
v 27.26955 -3.55267 238.00000
v 27.44233 -1.78007 238.00000
v 26.24250 -1.73818 236.80000
v -26.28562 -0.86957 236.80000
v 26.30000 0.00000 236.80000
v -26.28562 0.86957 236.80000
v 26.24250 1.73818 236.80000
v -26.17068 2.60490 236.80000
v 26.07025 3.46876 236.80000
v -25.94130 4.32884 236.80000
v 25.78399 5.18418 236.80000
v -25.59849 6.03385 236.80000
v -25.14374 7.71248 236.80000
v -26.17068 -2.60490 236.80000
v 26.07025 -3.46876 236.80000
v -25.94130 -4.32884 236.80000
v 25.78399 -5.18418 236.80000
v -25.59849 -6.03385 236.80000
v 25.38499 -6.87692 236.80000
v -25.14374 -7.71248 236.80000
v 24.87499 -8.53960 236.80000
v -24.57905 -9.35738 236.80000
v 24.25622 -10.16493 236.80000
v -23.90687 -10.96136 236.80000
v 23.53138 -11.74581 236.80000
v -23.13016 -12.51742 236.80000
v 22.70365 -13.27533 236.80000
v -22.25231 -14.01873 236.80000
v 21.77663 -14.74681 236.80000
v -21.27715 -15.45875 236.80000
v 20.75439 -16.15380 236.80000
v -20.20895 -16.83117 236.80000
v 19.64141 -17.49015 236.80000
v -19.05238 -18.13000 236.80000
v 18.44253 -18.75002 236.80000
v -17.81251 -19.34954 236.80000
v 17.16301 -19.92790 236.80000
v -16.49474 -20.48447 236.80000
v 15.80843 -21.01864 236.80000
v -15.10484 -21.52983 236.80000
v 14.38474 -22.01748 236.80000
v -13.64890 -22.48105 236.80000
v 12.89814 -22.92004 236.80000
v -12.13327 -23.33396 236.80000
v 11.35514 -23.72237 236.80000
v -10.56459 -24.08484 236.80000
v 9.76249 -24.42097 236.80000
v -8.94971 -24.73040 236.80000
v 8.12715 -25.01279 236.80000
v -7.29570 -25.26782 236.80000
v 6.45627 -25.49523 236.80000
v -5.60978 -25.69475 236.80000
v 4.75716 -25.86618 236.80000
v -3.89933 -26.00933 236.80000
v 3.03725 -26.12403 236.80000
v -2.17184 -26.21017 236.80000
v 1.30405 -26.26765 236.80000
v -0.43484 -26.29641 236.80000
v -24.57905 9.35738 236.80000
v -23.90687 10.96136 236.80000
v -23.13016 12.51742 236.80000
v -22.25231 14.01873 236.80000
v -21.27715 15.45875 236.80000
v -20.20895 16.83117 236.80000
v -19.05238 18.13000 236.80000
v -17.81251 19.34954 236.80000
v -16.49474 20.48447 236.80000
v 25.38499 6.87692 236.80000
v -15.10484 21.52983 236.80000
v -13.64890 22.48105 236.80000
v -12.13327 23.33396 236.80000
v -10.56459 24.08484 236.80000
v -8.94971 24.73040 236.80000
v -7.29570 25.26782 236.80000
v -5.60978 25.69475 236.80000
v -3.89933 26.00933 236.80000
v -2.17184 26.21017 236.80000
v -0.43484 26.29641 236.80000
v 1.30405 26.26765 236.80000
v 3.03725 26.12403 236.80000
v 4.75716 25.86618 236.80000
v 6.45627 25.49523 236.80000
v 8.12715 25.01279 236.80000
v 9.76249 24.42097 236.80000
v 11.35514 23.72237 236.80000
v 12.89814 22.92004 236.80000
v 14.38474 22.01748 236.80000
v 15.80843 21.01864 236.80000
v 17.16301 19.92790 236.80000
v 18.44253 18.75002 236.80000
v 19.64141 17.49015 236.80000
v 20.75439 16.15380 236.80000
v 21.77663 14.74681 236.80000
v 22.70365 13.27533 236.80000
v 23.53138 11.74581 236.80000
v 24.25622 10.16493 236.80000
v 24.87499 8.53960 236.80000
vn -0.99254 -0.05331 -0.10965
vn 0.99794 0.05251 0.03683
vn -0.98954 0.00000 -0.14423
vn 0.99931 0.00000 0.03712
vn 0.99794 -0.05251 0.03683
vn 0.99265 0.11528 0.03682
vn -0.98706 -0.11701 -0.10964
vn 0.98342 0.17758 0.03681
vn -0.97750 -0.18022 -0.10964
vn 0.97028 0.23918 0.03680
vn -0.96389 -0.24268 -0.10963
vn 0.95328 0.29983 0.03680
vn -0.94630 -0.30414 -0.10962
vn 0.93250 0.35929 0.03679
vn -0.92479 -0.36435 -0.10962
vn 0.90801 0.41732 0.03679
vn -0.89945 -0.42304 -0.10962
vn 0.87992 0.47369 0.03679
vn -0.87040 -0.47999 -0.10962
vn 0.84833 0.52818 0.03679
vn -0.83774 -0.53495 -0.10962
vn 0.81337 0.58058 0.03679
vn -0.80162 -0.58770 -0.10962
vn 0.77518 0.63066 0.03680
vn -0.76218 -0.63801 -0.10962
vn 0.73391 0.67825 0.03680
vn -0.71959 -0.68569 -0.10963
vn 0.68973 0.72313 0.03680
vn -0.67403 -0.73053 -0.10963
vn 0.64280 0.76515 0.03681
vn -0.62567 -0.77234 -0.10964
vn 0.59332 0.80412 0.03682
vn -0.57473 -0.81097 -0.10965
vn 0.54149 0.83990 0.03683
vn -0.52140 -0.84623 -0.10966
vn 0.48750 0.87235 0.03684
vn -0.46593 -0.87800 -0.10967
vn 0.43158 0.90132 0.03685
vn -0.40852 -0.90614 -0.10968
vn 0.37394 0.92672 0.03686
vn -0.34943 -0.93052 -0.10970
vn 0.31481 0.94844 0.03688
vn -0.28888 -0.95106 -0.10971
vn 0.25444 0.96638 0.03689
vn -0.22715 -0.96766 -0.10973
vn 0.19306 0.98049 0.03691
vn -0.16447 -0.98026 -0.10975
vn 0.13090 0.99071 0.03693
vn -0.10112 -0.98880 -0.10977
vn 0.06823 0.99699 0.03695
vn -0.03735 -0.99325 -0.10979
vn 0.01555 0.99967 0.02054
vn 0.01574 -0.99180 -0.12680
vn -0.03678 0.99864 0.03696
vn 0.06927 -0.99154 -0.10978
vn -0.09962 0.99434 0.03694
vn 0.13286 -0.98504 -0.10976
vn -0.16206 0.98609 0.03692
vn 0.19591 -0.97446 -0.10974
vn -0.22386 0.97392 0.03690
vn 0.25815 -0.95985 -0.10972
vn -0.28477 0.95789 0.03689
vn 0.31932 -0.94128 -0.10971
vn -0.34455 0.93804 0.03687
vn 0.37917 -0.91880 -0.10969
vn -0.40296 0.91448 0.03686
vn 0.43745 -0.89253 -0.10968
vn -0.45977 0.88728 0.03684
vn 0.49392 -0.86256 -0.10966
vn -0.51475 0.85655 0.03683
vn 0.54835 -0.82903 -0.10965
vn -0.56769 0.82242 0.03682
vn 0.60051 -0.79207 -0.10964
vn -0.61837 0.78502 0.03681
vn 0.65018 -0.75182 -0.10963
vn -0.66660 0.74451 0.03681
vn 0.69717 -0.70847 -0.10963
vn -0.71217 0.70104 0.03680
vn 0.74127 -0.66219 -0.10962
vn -0.75492 0.65478 0.03680
vn 0.78231 -0.61317 -0.10962
vn -0.79467 0.60592 0.03679
vn 0.82011 -0.56161 -0.10962
vn -0.83127 0.55466 0.03679
vn 0.85451 -0.50773 -0.10962
vn -0.86456 0.50119 0.03679
vn 0.88539 -0.45175 -0.10962
vn -0.89441 0.44573 0.03679
vn 0.91259 -0.39390 -0.10962
vn -0.92072 0.38850 0.03679
vn 0.93603 -0.33442 -0.10962
vn -0.94336 0.32972 0.03680
vn 0.95559 -0.27356 -0.10963
vn -0.96226 0.26964 0.03680
vn 0.97120 -0.21156 -0.10963
vn -0.97733 0.20848 0.03681
vn 0.98279 -0.14869 -0.10964
vn -0.98853 0.14650 0.03681
vn 0.99031 -0.08520 -0.10965
vn -0.99579 0.08394 0.03682
vn 0.99234 -0.02134 -0.12170
vn -0.99883 0.03108 0.03712
vn -0.99910 -0.02104 0.03683
vn 0.99146 0.03147 -0.12659
vn -0.99579 -0.08394 0.03682
vn 0.99031 0.08520 -0.10965
vn -0.98853 -0.14650 0.03681
vn 0.98279 0.14869 -0.10964
vn -0.97733 -0.20848 0.03681
vn 0.97120 0.21156 -0.10963
vn -0.96226 -0.26964 0.03680
vn 0.95559 0.27356 -0.10963
vn -0.94336 -0.32972 0.03680
vn 0.93603 0.33442 -0.10962
vn -0.92072 -0.38850 0.03679
vn 0.91259 0.39390 -0.10962
vn -0.89441 -0.44573 0.03679
vn 0.88539 0.45175 -0.10962
vn -0.86456 -0.50119 0.03679
vn 0.85451 0.50773 -0.10962
vn -0.83127 -0.55466 0.03679
vn 0.82011 0.56161 -0.10962
vn -0.79467 -0.60592 0.03679
vn 0.78231 0.61317 -0.10962
vn -0.75492 -0.65478 0.03680
vn 0.74127 0.66219 -0.10962
vn -0.71217 -0.70104 0.03680
vn 0.69717 0.70847 -0.10963
vn -0.66660 -0.74451 0.03681
vn 0.65018 0.75182 -0.10963
vn -0.61837 -0.78502 0.03681
vn 0.60051 0.79207 -0.10964
vn -0.56769 -0.82242 0.03682
vn 0.54835 0.82903 -0.10965
vn -0.51475 -0.85655 0.03683
vn 0.49392 0.86256 -0.10966
vn -0.45977 -0.88728 0.03684
vn 0.43745 0.89253 -0.10968
vn -0.40296 -0.91448 0.03686
vn 0.37917 0.91880 -0.10969
vn -0.34455 -0.93804 0.03687
vn 0.31932 0.94128 -0.10971
vn -0.28477 -0.95789 0.03689
vn 0.25815 0.95985 -0.10972
vn -0.22386 -0.97392 0.03690
vn 0.19591 0.97446 -0.10974
vn -0.16206 -0.98609 0.03692
vn 0.13286 0.98504 -0.10976
vn -0.09962 -0.99434 0.03694
vn 0.06927 0.99154 -0.10978
vn -0.03678 -0.99864 0.03696
vn 0.01574 0.99180 -0.12680
vn 0.01555 -0.99967 0.02054
vn -0.03735 0.99325 -0.10979
vn 0.06823 -0.99699 0.03695
vn -0.10112 0.98880 -0.10977
vn 0.13090 -0.99071 0.03693
vn -0.16447 0.98026 -0.10975
vn 0.19306 -0.98049 0.03691
vn -0.22715 0.96766 -0.10973
vn 0.25444 -0.96638 0.03689
vn -0.28888 0.95106 -0.10971
vn 0.31481 -0.94844 0.03688
vn -0.34943 0.93052 -0.10970
vn 0.37394 -0.92672 0.03686
vn -0.40852 0.90614 -0.10968
vn 0.43158 -0.90132 0.03685
vn -0.46593 0.87800 -0.10967
vn 0.48750 -0.87235 0.03684
vn -0.52140 0.84623 -0.10966
vn 0.54149 -0.83990 0.03683
vn -0.57473 0.81097 -0.10965
vn 0.59332 -0.80412 0.03682
vn -0.62567 0.77234 -0.10964
vn 0.64280 -0.76515 0.03681
vn -0.67403 0.73053 -0.10963
vn 0.68973 -0.72313 0.03680
vn -0.71959 0.68569 -0.10963
vn 0.73391 -0.67825 0.03680
vn -0.76218 0.63801 -0.10962
vn 0.77518 -0.63066 0.03680
vn -0.80162 0.58770 -0.10962
vn 0.81337 -0.58058 0.03679
vn -0.83774 0.53495 -0.10962
vn 0.84833 -0.52818 0.03679
vn -0.87040 0.47999 -0.10962
vn 0.87992 -0.47369 0.03679
vn -0.89945 0.42304 -0.10962
vn 0.90801 -0.41732 0.03679
vn -0.92479 0.36435 -0.10962
vn 0.93250 -0.35929 0.03679
vn -0.94630 0.30414 -0.10962
vn 0.95328 -0.29983 0.03680
vn -0.96389 0.24268 -0.10963
vn 0.97028 -0.23918 0.03680
vn -0.97750 0.18022 -0.10964
vn 0.98342 -0.17758 0.03681
vn -0.98706 0.11701 -0.10964
vn 0.99265 -0.11528 0.03682
vn -0.99254 0.05331 -0.10965
vn 0.63329 0.00000 0.77391
vn 0.52592 0.03930 0.84962
vn 0.52689 0.07344 0.84675
vn 0.52869 0.10848 0.84186
vn 0.66770 0.18211 0.72181
vn 0.66014 0.22623 0.71626
vn 0.65030 0.27039 0.70993
vn 0.63810 0.31452 0.70279
vn 0.62348 0.35851 0.69480
vn 0.60637 0.40226 0.68594
vn 0.58669 0.44566 0.67616
vn 0.56437 0.48855 0.66543
vn 0.53935 0.53080 0.65373
vn 0.51155 0.57221 0.64101
vn 0.48095 0.61258 0.62725
vn 0.44748 0.65169 0.61242
vn 0.41114 0.68930 0.59651
vn 0.37193 0.72515 0.57951
vn 0.32988 0.75894 0.56142
vn 0.28505 0.79038 0.54226
vn 0.23754 0.81916 0.52206
vn 0.18749 0.84497 0.50088
vn 0.12264 0.78766 0.60378
vn 0.08156 0.89807 0.43222
vn 0.01497 0.94349 0.33107
vn -0.05411 0.92202 0.38335
vn -0.11408 0.92655 0.35846
vn -0.17472 0.92642 0.33349
vn -0.23560 0.92154 0.30864
vn -0.29631 0.91186 0.28412
vn -0.35643 0.89738 0.26012
vn -0.41555 0.87819 0.23685
vn -0.47329 0.85439 0.21450
vn -0.52926 0.82615 0.19328
vn -0.58313 0.79367 0.17333
vn -0.63459 0.75718 0.15484
vn -0.68337 0.71693 0.13793
vn -0.72922 0.67318 0.12274
vn -0.77192 0.62624 0.10936
vn -0.81131 0.57636 0.09790
vn -0.84721 0.52385 0.08843
vn -0.87948 0.46899 0.08100
vn -0.90802 0.41205 0.07565
vn -0.93270 0.35332 0.07243
vn -0.42223 0.12978 0.89715
vn -0.12011 0.02867 0.99235
vn -0.52769 0.09081 0.84457
vn -0.52630 0.05628 0.84843
vn -0.63335 0.02010 0.77360
vn -0.52576 -0.02243 0.85033
vn -0.52630 -0.05628 0.84843
vn -0.52769 -0.09081 0.84457
vn -0.52987 -0.12648 0.83859
vn -0.53271 -0.16375 0.83031
vn -0.53604 -0.20306 0.81941
vn -0.53962 -0.24487 0.80551
vn -0.54309 -0.28960 0.78816
vn -0.54598 -0.33759 0.76677
vn -0.54768 -0.38908 0.74072
vn -0.54740 -0.44409 0.70932
vn -0.54416 -0.50235 0.67196
vn -0.53684 -0.56321 0.62817
vn -0.52426 -0.62553 0.57781
vn -0.50528 -0.68771 0.52130
vn -0.47904 -0.74777 0.45975
vn -0.44515 -0.80361 0.39504
vn -0.40380 -0.85335 0.32975
vn -0.35576 -0.89568 0.26681
vn -0.30221 -0.93000 0.20920
vn -0.24452 -0.95643 0.15952
vn -0.18399 -0.97560 0.11982
vn -0.12169 -0.98834 0.09154
vn -0.05842 -0.99543 0.07557
vn 0.01582 -0.99727 0.07208
vn 0.09013 -0.99255 0.08198
vn 0.15300 -0.98272 0.10419
vn 0.21454 -0.96687 0.13832
vn 0.27379 -0.94417 0.18323
vn 0.32958 -0.91385 0.23717
vn 0.38055 -0.87550 0.29780
vn 0.42537 -0.82934 0.36229
vn 0.46306 -0.77634 0.42764
vn 0.49310 -0.71813 0.49105
vn 0.51563 -0.65675 0.55027
vn 0.53128 -0.59428 0.60380
vn 0.54109 -0.53251 0.65089
vn 0.54622 -0.47284 0.69142
vn 0.54785 -0.41615 0.72573
vn 0.54703 -0.36289 0.75437
vn 0.54464 -0.31317 0.77800
vn 0.54139 -0.26685 0.79730
vn 0.53782 -0.22363 0.81286
vn 0.53433 -0.18312 0.82520
vn 0.53122 -0.14489 0.83476
vn 0.52869 -0.10848 0.84186
vn 0.52689 -0.07344 0.84675
vn 0.52592 -0.03930 0.84962
vn -0.52923 0.04038 -0.84752
vn 0.63657 0.02062 -0.77094
vn -0.63652 0.00000 -0.77126
vn 0.52907 -0.02305 -0.84826
vn -0.52923 -0.04038 -0.84752
vn 0.52961 -0.05783 -0.84627
vn -0.53022 -0.07546 -0.84450
vn 0.53103 -0.09333 -0.84220
vn -0.16654 -0.03490 -0.98542
vn 0.67079 -0.16358 -0.72338
vn 0.66368 -0.20851 -0.71837
vn 0.52961 0.05783 -0.84627
vn -0.53022 0.07546 -0.84450
vn 0.53103 0.09333 -0.84220
vn -0.53204 0.11150 -0.83934
vn 0.53324 0.13004 -0.83591
vn -0.53460 0.14900 -0.83187
vn 0.53611 0.16844 -0.82717
vn -0.53774 0.18842 -0.82179
vn 0.53945 0.20900 -0.81567
vn -0.54121 0.23025 -0.80875
vn 0.54297 0.25221 -0.80098
vn -0.54469 0.27494 -0.79229
vn 0.54629 0.29849 -0.78260
vn -0.54772 0.32289 -0.77184
vn 0.54889 0.34818 -0.75993
vn -0.54970 0.37438 -0.74677
vn 0.55007 0.40149 -0.73228
vn -0.54985 0.42950 -0.71638
vn 0.54894 0.45837 -0.69897
vn -0.54720 0.48805 -0.67998
vn 0.54446 0.51846 -0.65936
vn -0.54058 0.54947 -0.63706
vn 0.53541 0.58094 -0.61307
vn -0.52877 0.61267 -0.58739
vn 0.52054 0.64447 -0.56010
vn -0.51056 0.67607 -0.53128
vn 0.49873 0.70723 -0.50109
vn -0.48497 0.73766 -0.46974
vn 0.46923 0.76709 -0.43748
vn -0.45151 0.79525 -0.40462
vn 0.43183 0.82189 -0.37151
vn -0.41027 0.84681 -0.33851
vn 0.38693 0.86984 -0.30603
vn -0.36197 0.89087 -0.27445
vn 0.33555 0.90983 -0.24417
vn -0.30784 0.92670 -0.21555
vn 0.27902 0.94151 -0.18893
vn -0.24928 0.95434 -0.16460
vn 0.21879 0.96526 -0.14282
vn -0.18768 0.97440 -0.12379
vn 0.15611 0.98185 -0.10770
vn -0.12418 0.98773 -0.09468
vn 0.09199 0.99214 -0.08483
vn -0.05963 0.99515 -0.07822
vn 0.01615 0.99708 -0.07462
vn 0.65422 -0.25347 -0.71257
vn 0.64235 -0.29838 -0.70594
vn 0.62801 -0.34314 -0.69847
vn 0.61112 -0.38766 -0.69011
vn 0.59162 -0.43181 -0.68083
vn 0.56942 -0.47547 -0.67059
vn 0.54446 -0.51846 -0.65937
vn 0.51668 -0.56061 -0.64711
vn 0.40843 -0.50566 -0.75993
vn -0.20651 -0.05756 -0.97675
vn 0.45935 -0.65138 -0.60390
vn 0.42235 -0.69045 -0.58728
vn 0.38231 -0.72765 -0.56954
vn 0.33926 -0.76266 -0.55068
vn 0.29327 -0.79518 -0.53074
vn 0.24445 -0.82486 -0.50976
vn 0.19297 -0.85136 -0.48780
vn 0.13902 -0.87435 -0.46495
vn 0.08285 -0.89352 -0.44132
vn 0.01523 -0.94068 -0.33894
vn -0.05502 -0.91821 -0.39226
vn -0.11603 -0.92289 -0.36717
vn -0.17774 -0.92276 -0.34193
vn -0.23972 -0.91771 -0.31676
vn -0.30152 -0.90769 -0.29185
vn -0.36272 -0.89270 -0.26743
vn -0.42286 -0.87281 -0.24370
vn -0.48154 -0.84814 -0.22088
vn -0.53835 -0.81885 -0.19916
vn -0.59294 -0.78516 -0.17873
vn -0.64498 -0.74732 -0.15976
vn -0.69417 -0.70558 -0.14239
vn -0.74026 -0.66026 -0.12678
vn -0.78303 -0.61163 -0.11302
vn -0.82228 -0.56001 -0.10122
vn -0.85784 -0.50571 -0.09147
vn -0.88958 -0.44903 -0.08381
vn -0.91736 -0.39028 -0.07830
vn -0.94109 -0.32975 -0.07498
usemtl stainless
f 2417//2417 2418//2418 2419//2419
f 2419//2419 2418//2418 2420//2420
f 2419//2419 2420//2420 2421//2421
f 2418//2418 2417//2417 2422//2422
f 2422//2422 2417//2417 2423//2423
f 2422//2422 2423//2423 2424//2424
f 2424//2424 2423//2423 2425//2425
f 2424//2424 2425//2425 2426//2426
f 2426//2426 2425//2425 2427//2427
f 2426//2426 2427//2427 2428//2428
f 2428//2428 2427//2427 2429//2429
f 2428//2428 2429//2429 2430//2430
f 2430//2430 2429//2429 2431//2431
f 2430//2430 2431//2431 2432//2432
f 2432//2432 2431//2431 2433//2433
f 2432//2432 2433//2433 2434//2434
f 2434//2434 2433//2433 2435//2435
f 2434//2434 2435//2435 2436//2436
f 2436//2436 2435//2435 2437//2437
f 2436//2436 2437//2437 2438//2438
f 2438//2438 2437//2437 2439//2439
f 2438//2438 2439//2439 2440//2440
f 2440//2440 2439//2439 2441//2441
f 2440//2440 2441//2441 2442//2442
f 2442//2442 2441//2441 2443//2443
f 2442//2442 2443//2443 2444//2444
f 2444//2444 2443//2443 2445//2445
f 2444//2444 2445//2445 2446//2446
f 2446//2446 2445//2445 2447//2447
f 2446//2446 2447//2447 2448//2448
f 2448//2448 2447//2447 2449//2449
f 2448//2448 2449//2449 2450//2450
f 2450//2450 2449//2449 2451//2451
f 2450//2450 2451//2451 2452//2452
f 2452//2452 2451//2451 2453//2453
f 2452//2452 2453//2453 2454//2454
f 2454//2454 2453//2453 2455//2455
f 2454//2454 2455//2455 2456//2456
f 2456//2456 2455//2455 2457//2457
f 2456//2456 2457//2457 2458//2458
f 2458//2458 2457//2457 2459//2459
f 2458//2458 2459//2459 2460//2460
f 2460//2460 2459//2459 2461//2461
f 2460//2460 2461//2461 2462//2462
f 2462//2462 2461//2461 2463//2463
f 2462//2462 2463//2463 2464//2464
f 2464//2464 2463//2463 2465//2465
f 2464//2464 2465//2465 2466//2466
f 2466//2466 2465//2465 2467//2467
f 2466//2466 2467//2467 2468//2468
f 2468//2468 2467//2467 2469//2469
f 2468//2468 2469//2469 2470//2470
f 2470//2470 2469//2469 2471//2471
f 2470//2470 2471//2471 2472//2472
f 2472//2472 2471//2471 2473//2473
f 2472//2472 2473//2473 2474//2474
f 2474//2474 2473//2473 2475//2475
f 2474//2474 2475//2475 2476//2476
f 2476//2476 2475//2475 2477//2477
f 2476//2476 2477//2477 2478//2478
f 2478//2478 2477//2477 2479//2479
f 2478//2478 2479//2479 2480//2480
f 2480//2480 2479//2479 2481//2481
f 2480//2480 2481//2481 2482//2482
f 2482//2482 2481//2481 2483//2483
f 2482//2482 2483//2483 2484//2484
f 2484//2484 2483//2483 2485//2485
f 2484//2484 2485//2485 2486//2486
f 2486//2486 2485//2485 2487//2487
f 2486//2486 2487//2487 2488//2488
f 2488//2488 2487//2487 2489//2489
f 2488//2488 2489//2489 2490//2490
f 2490//2490 2489//2489 2491//2491
f 2490//2490 2491//2491 2492//2492
f 2492//2492 2491//2491 2493//2493
f 2492//2492 2493//2493 2494//2494
f 2494//2494 2493//2493 2495//2495
f 2494//2494 2495//2495 2496//2496
f 2496//2496 2495//2495 2497//2497
f 2496//2496 2497//2497 2498//2498
f 2498//2498 2497//2497 2499//2499
f 2498//2498 2499//2499 2500//2500
f 2500//2500 2499//2499 2501//2501
f 2500//2500 2501//2501 2502//2502
f 2502//2502 2501//2501 2503//2503
f 2502//2502 2503//2503 2504//2504
f 2504//2504 2503//2503 2505//2505
f 2504//2504 2505//2505 2506//2506
f 2506//2506 2505//2505 2507//2507
f 2506//2506 2507//2507 2508//2508
f 2508//2508 2507//2507 2509//2509
f 2508//2508 2509//2509 2510//2510
f 2510//2510 2509//2509 2511//2511
f 2510//2510 2511//2511 2512//2512
f 2512//2512 2511//2511 2513//2513
f 2512//2512 2513//2513 2514//2514
f 2514//2514 2513//2513 2515//2515
f 2514//2514 2515//2515 2516//2516
f 2516//2516 2515//2515 2517//2517
f 2516//2516 2517//2517 2518//2518
f 2518//2518 2517//2517 2519//2519
f 2519//2519 2517//2517 2520//2520
f 2519//2519 2520//2520 2521//2521
f 2521//2521 2520//2520 2522//2522
f 2521//2521 2522//2522 2523//2523
f 2523//2523 2522//2522 2524//2524
f 2523//2523 2524//2524 2525//2525
f 2525//2525 2524//2524 2526//2526
f 2525//2525 2526//2526 2527//2527
f 2527//2527 2526//2526 2528//2528
f 2527//2527 2528//2528 2529//2529
f 2529//2529 2528//2528 2530//2530
f 2529//2529 2530//2530 2531//2531
f 2531//2531 2530//2530 2532//2532
f 2531//2531 2532//2532 2533//2533
f 2533//2533 2532//2532 2534//2534
f 2533//2533 2534//2534 2535//2535
f 2535//2535 2534//2534 2536//2536
f 2535//2535 2536//2536 2537//2537
f 2537//2537 2536//2536 2538//2538
f 2537//2537 2538//2538 2539//2539
f 2539//2539 2538//2538 2540//2540
f 2539//2539 2540//2540 2541//2541
f 2541//2541 2540//2540 2542//2542
f 2541//2541 2542//2542 2543//2543
f 2543//2543 2542//2542 2544//2544
f 2543//2543 2544//2544 2545//2545
f 2545//2545 2544//2544 2546//2546
f 2545//2545 2546//2546 2547//2547
f 2547//2547 2546//2546 2548//2548
f 2547//2547 2548//2548 2549//2549
f 2549//2549 2548//2548 2550//2550
f 2549//2549 2550//2550 2551//2551
f 2551//2551 2550//2550 2552//2552
f 2551//2551 2552//2552 2553//2553
f 2553//2553 2552//2552 2554//2554
f 2553//2553 2554//2554 2555//2555
f 2555//2555 2554//2554 2556//2556
f 2555//2555 2556//2556 2557//2557
f 2557//2557 2556//2556 2558//2558
f 2557//2557 2558//2558 2559//2559
f 2559//2559 2558//2558 2560//2560
f 2559//2559 2560//2560 2561//2561
f 2561//2561 2560//2560 2562//2562
f 2561//2561 2562//2562 2563//2563
f 2563//2563 2562//2562 2564//2564
f 2563//2563 2564//2564 2565//2565
f 2565//2565 2564//2564 2566//2566
f 2565//2565 2566//2566 2567//2567
f 2567//2567 2566//2566 2568//2568
f 2567//2567 2568//2568 2569//2569
f 2569//2569 2568//2568 2570//2570
f 2569//2569 2570//2570 2571//2571
f 2571//2571 2570//2570 2572//2572
f 2571//2571 2572//2572 2573//2573
f 2573//2573 2572//2572 2574//2574
f 2573//2573 2574//2574 2575//2575
f 2575//2575 2574//2574 2576//2576
f 2575//2575 2576//2576 2577//2577
f 2577//2577 2576//2576 2578//2578
f 2577//2577 2578//2578 2579//2579
f 2579//2579 2578//2578 2580//2580
f 2579//2579 2580//2580 2581//2581
f 2581//2581 2580//2580 2582//2582
f 2581//2581 2582//2582 2583//2583
f 2583//2583 2582//2582 2584//2584
f 2583//2583 2584//2584 2585//2585
f 2585//2585 2584//2584 2586//2586
f 2585//2585 2586//2586 2587//2587
f 2587//2587 2586//2586 2588//2588
f 2587//2587 2588//2588 2589//2589
f 2589//2589 2588//2588 2590//2590
f 2589//2589 2590//2590 2591//2591
f 2591//2591 2590//2590 2592//2592
f 2591//2591 2592//2592 2593//2593
f 2593//2593 2592//2592 2594//2594
f 2593//2593 2594//2594 2595//2595
f 2595//2595 2594//2594 2596//2596
f 2595//2595 2596//2596 2597//2597
f 2597//2597 2596//2596 2598//2598
f 2597//2597 2598//2598 2599//2599
f 2599//2599 2598//2598 2600//2600
f 2599//2599 2600//2600 2601//2601
f 2601//2601 2600//2600 2602//2602
f 2601//2601 2602//2602 2603//2603
f 2603//2603 2602//2602 2604//2604
f 2603//2603 2604//2604 2605//2605
f 2605//2605 2604//2604 2606//2606
f 2605//2605 2606//2606 2607//2607
f 2607//2607 2606//2606 2608//2608
f 2607//2607 2608//2608 2609//2609
f 2609//2609 2608//2608 2610//2610
f 2609//2609 2610//2610 2611//2611
f 2611//2611 2610//2610 2612//2612
f 2611//2611 2612//2612 2613//2613
f 2613//2613 2612//2612 2614//2614
f 2613//2613 2614//2614 2615//2615
f 2615//2615 2614//2614 2616//2616
f 2615//2615 2616//2616 2421//2421
f 2421//2421 2616//2616 2419//2419
f 2421//2421 2420//2420 2617//2617
f 2617//2617 2420//2420 2418//2418
f 2617//2617 2418//2418 2618//2618
f 2618//2618 2418//2418 2422//2422
f 2618//2618 2422//2422 2619//2619
f 2619//2619 2422//2422 2424//2424
f 2619//2619 2424//2424 2620//2620
f 2620//2620 2424//2424 2426//2426
f 2620//2620 2426//2426 2621//2621
f 2621//2621 2426//2426 2428//2428
f 2621//2621 2428//2428 2622//2622
f 2622//2622 2428//2428 2430//2430
f 2622//2622 2430//2430 2623//2623
f 2623//2623 2430//2430 2432//2432
f 2623//2623 2432//2432 2624//2624
f 2624//2624 2432//2432 2434//2434
f 2624//2624 2434//2434 2625//2625
f 2625//2625 2434//2434 2436//2436
f 2625//2625 2436//2436 2626//2626
f 2626//2626 2436//2436 2438//2438
f 2626//2626 2438//2438 2627//2627
f 2627//2627 2438//2438 2440//2440
f 2627//2627 2440//2440 2628//2628
f 2628//2628 2440//2440 2442//2442
f 2628//2628 2442//2442 2629//2629
f 2629//2629 2442//2442 2444//2444
f 2629//2629 2444//2444 2630//2630
f 2630//2630 2444//2444 2446//2446
f 2630//2630 2446//2446 2631//2631
f 2631//2631 2446//2446 2448//2448
f 2631//2631 2448//2448 2632//2632
f 2632//2632 2448//2448 2450//2450
f 2632//2632 2450//2450 2633//2633
f 2633//2633 2450//2450 2452//2452
f 2633//2633 2452//2452 2634//2634
f 2634//2634 2452//2452 2454//2454
f 2634//2634 2454//2454 2635//2635
f 2635//2635 2454//2454 2456//2456
f 2635//2635 2456//2456 2636//2636
f 2636//2636 2456//2456 2458//2458
f 2636//2636 2458//2458 2637//2637
f 2637//2637 2458//2458 2460//2460
f 2637//2637 2460//2460 2638//2638
f 2638//2638 2460//2460 2462//2462
f 2638//2638 2462//2462 2639//2639
f 2639//2639 2462//2462 2464//2464
f 2639//2639 2464//2464 2640//2640
f 2640//2640 2464//2464 2466//2466
f 2640//2640 2466//2466 2641//2641
f 2641//2641 2466//2466 2468//2468
f 2641//2641 2468//2468 2470//2470
f 2641//2641 2470//2470 2642//2642
f 2642//2642 2470//2470 2472//2472
f 2642//2642 2472//2472 2643//2643
f 2643//2643 2472//2472 2474//2474
f 2643//2643 2474//2474 2644//2644
f 2644//2644 2474//2474 2476//2476
f 2644//2644 2476//2476 2645//2645
f 2645//2645 2476//2476 2478//2478
f 2645//2645 2478//2478 2646//2646
f 2646//2646 2478//2478 2480//2480
f 2646//2646 2480//2480 2647//2647
f 2647//2647 2480//2480 2482//2482
f 2647//2647 2482//2482 2648//2648
f 2648//2648 2482//2482 2484//2484
f 2648//2648 2484//2484 2649//2649
f 2649//2649 2484//2484 2486//2486
f 2649//2649 2486//2486 2650//2650
f 2650//2650 2486//2486 2488//2488
f 2650//2650 2488//2488 2651//2651
f 2651//2651 2488//2488 2490//2490
f 2651//2651 2490//2490 2652//2652
f 2652//2652 2490//2490 2492//2492
f 2652//2652 2492//2492 2653//2653
f 2653//2653 2492//2492 2494//2494
f 2653//2653 2494//2494 2654//2654
f 2654//2654 2494//2494 2496//2496
f 2654//2654 2496//2496 2655//2655
f 2655//2655 2496//2496 2498//2498
f 2655//2655 2498//2498 2656//2656
f 2656//2656 2498//2498 2500//2500
f 2656//2656 2500//2500 2657//2657
f 2657//2657 2500//2500 2502//2502
f 2657//2657 2502//2502 2658//2658
f 2658//2658 2502//2502 2504//2504
f 2658//2658 2504//2504 2659//2659
f 2659//2659 2504//2504 2506//2506
f 2659//2659 2506//2506 2660//2660
f 2660//2660 2506//2506 2508//2508
f 2660//2660 2508//2508 2661//2661
f 2661//2661 2508//2508 2510//2510
f 2661//2661 2510//2510 2662//2662
f 2662//2662 2510//2510 2512//2512
f 2662//2662 2512//2512 2663//2663
f 2663//2663 2512//2512 2514//2514
f 2663//2663 2514//2514 2664//2664
f 2664//2664 2514//2514 2516//2516
f 2664//2664 2516//2516 2665//2665
f 2665//2665 2516//2516 2518//2518
f 2665//2665 2518//2518 2519//2519
f 2665//2665 2519//2519 2666//2666
f 2666//2666 2519//2519 2521//2521
f 2666//2666 2521//2521 2667//2667
f 2667//2667 2521//2521 2523//2523
f 2667//2667 2523//2523 2668//2668
f 2668//2668 2523//2523 2525//2525
f 2668//2668 2525//2525 2669//2669
f 2669//2669 2525//2525 2527//2527
f 2669//2669 2527//2527 2670//2670
f 2670//2670 2527//2527 2529//2529
f 2670//2670 2529//2529 2671//2671
f 2671//2671 2529//2529 2531//2531
f 2671//2671 2531//2531 2672//2672
f 2672//2672 2531//2531 2533//2533
f 2672//2672 2533//2533 2673//2673
f 2673//2673 2533//2533 2535//2535
f 2673//2673 2535//2535 2674//2674
f 2674//2674 2535//2535 2537//2537
f 2674//2674 2537//2537 2675//2675
f 2675//2675 2537//2537 2539//2539
f 2675//2675 2539//2539 2676//2676
f 2676//2676 2539//2539 2541//2541
f 2676//2676 2541//2541 2677//2677
f 2677//2677 2541//2541 2543//2543
f 2677//2677 2543//2543 2678//2678
f 2678//2678 2543//2543 2545//2545
f 2678//2678 2545//2545 2679//2679
f 2679//2679 2545//2545 2547//2547
f 2679//2679 2547//2547 2680//2680
f 2680//2680 2547//2547 2549//2549
f 2680//2680 2549//2549 2681//2681
f 2681//2681 2549//2549 2551//2551
f 2681//2681 2551//2551 2682//2682
f 2682//2682 2551//2551 2553//2553
f 2682//2682 2553//2553 2683//2683
f 2683//2683 2553//2553 2555//2555
f 2683//2683 2555//2555 2684//2684
f 2684//2684 2555//2555 2557//2557
f 2684//2684 2557//2557 2685//2685
f 2685//2685 2557//2557 2559//2559
f 2685//2685 2559//2559 2686//2686
f 2686//2686 2559//2559 2561//2561
f 2686//2686 2561//2561 2687//2687
f 2687//2687 2561//2561 2563//2563
f 2687//2687 2563//2563 2688//2688
f 2688//2688 2563//2563 2565//2565
f 2688//2688 2565//2565 2689//2689
f 2689//2689 2565//2565 2567//2567
f 2689//2689 2567//2567 2690//2690
f 2690//2690 2567//2567 2569//2569
f 2690//2690 2569//2569 2571//2571
f 2690//2690 2571//2571 2691//2691
f 2691//2691 2571//2571 2573//2573
f 2691//2691 2573//2573 2692//2692
f 2692//2692 2573//2573 2575//2575
f 2692//2692 2575//2575 2693//2693
f 2693//2693 2575//2575 2577//2577
f 2693//2693 2577//2577 2694//2694
f 2694//2694 2577//2577 2579//2579
f 2694//2694 2579//2579 2695//2695
f 2695//2695 2579//2579 2581//2581
f 2695//2695 2581//2581 2696//2696
f 2696//2696 2581//2581 2583//2583
f 2696//2696 2583//2583 2697//2697
f 2697//2697 2583//2583 2585//2585
f 2697//2697 2585//2585 2698//2698
f 2698//2698 2585//2585 2587//2587
f 2698//2698 2587//2587 2699//2699
f 2699//2699 2587//2587 2589//2589
f 2699//2699 2589//2589 2700//2700
f 2700//2700 2589//2589 2591//2591
f 2700//2700 2591//2591 2701//2701
f 2701//2701 2591//2591 2593//2593
f 2701//2701 2593//2593 2702//2702
f 2702//2702 2593//2593 2595//2595
f 2702//2702 2595//2595 2703//2703
f 2703//2703 2595//2595 2597//2597
f 2703//2703 2597//2597 2704//2704
f 2704//2704 2597//2597 2599//2599
f 2704//2704 2599//2599 2705//2705
f 2705//2705 2599//2599 2601//2601
f 2705//2705 2601//2601 2706//2706
f 2706//2706 2601//2601 2603//2603
f 2706//2706 2603//2603 2707//2707
f 2707//2707 2603//2603 2605//2605
f 2707//2707 2605//2605 2708//2708
f 2708//2708 2605//2605 2607//2607
f 2708//2708 2607//2607 2709//2709
f 2709//2709 2607//2607 2609//2609
f 2709//2709 2609//2609 2710//2710
f 2710//2710 2609//2609 2611//2611
f 2710//2710 2611//2611 2711//2711
f 2711//2711 2611//2611 2613//2613
f 2711//2711 2613//2613 2712//2712
f 2712//2712 2613//2613 2615//2615
f 2712//2712 2615//2615 2713//2713
f 2713//2713 2615//2615 2421//2421
f 2713//2713 2421//2421 2617//2617
f 2618//2618 2665//2665 2617//2617
f 2617//2617 2665//2665 2666//2666
f 2617//2617 2666//2666 2713//2713
f 2713//2713 2666//2666 2667//2667
f 2713//2713 2667//2667 2712//2712
f 2712//2712 2667//2667 2668//2668
f 2712//2712 2668//2668 2711//2711
f 2711//2711 2668//2668 2669//2669
f 2711//2711 2669//2669 2710//2710
f 2710//2710 2669//2669 2670//2670
f 2710//2710 2670//2670 2709//2709
f 2709//2709 2670//2670 2671//2671
f 2709//2709 2671//2671 2708//2708
f 2708//2708 2671//2671 2672//2672
f 2708//2708 2672//2672 2707//2707
f 2707//2707 2672//2672 2673//2673
f 2707//2707 2673//2673 2706//2706
f 2706//2706 2673//2673 2674//2674
f 2706//2706 2674//2674 2705//2705
f 2705//2705 2674//2674 2675//2675
f 2705//2705 2675//2675 2704//2704
f 2704//2704 2675//2675 2676//2676
f 2704//2704 2676//2676 2703//2703
f 2703//2703 2676//2676 2677//2677
f 2703//2703 2677//2677 2702//2702
f 2702//2702 2677//2677 2678//2678
f 2702//2702 2678//2678 2701//2701
f 2701//2701 2678//2678 2679//2679
f 2701//2701 2679//2679 2700//2700
f 2700//2700 2679//2679 2680//2680
f 2700//2700 2680//2680 2699//2699
f 2699//2699 2680//2680 2681//2681
f 2699//2699 2681//2681 2698//2698
f 2698//2698 2681//2681 2682//2682
f 2698//2698 2682//2682 2697//2697
f 2697//2697 2682//2682 2683//2683
f 2697//2697 2683//2683 2696//2696
f 2696//2696 2683//2683 2684//2684
f 2696//2696 2684//2684 2695//2695
f 2695//2695 2684//2684 2685//2685
f 2695//2695 2685//2685 2694//2694
f 2694//2694 2685//2685 2686//2686
f 2694//2694 2686//2686 2693//2693
f 2693//2693 2686//2686 2687//2687
f 2693//2693 2687//2687 2692//2692
f 2692//2692 2687//2687 2688//2688
f 2692//2692 2688//2688 2691//2691
f 2691//2691 2688//2688 2689//2689
f 2691//2691 2689//2689 2690//2690
f 2665//2665 2618//2618 2664//2664
f 2664//2664 2618//2618 2619//2619
f 2664//2664 2619//2619 2663//2663
f 2663//2663 2619//2619 2620//2620
f 2663//2663 2620//2620 2662//2662
f 2662//2662 2620//2620 2621//2621
f 2662//2662 2621//2621 2622//2622
f 2622//2622 2623//2623 2662//2662
f 2662//2662 2623//2623 2624//2624
f 2662//2662 2624//2624 2625//2625
f 2625//2625 2626//2626 2662//2662
f 2662//2662 2626//2626 2627//2627
f 2662//2662 2627//2627 2628//2628
f 2628//2628 2629//2629 2662//2662
f 2662//2662 2629//2629 2630//2630
f 2662//2662 2630//2630 2631//2631
f 2631//2631 2632//2632 2662//2662
f 2662//2662 2632//2632 2633//2633
f 2662//2662 2633//2633 2634//2634
f 2634//2634 2635//2635 2662//2662
f 2662//2662 2635//2635 2636//2636
f 2662//2662 2636//2636 2637//2637
f 2637//2637 2638//2638 2662//2662
f 2662//2662 2638//2638 2639//2639
f 2662//2662 2639//2639 2661//2661
f 2661//2661 2639//2639 2640//2640
f 2661//2661 2640//2640 2641//2641
f 2641//2641 2642//2642 2661//2661
f 2661//2661 2642//2642 2643//2643
f 2661//2661 2643//2643 2644//2644
f 2644//2644 2645//2645 2661//2661
f 2661//2661 2645//2645 2646//2646
f 2661//2661 2646//2646 2647//2647
f 2647//2647 2648//2648 2661//2661
f 2661//2661 2648//2648 2649//2649
f 2661//2661 2649//2649 2650//2650
f 2650//2650 2651//2651 2661//2661
f 2661//2661 2651//2651 2652//2652
f 2661//2661 2652//2652 2653//2653
f 2653//2653 2654//2654 2661//2661
f 2661//2661 2654//2654 2655//2655
f 2661//2661 2655//2655 2656//2656
f 2656//2656 2657//2657 2661//2661
f 2661//2661 2657//2657 2658//2658
f 2661//2661 2658//2658 2659//2659
f 2659//2659 2660//2660 2661//2661
f 2714//2714 2715//2715 2716//2716
f 2716//2716 2715//2715 2717//2717
f 2716//2716 2717//2717 2718//2718
f 2718//2718 2717//2717 2719//2719
f 2718//2718 2719//2719 2720//2720
f 2720//2720 2719//2719 2721//2721
f 2720//2720 2721//2721 2722//2722
f 2722//2722 2721//2721 2723//2723
f 2722//2722 2723//2723 2724//2724
f 2715//2715 2714//2714 2725//2725
f 2725//2725 2714//2714 2726//2726
f 2725//2725 2726//2726 2727//2727
f 2727//2727 2726//2726 2728//2728
f 2727//2727 2728//2728 2729//2729
f 2729//2729 2728//2728 2730//2730
f 2729//2729 2730//2730 2731//2731
f 2731//2731 2730//2730 2732//2732
f 2731//2731 2732//2732 2733//2733
f 2733//2733 2732//2732 2734//2734
f 2733//2733 2734//2734 2735//2735
f 2735//2735 2734//2734 2736//2736
f 2735//2735 2736//2736 2737//2737
f 2737//2737 2736//2736 2738//2738
f 2737//2737 2738//2738 2739//2739
f 2739//2739 2738//2738 2740//2740
f 2739//2739 2740//2740 2741//2741
f 2741//2741 2740//2740 2742//2742
f 2741//2741 2742//2742 2743//2743
f 2743//2743 2742//2742 2744//2744
f 2743//2743 2744//2744 2745//2745
f 2745//2745 2744//2744 2746//2746
f 2745//2745 2746//2746 2747//2747
f 2747//2747 2746//2746 2748//2748
f 2747//2747 2748//2748 2749//2749
f 2749//2749 2748//2748 2750//2750
f 2749//2749 2750//2750 2751//2751
f 2751//2751 2750//2750 2752//2752
f 2751//2751 2752//2752 2753//2753
f 2753//2753 2752//2752 2754//2754
f 2753//2753 2754//2754 2755//2755
f 2755//2755 2754//2754 2756//2756
f 2755//2755 2756//2756 2757//2757
f 2757//2757 2756//2756 2758//2758
f 2757//2757 2758//2758 2759//2759
f 2759//2759 2758//2758 2760//2760
f 2759//2759 2760//2760 2761//2761
f 2761//2761 2760//2760 2762//2762
f 2761//2761 2762//2762 2763//2763
f 2763//2763 2762//2762 2764//2764
f 2763//2763 2764//2764 2765//2765
f 2765//2765 2764//2764 2766//2766
f 2765//2765 2766//2766 2767//2767
f 2767//2767 2766//2766 2768//2768
f 2767//2767 2768//2768 2769//2769
f 2724//2724 2770//2770 2722//2722
f 2722//2722 2770//2770 2771//2771
f 2722//2722 2771//2771 2772//2772
f 2772//2772 2773//2773 2722//2722
f 2722//2722 2773//2773 2774//2774
f 2722//2722 2774//2774 2775//2775
f 2775//2775 2776//2776 2722//2722
f 2722//2722 2776//2776 2777//2777
f 2722//2722 2777//2777 2778//2778
f 2722//2722 2778//2778 2779//2779
f 2779//2779 2778//2778 2780//2780
f 2779//2779 2780//2780 2781//2781
f 2781//2781 2782//2782 2779//2779
f 2779//2779 2782//2782 2783//2783
f 2779//2779 2783//2783 2784//2784
f 2784//2784 2785//2785 2779//2779
f 2779//2779 2785//2785 2786//2786
f 2779//2779 2786//2786 2787//2787
f 2787//2787 2788//2788 2779//2779
f 2779//2779 2788//2788 2789//2789
f 2779//2779 2789//2789 2790//2790
f 2790//2790 2791//2791 2779//2779
f 2779//2779 2791//2791 2792//2792
f 2779//2779 2792//2792 2793//2793
f 2793//2793 2794//2794 2779//2779
f 2779//2779 2794//2794 2795//2795
f 2779//2779 2795//2795 2796//2796
f 2796//2796 2797//2797 2779//2779
f 2779//2779 2797//2797 2798//2798
f 2779//2779 2798//2798 2799//2799
f 2799//2799 2800//2800 2779//2779
f 2779//2779 2800//2800 2801//2801
f 2779//2779 2801//2801 2802//2802
f 2802//2802 2803//2803 2779//2779
f 2779//2779 2803//2803 2804//2804
f 2779//2779 2804//2804 2805//2805
f 2805//2805 2806//2806 2779//2779
f 2779//2779 2806//2806 2807//2807
f 2779//2779 2807//2807 2808//2808
f 2718//2718 2417//2417 2716//2716
f 2716//2716 2417//2417 2419//2419
f 2716//2716 2419//2419 2616//2616
f 2417//2417 2718//2718 2423//2423
f 2423//2423 2718//2718 2720//2720
f 2423//2423 2720//2720 2425//2425
f 2425//2425 2720//2720 2722//2722
f 2425//2425 2722//2722 2427//2427
f 2427//2427 2722//2722 2779//2779
f 2427//2427 2779//2779 2429//2429
f 2429//2429 2779//2779 2808//2808
f 2429//2429 2808//2808 2431//2431
f 2431//2431 2808//2808 2807//2807
f 2431//2431 2807//2807 2433//2433
f 2433//2433 2807//2807 2806//2806
f 2433//2433 2806//2806 2435//2435
f 2435//2435 2806//2806 2805//2805
f 2435//2435 2805//2805 2437//2437
f 2437//2437 2805//2805 2804//2804
f 2437//2437 2804//2804 2439//2439
f 2439//2439 2804//2804 2803//2803
f 2439//2439 2803//2803 2441//2441
f 2441//2441 2803//2803 2802//2802
f 2441//2441 2802//2802 2443//2443
f 2443//2443 2802//2802 2801//2801
f 2443//2443 2801//2801 2445//2445
f 2445//2445 2801//2801 2800//2800
f 2445//2445 2800//2800 2447//2447
f 2447//2447 2800//2800 2799//2799
f 2447//2447 2799//2799 2449//2449
f 2449//2449 2799//2799 2798//2798
f 2449//2449 2798//2798 2451//2451
f 2451//2451 2798//2798 2797//2797
f 2451//2451 2797//2797 2453//2453
f 2453//2453 2797//2797 2796//2796
f 2453//2453 2796//2796 2455//2455
f 2455//2455 2796//2796 2795//2795
f 2455//2455 2795//2795 2457//2457
f 2457//2457 2795//2795 2794//2794
f 2457//2457 2794//2794 2459//2459
f 2459//2459 2794//2794 2793//2793
f 2459//2459 2793//2793 2461//2461
f 2461//2461 2793//2793 2792//2792
f 2461//2461 2792//2792 2463//2463
f 2463//2463 2792//2792 2791//2791
f 2463//2463 2791//2791 2465//2465
f 2465//2465 2791//2791 2790//2790
f 2465//2465 2790//2790 2467//2467
f 2467//2467 2790//2790 2789//2789
f 2467//2467 2789//2789 2469//2469
f 2469//2469 2789//2789 2471//2471
f 2471//2471 2789//2789 2788//2788
f 2471//2471 2788//2788 2473//2473
f 2473//2473 2788//2788 2787//2787
f 2473//2473 2787//2787 2475//2475
f 2475//2475 2787//2787 2786//2786
f 2475//2475 2786//2786 2477//2477
f 2477//2477 2786//2786 2785//2785
f 2477//2477 2785//2785 2479//2479
f 2479//2479 2785//2785 2784//2784
f 2479//2479 2784//2784 2481//2481
f 2481//2481 2784//2784 2783//2783
f 2481//2481 2783//2783 2483//2483
f 2483//2483 2783//2783 2782//2782
f 2483//2483 2782//2782 2485//2485
f 2485//2485 2782//2782 2781//2781
f 2485//2485 2781//2781 2487//2487
f 2487//2487 2781//2781 2780//2780
f 2487//2487 2780//2780 2489//2489
f 2489//2489 2780//2780 2778//2778
f 2489//2489 2778//2778 2491//2491
f 2491//2491 2778//2778 2777//2777
f 2491//2491 2777//2777 2493//2493
f 2493//2493 2777//2777 2776//2776
f 2493//2493 2776//2776 2495//2495
f 2495//2495 2776//2776 2775//2775
f 2495//2495 2775//2775 2497//2497
f 2497//2497 2775//2775 2774//2774
f 2497//2497 2774//2774 2499//2499
f 2499//2499 2774//2774 2773//2773
f 2499//2499 2773//2773 2501//2501
f 2501//2501 2773//2773 2772//2772
f 2501//2501 2772//2772 2503//2503
f 2503//2503 2772//2772 2771//2771
f 2503//2503 2771//2771 2505//2505
f 2505//2505 2771//2771 2770//2770
f 2505//2505 2770//2770 2507//2507
f 2507//2507 2770//2770 2724//2724
f 2507//2507 2724//2724 2509//2509
f 2509//2509 2724//2724 2723//2723
f 2509//2509 2723//2723 2511//2511
f 2511//2511 2723//2723 2721//2721
f 2511//2511 2721//2721 2513//2513
f 2513//2513 2721//2721 2719//2719
f 2513//2513 2719//2719 2515//2515
f 2515//2515 2719//2719 2717//2717
f 2515//2515 2717//2717 2517//2517
f 2517//2517 2717//2717 2715//2715
f 2517//2517 2715//2715 2520//2520
f 2520//2520 2715//2715 2522//2522
f 2522//2522 2715//2715 2725//2725
f 2522//2522 2725//2725 2524//2524
f 2524//2524 2725//2725 2727//2727
f 2524//2524 2727//2727 2526//2526
f 2526//2526 2727//2727 2729//2729
f 2526//2526 2729//2729 2528//2528
f 2528//2528 2729//2729 2731//2731
f 2528//2528 2731//2731 2530//2530
f 2530//2530 2731//2731 2733//2733
f 2530//2530 2733//2733 2532//2532
f 2532//2532 2733//2733 2735//2735
f 2532//2532 2735//2735 2534//2534
f 2534//2534 2735//2735 2737//2737
f 2534//2534 2737//2737 2536//2536
f 2536//2536 2737//2737 2739//2739
f 2536//2536 2739//2739 2538//2538
f 2538//2538 2739//2739 2741//2741
f 2538//2538 2741//2741 2540//2540
f 2540//2540 2741//2741 2743//2743
f 2540//2540 2743//2743 2542//2542
f 2542//2542 2743//2743 2745//2745
f 2542//2542 2745//2745 2544//2544
f 2544//2544 2745//2745 2747//2747
f 2544//2544 2747//2747 2546//2546
f 2546//2546 2747//2747 2749//2749
f 2546//2546 2749//2749 2548//2548
f 2548//2548 2749//2749 2751//2751
f 2548//2548 2751//2751 2550//2550
f 2550//2550 2751//2751 2753//2753
f 2550//2550 2753//2753 2552//2552
f 2552//2552 2753//2753 2755//2755
f 2552//2552 2755//2755 2554//2554
f 2554//2554 2755//2755 2757//2757
f 2554//2554 2757//2757 2556//2556
f 2556//2556 2757//2757 2759//2759
f 2556//2556 2759//2759 2558//2558
f 2558//2558 2759//2759 2761//2761
f 2558//2558 2761//2761 2560//2560
f 2560//2560 2761//2761 2763//2763
f 2560//2560 2763//2763 2562//2562
f 2562//2562 2763//2763 2765//2765
f 2562//2562 2765//2765 2564//2564
f 2564//2564 2765//2765 2767//2767
f 2564//2564 2767//2767 2566//2566
f 2566//2566 2767//2767 2769//2769
f 2566//2566 2769//2769 2568//2568
f 2568//2568 2769//2769 2570//2570
f 2570//2570 2769//2769 2768//2768
f 2570//2570 2768//2768 2572//2572
f 2572//2572 2768//2768 2766//2766
f 2572//2572 2766//2766 2574//2574
f 2574//2574 2766//2766 2764//2764
f 2574//2574 2764//2764 2576//2576
f 2576//2576 2764//2764 2762//2762
f 2576//2576 2762//2762 2578//2578
f 2578//2578 2762//2762 2760//2760
f 2578//2578 2760//2760 2580//2580
f 2580//2580 2760//2760 2758//2758
f 2580//2580 2758//2758 2582//2582
f 2582//2582 2758//2758 2756//2756
f 2582//2582 2756//2756 2584//2584
f 2584//2584 2756//2756 2754//2754
f 2584//2584 2754//2754 2586//2586
f 2586//2586 2754//2754 2752//2752
f 2586//2586 2752//2752 2588//2588
f 2588//2588 2752//2752 2750//2750
f 2588//2588 2750//2750 2590//2590
f 2590//2590 2750//2750 2748//2748
f 2590//2590 2748//2748 2592//2592
f 2592//2592 2748//2748 2746//2746
f 2592//2592 2746//2746 2594//2594
f 2594//2594 2746//2746 2744//2744
f 2594//2594 2744//2744 2596//2596
f 2596//2596 2744//2744 2742//2742
f 2596//2596 2742//2742 2598//2598
f 2598//2598 2742//2742 2740//2740
f 2598//2598 2740//2740 2600//2600
f 2600//2600 2740//2740 2738//2738
f 2600//2600 2738//2738 2602//2602
f 2602//2602 2738//2738 2736//2736
f 2602//2602 2736//2736 2604//2604
f 2604//2604 2736//2736 2734//2734
f 2604//2604 2734//2734 2606//2606
f 2606//2606 2734//2734 2732//2732
f 2606//2606 2732//2732 2608//2608
f 2608//2608 2732//2732 2730//2730
f 2608//2608 2730//2730 2610//2610
f 2610//2610 2730//2730 2728//2728
f 2610//2610 2728//2728 2612//2612
f 2612//2612 2728//2728 2726//2726
f 2612//2612 2726//2726 2614//2614
f 2614//2614 2726//2726 2714//2714
f 2614//2614 2714//2714 2616//2616
f 2616//2616 2714//2714 2716//2716
