# generated from Fusion STL (mm)
mtllib shaker_materials.mtl
g lid
o lid
v 6.53038 -14.37514 19.15000
v 6.53038 -14.37514 20.15000
v 6.50000 -14.72243 19.15000
v 6.50000 -14.72243 20.15000
v 6.53038 -15.06973 19.15000
v 6.53038 -15.06973 20.15000
v 6.62061 -15.40647 19.15000
v 6.62061 -15.40647 20.15000
v 6.76795 -15.72243 19.15000
v 6.76795 -15.72243 20.15000
v 6.96791 -16.00801 19.15000
v 6.96791 -16.00801 20.15000
v 7.21442 -16.25452 19.15000
v 7.21442 -16.25452 20.15000
v 7.50000 -16.45448 19.15000
v 7.50000 -16.45448 20.15000
v 7.81596 -16.60182 19.15000
v 7.81596 -16.60182 20.15000
v 8.15270 -16.69205 19.15000
v 8.15270 -16.69205 20.15000
v 8.50000 -16.72243 19.15000
v 8.50000 -16.72243 20.15000
v 8.84730 -16.69205 19.15000
v 8.84730 -16.69205 20.15000
v 9.18404 -16.60182 19.15000
v 9.18404 -16.60182 20.15000
v 9.50000 -16.45448 19.15000
v 9.50000 -16.45448 20.15000
v 9.78557 -16.25452 19.15000
v 9.78557 -16.25452 20.15000
v 10.03209 -16.00801 19.15000
v 10.03209 -16.00801 20.15000
v 10.23205 -15.72243 19.15000
v 10.23205 -15.72243 20.15000
v 10.37938 -15.40647 19.15000
v 10.37938 -15.40647 20.15000
v 10.46962 -15.06973 19.15000
v 10.46962 -15.06973 20.15000
v 10.50000 -14.72243 19.15000
v 10.50000 -14.72243 20.15000
v 10.46962 -14.37514 19.15000
v 10.46962 -14.37514 20.15000
v 10.37938 -14.03839 19.15000
v 10.37938 -14.03839 20.15000
v 10.23205 -13.72243 19.15000
v 10.23205 -13.72243 20.15000
v 10.03209 -13.43686 19.15000
v 10.03209 -13.43686 20.15000
v 9.78557 -13.19034 19.15000
v 9.78557 -13.19034 20.15000
v 9.50000 -12.99038 19.15000
v 9.50000 -12.99038 20.15000
v 9.18404 -12.84305 19.15000
v 9.18404 -12.84305 20.15000
v 8.84730 -12.75282 19.15000
v 8.84730 -12.75282 20.15000
v 8.50000 -12.72243 19.15000
v 8.50000 -12.72243 20.15000
v 8.15270 -12.75282 19.15000
v 8.15270 -12.75282 20.15000
v 7.81596 -12.84305 19.15000
v 7.81596 -12.84305 20.15000
v 7.50000 -12.99038 19.15000
v 7.50000 -12.99038 20.15000
v 7.21442 -13.19034 19.15000
v 7.21442 -13.19034 20.15000
v 6.96791 -13.43686 19.15000
v 6.96791 -13.43686 20.15000
v 6.76795 -13.72243 19.15000
v 6.76795 -13.72243 20.15000
v 6.62061 -14.03839 19.15000
v 6.62061 -14.03839 20.15000
v -10.46962 -14.37514 19.15000
v -10.46962 -14.37514 20.15000
v -10.50000 -14.72243 19.15000
v -10.50000 -14.72243 20.15000
v -10.46962 -15.06973 19.15000
v -10.46962 -15.06973 20.15000
v -10.37938 -15.40647 19.15000
v -10.37938 -15.40647 20.15000
v -10.23205 -15.72243 19.15000
v -10.23205 -15.72243 20.15000
v -10.03209 -16.00801 19.15000
v -10.03209 -16.00801 20.15000
v -9.78557 -16.25452 19.15000
v -9.78557 -16.25452 20.15000
v -9.50000 -16.45448 19.15000
v -9.50000 -16.45448 20.15000
v -9.18404 -16.60182 19.15000
v -9.18404 -16.60182 20.15000
v -8.84730 -16.69205 19.15000
v -8.84730 -16.69205 20.15000
v -8.50000 -16.72243 19.15000
v -8.50000 -16.72243 20.15000
v -8.15270 -16.69205 19.15000
v -8.15270 -16.69205 20.15000
v -7.81596 -16.60182 19.15000
v -7.81596 -16.60182 20.15000
v -7.50000 -16.45448 19.15000
v -7.50000 -16.45448 20.15000
v -7.21442 -16.25452 19.15000
v -7.21442 -16.25452 20.15000
v -6.96791 -16.00801 19.15000
v -6.96791 -16.00801 20.15000
v -6.76795 -15.72243 19.15000
v -6.76795 -15.72243 20.15000
v -6.62061 -15.40647 19.15000
v -6.62061 -15.40647 20.15000
v -6.53038 -15.06973 19.15000
v -6.53038 -15.06973 20.15000
v -6.50000 -14.72243 19.15000
v -6.50000 -14.72243 20.15000
v -6.53038 -14.37514 19.15000
v -6.53038 -14.37514 20.15000
v -6.62061 -14.03839 19.15000
v -6.62061 -14.03839 20.15000
v -6.76795 -13.72243 19.15000
v -6.76795 -13.72243 20.15000
v -6.96791 -13.43686 19.15000
v -6.96791 -13.43686 20.15000
v -7.21442 -13.19034 19.15000
v -7.21442 -13.19034 20.15000
v -7.50000 -12.99038 19.15000
v -7.50000 -12.99038 20.15000
v -7.81596 -12.84305 19.15000
v -7.81596 -12.84305 20.15000
v -8.15270 -12.75282 19.15000
v -8.15270 -12.75282 20.15000
v -8.50000 -12.72243 19.15000
v -8.50000 -12.72243 20.15000
v -8.84730 -12.75282 19.15000
v -8.84730 -12.75282 20.15000
v -9.18404 -12.84305 19.15000
v -9.18404 -12.84305 20.15000
v -9.50000 -12.99038 19.15000
v -9.50000 -12.99038 20.15000
v -9.78557 -13.19034 19.15000
v -9.78557 -13.19034 20.15000
v -10.03209 -13.43686 19.15000
v -10.03209 -13.43686 20.15000
v -10.23205 -13.72243 19.15000
v -10.23205 -13.72243 20.15000
v -10.37938 -14.03839 19.15000
v -10.37938 -14.03839 20.15000
v -18.96962 0.34730 19.15000
v -18.96962 0.34730 20.15000
v -19.00000 0.00000 19.15000
v -19.00000 0.00000 20.15000
v -18.96962 -0.34730 19.15000
v -18.96962 -0.34730 20.15000
v -18.87938 -0.68404 19.15000
v -18.87938 -0.68404 20.15000
v -18.73205 -1.00000 19.15000
v -18.73205 -1.00000 20.15000
v -18.53209 -1.28558 19.15000
v -18.53209 -1.28558 20.15000
v -18.28558 -1.53209 19.15000
v -18.28558 -1.53209 20.15000
v -18.00000 -1.73205 19.15000
v -18.00000 -1.73205 20.15000
v -17.68404 -1.87939 19.15000
v -17.68404 -1.87939 20.15000
v -17.34730 -1.96962 19.15000
v -17.34730 -1.96962 20.15000
v -17.00000 -2.00000 19.15000
v -17.00000 -2.00000 20.15000
v -16.65270 -1.96962 19.15000
v -16.65270 -1.96962 20.15000
v -16.31596 -1.87939 19.15000
v -16.31596 -1.87939 20.15000
v -16.00000 -1.73205 19.15000
v -16.00000 -1.73205 20.15000
v -15.71443 -1.53209 19.15000
v -15.71443 -1.53209 20.15000
v -15.46791 -1.28558 19.15000
v -15.46791 -1.28558 20.15000
v -15.26795 -1.00000 19.15000
v -15.26795 -1.00000 20.15000
v -15.12062 -0.68404 19.15000
v -15.12062 -0.68404 20.15000
v -15.03038 -0.34730 19.15000
v -15.03038 -0.34730 20.15000
v -15.00000 0.00000 19.15000
v -15.00000 0.00000 20.15000
v -15.03038 0.34730 19.15000
v -15.03038 0.34730 20.15000
v -15.12062 0.68404 19.15000
v -15.12062 0.68404 20.15000
v -15.26795 1.00000 19.15000
v -15.26795 1.00000 20.15000
v -15.46791 1.28558 19.15000
v -15.46791 1.28558 20.15000
v -15.71443 1.53209 19.15000
v -15.71443 1.53209 20.15000
v -16.00000 1.73205 19.15000
v -16.00000 1.73205 20.15000
v -16.31596 1.87939 19.15000
v -16.31596 1.87939 20.15000
v -16.65270 1.96962 19.15000
v -16.65270 1.96962 20.15000
v -17.00000 2.00000 19.15000
v -17.00000 2.00000 20.15000
v -17.34730 1.96962 19.15000
v -17.34730 1.96962 20.15000
v -17.68404 1.87939 19.15000
v -17.68404 1.87939 20.15000
v -18.00000 1.73205 19.15000
v -18.00000 1.73205 20.15000
v -18.28558 1.53209 19.15000
v -18.28558 1.53209 20.15000
v -18.53209 1.28558 19.15000
v -18.53209 1.28558 20.15000
v -18.73205 1.00000 19.15000
v -18.73205 1.00000 20.15000
v -18.87938 0.68404 19.15000
v -18.87938 0.68404 20.15000
v -16.69205 8.84730 19.15000
v -16.69205 8.84730 20.15000
v -16.72243 8.50000 19.15000
v -16.72243 8.50000 20.15000
v -16.69205 8.15270 19.15000
v -16.69205 8.15270 20.15000
v -16.60182 7.81596 19.15000
v -16.60182 7.81596 20.15000
v -16.45448 7.50000 19.15000
v -16.45448 7.50000 20.15000
v -16.25452 7.21442 19.15000
v -16.25452 7.21442 20.15000
v -16.00801 6.96791 19.15000
v -16.00801 6.96791 20.15000
v -15.72243 6.76795 19.15000
v -15.72243 6.76795 20.15000
v -15.40647 6.62061 19.15000
v -15.40647 6.62061 20.15000
v -15.06973 6.53038 19.15000
v -15.06973 6.53038 20.15000
v -14.72243 6.50000 19.15000
v -14.72243 6.50000 20.15000
v -14.37514 6.53038 19.15000
v -14.37514 6.53038 20.15000
v -14.03839 6.62061 19.15000
v -14.03839 6.62061 20.15000
v -13.72243 6.76795 19.15000
v -13.72243 6.76795 20.15000
v -13.43686 6.96791 19.15000
v -13.43686 6.96791 20.15000
v -13.19034 7.21442 19.15000
v -13.19034 7.21442 20.15000
v -12.99038 7.50000 19.15000
v -12.99038 7.50000 20.15000
v -12.84305 7.81596 19.15000
v -12.84305 7.81596 20.15000
v -12.75282 8.15270 19.15000
v -12.75282 8.15270 20.15000
v -12.72243 8.50000 19.15000
v -12.72243 8.50000 20.15000
v -12.75282 8.84730 19.15000
v -12.75282 8.84730 20.15000
v -12.84305 9.18404 19.15000
v -12.84305 9.18404 20.15000
v -12.99038 9.50000 19.15000
v -12.99038 9.50000 20.15000
v -13.19034 9.78557 19.15000
v -13.19034 9.78557 20.15000
v -13.43686 10.03209 19.15000
v -13.43686 10.03209 20.15000
v -13.72243 10.23205 19.15000
v -13.72243 10.23205 20.15000
v -14.03839 10.37938 19.15000
v -14.03839 10.37938 20.15000
v -14.37514 10.46962 19.15000
v -14.37514 10.46962 20.15000
v -14.72243 10.50000 19.15000
v -14.72243 10.50000 20.15000
v -15.06973 10.46962 19.15000
v -15.06973 10.46962 20.15000
v -15.40647 10.37938 19.15000
v -15.40647 10.37938 20.15000
v -15.72243 10.23205 19.15000
v -15.72243 10.23205 20.15000
v -16.00801 10.03209 19.15000
v -16.00801 10.03209 20.15000
v -16.25452 9.78557 19.15000
v -16.25452 9.78557 20.15000
v -16.45448 9.50000 19.15000
v -16.45448 9.50000 20.15000
v -16.60182 9.18404 19.15000
v -16.60182 9.18404 20.15000
v -1.96962 17.34730 19.15000
v -1.96962 17.34730 20.15000
v -2.00000 17.00000 19.15000
v -2.00000 17.00000 20.15000
v -1.96962 16.65270 19.15000
v -1.96962 16.65270 20.15000
v -1.87939 16.31596 19.15000
v -1.87939 16.31596 20.15000
v -1.73205 16.00000 19.15000
v -1.73205 16.00000 20.15000
v -1.53209 15.71443 19.15000
v -1.53209 15.71443 20.15000
v -1.28558 15.46791 19.15000
v -1.28558 15.46791 20.15000
v -1.00000 15.26795 19.15000
v -1.00000 15.26795 20.15000
v -0.68404 15.12062 19.15000
v -0.68404 15.12062 20.15000
v -0.34730 15.03038 19.15000
v -0.34730 15.03038 20.15000
v 0.00000 15.00000 19.15000
v 0.00000 15.00000 20.15000
v 0.34730 15.03038 19.15000
v 0.34730 15.03038 20.15000
v 0.68404 15.12062 19.15000
v 0.68404 15.12062 20.15000
v 1.00000 15.26795 19.15000
v 1.00000 15.26795 20.15000
v 1.28558 15.46791 19.15000
v 1.28558 15.46791 20.15000
v 1.53209 15.71443 19.15000
v 1.53209 15.71443 20.15000
v 1.73205 16.00000 19.15000
v 1.73205 16.00000 20.15000
v 1.87939 16.31596 19.15000
v 1.87939 16.31596 20.15000
v 1.96962 16.65270 19.15000
v 1.96962 16.65270 20.15000
v 2.00000 17.00000 19.15000
v 2.00000 17.00000 20.15000
v 1.96962 17.34730 19.15000
v 1.96962 17.34730 20.15000
v 1.87939 17.68404 19.15000
v 1.87939 17.68404 20.15000
v 1.73205 18.00000 19.15000
v 1.73205 18.00000 20.15000
v 1.53209 18.28558 19.15000
v 1.53209 18.28558 20.15000
v 1.28558 18.53209 19.15000
v 1.28558 18.53209 20.15000
v 1.00000 18.73205 19.15000
v 1.00000 18.73205 20.15000
v 0.68404 18.87938 19.15000
v 0.68404 18.87938 20.15000
v 0.34730 18.96962 19.15000
v 0.34730 18.96962 20.15000
v 0.00000 19.00000 19.15000
v 0.00000 19.00000 20.15000
v -0.34730 18.96962 19.15000
v -0.34730 18.96962 20.15000
v -0.68404 18.87938 19.15000
v -0.68404 18.87938 20.15000
v -1.00000 18.73205 19.15000
v -1.00000 18.73205 20.15000
v -1.28558 18.53209 19.15000
v -1.28558 18.53209 20.15000
v -1.53209 18.28558 19.15000
v -1.53209 18.28558 20.15000
v -1.73205 18.00000 19.15000
v -1.73205 18.00000 20.15000
v -1.87939 17.68404 19.15000
v -1.87939 17.68404 20.15000
v 12.75282 8.84730 19.15000
v 12.75282 8.84730 20.15000
v 12.72243 8.50000 19.15000
v 12.72243 8.50000 20.15000
v 12.75282 8.15270 19.15000
v 12.75282 8.15270 20.15000
v 12.84305 7.81596 19.15000
v 12.84305 7.81596 20.15000
v 12.99038 7.50000 19.15000
v 12.99038 7.50000 20.15000
v 13.19034 7.21442 19.15000
v 13.19034 7.21442 20.15000
v 13.43686 6.96791 19.15000
v 13.43686 6.96791 20.15000
v 13.72243 6.76795 19.15000
v 13.72243 6.76795 20.15000
v 14.03839 6.62061 19.15000
v 14.03839 6.62061 20.15000
v 14.37514 6.53038 19.15000
v 14.37514 6.53038 20.15000
v 14.72243 6.50000 19.15000
v 14.72243 6.50000 20.15000
v 15.06973 6.53038 19.15000
v 15.06973 6.53038 20.15000
v 15.40647 6.62061 19.15000
v 15.40647 6.62061 20.15000
v 15.72243 6.76795 19.15000
v 15.72243 6.76795 20.15000
v 16.00801 6.96791 19.15000
v 16.00801 6.96791 20.15000
v 16.25452 7.21442 19.15000
v 16.25452 7.21442 20.15000
v 16.45448 7.50000 19.15000
v 16.45448 7.50000 20.15000
v 16.60182 7.81596 19.15000
v 16.60182 7.81596 20.15000
v 16.69205 8.15270 19.15000
v 16.69205 8.15270 20.15000
v 16.72243 8.50000 19.15000
v 16.72243 8.50000 20.15000
v 16.69205 8.84730 19.15000
v 16.69205 8.84730 20.15000
v 16.60182 9.18404 19.15000
v 16.60182 9.18404 20.15000
v 16.45448 9.50000 19.15000
v 16.45448 9.50000 20.15000
v 16.25452 9.78557 19.15000
v 16.25452 9.78557 20.15000
v 16.00801 10.03209 19.15000
v 16.00801 10.03209 20.15000
v 15.72243 10.23205 19.15000
v 15.72243 10.23205 20.15000
v 15.40647 10.37938 19.15000
v 15.40647 10.37938 20.15000
v 15.06973 10.46962 19.15000
v 15.06973 10.46962 20.15000
v 14.72243 10.50000 19.15000
v 14.72243 10.50000 20.15000
v 14.37514 10.46962 19.15000
v 14.37514 10.46962 20.15000
v 14.03839 10.37938 19.15000
v 14.03839 10.37938 20.15000
v 13.72243 10.23205 19.15000
v 13.72243 10.23205 20.15000
v 13.43686 10.03209 19.15000
v 13.43686 10.03209 20.15000
v 13.19034 9.78557 19.15000
v 13.19034 9.78557 20.15000
v 12.99038 9.50000 19.15000
v 12.99038 9.50000 20.15000
v 12.84305 9.18404 19.15000
v 12.84305 9.18404 20.15000
v 15.03038 0.34730 19.15000
v 15.03038 0.34730 20.15000
v 15.00000 -0.00000 19.15000
v 15.00000 0.00000 20.15000
v 15.03038 -0.34730 19.15000
v 15.03038 -0.34730 20.15000
v 15.12062 -0.68404 19.15000
v 15.12062 -0.68404 20.15000
v 15.26795 -1.00000 19.15000
v 15.26795 -1.00000 20.15000
v 15.46791 -1.28558 19.15000
v 15.46791 -1.28558 20.15000
v 15.71443 -1.53209 19.15000
v 15.71443 -1.53209 20.15000
v 16.00000 -1.73205 19.15000
v 16.00000 -1.73205 20.15000
v 16.31596 -1.87939 19.15000
v 16.31596 -1.87939 20.15000
v 16.65270 -1.96962 19.15000
v 16.65270 -1.96962 20.15000
v 17.00000 -2.00000 19.15000
v 17.00000 -2.00000 20.15000
v 17.34730 -1.96962 19.15000
v 17.34730 -1.96962 20.15000
v 17.68404 -1.87939 19.15000
v 17.68404 -1.87939 20.15000
v 18.00000 -1.73205 19.15000
v 18.00000 -1.73205 20.15000
v 18.28558 -1.53209 19.15000
v 18.28558 -1.53209 20.15000
v 18.53209 -1.28558 19.15000
v 18.53209 -1.28558 20.15000
v 18.73205 -1.00000 19.15000
v 18.73205 -1.00000 20.15000
v 18.87938 -0.68404 19.15000
v 18.87938 -0.68404 20.15000
v 18.96962 -0.34730 19.15000
v 18.96962 -0.34730 20.15000
v 19.00000 0.00000 19.15000
v 19.00000 0.00000 20.15000
v 18.96962 0.34730 19.15000
v 18.96962 0.34730 20.15000
v 18.87938 0.68404 19.15000
v 18.87938 0.68404 20.15000
v 18.73205 1.00000 19.15000
v 18.73205 1.00000 20.15000
v 18.53209 1.28558 19.15000
v 18.53209 1.28558 20.15000
v 18.28558 1.53209 19.15000
v 18.28558 1.53209 20.15000
v 18.00000 1.73205 19.15000
v 18.00000 1.73205 20.15000
v 17.68404 1.87939 19.15000
v 17.68404 1.87939 20.15000
v 17.34730 1.96962 19.15000
v 17.34730 1.96962 20.15000
v 17.00000 2.00000 19.15000
v 17.00000 2.00000 20.15000
v 16.65270 1.96962 19.15000
v 16.65270 1.96962 20.15000
v 16.31596 1.87939 19.15000
v 16.31596 1.87939 20.15000
v 16.00000 1.73205 19.15000
v 16.00000 1.73205 20.15000
v 15.71443 1.53209 19.15000
v 15.71443 1.53209 20.15000
v 15.46791 1.28558 19.15000
v 15.46791 1.28558 20.15000
v 15.26795 1.00000 19.15000
v 15.26795 1.00000 20.15000
v 15.12062 0.68404 19.15000
v 15.12062 0.68404 20.15000
v 6.53038 15.06973 19.15000
v 6.53038 15.06973 20.15000
v 6.50000 14.72243 19.15000
v 6.50000 14.72243 20.15000
v 6.53038 14.37514 19.15000
v 6.53038 14.37514 20.15000
v 6.62061 14.03839 19.15000
v 6.62061 14.03839 20.15000
v 6.76795 13.72243 19.15000
v 6.76795 13.72243 20.15000
v 6.96791 13.43686 19.15000
v 6.96791 13.43686 20.15000
v 7.21442 13.19034 19.15000
v 7.21442 13.19034 20.15000
v 7.50000 12.99038 19.15000
v 7.50000 12.99038 20.15000
v 7.81596 12.84305 19.15000
v 7.81596 12.84305 20.15000
v 8.15270 12.75282 19.15000
v 8.15270 12.75282 20.15000
v 8.50000 12.72243 19.15000
v 8.50000 12.72243 20.15000
v 8.84730 12.75282 19.15000
v 8.84730 12.75282 20.15000
v 9.18404 12.84305 19.15000
v 9.18404 12.84305 20.15000
v 9.50000 12.99038 19.15000
v 9.50000 12.99038 20.15000
v 9.78557 13.19034 19.15000
v 9.78557 13.19034 20.15000
v 10.03209 13.43686 19.15000
v 10.03209 13.43686 20.15000
v 10.23205 13.72243 19.15000
v 10.23205 13.72243 20.15000
v 10.37938 14.03839 19.15000
v 10.37938 14.03839 20.15000
v 10.46962 14.37514 19.15000
v 10.46962 14.37514 20.15000
v 10.50000 14.72243 19.15000
v 10.50000 14.72243 20.15000
v 10.46962 15.06973 19.15000
v 10.46962 15.06973 20.15000
v 10.37938 15.40647 19.15000
v 10.37938 15.40647 20.15000
v 10.23205 15.72243 19.15000
v 10.23205 15.72243 20.15000
v 10.03209 16.00801 19.15000
v 10.03209 16.00801 20.15000
v 9.78557 16.25452 19.15000
v 9.78557 16.25452 20.15000
v 9.50000 16.45448 19.15000
v 9.50000 16.45448 20.15000
v 9.18404 16.60182 19.15000
v 9.18404 16.60182 20.15000
v 8.84730 16.69205 19.15000
v 8.84730 16.69205 20.15000
v 8.50000 16.72243 19.15000
v 8.50000 16.72243 20.15000
v 8.15270 16.69205 19.15000
v 8.15270 16.69205 20.15000
v 7.81596 16.60182 19.15000
v 7.81596 16.60182 20.15000
v 7.50000 16.45448 19.15000
v 7.50000 16.45448 20.15000
v 7.21442 16.25452 19.15000
v 7.21442 16.25452 20.15000
v 6.96791 16.00801 19.15000
v 6.96791 16.00801 20.15000
v 6.76795 15.72243 19.15000
v 6.76795 15.72243 20.15000
v 6.62061 15.40647 19.15000
v 6.62061 15.40647 20.15000
v -10.46962 15.06973 19.15000
v -10.46962 15.06973 20.15000
v -10.50000 14.72243 19.15000
v -10.50000 14.72243 20.15000
v -10.46962 14.37514 19.15000
v -10.46962 14.37514 20.15000
v -10.37938 14.03839 19.15000
v -10.37938 14.03839 20.15000
v -10.23205 13.72243 19.15000
v -10.23205 13.72243 20.15000
v -10.03209 13.43686 19.15000
v -10.03209 13.43686 20.15000
v -9.78557 13.19034 19.15000
v -9.78557 13.19034 20.15000
v -9.50000 12.99038 19.15000
v -9.50000 12.99038 20.15000
v -9.18404 12.84305 19.15000
v -9.18404 12.84305 20.15000
v -8.84730 12.75282 19.15000
v -8.84730 12.75282 20.15000
v -8.50000 12.72243 19.15000
v -8.50000 12.72243 20.15000
v -8.15270 12.75282 19.15000
v -8.15270 12.75282 20.15000
v -7.81596 12.84305 19.15000
v -7.81596 12.84305 20.15000
v -7.50000 12.99038 19.15000
v -7.50000 12.99038 20.15000
v -7.21442 13.19034 19.15000
v -7.21442 13.19034 20.15000
v -6.96791 13.43686 19.15000
v -6.96791 13.43686 20.15000
v -6.76795 13.72243 19.15000
v -6.76795 13.72243 20.15000
v -6.62061 14.03839 19.15000
v -6.62061 14.03839 20.15000
v -6.53038 14.37514 19.15000
v -6.53038 14.37514 20.15000
v -6.50000 14.72243 19.15000
v -6.50000 14.72243 20.15000
v -6.53038 15.06973 19.15000
v -6.53038 15.06973 20.15000
v -6.62061 15.40647 19.15000
v -6.62061 15.40647 20.15000
v -6.76795 15.72243 19.15000
v -6.76795 15.72243 20.15000
v -6.96791 16.00801 19.15000
v -6.96791 16.00801 20.15000
v -7.21442 16.25452 19.15000
v -7.21442 16.25452 20.15000
v -7.50000 16.45448 19.15000
v -7.50000 16.45448 20.15000
v -7.81596 16.60182 19.15000
v -7.81596 16.60182 20.15000
v -8.15270 16.69205 19.15000
v -8.15270 16.69205 20.15000
v -8.50000 16.72243 19.15000
v -8.50000 16.72243 20.15000
v -8.84730 16.69205 19.15000
v -8.84730 16.69205 20.15000
v -9.18404 16.60182 19.15000
v -9.18404 16.60182 20.15000
v -9.50000 16.45448 19.15000
v -9.50000 16.45448 20.15000
v -9.78557 16.25452 19.15000
v -9.78557 16.25452 20.15000
v -10.03209 16.00801 19.15000
v -10.03209 16.00801 20.15000
v -10.23205 15.72243 19.15000
v -10.23205 15.72243 20.15000
v -10.37938 15.40647 19.15000
v -10.37938 15.40647 20.15000
v -1.96962 0.34730 19.15000
v -1.96962 0.34730 20.15000
v -2.00000 -0.00000 19.15000
v -2.00000 0.00000 20.15000
v -1.96962 -0.34730 19.15000
v -1.96962 -0.34730 20.15000
v -1.87939 -0.68404 19.15000
v -1.87939 -0.68404 20.15000
v -1.73205 -1.00000 19.15000
v -1.73205 -1.00000 20.15000
v -1.53209 -1.28558 19.15000
v -1.53209 -1.28558 20.15000
v -1.28558 -1.53209 19.15000
v -1.28558 -1.53209 20.15000
v -1.00000 -1.73205 19.15000
v -1.00000 -1.73205 20.15000
v -0.68404 -1.87939 19.15000
v -0.68404 -1.87939 20.15000
v -0.34730 -1.96962 19.15000
v -0.34730 -1.96962 20.15000
v 0.00000 -2.00000 19.15000
v 0.00000 -2.00000 20.15000
v 0.34730 -1.96962 19.15000
v 0.34730 -1.96962 20.15000
v 0.68404 -1.87939 19.15000
v 0.68404 -1.87939 20.15000
v 1.00000 -1.73205 19.15000
v 1.00000 -1.73205 20.15000
v 1.28558 -1.53209 19.15000
v 1.28558 -1.53209 20.15000
v 1.53209 -1.28558 19.15000
v 1.53209 -1.28558 20.15000
v 1.73205 -1.00000 19.15000
v 1.73205 -1.00000 20.15000
v 1.87939 -0.68404 19.15000
v 1.87939 -0.68404 20.15000
v 1.96962 -0.34730 19.15000
v 1.96962 -0.34730 20.15000
v 2.00000 0.00000 19.15000
v 2.00000 0.00000 20.15000
v 1.96962 0.34730 19.15000
v 1.96962 0.34730 20.15000
v 1.87939 0.68404 19.15000
v 1.87939 0.68404 20.15000
v 1.73205 1.00000 19.15000
v 1.73205 1.00000 20.15000
v 1.53209 1.28558 19.15000
v 1.53209 1.28558 20.15000
v 1.28558 1.53209 19.15000
v 1.28558 1.53209 20.15000
v 1.00000 1.73205 19.15000
v 1.00000 1.73205 20.15000
v 0.68404 1.87939 19.15000
v 0.68404 1.87939 20.15000
v 0.34730 1.96962 19.15000
v 0.34730 1.96962 20.15000
v 0.00000 2.00000 19.15000
v 0.00000 2.00000 20.15000
v -0.34730 1.96962 19.15000
v -0.34730 1.96962 20.15000
v -0.68404 1.87939 19.15000
v -0.68404 1.87939 20.15000
v -1.00000 1.73205 19.15000
v -1.00000 1.73205 20.15000
v -1.28558 1.53209 19.15000
v -1.28558 1.53209 20.15000
v -1.53209 1.28558 19.15000
v -1.53209 1.28558 20.15000
v -1.73205 1.00000 19.15000
v -1.73205 1.00000 20.15000
v -1.87939 0.68404 19.15000
v -1.87939 0.68404 20.15000
v -16.69205 -8.15270 19.15000
v -16.69205 -8.15270 20.15000
v -16.72243 -8.50000 19.15000
v -16.72243 -8.50000 20.15000
v -16.69205 -8.84730 19.15000
v -16.69205 -8.84730 20.15000
v -16.60182 -9.18404 19.15000
v -16.60182 -9.18404 20.15000
v -16.45448 -9.50000 19.15000
v -16.45448 -9.50000 20.15000
v -16.25452 -9.78557 19.15000
v -16.25452 -9.78557 20.15000
v -16.00801 -10.03209 19.15000
v -16.00801 -10.03209 20.15000
v -15.72243 -10.23205 19.15000
v -15.72243 -10.23205 20.15000
v -15.40647 -10.37938 19.15000
v -15.40647 -10.37938 20.15000
v -15.06973 -10.46962 19.15000
v -15.06973 -10.46962 20.15000
v -14.72243 -10.50000 19.15000
v -14.72243 -10.50000 20.15000
v -14.37514 -10.46962 19.15000
v -14.37514 -10.46962 20.15000
v -14.03839 -10.37938 19.15000
v -14.03839 -10.37938 20.15000
v -13.72243 -10.23205 19.15000
v -13.72243 -10.23205 20.15000
v -13.43686 -10.03209 19.15000
v -13.43686 -10.03209 20.15000
v -13.19034 -9.78557 19.15000
v -13.19034 -9.78557 20.15000
v -12.99038 -9.50000 19.15000
v -12.99038 -9.50000 20.15000
v -12.84305 -9.18404 19.15000
v -12.84305 -9.18404 20.15000
v -12.75282 -8.84730 19.15000
v -12.75282 -8.84730 20.15000
v -12.72243 -8.50000 19.15000
v -12.72243 -8.50000 20.15000
v -12.75282 -8.15270 19.15000
v -12.75282 -8.15270 20.15000
v -12.84305 -7.81596 19.15000
v -12.84305 -7.81596 20.15000
v -12.99038 -7.50000 19.15000
v -12.99038 -7.50000 20.15000
v -13.19034 -7.21442 19.15000
v -13.19034 -7.21442 20.15000
v -13.43686 -6.96791 19.15000
v -13.43686 -6.96791 20.15000
v -13.72243 -6.76795 19.15000
v -13.72243 -6.76795 20.15000
v -14.03839 -6.62061 19.15000
v -14.03839 -6.62061 20.15000
v -14.37514 -6.53038 19.15000
v -14.37514 -6.53038 20.15000
v -14.72243 -6.50000 19.15000
v -14.72243 -6.50000 20.15000
v -15.06973 -6.53038 19.15000
v -15.06973 -6.53038 20.15000
v -15.40647 -6.62061 19.15000
v -15.40647 -6.62061 20.15000
v -15.72243 -6.76795 19.15000
v -15.72243 -6.76795 20.15000
v -16.00801 -6.96791 19.15000
v -16.00801 -6.96791 20.15000
v -16.25452 -7.21442 19.15000
v -16.25452 -7.21442 20.15000
v -16.45448 -7.50000 19.15000
v -16.45448 -7.50000 20.15000
v -16.60182 -7.81596 19.15000
v -16.60182 -7.81596 20.15000
v -1.96962 -16.65270 19.15000
v -1.96962 -16.65270 20.15000
v -2.00000 -17.00000 19.15000
v -2.00000 -17.00000 20.15000
v -1.96962 -17.34730 19.15000
v -1.96962 -17.34730 20.15000
v -1.87939 -17.68404 19.15000
v -1.87939 -17.68404 20.15000
v -1.73205 -18.00000 19.15000
v -1.73205 -18.00000 20.15000
v -1.53209 -18.28558 19.15000
v -1.53209 -18.28558 20.15000
v -1.28558 -18.53209 19.15000
v -1.28558 -18.53209 20.15000
v -1.00000 -18.73205 19.15000
v -1.00000 -18.73205 20.15000
v -0.68404 -18.87938 19.15000
v -0.68404 -18.87938 20.15000
v -0.34730 -18.96962 19.15000
v -0.34730 -18.96962 20.15000
v -0.00000 -19.00000 19.15000
v -0.00000 -19.00000 20.15000
v 0.34730 -18.96962 19.15000
v 0.34730 -18.96962 20.15000
v 0.68404 -18.87938 19.15000
v 0.68404 -18.87938 20.15000
v 1.00000 -18.73205 19.15000
v 1.00000 -18.73205 20.15000
v 1.28558 -18.53209 19.15000
v 1.28558 -18.53209 20.15000
v 1.53209 -18.28558 19.15000
v 1.53209 -18.28558 20.15000
v 1.73205 -18.00000 19.15000
v 1.73205 -18.00000 20.15000
v 1.87939 -17.68404 19.15000
v 1.87939 -17.68404 20.15000
v 1.96962 -17.34730 19.15000
v 1.96962 -17.34730 20.15000
v 2.00000 -17.00000 19.15000
v 2.00000 -17.00000 20.15000
v 1.96962 -16.65270 19.15000
v 1.96962 -16.65270 20.15000
v 1.87939 -16.31596 19.15000
v 1.87939 -16.31596 20.15000
v 1.73205 -16.00000 19.15000
v 1.73205 -16.00000 20.15000
v 1.53209 -15.71443 19.15000
v 1.53209 -15.71443 20.15000
v 1.28558 -15.46791 19.15000
v 1.28558 -15.46791 20.15000
v 1.00000 -15.26795 19.15000
v 1.00000 -15.26795 20.15000
v 0.68404 -15.12062 19.15000
v 0.68404 -15.12062 20.15000
v 0.34730 -15.03038 19.15000
v 0.34730 -15.03038 20.15000
v -0.00000 -15.00000 19.15000
v -0.00000 -15.00000 20.15000
v -0.34730 -15.03038 19.15000
v -0.34730 -15.03038 20.15000
v -0.68404 -15.12062 19.15000
v -0.68404 -15.12062 20.15000
v -1.00000 -15.26795 19.15000
v -1.00000 -15.26795 20.15000
v -1.28558 -15.46791 19.15000
v -1.28558 -15.46791 20.15000
v -1.53209 -15.71443 19.15000
v -1.53209 -15.71443 20.15000
v -1.73205 -16.00000 19.15000
v -1.73205 -16.00000 20.15000
v -1.87939 -16.31596 19.15000
v -1.87939 -16.31596 20.15000
v 12.75282 -8.15270 19.15000
v 12.75282 -8.15270 20.15000
v 12.72243 -8.50000 19.15000
v 12.72243 -8.50000 20.15000
v 12.75282 -8.84730 19.15000
v 12.75282 -8.84730 20.15000
v 12.84305 -9.18404 19.15000
v 12.84305 -9.18404 20.15000
v 12.99038 -9.50000 19.15000
v 12.99038 -9.50000 20.15000
v 13.19034 -9.78557 19.15000
v 13.19034 -9.78557 20.15000
v 13.43686 -10.03209 19.15000
v 13.43686 -10.03209 20.15000
v 13.72243 -10.23205 19.15000
v 13.72243 -10.23205 20.15000
v 14.03839 -10.37938 19.15000
v 14.03839 -10.37938 20.15000
v 14.37514 -10.46962 19.15000
v 14.37514 -10.46962 20.15000
v 14.72243 -10.50000 19.15000
v 14.72243 -10.50000 20.15000
v 15.06973 -10.46962 19.15000
v 15.06973 -10.46962 20.15000
v 15.40647 -10.37938 19.15000
v 15.40647 -10.37938 20.15000
v 15.72243 -10.23205 19.15000
v 15.72243 -10.23205 20.15000
v 16.00801 -10.03209 19.15000
v 16.00801 -10.03209 20.15000
v 16.25452 -9.78557 19.15000
v 16.25452 -9.78557 20.15000
v 16.45448 -9.50000 19.15000
v 16.45448 -9.50000 20.15000
v 16.60182 -9.18404 19.15000
v 16.60182 -9.18404 20.15000
v 16.69205 -8.84730 19.15000
v 16.69205 -8.84730 20.15000
v 16.72243 -8.50000 19.15000
v 16.72243 -8.50000 20.15000
v 16.69205 -8.15270 19.15000
v 16.69205 -8.15270 20.15000
v 16.60182 -7.81596 19.15000
v 16.60182 -7.81596 20.15000
v 16.45448 -7.50000 19.15000
v 16.45448 -7.50000 20.15000
v 16.25452 -7.21442 19.15000
v 16.25452 -7.21442 20.15000
v 16.00801 -6.96791 19.15000
v 16.00801 -6.96791 20.15000
v 15.72243 -6.76795 19.15000
v 15.72243 -6.76795 20.15000
v 15.40647 -6.62061 19.15000
v 15.40647 -6.62061 20.15000
v 15.06973 -6.53038 19.15000
v 15.06973 -6.53038 20.15000
v 14.72243 -6.50000 19.15000
v 14.72243 -6.50000 20.15000
v 14.37514 -6.53038 19.15000
v 14.37514 -6.53038 20.15000
v 14.03839 -6.62061 19.15000
v 14.03839 -6.62061 20.15000
v 13.72243 -6.76795 19.15000
v 13.72243 -6.76795 20.15000
v 13.43686 -6.96791 19.15000
v 13.43686 -6.96791 20.15000
v 13.19034 -7.21442 19.15000
v 13.19034 -7.21442 20.15000
v 12.99038 -7.50000 19.15000
v 12.99038 -7.50000 20.15000
v 12.84305 -7.81596 19.15000
v 12.84305 -7.81596 20.15000
v -28.09281 2.23906 19.15000
v -28.18190 -0.00000 19.15000
v -27.82611 4.46396 19.15000
v -27.38348 6.66063 19.15000
v -26.76773 8.81520 19.15000
v -25.98275 10.91404 19.15000
v -25.03349 12.94387 19.15000
v -23.92596 14.89187 19.15000
v -22.66717 16.74571 19.15000
v -21.26506 18.49369 19.15000
v -19.72851 20.12474 19.15000
v -18.06723 21.62855 19.15000
v -16.29173 22.99563 19.15000
v -14.41322 24.21731 19.15000
v -12.44359 25.28589 19.15000
v -10.39528 26.19460 19.15000
v -8.28126 26.93771 19.15000
v -6.11487 27.51050 19.15000
v -3.90983 27.90936 19.15000
v -1.68007 28.13177 19.15000
v 0.56032 28.17633 19.15000
v 2.79716 28.04274 19.15000
v 5.01632 27.73186 19.15000
v 7.20376 27.24564 19.15000
v 9.34566 26.58718 19.15000
v 11.42847 25.76062 19.15000
v 13.43903 24.77119 19.15000
v 15.36462 23.62515 19.15000
v 17.19308 22.32974 19.15000
v 18.91283 20.89316 19.15000
v 20.51301 19.32449 19.15000
v 21.98349 17.63364 19.15000
v 23.31500 15.83131 19.15000
v 24.49909 13.92888 19.15000
v 25.52830 11.93839 19.15000
v 26.39611 9.87242 19.15000
v 27.09703 7.74404 19.15000
v 27.62664 5.56670 19.15000
v 27.98158 3.35416 19.15000
v 28.15962 1.12041 19.15000
v 28.15962 -1.12041 19.15000
v 27.98158 -3.35416 19.15000
v 27.62664 -5.56670 19.15000
v 27.09703 -7.74404 19.15000
v 26.39611 -9.87242 19.15000
v 25.52830 -11.93839 19.15000
v 24.49909 -13.92888 19.15000
v 23.31500 -15.83131 19.15000
v 21.98349 -17.63364 19.15000
v 20.51301 -19.32449 19.15000
v 18.91283 -20.89316 19.15000
v 17.19308 -22.32974 19.15000
v 15.36462 -23.62515 19.15000
v 13.43903 -24.77119 19.15000
v 11.42847 -25.76062 19.15000
v 9.34566 -26.58718 19.15000
v 7.20376 -27.24564 19.15000
v 5.01632 -27.73186 19.15000
v 2.79716 -28.04274 19.15000
v 0.56032 -28.17633 19.15000
v -1.68007 -28.13177 19.15000
v -3.90983 -27.90936 19.15000
v -6.11487 -27.51050 19.15000
v -8.28126 -26.93771 19.15000
v -10.39528 -26.19460 19.15000
v -12.44359 -25.28589 19.15000
v -14.41322 -24.21731 19.15000
v -16.29173 -22.99563 19.15000
v -18.06723 -21.62855 19.15000
v -19.72851 -20.12474 19.15000
v -21.26506 -18.49369 19.15000
v -22.66717 -16.74571 19.15000
v -23.92596 -14.89187 19.15000
v -25.03349 -12.94387 19.15000
v -25.98275 -10.91404 19.15000
v -26.76773 -8.81520 19.15000
v -27.38348 -6.66063 19.15000
v -27.82611 -4.46396 19.15000
v -28.09281 -2.23906 19.15000
v -27.50449 -2.22039 20.15000
v -27.59397 0.00000 20.15000
v -27.23663 -4.42638 20.15000
v -26.79214 -6.60367 20.15000
v -26.17388 -8.73813 20.15000
v -25.38588 -10.81591 20.15000
v -24.43324 -12.82355 20.15000
v -23.32215 -14.74803 20.15000
v -22.05980 -16.57686 20.15000
v -20.65438 -18.29818 20.15000
v -19.11501 -19.90084 20.15000
v -17.45168 -21.37442 20.15000
v -15.67516 -22.70939 20.15000
v -13.79698 -23.89708 20.15000
v -11.82933 -24.92978 20.15000
v -9.78496 -25.80081 20.15000
v -7.67712 -26.50450 20.15000
v -5.51950 -27.03631 20.15000
v -3.32609 -27.39277 20.15000
v -1.11110 -27.57159 20.15000
v 1.11110 -27.57159 20.15000
v 3.32609 -27.39277 20.15000
v 5.51950 -27.03631 20.15000
v 7.67712 -26.50450 20.15000
v 9.78496 -25.80081 20.15000
v 11.82933 -24.92978 20.15000
v 13.79698 -23.89708 20.15000
v 15.67516 -22.70939 20.15000
v 17.45168 -21.37442 20.15000
v 19.11501 -19.90084 20.15000
v 20.65438 -18.29818 20.15000
v 22.05980 -16.57686 20.15000
v 23.32215 -14.74803 20.15000
v 24.43324 -12.82355 20.15000
v 25.38588 -10.81591 20.15000
v 26.17388 -8.73813 20.15000
v 26.79214 -6.60367 20.15000
v 27.23663 -4.42638 20.15000
v 27.50449 -2.22039 20.15000
v 27.59397 0.00000 20.15000
v 27.50449 2.22039 20.15000
v 27.23663 4.42638 20.15000
v 26.79214 6.60367 20.15000
v 26.17388 8.73813 20.15000
v 25.38588 10.81591 20.15000
v 24.43324 12.82355 20.15000
v 23.32215 14.74803 20.15000
v 22.05980 16.57686 20.15000
v 20.65438 18.29818 20.15000
v 19.11501 19.90084 20.15000
v 17.45168 21.37442 20.15000
v 15.67516 22.70939 20.15000
v 13.79698 23.89708 20.15000
v 11.82933 24.92978 20.15000
v 9.78496 25.80081 20.15000
v 7.67712 26.50450 20.15000
v 5.51950 27.03631 20.15000
v 3.32609 27.39277 20.15000
v 1.11110 27.57159 20.15000
v -1.11110 27.57159 20.15000
v -3.32609 27.39277 20.15000
v -5.51950 27.03631 20.15000
v -7.67712 26.50450 20.15000
v -9.78496 25.80081 20.15000
v -11.82933 24.92978 20.15000
v -13.79698 23.89708 20.15000
v -15.67516 22.70939 20.15000
v -17.45168 21.37442 20.15000
v -19.11501 19.90084 20.15000
v -26.79214 6.60367 20.15000
v -26.17388 8.73813 20.15000
v -20.65438 18.29818 20.15000
v -22.05980 16.57686 20.15000
v -23.32215 14.74803 20.15000
v -24.43324 12.82355 20.15000
v -25.38588 10.81591 20.15000
v -27.23663 4.42638 20.15000
v -27.50449 2.22039 20.15000
v 27.21148 2.19674 20.65000
v 27.30000 0.00000 20.65000
v 27.21148 -2.19674 20.65000
v 26.94647 -4.37923 20.65000
v 26.50671 -6.53332 20.65000
v 25.89504 -8.64504 20.65000
v 25.11544 -10.70069 20.65000
v 24.17295 -12.68694 20.65000
v 23.07369 -14.59092 20.65000
v 21.82479 -16.40026 20.65000
v 20.43434 -18.10325 20.65000
v 18.91138 -19.68883 20.65000
v 17.26576 -21.14672 20.65000
v 15.50817 -22.46746 20.65000
v 13.65000 -23.64249 20.65000
v 11.70331 -24.66420 20.65000
v 9.68071 -25.52594 20.65000
v 7.59534 -26.22215 20.65000
v 5.46070 -26.74829 20.65000
v 3.29065 -27.10095 20.65000
v 1.09926 -27.27786 20.65000
v -1.09926 -27.27786 20.65000
v -3.29065 -27.10095 20.65000
v -5.46070 -26.74829 20.65000
v -7.59534 -26.22215 20.65000
v -9.68071 -25.52594 20.65000
v -11.70331 -24.66420 20.65000
v -13.65000 -23.64249 20.65000
v -15.50817 -22.46746 20.65000
v -17.26576 -21.14672 20.65000
v -18.91138 -19.68883 20.65000
v -20.43434 -18.10325 20.65000
v -21.82479 -16.40026 20.65000
v -23.07369 -14.59092 20.65000
v -24.17295 -12.68694 20.65000
v -25.11544 -10.70069 20.65000
v -25.89504 -8.64504 20.65000
v -26.50671 -6.53332 20.65000
v -26.94647 -4.37923 20.65000
v -27.21148 -2.19674 20.65000
v -27.30000 0.00000 20.65000
v -27.21148 2.19674 20.65000
v -26.94647 4.37923 20.65000
v -26.50671 6.53332 20.65000
v -25.89504 8.64504 20.65000
v -25.11544 10.70069 20.65000
v -24.17295 12.68694 20.65000
v -23.07369 14.59092 20.65000
v -21.82479 16.40026 20.65000
v -20.43434 18.10325 20.65000
v -18.91138 19.68883 20.65000
v -17.26576 21.14672 20.65000
v -15.50817 22.46746 20.65000
v -13.65000 23.64249 20.65000
v -11.70331 24.66420 20.65000
v -9.68071 25.52594 20.65000
v -7.59534 26.22215 20.65000
v -5.46070 26.74829 20.65000
v -3.29065 27.10095 20.65000
v -1.09926 27.27786 20.65000
v 1.09926 27.27786 20.65000
v 3.29065 27.10095 20.65000
v 5.46070 26.74829 20.65000
v 7.59534 26.22215 20.65000
v 9.68071 25.52594 20.65000
v 11.70331 24.66420 20.65000
v 13.65000 23.64249 20.65000
v 15.50817 22.46746 20.65000
v 17.26576 21.14672 20.65000
v 18.91138 19.68883 20.65000
v 20.43434 18.10325 20.65000
v 21.82479 16.40026 20.65000
v 23.07369 14.59092 20.65000
v 24.17295 12.68694 20.65000
v 25.11544 10.70069 20.65000
v 25.89504 8.64504 20.65000
v 26.50671 6.53332 20.65000
v 26.94647 4.37923 20.65000
v 44.26071 2.81285 -26.35000
v 45.91102 2.85980 -26.35000
v 44.35000 0.00000 -26.35000
v 46.00000 0.00000 -26.35000
v 45.91102 -2.85980 -26.35000
v 45.64441 5.70854 -26.35000
v 43.99319 5.61438 -26.35000
v 45.20122 8.53520 -26.35000
v 43.54854 8.39329 -26.35000
v 44.58315 11.32883 -26.35000
v 42.92852 11.13841 -26.35000
v 43.79260 14.07863 -26.35000
v 42.13565 13.83868 -26.35000
v 42.83263 16.77397 -26.35000
v 41.17312 16.48323 -26.35000
v 41.70694 19.40441 -26.35000
v 40.04479 19.06141 -26.35000
v 40.41990 21.95978 -26.35000
v 38.75522 21.56283 -26.35000
v 38.97647 24.43019 -26.35000
v 37.30959 23.97742 -26.35000
v 37.38226 26.80609 -26.35000
v 35.71374 26.29547 -26.35000
v 35.64343 29.07828 -26.35000
v 33.97407 28.50763 -26.35000
v 33.76669 31.23796 -26.35000
v 32.09760 30.60500 -26.35000
v 31.75932 33.27680 -26.35000
v 30.09189 32.57914 -26.35000
v 29.62908 35.18690 -26.35000
v 27.96501 34.42210 -26.35000
v 27.38421 36.96086 -26.35000
v 25.72552 36.12644 -26.35000
v 25.03339 38.59183 -26.35000
v 23.38245 37.68532 -26.35000
v 22.58573 40.07349 -26.35000
v 20.94522 39.09246 -26.35000
v 20.05068 41.40012 -26.35000
v 18.42366 40.34218 -26.35000
v 17.43807 42.56658 -26.35000
v 15.82790 41.42946 -26.35000
v 14.75799 43.56836 -26.35000
v 13.16842 42.34991 -26.35000
v 12.02081 44.40158 -26.35000
v 10.45591 43.09984 -26.35000
v 9.23713 45.06302 -26.35000
v 7.70130 43.67622 -26.35000
v 6.41771 45.55012 -26.35000
v 4.91567 44.07674 -26.35000
v 3.57346 45.86099 -26.35000
v 2.11026 44.29977 -26.35000
v 0.71538 45.99444 -26.35000
v -0.70366 44.34442 -26.35000
v -2.14546 45.94994 -26.35000
v -3.51474 44.21051 -26.35000
v -4.99800 45.72767 -26.35000
v -6.31166 43.89858 -26.35000
v -7.83120 45.32849 -26.35000
v -9.08318 43.40989 -26.35000
v -10.63411 44.75394 -26.35000
v -11.81811 42.74640 -26.35000
v -13.39588 44.00626 -26.35000
v -14.50546 41.91079 -26.35000
v -16.10582 43.08831 -26.35000
v -17.13441 40.90641 -26.35000
v -18.75345 42.00367 -26.35000
v -19.69436 39.73732 -26.35000
v -21.32852 40.75652 -26.35000
v -22.17500 38.40823 -26.35000
v -23.82108 39.35170 -26.35000
v -24.56635 36.92447 -26.35000
v -26.22148 37.79463 -26.35000
v -26.85879 35.29204 -26.35000
v -28.52044 36.09134 -26.35000
v -29.04307 33.51749 -26.35000
v -30.70905 34.24842 -26.35000
v -31.11041 31.60799 -26.35000
v -32.77886 32.27299 -26.35000
v -33.05248 29.57121 -26.35000
v -34.72186 30.17272 -26.35000
v -34.86145 27.41535 -26.35000
v -36.53052 27.95570 -26.35000
v -36.53006 25.14911 -26.35000
v -38.19785 25.63054 -26.35000
v -38.05156 22.78159 -26.35000
v -39.71740 23.20621 -26.35000
v -39.41985 20.32235 -26.35000
v -41.08329 20.69211 -26.35000
v -40.62941 17.78127 -26.35000
v -42.29024 18.09794 -26.35000
v -41.67537 15.16859 -26.35000
v -43.33358 15.43377 -26.35000
v -42.55351 12.49484 -26.35000
v -44.20926 12.70988 -26.35000
v -43.26031 9.77077 -26.35000
v -44.91391 9.93682 -26.35000
v -43.79292 7.00736 -26.35000
v -45.44480 7.12532 -26.35000
v -44.14918 4.21574 -26.35000
v -45.79987 4.28625 -26.35000
v -44.32767 1.40713 -26.35000
v -45.97775 1.43059 -26.35000
v -45.97775 -1.43059 -26.35000
v -44.32767 -1.40713 -26.35000
v -45.79987 -4.28625 -26.35000
v -44.14918 -4.21574 -26.35000
v -45.44480 -7.12532 -26.35000
v -43.79292 -7.00736 -26.35000
v -44.91391 -9.93682 -26.35000
v -43.26031 -9.77077 -26.35000
v -44.20926 -12.70988 -26.35000
v -42.55351 -12.49484 -26.35000
v -43.33358 -15.43377 -26.35000
v -41.67537 -15.16859 -26.35000
v -42.29024 -18.09794 -26.35000
v -40.62941 -17.78127 -26.35000
v -41.08329 -20.69211 -26.35000
v -39.41985 -20.32235 -26.35000
v -39.71740 -23.20621 -26.35000
v -38.05156 -22.78159 -26.35000
v -38.19785 -25.63054 -26.35000
v -36.53006 -25.14911 -26.35000
v -36.53052 -27.95570 -26.35000
v -34.86145 -27.41535 -26.35000
v -34.72186 -30.17272 -26.35000
v -33.05248 -29.57121 -26.35000
v -32.77886 -32.27299 -26.35000
v -31.11041 -31.60799 -26.35000
v -30.70905 -34.24842 -26.35000
v -29.04307 -33.51749 -26.35000
v -28.52044 -36.09134 -26.35000
v -26.85879 -35.29204 -26.35000
v -26.22148 -37.79463 -26.35000
v -24.56635 -36.92447 -26.35000
v -23.82108 -39.35170 -26.35000
v -22.17500 -38.40823 -26.35000
v -21.32852 -40.75652 -26.35000
v -19.69436 -39.73732 -26.35000
v -18.75345 -42.00367 -26.35000
v -17.13441 -40.90641 -26.35000
v -16.10582 -43.08831 -26.35000
v -14.50546 -41.91079 -26.35000
v -13.39588 -44.00626 -26.35000
v -11.81811 -42.74640 -26.35000
v -10.63411 -44.75394 -26.35000
v -9.08318 -43.40989 -26.35000
v -7.83120 -45.32849 -26.35000
v -6.31166 -43.89858 -26.35000
v -4.99800 -45.72767 -26.35000
v -3.51474 -44.21051 -26.35000
v -2.14546 -45.94994 -26.35000
v -0.70366 -44.34442 -26.35000
v 0.71538 -45.99444 -26.35000
v 2.11026 -44.29977 -26.35000
v 3.57346 -45.86099 -26.35000
v 4.91567 -44.07674 -26.35000
v 6.41771 -45.55012 -26.35000
v 7.70130 -43.67622 -26.35000
v 9.23713 -45.06302 -26.35000
v 10.45591 -43.09984 -26.35000
v 12.02081 -44.40158 -26.35000
v 13.16842 -42.34991 -26.35000
v 14.75799 -43.56836 -26.35000
v 15.82790 -41.42946 -26.35000
v 17.43807 -42.56658 -26.35000
v 18.42366 -40.34218 -26.35000
v 20.05068 -41.40012 -26.35000
v 20.94522 -39.09246 -26.35000
v 22.58573 -40.07349 -26.35000
v 23.38245 -37.68532 -26.35000
v 25.03339 -38.59183 -26.35000
v 25.72552 -36.12644 -26.35000
v 27.38421 -36.96086 -26.35000
v 27.96501 -34.42210 -26.35000
v 29.62908 -35.18690 -26.35000
v 30.09189 -32.57914 -26.35000
v 31.75932 -33.27680 -26.35000
v 32.09760 -30.60500 -26.35000
v 33.76669 -31.23796 -26.35000
v 33.97407 -28.50763 -26.35000
v 35.64343 -29.07828 -26.35000
v 35.71374 -26.29547 -26.35000
v 37.38226 -26.80609 -26.35000
v 37.30959 -23.97742 -26.35000
v 38.97647 -24.43019 -26.35000
v 38.75522 -21.56283 -26.35000
v 40.41990 -21.95978 -26.35000
v 40.04479 -19.06141 -26.35000
v 41.70694 -19.40441 -26.35000
v 41.17312 -16.48323 -26.35000
v 42.83263 -16.77397 -26.35000
v 42.13565 -13.83868 -26.35000
v 43.79260 -14.07863 -26.35000
v 42.92852 -11.13841 -26.35000
v 44.58315 -11.32883 -26.35000
v 43.54854 -8.39329 -26.35000
v 45.20122 -8.53520 -26.35000
v 43.99319 -5.61438 -26.35000
v 45.64441 -5.70854 -26.35000
v 44.26071 -2.81285 -26.35000
v 46.00000 0.00000 -8.35000
v 45.91102 -2.85980 -8.35000
v 45.64441 -5.70854 -8.35000
v 45.20122 -8.53520 -8.35000
v 44.58315 -11.32883 -8.35000
v 43.79260 -14.07863 -8.35000
v 42.83263 -16.77397 -8.35000
v 41.70694 -19.40441 -8.35000
v 40.41990 -21.95978 -8.35000
v 38.97647 -24.43019 -8.35000
v 37.38226 -26.80609 -8.35000
v 35.64343 -29.07828 -8.35000
v 33.76669 -31.23796 -8.35000
v 31.75932 -33.27680 -8.35000
v 29.62908 -35.18690 -8.35000
v 27.38421 -36.96086 -8.35000
v 25.03339 -38.59183 -8.35000
v 22.58573 -40.07349 -8.35000
v 20.05068 -41.40012 -8.35000
v 17.43807 -42.56658 -8.35000
v 14.75799 -43.56836 -8.35000
v 12.02081 -44.40158 -8.35000
v 9.23713 -45.06302 -8.35000
v 6.41771 -45.55012 -8.35000
v 3.57346 -45.86099 -8.35000
v 0.71538 -45.99444 -8.35000
v -2.14546 -45.94994 -8.35000
v -4.99800 -45.72767 -8.35000
v -7.83120 -45.32849 -8.35000
v -10.63411 -44.75394 -8.35000
v -13.39588 -44.00626 -8.35000
v -16.10582 -43.08831 -8.35000
v -18.75345 -42.00367 -8.35000
v -21.32852 -40.75652 -8.35000
v -23.82108 -39.35170 -8.35000
v -26.22148 -37.79463 -8.35000
v -28.52044 -36.09134 -8.35000
v -30.70905 -34.24842 -8.35000
v -32.77886 -32.27299 -8.35000
v -34.72186 -30.17272 -8.35000
v -36.53052 -27.95570 -8.35000
v -38.19785 -25.63054 -8.35000
v -39.71740 -23.20621 -8.35000
v -41.08329 -20.69211 -8.35000
v -42.29024 -18.09794 -8.35000
v -43.33358 -15.43377 -8.35000
v -44.20926 -12.70988 -8.35000
v -44.91391 -9.93682 -8.35000
v -45.44480 -7.12532 -8.35000
v -45.79987 -4.28625 -8.35000
v -45.97775 -1.43059 -8.35000
v -45.97775 1.43059 -8.35000
v -45.79987 4.28625 -8.35000
v -45.44480 7.12532 -8.35000
v -44.91391 9.93682 -8.35000
v -44.20926 12.70988 -8.35000
v -43.33358 15.43377 -8.35000
v -42.29024 18.09794 -8.35000
v -41.08329 20.69211 -8.35000
v -39.71740 23.20621 -8.35000
v -38.19785 25.63054 -8.35000
v -36.53052 27.95570 -8.35000
v -34.72186 30.17272 -8.35000
v -32.77886 32.27299 -8.35000
v -30.70905 34.24842 -8.35000
v -28.52044 36.09134 -8.35000
v -26.22148 37.79463 -8.35000
v -23.82108 39.35170 -8.35000
v -21.32852 40.75652 -8.35000
v -18.75345 42.00367 -8.35000
v -16.10582 43.08831 -8.35000
v -13.39588 44.00626 -8.35000
v -10.63411 44.75394 -8.35000
v -7.83120 45.32849 -8.35000
v -4.99800 45.72767 -8.35000
v -2.14546 45.94994 -8.35000
v 0.71538 45.99444 -8.35000
v 3.57346 45.86099 -8.35000
v 6.41771 45.55012 -8.35000
v 9.23713 45.06302 -8.35000
v 12.02081 44.40158 -8.35000
v 14.75799 43.56836 -8.35000
v 17.43807 42.56658 -8.35000
v 20.05068 41.40012 -8.35000
v 22.58573 40.07349 -8.35000
v 25.03339 38.59183 -8.35000
v 27.38421 36.96086 -8.35000
v 29.62908 35.18690 -8.35000
v 31.75932 33.27680 -8.35000
v 33.76669 31.23796 -8.35000
v 35.64343 29.07828 -8.35000
v 37.38226 26.80609 -8.35000
v 38.97647 24.43019 -8.35000
v 40.41990 21.95978 -8.35000
v 41.70694 19.40441 -8.35000
v 42.83263 16.77397 -8.35000
v 43.79260 14.07863 -8.35000
v 44.58315 11.32883 -8.35000
v 45.20122 8.53520 -8.35000
v 45.64441 5.70854 -8.35000
v 45.91102 2.85980 -8.35000
v 28.50000 0.00000 20.65000
v 28.40991 2.26433 20.65000
v 28.14020 4.51434 20.65000
v 27.69258 6.73582 20.65000
v 27.06987 8.91470 20.65000
v 26.27603 11.03723 20.65000
v 25.31606 13.08997 20.65000
v 24.19603 15.05996 20.65000
v 22.92302 16.93473 20.65000
v 21.50509 18.70243 20.65000
v 19.95120 20.35190 20.65000
v 18.27117 21.87269 20.65000
v 16.47562 23.25519 20.65000
v 14.57591 24.49067 20.65000
v 12.58405 25.57131 20.65000
v 10.51262 26.49028 20.65000
v 8.37473 27.24177 20.65000
v 6.18390 27.82103 20.65000
v 3.95396 28.22439 20.65000
v 1.69903 28.44931 20.65000
v -0.56664 28.49437 20.65000
v -2.82873 28.35927 20.65000
v -5.07294 28.04488 20.65000
v -7.28507 27.55318 20.65000
v -9.45115 26.88728 20.65000
v -11.55747 26.05139 20.65000
v -13.59072 25.05079 20.65000
v -15.53805 23.89182 20.65000
v -17.38714 22.58179 20.65000
v -19.12630 21.12900 20.65000
v -20.74455 19.54262 20.65000
v -22.23163 17.83268 20.65000
v -23.57817 16.01000 20.65000
v -24.77563 14.08610 20.65000
v -25.81645 12.07315 20.65000
v -26.69406 9.98386 20.65000
v -27.40289 7.83145 20.65000
v -27.93847 5.62953 20.65000
v -28.29742 3.39202 20.65000
v -28.47747 1.13306 20.65000
v -28.47747 -1.13306 20.65000
v -28.29742 -3.39202 20.65000
v -27.93847 -5.62953 20.65000
v -27.40289 -7.83145 20.65000
v -26.69406 -9.98386 20.65000
v -25.81645 -12.07315 20.65000
v -24.77563 -14.08610 20.65000
v -23.57817 -16.01000 20.65000
v -22.23163 -17.83268 20.65000
v -20.74455 -19.54262 20.65000
v -19.12630 -21.12900 20.65000
v -17.38714 -22.58179 20.65000
v -15.53805 -23.89182 20.65000
v -13.59072 -25.05079 20.65000
v -11.55747 -26.05139 20.65000
v -9.45115 -26.88728 20.65000
v -7.28507 -27.55318 20.65000
v -5.07294 -28.04488 20.65000
v -2.82873 -28.35927 20.65000
v -0.56664 -28.49437 20.65000
v 1.69903 -28.44931 20.65000
v 3.95396 -28.22439 20.65000
v 6.18390 -27.82103 20.65000
v 8.37473 -27.24177 20.65000
v 10.51262 -26.49028 20.65000
v 12.58405 -25.57131 20.65000
v 14.57591 -24.49067 20.65000
v 16.47562 -23.25519 20.65000
v 18.27117 -21.87269 20.65000
v 19.95120 -20.35190 20.65000
v 21.50509 -18.70243 20.65000
v 22.92302 -16.93473 20.65000
v 24.19603 -15.05996 20.65000
v 25.31606 -13.08997 20.65000
v 26.27603 -11.03723 20.65000
v 27.06987 -8.91470 20.65000
v 27.69258 -6.73582 20.65000
v 28.14020 -4.51434 20.65000
v 28.40991 -2.26433 20.65000
v 28.50000 0.00000 31.65000
v 28.40991 -2.26433 31.65000
v 28.14020 -4.51434 31.65000
v 27.69258 -6.73582 31.65000
v 27.06987 -8.91470 31.65000
v 26.27603 -11.03723 31.65000
v 25.31606 -13.08997 31.65000
v 24.19603 -15.05996 31.65000
v 22.92302 -16.93473 31.65000
v 21.50509 -18.70243 31.65000
v 19.95120 -20.35190 31.65000
v 18.27117 -21.87269 31.65000
v 16.47562 -23.25519 31.65000
v 14.57591 -24.49067 31.65000
v 12.58405 -25.57131 31.65000
v 10.51262 -26.49028 31.65000
v 8.37473 -27.24177 31.65000
v 6.18390 -27.82103 31.65000
v 3.95396 -28.22439 31.65000
v 1.69903 -28.44931 31.65000
v -0.56664 -28.49437 31.65000
v -2.82873 -28.35927 31.65000
v -5.07294 -28.04488 31.65000
v -7.28507 -27.55318 31.65000
v -9.45115 -26.88728 31.65000
v -11.55747 -26.05139 31.65000
v -13.59072 -25.05079 31.65000
v -15.53805 -23.89182 31.65000
v -17.38714 -22.58179 31.65000
v -19.12630 -21.12900 31.65000
v -20.74455 -19.54262 31.65000
v -22.23163 -17.83268 31.65000
v -23.57817 -16.01000 31.65000
v -24.77563 -14.08610 31.65000
v -25.81645 -12.07315 31.65000
v -26.69406 -9.98386 31.65000
v -27.40289 -7.83145 31.65000
v -27.93847 -5.62953 31.65000
v -28.29742 -3.39202 31.65000
v -28.47747 -1.13306 31.65000
v -28.47747 1.13306 31.65000
v -28.29742 3.39202 31.65000
v -27.93847 5.62953 31.65000
v -27.40289 7.83145 31.65000
v -26.69406 9.98386 31.65000
v -25.81645 12.07315 31.65000
v -24.77563 14.08610 31.65000
v -23.57817 16.01000 31.65000
v -22.23163 17.83268 31.65000
v -20.74455 19.54262 31.65000
v -19.12630 21.12900 31.65000
v -17.38714 22.58179 31.65000
v -15.53805 23.89182 31.65000
v -13.59072 25.05079 31.65000
v -11.55747 26.05139 31.65000
v -9.45115 26.88728 31.65000
v -7.28507 27.55318 31.65000
v -5.07294 28.04488 31.65000
v -2.82873 28.35927 31.65000
v -0.56664 28.49437 31.65000
v 1.69903 28.44931 31.65000
v 3.95396 28.22439 31.65000
v 6.18390 27.82103 31.65000
v 8.37473 27.24177 31.65000
v 10.51262 26.49028 31.65000
v 12.58405 25.57131 31.65000
v 14.57591 24.49067 31.65000
v 16.47562 23.25519 31.65000
v 18.27117 21.87269 31.65000
v 19.95120 20.35190 31.65000
v 21.50509 18.70243 31.65000
v 22.92302 16.93473 31.65000
v 24.19603 15.05996 31.65000
v 25.31606 13.08997 31.65000
v 26.27603 11.03723 31.65000
v 27.06987 8.91470 31.65000
v 27.69258 6.73582 31.65000
v 28.14020 4.51434 31.65000
v 28.40991 2.26433 31.65000
v 27.30000 0.00000 31.65000
v 27.21148 2.19674 31.65000
v 26.94647 4.37923 31.65000
v 26.50671 6.53332 31.65000
v 25.89504 8.64504 31.65000
v 25.11544 10.70069 31.65000
v 24.17295 12.68694 31.65000
v 23.07369 14.59092 31.65000
v 21.82479 16.40026 31.65000
v 20.43434 18.10325 31.65000
v 18.91138 19.68883 31.65000
v 17.26576 21.14672 31.65000
v 15.50817 22.46746 31.65000
v 13.65000 23.64249 31.65000
v 11.70331 24.66420 31.65000
v 9.68071 25.52594 31.65000
v 7.59534 26.22215 31.65000
v 5.46070 26.74829 31.65000
v 3.29065 27.10095 31.65000
v 1.09926 27.27786 31.65000
v -1.09926 27.27786 31.65000
v -3.29065 27.10095 31.65000
v -5.46070 26.74829 31.65000
v -7.59534 26.22215 31.65000
v -9.68071 25.52594 31.65000
v -11.70331 24.66420 31.65000
v -13.65000 23.64249 31.65000
v -15.50817 22.46746 31.65000
v -17.26576 21.14672 31.65000
v -18.91138 19.68883 31.65000
v -20.43434 18.10325 31.65000
v -21.82479 16.40026 31.65000
v -23.07369 14.59092 31.65000
v -24.17295 12.68694 31.65000
v -25.11544 10.70069 31.65000
v -25.89504 8.64504 31.65000
v -26.50671 6.53332 31.65000
v -26.94647 4.37923 31.65000
v -27.21148 2.19674 31.65000
v -27.30000 0.00000 31.65000
v -27.21148 -2.19674 31.65000
v -26.94647 -4.37923 31.65000
v -26.50671 -6.53332 31.65000
v -25.89504 -8.64504 31.65000
v -25.11544 -10.70069 31.65000
v -24.17295 -12.68694 31.65000
v -23.07369 -14.59092 31.65000
v -21.82479 -16.40026 31.65000
v -20.43434 -18.10325 31.65000
v -18.91138 -19.68883 31.65000
v -17.26576 -21.14672 31.65000
v -15.50817 -22.46746 31.65000
v -13.65000 -23.64249 31.65000
v -11.70331 -24.66420 31.65000
v -9.68071 -25.52594 31.65000
v -7.59534 -26.22215 31.65000
v -5.46070 -26.74829 31.65000
v -3.29065 -27.10095 31.65000
v -1.09926 -27.27786 31.65000
v 1.09926 -27.27786 31.65000
v 3.29065 -27.10095 31.65000
v 5.46070 -26.74829 31.65000
v 7.59534 -26.22215 31.65000
v 9.68071 -25.52594 31.65000
v 11.70331 -24.66420 31.65000
v 13.65000 -23.64249 31.65000
v 15.50817 -22.46746 31.65000
v 17.26576 -21.14672 31.65000
v 18.91138 -19.68883 31.65000
v 20.43434 -18.10325 31.65000
v 21.82479 -16.40026 31.65000
v 23.07369 -14.59092 31.65000
v 24.17295 -12.68694 31.65000
v 25.11544 -10.70069 31.65000
v 25.89504 -8.64504 31.65000
v 26.50671 -6.53332 31.65000
v 26.94647 -4.37923 31.65000
v 27.21148 -2.19674 31.65000
v -44.32767 -1.40713 -8.35000
v -44.32767 1.40713 -8.35000
v -44.14918 4.21574 -8.35000
v -43.79292 7.00736 -8.35000
v -43.26031 9.77077 -8.35000
v -44.14918 -4.21574 -8.35000
v -43.79292 -7.00736 -8.35000
v -43.26031 -9.77077 -8.35000
v -42.55351 -12.49484 -8.35000
v -41.67537 -15.16859 -8.35000
v -40.62941 -17.78127 -8.35000
v -39.41985 -20.32235 -8.35000
v -38.05156 -22.78159 -8.35000
v -36.53006 -25.14911 -8.35000
v -34.86145 -27.41535 -8.35000
v -33.05248 -29.57121 -8.35000
v -31.11041 -31.60799 -8.35000
v -29.04307 -33.51749 -8.35000
v -26.85879 -35.29204 -8.35000
v -24.56635 -36.92447 -8.35000
v -22.17500 -38.40823 -8.35000
v -19.69436 -39.73732 -8.35000
v -17.13441 -40.90641 -8.35000
v -14.50546 -41.91079 -8.35000
v -11.81811 -42.74640 -8.35000
v -9.08318 -43.40989 -8.35000
v -6.31166 -43.89858 -8.35000
v -3.51474 -44.21051 -8.35000
v -0.70366 -44.34442 -8.35000
v 2.11026 -44.29977 -8.35000
v 4.91567 -44.07674 -8.35000
v 7.70130 -43.67622 -8.35000
v 10.45591 -43.09984 -8.35000
v 13.16842 -42.34991 -8.35000
v 15.82790 -41.42946 -8.35000
v 18.42366 -40.34218 -8.35000
v 20.94522 -39.09246 -8.35000
v 23.38245 -37.68532 -8.35000
v 25.72552 -36.12644 -8.35000
v 27.96501 -34.42210 -8.35000
v 30.09189 -32.57914 -8.35000
v 32.09760 -30.60500 -8.35000
v 33.97407 -28.50763 -8.35000
v 35.71374 -26.29547 -8.35000
v 37.30959 -23.97742 -8.35000
v 38.75522 -21.56283 -8.35000
v 40.04479 -19.06141 -8.35000
v 41.17312 -16.48323 -8.35000
v 42.13565 -13.83868 -8.35000
v 42.92852 -11.13841 -8.35000
v 43.54854 -8.39329 -8.35000
v 43.99319 -5.61438 -8.35000
v 44.26071 -2.81285 -8.35000
v 44.35000 0.00000 -8.35000
v 44.26071 2.81285 -8.35000
v 43.99319 5.61438 -8.35000
v 43.54854 8.39329 -8.35000
v 42.92852 11.13841 -8.35000
v 42.13565 13.83868 -8.35000
v 41.17312 16.48323 -8.35000
v 40.04479 19.06141 -8.35000
v 38.75522 21.56283 -8.35000
v 37.30959 23.97742 -8.35000
v 35.71374 26.29547 -8.35000
v 33.97407 28.50763 -8.35000
v 32.09760 30.60500 -8.35000
v 30.09189 32.57914 -8.35000
v 27.96501 34.42210 -8.35000
v 25.72552 36.12644 -8.35000
v 23.38245 37.68532 -8.35000
v 20.94522 39.09246 -8.35000
v 18.42366 40.34218 -8.35000
v 15.82790 41.42946 -8.35000
v 13.16842 42.34991 -8.35000
v 10.45591 43.09984 -8.35000
v 7.70130 43.67622 -8.35000
v 4.91567 44.07674 -8.35000
v 2.11026 44.29977 -8.35000
v -0.70366 44.34442 -8.35000
v -3.51474 44.21051 -8.35000
v -6.31166 43.89858 -8.35000
v -9.08318 43.40989 -8.35000
v -11.81811 42.74640 -8.35000
v -14.50546 41.91079 -8.35000
v -17.13441 40.90641 -8.35000
v -19.69436 39.73732 -8.35000
v -22.17500 38.40823 -8.35000
v -24.56635 36.92447 -8.35000
v -26.85879 35.29204 -8.35000
v -29.04307 33.51749 -8.35000
v -31.11041 31.60799 -8.35000
v -33.05248 29.57121 -8.35000
v -34.86145 27.41535 -8.35000
v -36.53006 25.14911 -8.35000
v -38.05156 22.78159 -8.35000
v -39.41985 20.32235 -8.35000
v -40.62941 17.78127 -8.35000
v -41.67537 15.16859 -8.35000
v -42.55351 12.49484 -8.35000
vn 0.20478 -0.04230 -0.97789
vn 0.20487 -0.02999 0.97833
vn 0.20537 -0.00599 -0.97867
vn 0.20372 0.00594 0.97901
vn 0.20152 0.02951 -0.97904
vn 0.19885 0.04107 0.97917
vn 0.19275 0.06385 -0.97917
vn 0.18928 0.07521 0.97904
vn 0.26426 0.14247 -0.95387
vn 0.17486 0.10787 0.97867
vn 0.25101 0.19844 -0.94743
vn 0.15620 0.13902 0.97789
vn 0.23754 0.26689 -0.93399
vn 0.13414 0.16968 0.97633
vn 0.22165 0.35929 -0.90652
vn 0.10920 0.20256 0.97316
vn 0.19794 0.49815 -0.84420
vn 0.08062 0.24336 0.96658
vn 0.14931 0.72285 -0.67468
vn 0.04460 0.30464 0.95142
vn 0.00055 0.01877 -0.99982
vn -0.00063 0.02153 0.99977
vn -0.04477 0.30578 -0.95105
vn -0.05876 0.28449 0.95688
vn -0.07144 0.21564 -0.97386
vn -0.08311 0.20915 0.97434
vn -0.08757 0.16244 -0.98282
vn -0.09929 0.16095 0.98196
vn -0.09934 0.12566 -0.98709
vn -0.11188 0.12571 0.98574
vn -0.10914 0.09714 -0.98927
vn -0.12290 0.09716 0.98765
vn -0.11815 0.07289 -0.99032
vn -0.13347 0.07196 0.98844
vn -0.12718 0.05053 -0.99059
vn -0.14446 0.04786 0.98835
vn -0.01411 0.00291 -0.99990
vn -0.01544 0.00226 0.99988
vn -0.33473 0.00976 -0.94226
vn -0.23088 -0.00673 0.97296
vn -0.29186 -0.04273 -0.95551
vn -0.21044 -0.04347 0.97664
vn -0.25900 -0.08580 -0.96206
vn -0.19242 -0.07646 0.97833
vn -0.23170 -0.12491 -0.96474
vn -0.17346 -0.10700 0.97901
vn -0.20716 -0.16378 -0.96450
vn -0.15167 -0.13500 0.97917
vn -0.18323 -0.20586 -0.96127
vn -0.12631 -0.15977 0.97904
vn -0.15762 -0.25551 -0.95387
vn -0.09750 -0.18085 0.97867
vn -0.12703 -0.31969 -0.93897
vn -0.06576 -0.19849 0.97789
vn -0.08504 -0.41171 -0.90734
vn -0.03133 -0.21402 0.97633
vn -0.01631 -0.55936 -0.82876
vn 0.00671 -0.23002 0.97316
vn 0.00376 -0.02565 -0.99966
vn 0.00233 -0.01129 0.99993
vn 0.05450 -0.16451 -0.98487
vn 0.02853 -0.07181 0.99701
vn 0.01449 -0.02687 -0.99953
vn 0.04022 -0.06520 0.99706
vn 0.19095 -0.24153 -0.95142
vn 0.05159 -0.05796 0.99699
vn 0.19150 -0.17044 -0.96658
vn 0.00917 -0.00725 0.99993
vn 0.19585 -0.12082 -0.97316
vn 0.20331 -0.10961 0.97296
vn 0.20101 -0.07987 -0.97633
vn 0.20398 -0.06758 0.97664
vn 0.21183 -0.04375 -0.97633
vn 0.21262 -0.03113 0.97664
vn 0.23002 -0.00671 -0.97316
vn 0.23088 0.00673 0.97296
vn 0.01506 0.00221 -0.99988
vn 0.01528 0.00316 0.99988
vn 0.11774 0.03901 -0.99228
vn 0.03610 0.01435 0.99925
vn 0.11607 0.06258 -0.99127
vn 0.03443 0.02124 0.99918
vn 0.11470 0.09068 -0.98925
vn 0.12796 0.11389 0.98522
vn 0.11356 0.12759 -0.98530
vn 0.02569 0.03249 0.99914
vn 0.11258 0.18249 -0.97674
vn 0.08163 0.15141 0.98509
vn 0.11131 0.28013 -0.95349
vn 0.01302 0.03931 0.99914
vn 0.10557 0.51112 -0.85300
vn 0.02482 0.16950 0.98522
vn 0.00019 0.00652 -0.99998
vn -0.00118 0.04044 0.99918
vn -0.00531 0.03626 -0.99933
vn -0.00786 0.03805 0.99925
vn -0.00464 0.01401 -0.99989
vn -0.00565 0.01421 0.99988
vn -0.10961 0.20331 -0.97296
vn -0.12082 0.19585 0.97316
vn -0.13327 0.16857 -0.97664
vn -0.14380 0.16157 0.97633
vn -0.15466 0.13766 -0.97833
vn -0.16403 0.12968 0.97789
vn -0.17346 0.10701 -0.97901
vn -0.18085 0.09750 0.97867
vn -0.18870 0.07498 -0.97917
vn -0.19334 0.06405 0.97904
vn -0.19946 0.04120 -0.97904
vn -0.20091 0.02941 0.97917
vn -0.20537 0.00599 -0.97867
vn -0.20372 -0.00594 0.97901
vn -0.20690 -0.03029 -0.97789
vn -0.20277 -0.04188 0.97833
vn -0.20532 -0.06802 -0.97633
vn -0.19970 -0.07935 0.97664
vn -0.20256 -0.10920 -0.97316
vn -0.19658 -0.12127 0.97296
vn -0.20111 -0.15899 -0.96658
vn -0.00874 -0.00778 0.99993
vn -0.20470 -0.22999 -0.95142
vn -0.04812 -0.06087 0.99699
vn -0.01502 -0.02434 -0.99959
vn -0.03635 -0.06743 0.99706
vn -0.07278 -0.18316 -0.98039
vn -0.02430 -0.07335 0.99701
vn -0.00531 -0.02572 -0.99966
vn -0.00167 -0.01141 0.99993
vn -0.00009 -0.00308 -1.00000
vn 0.00671 -0.23002 0.97316
vn 0.03113 -0.21262 -0.97664
vn 0.04375 -0.21183 0.97633
vn 0.02502 -0.07551 -0.99683
vn 0.07722 -0.19432 0.97789
vn 0.14921 -0.27678 -0.94928
vn 0.10787 -0.17486 0.97867
vn 0.18205 -0.23027 -0.95595
vn 0.13541 -0.15214 0.97904
vn 0.21338 -0.18992 -0.95833
vn 0.15928 -0.12593 0.97917
vn 0.24610 -0.15182 -0.95728
vn 0.17940 -0.09671 0.97901
vn 0.28322 -0.11254 -0.95243
vn 0.19655 -0.06511 0.97833
vn 0.03774 -0.00780 -0.99926
vn 0.04098 -0.00600 0.99914
vn 0.16123 -0.00470 -0.98691
vn 0.17194 0.00501 0.98509
vn 0.03813 0.00558 -0.99926
vn 0.04056 0.00838 0.99914
vn 0.03590 0.01189 -0.99928
vn 0.15920 0.06326 0.98522
vn 0.13584 0.07323 -0.98802
vn 0.03443 0.02124 0.99918
vn 0.02855 0.02257 -0.99934
vn 0.02902 0.02583 0.99925
vn 0.00979 0.01100 -0.99989
vn 0.00949 0.01200 0.99988
vn 0.12127 0.19658 -0.97296
vn 0.10920 0.20256 0.97316
vn 0.07935 0.19970 -0.97664
vn 0.06802 0.20532 0.97633
vn 0.04188 0.20277 -0.97833
vn 0.03029 0.20690 0.97789
vn 0.00594 0.20372 -0.97901
vn -0.00599 0.20537 0.97867
vn -0.02941 0.20091 -0.97917
vn -0.04120 0.19946 0.97904
vn -0.06405 0.19334 -0.97904
vn -0.07498 0.18870 0.97917
vn -0.09750 0.18085 -0.97867
vn -0.10701 0.17346 0.97901
vn -0.12968 0.16403 -0.97789
vn -0.13766 0.15466 0.97833
vn -0.16157 0.14380 -0.97633
vn -0.16857 0.13327 0.97664
vn -0.19585 0.12082 -0.97316
vn -0.20331 0.10961 0.97296
vn -0.01071 0.00426 -0.99993
vn -0.01110 0.00368 0.99993
vn -0.07567 0.01563 -0.99701
vn -0.07677 0.01124 0.99699
vn -0.07658 0.00223 -0.99706
vn -0.07658 -0.00223 0.99706
vn -0.07677 -0.01124 -0.99699
vn -0.07567 -0.01563 0.99701
vn -0.01094 -0.00362 -0.99993
vn -0.01036 -0.00412 0.99994
vn -0.20256 -0.10920 -0.97316
vn -0.19658 -0.12127 0.97296
vn -0.16968 -0.13414 -0.97633
vn -0.16052 -0.14287 0.97664
vn -0.13902 -0.15620 -0.97789
vn -0.12841 -0.16242 0.97833
vn -0.10787 -0.17486 -0.97867
vn -0.09671 -0.17940 0.97901
vn -0.07521 -0.18928 -0.97904
vn -0.06385 -0.19275 0.97917
vn -0.04107 -0.19885 -0.97917
vn -0.02951 -0.20152 0.97904
vn -0.00594 -0.20372 -0.97901
vn 0.00599 -0.20537 0.97867
vn 0.03000 -0.20487 -0.97833
vn 0.04230 -0.20478 0.97789
vn 0.06758 -0.20398 -0.97664
vn 0.07987 -0.20101 0.97633
vn 0.10961 -0.20331 -0.97296
vn 0.12082 -0.19585 0.97316
vn 0.00913 -0.01155 -0.99989
vn 0.01017 -0.01143 0.99988
vn 0.02719 -0.02420 -0.99934
vn 0.03048 -0.02409 0.99925
vn 0.13134 -0.08102 -0.98802
vn 0.03561 -0.01920 0.99918
vn 0.03515 -0.01397 -0.99928
vn 0.16262 -0.05387 0.98522
vn 0.03738 -0.00772 -0.99927
vn 0.04061 -0.00595 0.99916
vn 0.03705 -0.00108 -0.99931
vn 0.03977 0.00116 0.99921
vn 0.14965 0.02191 -0.98850
vn 0.15706 0.03244 0.98706
vn 0.01047 0.00347 -0.99994
vn 0.01106 0.00439 0.99993
vn 0.20256 0.10920 -0.97316
vn 0.19658 0.12127 0.97296
vn 0.16968 0.13414 -0.97633
vn 0.16052 0.14287 0.97664
vn 0.13902 0.15620 -0.97789
vn 0.12841 0.16242 0.97833
vn 0.10787 0.17486 -0.97867
vn 0.09671 0.17940 0.97901
vn 0.07521 0.18928 -0.97904
vn 0.06385 0.19275 0.97917
vn 0.04107 0.19885 -0.97917
vn 0.02951 0.20152 0.97904
vn 0.00594 0.20372 -0.97901
vn -0.00599 0.20537 0.97867
vn -0.02999 0.20487 -0.97833
vn -0.04230 0.20478 0.97789
vn -0.06758 0.20398 -0.97664
vn -0.07987 0.20101 0.97633
vn -0.10961 0.20331 -0.97296
vn -0.12082 0.19585 0.97316
vn -0.00726 0.00918 -0.99993
vn -0.00767 0.00861 0.99993
vn -0.08656 0.07704 -0.99326
vn -0.06062 0.04792 0.99701
vn -0.06520 0.04022 -0.99706
vn -0.06743 0.03635 0.99706
vn -0.07181 0.02853 -0.99701
vn -0.07366 0.02440 0.99699
vn -0.01129 0.00233 -0.99993
vn -0.01157 0.00169 0.99993
vn -0.23002 0.00671 -0.97316
vn -0.23088 -0.00673 0.97296
vn -0.21402 -0.03133 -0.97633
vn -0.21044 -0.04347 0.97664
vn -0.19849 -0.06576 -0.97789
vn -0.19242 -0.07646 0.97833
vn -0.18085 -0.09750 -0.97867
vn -0.17346 -0.10700 0.97901
vn -0.15977 -0.12631 -0.97904
vn -0.15167 -0.13500 0.97917
vn -0.13500 -0.15167 -0.97917
vn -0.12631 -0.15977 0.97904
vn -0.10700 -0.17346 -0.97901
vn -0.09750 -0.18085 0.97867
vn -0.07646 -0.19242 -0.97833
vn -0.06576 -0.19849 0.97789
vn -0.04347 -0.21044 -0.97664
vn -0.03133 -0.21402 0.97633
vn -0.00673 -0.23088 -0.97296
vn 0.00671 -0.23002 0.97316
vn 0.00162 -0.01109 -0.99994
vn 0.00237 -0.01148 0.99993
vn 0.04843 -0.14618 -0.98807
vn 0.05922 -0.14904 0.98706
vn 0.01769 -0.03281 -0.99931
vn 0.02089 -0.03386 0.99921
vn 0.09753 -0.12337 -0.98756
vn 0.02729 -0.03066 0.99916
vn 0.02865 -0.02550 -0.99926
vn 0.13478 -0.10656 0.98513
vn 0.03289 -0.02029 -0.99925
vn 0.03657 -0.01971 0.99914
vn 0.14946 -0.05939 -0.98698
vn 0.16310 -0.05403 0.98513
vn 0.20478 -0.04230 -0.97789
vn 0.20487 -0.03000 0.97833
vn 0.20537 -0.00599 -0.97867
vn 0.20372 0.00594 0.97901
vn 0.20152 0.02951 -0.97904
vn 0.19885 0.04107 0.97917
vn 0.19275 0.06385 -0.97917
vn 0.18928 0.07521 0.97904
vn 0.17940 0.09671 -0.97901
vn 0.17486 0.10787 0.97867
vn 0.16242 0.12841 -0.97833
vn 0.15620 0.13902 0.97789
vn 0.14287 0.16052 -0.97664
vn 0.13414 0.16968 0.97633
vn 0.12127 0.19658 -0.97296
vn 0.10920 0.20256 0.97316
vn 0.00412 0.01036 -0.99994
vn 0.00363 0.01094 0.99993
vn 0.01563 0.07567 -0.99701
vn 0.01119 0.07646 0.99701
vn 0.00334 0.11462 -0.99340
vn -0.00334 0.11462 0.99340
vn -0.01119 0.07646 -0.99701
vn -0.01563 0.07567 0.99701
vn -0.00350 0.01058 -0.99994
vn -0.00426 0.01071 0.99993
vn -0.10961 0.20331 -0.97296
vn -0.12082 0.19585 0.97316
vn -0.13327 0.16857 -0.97664
vn -0.14380 0.16157 0.97633
vn -0.15466 0.13766 -0.97833
vn -0.16403 0.12968 0.97789
vn -0.17346 0.10701 -0.97901
vn -0.18085 0.09750 0.97867
vn -0.18870 0.07498 -0.97917
vn -0.19334 0.06405 0.97904
vn -0.19946 0.04120 -0.97904
vn -0.20091 0.02941 0.97917
vn -0.20537 0.00599 -0.97867
vn -0.20372 -0.00594 0.97901
vn -0.20690 -0.03029 -0.97789
vn -0.20277 -0.04188 0.97833
vn -0.20532 -0.06802 -0.97633
vn -0.19970 -0.07935 0.97664
vn -0.20256 -0.10920 -0.97316
vn -0.19658 -0.12127 0.97296
vn -0.01131 -0.00895 -0.99990
vn -0.00889 -0.00791 0.99993
vn -0.02395 -0.02691 -0.99935
vn -0.09946 -0.12580 0.98706
vn -0.01967 -0.03189 -0.99930
vn -0.01888 -0.03502 0.99921
vn -0.05862 -0.14752 -0.98732
vn -0.01291 -0.03896 0.99916
vn -0.00777 -0.03764 -0.99926
vn -0.02489 -0.17001 0.98513
vn -0.00113 -0.03862 -0.99925
vn 0.00121 -0.04152 0.99914
vn 0.02319 -0.15837 -0.98711
vn 0.03476 -0.16827 0.98513
vn 0.01196 -0.03610 -0.99928
vn 0.01516 -0.03814 0.99916
vn 0.07479 -0.13873 -0.98750
vn 0.02089 -0.03386 0.99921
vn 0.02280 -0.02884 -0.99932
vn 0.10662 -0.11979 0.98706
vn 0.00823 -0.00733 -0.99994
vn 0.00933 -0.00738 0.99993
vn 0.19585 -0.12082 -0.97316
vn 0.20331 -0.10961 0.97296
vn 0.20101 -0.07987 -0.97633
vn 0.20398 -0.06758 0.97664
vn 0.21183 -0.04375 -0.97633
vn 0.21262 -0.03113 0.97664
vn 0.23002 -0.00671 -0.97316
vn 0.23088 0.00673 0.97296
vn 0.01141 0.00167 -0.99993
vn 0.01145 0.00237 0.99993
vn 0.07335 0.02430 -0.99701
vn 0.07211 0.02865 0.99699
vn 0.06743 0.03635 -0.99706
vn 0.06520 0.04022 0.99706
vn 0.06087 0.04812 -0.99699
vn 0.05772 0.05137 0.99701
vn 0.00778 0.00874 -0.99993
vn 0.00715 0.00904 0.99993
vn 0.12127 0.19658 -0.97296
vn 0.10920 0.20256 0.97316
vn 0.07935 0.19970 -0.97664
vn 0.06802 0.20532 0.97633
vn 0.04188 0.20277 -0.97833
vn 0.03029 0.20690 0.97789
vn 0.00594 0.20372 -0.97901
vn -0.00599 0.20537 0.97867
vn -0.02941 0.20091 -0.97917
vn -0.04120 0.19946 0.97904
vn -0.06405 0.19334 -0.97904
vn -0.07498 0.18870 0.97917
vn -0.09750 0.18085 -0.97867
vn -0.10701 0.17346 0.97901
vn -0.12968 0.16403 -0.97789
vn -0.13766 0.15466 0.97833
vn -0.16157 0.14380 -0.97633
vn -0.16857 0.13327 0.97664
vn -0.19585 0.12082 -0.97316
vn -0.20331 0.10961 0.97296
vn -0.01342 0.00533 -0.99990
vn -0.01130 0.00374 0.99993
vn -0.03552 0.00734 -0.99934
vn -0.15868 0.02323 0.98706
vn -0.03764 0.00110 -0.99929
vn -0.03977 -0.00116 0.99921
vn -0.15864 -0.02323 -0.98706
vn -0.04020 -0.00830 0.99916
vn -0.03655 -0.01211 -0.99926
vn -0.15968 -0.06345 0.98513
vn -0.14199 -0.07655 -0.98690
vn -0.03536 -0.02181 0.99914
vn -0.03026 -0.02392 -0.99926
vn -0.12835 -0.11423 0.98513
vn -0.02519 -0.02830 -0.99928
vn -0.02545 -0.03220 0.99916
vn -0.08158 -0.13224 -0.98785
vn -0.01888 -0.03502 0.99921
vn -0.01349 -0.03394 -0.99933
vn -0.05043 -0.15224 0.98706
vn -0.00298 -0.01444 -0.99989
vn -0.00170 -0.01160 0.99993
vn -0.00673 -0.23088 -0.97296
vn 0.00671 -0.23002 0.97316
vn 0.03113 -0.21262 -0.97664
vn 0.04375 -0.21183 0.97633
vn 0.06511 -0.19655 -0.97833
vn 0.07722 -0.19432 0.97789
vn 0.09671 -0.17940 -0.97901
vn 0.10787 -0.17486 0.97867
vn 0.12593 -0.15928 -0.97917
vn 0.13541 -0.15214 0.97904
vn 0.15214 -0.13541 -0.97904
vn 0.15928 -0.12593 0.97917
vn 0.17486 -0.10787 -0.97867
vn 0.17940 -0.09671 0.97901
vn 0.19432 -0.07722 -0.97789
vn 0.19655 -0.06511 0.97833
vn 0.07567 -0.01563 -0.99701
vn 0.07677 -0.01124 0.99699
vn 0.07658 -0.00223 -0.99706
vn 0.07658 0.00223 0.99706
vn 0.07677 0.01124 -0.99699
vn 0.07567 0.01563 0.99701
vn 0.01094 0.00362 -0.99993
vn 0.01036 0.00412 0.99994
vn 0.20256 0.10920 -0.97316
vn 0.19658 0.12127 0.97296
vn 0.16968 0.13414 -0.97633
vn 0.16052 0.14287 0.97664
vn 0.13902 0.15620 -0.97789
vn 0.12841 0.16242 0.97833
vn 0.10787 0.17486 -0.97867
vn 0.09671 0.17940 0.97901
vn 0.07521 0.18928 -0.97904
vn 0.06385 0.19275 0.97917
vn 0.04107 0.19885 -0.97917
vn 0.02951 0.20152 0.97904
vn 0.00594 0.20372 -0.97901
vn -0.00599 0.20537 0.97867
vn -0.03000 0.20487 -0.97833
vn -0.04230 0.20478 0.97789
vn -0.06758 0.20398 -0.97664
vn -0.07987 0.20101 0.97633
vn -0.10961 0.20331 -0.97296
vn -0.12082 0.19585 0.97316
vn -0.00695 0.00879 -0.99994
vn -0.01017 0.01143 0.99988
vn -0.11399 0.10145 -0.98829
vn -0.03048 0.02409 0.99925
vn -0.03163 0.01952 -0.99931
vn -0.03561 0.01920 0.99918
vn -0.03553 0.01412 -0.99927
vn -0.16262 0.05387 0.98522
vn -0.15791 0.03262 -0.98691
vn -0.04098 0.00600 0.99914
vn -0.03862 0.00113 -0.99925
vn -0.17194 -0.00501 0.98509
vn -0.15955 -0.02336 -0.98691
vn -0.04056 -0.00838 0.99914
vn -0.03630 -0.01202 -0.99927
vn -0.15920 -0.06326 0.98522
vn -0.03272 -0.01764 -0.99931
vn -0.03443 -0.02124 0.99918
vn -0.11971 -0.09464 -0.98829
vn -0.02902 -0.02583 0.99925
vn -0.00745 -0.00837 -0.99994
vn -0.00949 -0.01200 0.99988
vn -0.12127 -0.19658 -0.97296
vn -0.10920 -0.20256 0.97316
vn -0.07935 -0.19970 -0.97664
vn -0.06802 -0.20532 0.97633
vn -0.04188 -0.20277 -0.97833
vn -0.03029 -0.20690 0.97789
vn -0.00594 -0.20372 -0.97901
vn 0.00599 -0.20537 0.97867
vn 0.02941 -0.20091 -0.97917
vn 0.04120 -0.19946 0.97904
vn 0.06405 -0.19334 -0.97904
vn 0.07498 -0.18870 0.97917
vn 0.09750 -0.18085 -0.97867
vn 0.10701 -0.17346 0.97901
vn 0.12968 -0.16403 -0.97789
vn 0.13766 -0.15466 0.97833
vn 0.16157 -0.14380 -0.97633
vn 0.16857 -0.13327 0.97664
vn 0.19585 -0.12082 -0.97316
vn 0.20331 -0.10961 0.97296
vn 0.01071 -0.00426 -0.99993
vn 0.01110 -0.00368 0.99993
vn 0.19946 -0.04120 -0.97904
vn 0.20091 -0.02941 0.97917
vn 0.20537 -0.00599 -0.97867
vn 0.20372 0.00594 0.97901
vn 0.20690 0.03029 -0.97789
vn 0.20277 0.04188 0.97833
vn 0.20532 0.06802 -0.97633
vn 0.19970 0.07935 0.97664
vn 0.20256 0.10920 -0.97316
vn 0.19658 0.12127 0.97296
vn 0.00904 0.00715 -0.99993
vn 0.00874 0.00778 0.99993
vn 0.05137 0.05772 -0.99701
vn 0.04812 0.06087 0.99699
vn 0.04022 0.06520 -0.99706
vn 0.03635 0.06743 0.99706
vn 0.02865 0.07211 -0.99699
vn 0.02430 0.07335 0.99701
vn 0.00237 0.01145 -0.99993
vn 0.00167 0.01141 0.99993
vn 0.00673 0.23088 -0.97296
vn -0.00671 0.23002 0.97316
vn -0.03113 0.21262 -0.97664
vn -0.04375 0.21183 0.97633
vn -0.06511 0.19655 -0.97833
vn -0.07722 0.19432 0.97789
vn -0.09671 0.17940 -0.97901
vn -0.10787 0.17486 0.97867
vn -0.12593 0.15928 -0.97917
vn -0.13541 0.15214 0.97904
vn -0.15214 0.13541 -0.97904
vn -0.15928 0.12593 0.97917
vn -0.17486 0.10787 -0.97867
vn -0.17940 0.09671 0.97901
vn -0.19432 0.07722 -0.97789
vn -0.19655 0.06511 0.97833
vn -0.21183 0.04375 -0.97633
vn -0.21262 0.03113 0.97664
vn -0.23002 0.00671 -0.97316
vn -0.23088 -0.00673 0.97296
vn -0.01091 -0.00160 -0.99994
vn -0.01528 -0.00316 0.99988
vn -0.14233 -0.04715 -0.98870
vn -0.03610 -0.01435 0.99925
vn -0.03254 -0.01754 -0.99932
vn -0.03443 -0.02124 0.99918
vn -0.02989 -0.02363 -0.99927
vn -0.12796 -0.11389 0.98522
vn -0.10666 -0.11984 -0.98705
vn -0.02569 -0.03249 0.99914
vn -0.02029 -0.03288 -0.99925
vn -0.08163 -0.15141 0.98509
vn -0.01418 -0.03568 -0.99926
vn -0.01302 -0.03931 0.99914
vn -0.03196 -0.15472 -0.98744
vn -0.02482 -0.16950 0.98522
vn -0.00109 -0.03735 -0.99930
vn 0.00118 -0.04044 0.99918
vn 0.00520 -0.03552 -0.99936
vn 0.00786 -0.03805 0.99925
vn 0.00462 -0.01394 -0.99989
vn 0.00565 -0.01421 0.99988
vn 0.10961 -0.20331 -0.97296
vn 0.12082 -0.19585 0.97316
vn 0.13327 -0.16857 -0.97664
vn 0.14380 -0.16157 0.97633
vn 0.15466 -0.13766 -0.97833
vn 0.16403 -0.12968 0.97789
vn 0.17346 -0.10701 -0.97901
vn 0.18085 -0.09750 0.97867
vn 0.18870 -0.07498 -0.97917
vn 0.19334 -0.06405 0.97904
vn 0.01413 -0.00292 -0.99990
vn 0.01544 -0.00226 0.99988
vn 0.23002 -0.00671 -0.97316
vn 0.23088 0.00673 0.97296
vn 0.21402 0.03133 -0.97633
vn 0.21044 0.04347 0.97664
vn 0.19849 0.06576 -0.97789
vn 0.19242 0.07646 0.97833
vn 0.18085 0.09750 -0.97867
vn 0.17346 0.10700 0.97901
vn 0.15977 0.12631 -0.97904
vn 0.15167 0.13500 0.97917
vn 0.13500 0.15167 -0.97917
vn 0.12631 0.15977 0.97904
vn 0.10700 0.17346 -0.97901
vn 0.09750 0.18085 0.97867
vn 0.07646 0.19242 -0.97833
vn 0.06576 0.19849 0.97789
vn 0.04347 0.21044 -0.97664
vn 0.03133 0.21402 0.97633
vn 0.00673 0.23088 -0.97296
vn -0.00671 0.23002 0.97316
vn -0.00169 0.01157 -0.99993
vn -0.00233 0.01129 0.99993
vn -0.02440 0.07366 -0.99699
vn -0.02853 0.07181 0.99701
vn -0.03635 0.06743 -0.99706
vn -0.04022 0.06520 0.99706
vn -0.04792 0.06062 -0.99701
vn -0.05159 0.05796 0.99699
vn -0.00861 0.00767 -0.99993
vn -0.00917 0.00725 0.99993
vn -0.19585 0.12082 -0.97316
vn -0.20331 0.10961 0.97296
vn -0.20101 0.07987 -0.97633
vn -0.20398 0.06758 0.97664
vn -0.20478 0.04230 -0.97789
vn -0.20487 0.02999 0.97833
vn -0.20537 0.00599 -0.97867
vn -0.20372 -0.00594 0.97901
vn -0.20152 -0.02951 -0.97904
vn -0.19885 -0.04107 0.97917
vn -0.19275 -0.06385 -0.97917
vn -0.18928 -0.07521 0.97904
vn -0.17940 -0.09671 -0.97901
vn -0.17486 -0.10787 0.97867
vn -0.16242 -0.12841 -0.97833
vn -0.15620 -0.13902 0.97789
vn -0.14287 -0.16052 -0.97664
vn -0.13414 -0.16968 0.97633
vn -0.12127 -0.19658 -0.97296
vn -0.10920 -0.20256 0.97316
vn -0.00545 -0.01371 -0.99989
vn -0.00481 -0.01452 0.99988
vn -0.00741 -0.03589 -0.99933
vn -0.00563 -0.03844 0.99925
vn -0.00456 -0.15641 -0.98768
vn 0.00118 -0.04044 0.99918
vn 0.00550 -0.03756 -0.99928
vn 0.03465 -0.16777 0.98522
vn 0.01214 -0.03664 -0.99925
vn 0.01529 -0.03849 0.99914
vn 0.07656 -0.14201 -0.98690
vn 0.09031 -0.14640 0.98509
vn 0.02386 -0.03018 -0.99926
vn 0.02753 -0.03094 0.99914
vn 0.11916 -0.10606 -0.98719
vn 0.13438 -0.10624 0.98522
vn 0.03197 -0.01972 -0.99929
vn 0.03561 -0.01920 0.99918
vn 0.03359 -0.01335 -0.99935
vn 0.03688 -0.01222 0.99925
vn 0.07567 -0.01563 -0.99701
vn 0.07677 -0.01124 0.99699
vn 0.07658 -0.00223 -0.99706
vn 0.07658 0.00223 0.99706
vn 0.01021 0.00150 -0.99995
vn 0.07567 0.01563 0.99701
vn 0.07335 0.02430 -0.99701
vn 0.00959 0.00381 0.99995
vn 0.06743 0.03635 -0.99706
vn 0.06520 0.04022 0.99706
vn 0.06087 0.04812 -0.99699
vn 0.05772 0.05137 0.99701
vn 0.00773 0.00868 -0.99993
vn 0.00640 0.00810 0.99995
vn 0.05901 0.09565 -0.99366
vn 0.03635 0.06743 0.99706
vn 0.04279 0.10769 -0.99326
vn 0.02430 0.07335 0.99701
vn 0.02509 0.12147 -0.99228
vn 0.00143 0.00977 0.99995
vn 0.00404 0.13854 -0.99035
vn -0.00223 0.07658 0.99706
vn -0.00074 0.00503 -0.99999
vn -0.00209 0.01011 0.99995
vn -0.02974 0.08978 -0.99552
vn -0.02853 0.07181 0.99701
vn -0.04065 0.07541 -0.99632
vn -0.04022 0.06520 0.99706
vn -0.04987 0.06308 -0.99676
vn -0.00686 0.00771 0.99995
vn -0.05796 0.05159 -0.99699
vn -0.06062 0.04792 0.99701
vn -0.06520 0.04022 -0.99706
vn -0.06743 0.03635 0.99706
vn -0.00918 0.00365 -0.99995
vn -0.01024 0.00339 0.99994
vn -0.07567 0.01563 -0.99701
vn -0.07677 0.01124 0.99699
vn -0.07658 0.00223 -0.99706
vn -0.07658 -0.00223 0.99706
vn -0.01021 -0.00150 -0.99995
vn -0.07567 -0.01563 0.99701
vn -0.07335 -0.02430 -0.99701
vn -0.00959 -0.00381 0.99995
vn -0.06743 -0.03635 -0.99706
vn -0.06520 -0.04022 0.99706
vn -0.00810 -0.00640 -0.99995
vn -0.05772 -0.05137 0.99701
vn -0.05137 -0.05772 -0.99701
vn -0.00640 -0.00810 0.99995
vn -0.04022 -0.06520 -0.99706
vn -0.03635 -0.06743 0.99706
vn -0.00398 -0.01003 -0.99994
vn -0.02430 -0.07335 0.99701
vn -0.01570 -0.07599 -0.99699
vn -0.00150 -0.01021 0.99995
vn -0.00168 -0.05746 -0.99835
vn 0.00168 -0.05746 0.99835
vn 0.01124 -0.07677 -0.99699
vn 0.00209 -0.01011 0.99995
vn 0.00339 -0.01024 -0.99994
vn 0.02853 -0.07181 0.99701
vn 0.03635 -0.06743 -0.99706
vn 0.04022 -0.06520 0.99706
vn 0.04792 -0.06062 -0.99701
vn 0.00686 -0.00771 0.99995
vn 0.00771 -0.00686 -0.99995
vn 0.06062 -0.04792 0.99701
vn 0.06520 -0.04022 -0.99706
vn 0.06743 -0.03635 0.99706
vn 0.00918 -0.00365 -0.99995
vn 0.01024 -0.00339 0.99994
vn 0.14812 -0.03059 -0.98850
vn 0.15868 -0.02323 0.98706
vn 0.03705 -0.00108 -0.99931
vn 0.03977 0.00116 0.99921
vn 0.15425 0.02258 -0.98777
vn 0.04020 0.00830 0.99916
vn 0.14954 0.04954 -0.98751
vn 0.15968 0.06345 0.98513
vn 0.14542 0.07840 -0.98626
vn 0.03536 0.02181 0.99914
vn 0.14159 0.11194 -0.98358
vn 0.12835 0.11423 0.98513
vn 0.13772 0.15473 -0.97831
vn 0.02545 0.03220 0.99916
vn 0.13322 0.21594 -0.96728
vn 0.01888 0.03502 0.99921
vn 0.12638 0.31807 -0.93961
vn 0.05043 0.15224 0.98706
vn 0.10944 0.52984 -0.84101
vn 0.00170 0.01160 0.99993
vn 0.00023 0.00772 -0.99997
vn -0.00671 0.23002 0.97316
vn -0.03113 0.21262 -0.97664
vn -0.04375 0.21183 0.97633
vn -0.02502 0.07551 -0.99683
vn -0.07722 0.19432 0.97789
vn -0.14921 0.27678 -0.94928
vn -0.10787 0.17486 0.97867
vn -0.18205 0.23027 -0.95595
vn -0.13541 0.15214 0.97904
vn -0.21338 0.18992 -0.95833
vn -0.15928 0.12593 0.97917
vn -0.24610 0.15182 -0.95728
vn -0.17940 0.09671 0.97901
vn -0.28322 0.11254 -0.95243
vn -0.19655 0.06511 0.97833
vn -0.21183 0.04375 -0.97633
vn -0.21262 0.03113 0.97664
vn -0.23002 0.00671 -0.97316
vn -0.23088 -0.00673 0.97296
vn -0.01136 -0.00166 -0.99993
vn -0.01145 -0.00237 0.99993
vn -0.07335 -0.02430 -0.99701
vn -0.07211 -0.02865 0.99699
vn -0.06743 -0.03635 -0.99706
vn -0.06520 -0.04022 0.99706
vn -0.06087 -0.04812 -0.99699
vn -0.05772 -0.05137 0.99701
vn -0.00778 -0.00874 -0.99993
vn -0.00715 -0.00904 0.99993
vn -0.12127 -0.19658 -0.97296
vn -0.10920 -0.20256 0.97316
vn -0.07935 -0.19970 -0.97664
vn -0.06802 -0.20532 0.97633
vn -0.04188 -0.20277 -0.97833
vn -0.03029 -0.20690 0.97789
vn -0.00594 -0.20372 -0.97901
vn 0.00599 -0.20537 0.97867
vn 0.02941 -0.20091 -0.97917
vn 0.04120 -0.19946 0.97904
vn 0.06405 -0.19334 -0.97904
vn 0.07498 -0.18870 0.97917
vn 0.09750 -0.18085 -0.97867
vn 0.10701 -0.17346 0.97901
vn 0.12968 -0.16403 -0.97789
vn 0.13766 -0.15466 0.97833
vn 0.16157 -0.14380 -0.97633
vn 0.16857 -0.13327 0.97664
vn 0.19585 -0.12082 -0.97316
vn 0.20331 -0.10961 0.97296
vn 0.01025 -0.00407 -0.99994
vn 0.01130 -0.00374 0.99993
vn 0.19946 -0.04120 -0.97904
vn 0.20091 -0.02941 0.97917
vn 0.20537 -0.00599 -0.97867
vn 0.20372 0.00594 0.97901
vn 0.20690 0.03029 -0.97789
vn 0.20277 0.04188 0.97833
vn 0.20532 0.06802 -0.97633
vn 0.19970 0.07935 0.97664
vn 0.20256 0.10920 -0.97316
vn 0.19658 0.12127 0.97296
vn 0.00865 0.00684 -0.99994
vn 0.00889 0.00791 0.99993
vn 0.02444 0.02746 -0.99932
vn 0.09946 0.12580 0.98706
vn 0.08275 0.13413 -0.98750
vn 0.01888 0.03502 0.99921
vn 0.01404 0.03535 -0.99928
vn 0.01291 0.03896 0.99916
vn 0.03238 0.15675 -0.98711
vn 0.02489 0.17001 0.98513
vn 0.00011 0.00377 -0.99999
vn -0.00048 0.01633 0.99987
vn -0.05260 0.35923 -0.93176
vn -0.00122 0.00588 0.99998
vn -0.06416 0.19368 -0.97896
vn -0.07471 0.18802 0.97932
vn -0.01038 0.01925 -0.99976
vn -0.01114 0.01805 0.99978
vn -0.25991 0.32876 -0.90794
vn -0.21738 0.24423 0.94504
vn -0.24446 0.21758 -0.94493
vn -0.20594 0.16282 0.96492
vn -0.23504 0.14500 -0.96111
vn -0.20331 0.10961 0.97296
vn -0.22935 0.09113 -0.96907
vn -0.20398 0.06758 0.97664
vn -0.22615 0.04671 -0.97297
vn -0.20487 0.03000 0.97833
vn -0.08741 0.00255 -0.99617
vn -0.20372 -0.00594 0.97901
vn -0.20152 -0.02951 -0.97904
vn -0.19885 -0.04107 0.97917
vn -0.19275 -0.06385 -0.97917
vn -0.18928 -0.07521 0.97904
vn -0.17940 -0.09671 -0.97901
vn -0.17486 -0.10787 0.97867
vn -0.16242 -0.12841 -0.97833
vn -0.15620 -0.13902 0.97789
vn -0.14287 -0.16052 -0.97664
vn -0.13414 -0.16968 0.97633
vn -0.12127 -0.19658 -0.97296
vn -0.10920 -0.20256 0.97316
vn -0.09694 -0.24398 -0.96492
vn -0.00363 -0.01094 0.99993
vn -0.06614 -0.32020 -0.94504
vn -0.01119 -0.07646 0.99701
vn -0.00095 -0.03255 -0.99947
vn 0.00223 -0.07658 0.99706
vn 0.04737 -0.32351 -0.94504
vn 0.02344 -0.11349 0.99326
vn 0.08256 -0.24921 -0.96492
vn 0.00426 -0.01071 0.99993
vn 0.10961 -0.20331 -0.97296
vn 0.12082 -0.19585 0.97316
vn 0.13327 -0.16857 -0.97664
vn 0.14380 -0.16157 0.97633
vn 0.15466 -0.13766 -0.97833
vn 0.16403 -0.12968 0.97789
vn 0.17346 -0.10701 -0.97901
vn 0.18085 -0.09750 0.97867
vn 0.18870 -0.07498 -0.97917
vn 0.19334 -0.06405 0.97904
vn 0.07803 -0.01612 -0.99682
vn 0.01157 -0.00169 0.99993
vn 0.08423 -0.00246 -0.99644
vn 0.23088 0.00673 0.97296
vn 0.09104 0.01333 -0.99576
vn 0.21044 0.04347 0.97664
vn 0.00466 0.00154 -0.99999
vn 0.19242 0.07646 0.97833
vn 0.06514 0.03512 -0.99726
vn 0.17346 0.10700 0.97901
vn 0.06341 0.05013 -0.99673
vn 0.15167 0.13500 0.97917
vn 0.06147 0.06906 -0.99572
vn 0.12631 0.15977 0.97904
vn 0.05901 0.09565 -0.99366
vn 0.09750 0.18085 0.97867
vn 0.05528 0.13913 -0.98873
vn 0.06576 0.19849 0.97789
vn 0.04765 0.23071 -0.97186
vn 0.03133 0.21402 0.97633
vn 0.00053 0.01805 -0.99984
vn -0.00671 0.23002 0.97316
vn -0.00214 0.01459 -0.99989
vn -0.00237 0.01148 0.99993
vn -0.01149 0.03467 -0.99933
vn -0.05922 0.14904 0.98706
vn -0.07373 0.13677 -0.98785
vn -0.02089 0.03386 0.99921
vn -0.02350 0.02972 -0.99928
vn -0.02729 0.03066 0.99916
vn -0.02881 0.02564 -0.99926
vn -0.13478 0.10656 0.98513
vn -0.13728 0.08469 -0.98690
vn -0.03657 0.01971 0.99914
vn -0.03578 0.01422 -0.99926
vn -0.16310 0.05403 0.98513
vn -0.15701 0.03243 -0.98706
vn -0.04061 0.00595 0.99916
vn -0.03764 0.00110 -0.99929
vn -0.03977 -0.00116 0.99921
vn -0.03589 -0.00525 -0.99934
vn -0.15706 -0.03244 0.98706
vn -0.01371 -0.00454 -0.99990
vn -0.01106 -0.00439 0.99993
vn -0.20256 -0.10920 -0.97316
vn -0.19658 -0.12127 0.97296
vn -0.16968 -0.13414 -0.97633
vn -0.16052 -0.14287 0.97664
vn -0.13902 -0.15620 -0.97789
vn -0.12841 -0.16242 0.97833
vn -0.10787 -0.17486 -0.97867
vn -0.09671 -0.17940 0.97901
vn -0.07521 -0.18928 -0.97904
vn -0.06385 -0.19275 0.97917
vn -0.04107 -0.19885 -0.97917
vn -0.02951 -0.20152 0.97904
vn -0.00594 -0.20372 -0.97901
vn 0.00599 -0.20537 0.97867
vn 0.02999 -0.20487 -0.97833
vn 0.04230 -0.20478 0.97789
vn 0.06758 -0.20398 -0.97664
vn 0.07987 -0.20101 0.97633
vn 0.10961 -0.20331 -0.97296
vn 0.12082 -0.19585 0.97316
vn 0.00726 -0.00918 -0.99993
vn 0.00767 -0.00861 0.99993
vn 0.08656 -0.07704 -0.99326
vn 0.06062 -0.04792 0.99701
vn 0.06520 -0.04022 -0.99706
vn 0.06743 -0.03635 0.99706
vn 0.07181 -0.02853 -0.99701
vn 0.07366 -0.02440 0.99699
vn 0.77442 -0.05689 -0.63011
vn 0.77116 0.00000 -0.63665
vn 0.78382 -0.12556 -0.60816
vn 0.63507 -0.15844 -0.75603
vn 0.72700 -0.23917 -0.64364
vn 0.71665 -0.29555 -0.63171
vn 0.70742 -0.36518 -0.60515
vn 0.65752 -0.41436 -0.62926
vn 0.61917 -0.45683 -0.63869
vn 0.58130 -0.49862 -0.64301
vn 0.49614 -0.50498 -0.70629
vn 0.49262 -0.59608 -0.63404
vn 0.44563 -0.62776 -0.63822
vn 0.39912 -0.65985 -0.63663
vn 0.35452 -0.71755 -0.59953
vn 0.27977 -0.71532 -0.64035
vn 0.19316 -0.62557 -0.75588
vn 0.17286 -0.75124 -0.63700
vn 0.11177 -0.78633 -0.60761
vn 0.04237 -0.76954 -0.63719
vn -0.01425 -0.77710 -0.62922
vn -0.07046 -0.76653 -0.63834
vn -0.14007 -0.78539 -0.60294
vn -0.16865 -0.62683 -0.76068
vn -0.25496 -0.72968 -0.63448
vn -0.30642 -0.70600 -0.63849
vn -0.37981 -0.70497 -0.59897
vn -0.42282 -0.64445 -0.63711
vn -0.47151 -0.61514 -0.63189
vn -0.50870 -0.57150 -0.64390
vn -0.51379 -0.48729 -0.70609
vn -0.60078 -0.47824 -0.64058
vn -0.64137 -0.43783 -0.63004
vn -0.66708 -0.38697 -0.63660
vn -0.71930 -0.33972 -0.60597
vn -0.72537 -0.26848 -0.63385
vn -0.62875 -0.18159 -0.75611
vn -0.74915 -0.15797 -0.64329
vn -0.79329 -0.09851 -0.60082
vn -0.77037 -0.02826 -0.63697
vn -0.77037 0.02826 -0.63697
vn -0.79329 0.09851 -0.60082
vn -0.74915 0.15797 -0.64329
vn -0.62875 0.18159 -0.75611
vn -0.72537 0.26848 -0.63385
vn -0.71930 0.33972 -0.60597
vn -0.66708 0.38697 -0.63660
vn -0.64137 0.43783 -0.63004
vn -0.60078 0.47824 -0.64058
vn -0.44336 0.42049 -0.79159
vn -0.49345 0.55437 -0.67021
vn -0.45636 0.59537 -0.66126
vn -0.41551 0.63330 -0.65290
vn -0.37520 0.69641 -0.61175
vn -0.30640 0.70594 -0.63856
vn -0.25540 0.73092 -0.63288
vn -0.20214 0.75131 -0.62823
vn -0.14106 0.79091 -0.59545
vn -0.07164 0.77933 -0.62251
vn -0.01436 0.78322 -0.62158
vn 0.04237 0.76954 -0.63719
vn 0.11177 0.78633 -0.60761
vn 0.17286 0.75124 -0.63700
vn 0.19316 0.62557 -0.75588
vn 0.28190 0.72076 -0.63328
vn 0.35603 0.72062 -0.59494
vn 0.40421 0.66827 -0.62453
vn 0.45129 0.63574 -0.62624
vn 0.49517 0.59917 -0.62913
vn 0.55956 0.56952 -0.60211
vn 0.58424 0.50114 -0.63837
vn 0.50340 0.37141 -0.78015
vn 0.65592 0.41335 -0.63159
vn 0.70951 0.36626 -0.60204
vn 0.68176 0.28117 -0.67539
vn 0.72700 0.23917 -0.64364
vn 0.63507 0.15844 -0.75603
vn 0.78382 0.12556 -0.60816
vn 0.77442 0.05689 -0.63011
vn 0.07707 0.00519 0.99701
vn 0.07830 -0.00104 0.99693
vn 0.07944 0.01183 0.99677
vn 0.03085 0.00717 0.99950
vn 0.06963 0.02222 0.99733
vn 0.07597 0.03118 0.99662
vn 0.06958 0.03534 0.99695
vn 0.06651 0.04082 0.99695
vn 0.06630 0.04845 0.99662
vn 0.05535 0.04773 0.99733
vn 0.02224 0.02255 0.99950
vn 0.05162 0.06153 0.99677
vn 0.04472 0.06298 0.99701
vn 0.04005 0.06729 0.99693
vn 0.03404 0.06934 0.99701
vn 0.02948 0.07471 0.99677
vn 0.00922 0.03030 0.99950
vn 0.01557 0.07141 0.99733
vn 0.01098 0.08138 0.99662
vn 0.00418 0.07792 0.99695
vn -0.00245 0.09107 0.99584
vn -0.00963 0.08924 0.99596
vn -0.01517 0.07973 0.99670
vn -0.02236 0.08125 0.99644
vn -0.02742 0.07532 0.99678
vn -0.03146 0.06866 0.99714
vn -0.03451 0.06165 0.99750
vn -0.03662 0.05459 0.99784
vn -0.03791 0.04772 0.99814
vn -0.01241 0.01327 0.99983
vn -0.05405 0.04919 0.99733
vn -0.06498 0.05020 0.99662
vn -0.06539 0.04258 0.99695
vn -0.06861 0.03718 0.99695
vn -0.07511 0.03319 0.99662
vn -0.06901 0.02407 0.99733
vn -0.03065 0.00799 0.99950
vn -0.07910 0.01394 0.99677
vn -0.07690 0.00724 0.99701
vn -0.07830 0.00104 0.99693
vn -0.07707 -0.00519 0.99701
vn -0.07944 -0.01183 0.99677
vn -0.03085 -0.00717 0.99950
vn -0.06963 -0.02222 0.99733
vn -0.07597 -0.03118 0.99662
vn -0.06958 -0.03534 0.99695
vn -0.06651 -0.04082 0.99695
vn -0.06630 -0.04845 0.99662
vn -0.05535 -0.04773 0.99733
vn -0.02224 -0.02255 0.99950
vn -0.05162 -0.06153 0.99677
vn -0.04472 -0.06298 0.99701
vn -0.04005 -0.06729 0.99693
vn -0.03404 -0.06934 0.99701
vn -0.02948 -0.07471 0.99677
vn -0.00922 -0.03030 0.99950
vn -0.01557 -0.07141 0.99733
vn -0.01098 -0.08138 0.99662
vn -0.00418 -0.07792 0.99695
vn 0.00210 -0.07801 0.99695
vn 0.00881 -0.08164 0.99662
vn 0.01366 -0.07180 0.99733
vn 0.00841 -0.03054 0.99950
vn 0.02748 -0.07547 0.99677
vn 0.03218 -0.07022 0.99701
vn 0.03825 -0.06833 0.99693
vn 0.04303 -0.06415 0.99701
vn 0.04996 -0.06289 0.99677
vn 0.02163 -0.02313 0.99950
vn 0.03065 -0.00799 0.99950
vn 0.06901 -0.02407 0.99733
vn 0.05405 -0.04919 0.99733
vn 0.06498 -0.05020 0.99662
vn 0.06539 -0.04258 0.99695
vn 0.06861 -0.03718 0.99695
vn 0.07511 -0.03319 0.99662
vn 0.07910 -0.01394 0.99677
vn 0.07690 -0.00724 0.99701
vn -0.99734 -0.06822 -0.02564
vn -0.99960 0.01225 -0.02564
vn -0.99537 0.09265 -0.02564
vn -0.98469 0.17244 -0.02564
vn -0.96762 0.25111 -0.02564
vn -0.94427 0.32816 -0.02564
vn -0.91481 0.40308 -0.02564
vn -0.87940 0.47538 -0.02564
vn -0.83830 0.54460 -0.02564
vn -0.79176 0.61029 -0.02564
vn -0.74008 0.67203 -0.02564
vn -0.68361 0.72940 -0.02564
vn -0.62270 0.78204 -0.02564
vn -0.55775 0.82961 -0.02564
vn -0.48919 0.87180 -0.02564
vn -0.41745 0.90834 -0.02564
vn -0.34301 0.93898 -0.02564
vn -0.26634 0.96354 -0.02564
vn -0.18794 0.98185 -0.02564
vn -0.10833 0.99378 -0.02564
vn -0.02801 0.99928 -0.02564
vn 0.05249 0.99829 -0.02564
vn 0.13265 0.99083 -0.02564
vn 0.21195 0.97694 -0.02564
vn 0.28987 0.95672 -0.02564
vn 0.36592 0.93029 -0.02564
vn 0.43959 0.89783 -0.02564
vn 0.51041 0.85955 -0.02564
vn 0.57792 0.81569 -0.02564
vn 0.64168 0.76654 -0.02564
vn 0.70128 0.71242 -0.02564
vn 0.75633 0.65368 -0.02564
vn 0.80648 0.59070 -0.02564
vn 0.85140 0.52390 -0.02564
vn 0.89079 0.45369 -0.02564
vn 0.92441 0.38054 -0.02564
vn 0.95203 0.30492 -0.02564
vn 0.97348 0.22732 -0.02564
vn 0.98862 0.14825 -0.02564
vn 0.99734 0.06822 -0.02564
vn 0.99960 -0.01225 -0.02564
vn 0.99537 -0.09265 -0.02564
vn 0.98469 -0.17244 -0.02564
vn 0.96762 -0.25111 -0.02564
vn 0.94427 -0.32816 -0.02564
vn 0.91481 -0.40308 -0.02564
vn 0.87940 -0.47538 -0.02564
vn 0.83830 -0.54460 -0.02564
vn 0.79176 -0.61029 -0.02564
vn 0.74008 -0.67203 -0.02564
vn 0.68361 -0.72940 -0.02564
vn 0.62270 -0.78204 -0.02564
vn 0.55775 -0.82961 -0.02564
vn 0.48919 -0.87180 -0.02564
vn 0.41745 -0.90834 -0.02564
vn 0.34301 -0.93898 -0.02564
vn 0.26634 -0.96354 -0.02564
vn 0.18794 -0.98185 -0.02564
vn 0.10833 -0.99378 -0.02564
vn 0.02801 -0.99928 -0.02564
vn -0.05249 -0.99829 -0.02564
vn -0.13265 -0.99083 -0.02564
vn -0.21195 -0.97694 -0.02564
vn -0.28987 -0.95672 -0.02564
vn -0.36592 -0.93029 -0.02564
vn -0.43959 -0.89783 -0.02564
vn -0.51041 -0.85955 -0.02564
vn -0.57792 -0.81569 -0.02564
vn -0.64168 -0.76654 -0.02564
vn -0.70128 -0.71242 -0.02564
vn -0.75633 -0.65368 -0.02564
vn -0.80648 -0.59070 -0.02564
vn -0.85140 -0.52390 -0.02564
vn -0.89079 -0.45369 -0.02564
vn -0.92441 -0.38054 -0.02564
vn -0.95203 -0.30492 -0.02564
vn -0.97348 -0.22732 -0.02564
vn -0.98862 -0.14825 -0.02564
vn -0.99304 -0.07367 -0.09185
vn 0.99453 0.05160 -0.09079
vn -0.99243 -0.01050 -0.12238
vn 0.99808 -0.01035 -0.06099
vn 0.99325 -0.07222 -0.09079
vn 0.98940 0.11333 -0.09076
vn -0.98637 -0.13650 -0.09188
vn 0.98045 0.17462 -0.09073
vn -0.97572 -0.19879 -0.09191
vn 0.96770 0.23524 -0.09070
vn -0.96115 -0.26027 -0.09194
vn 0.95120 0.29495 -0.09067
vn -0.94270 -0.32070 -0.09197
vn 0.93103 0.35351 -0.09065
vn -0.92046 -0.37985 -0.09199
vn 0.90725 0.41071 -0.09062
vn -0.89452 -0.43746 -0.09202
vn 0.87996 0.46632 -0.09060
vn -0.86497 -0.49331 -0.09204
vn 0.84927 0.52013 -0.09058
vn -0.83194 -0.54718 -0.09206
vn 0.81529 0.57192 -0.09056
vn -0.79556 -0.59884 -0.09208
vn 0.77816 0.62150 -0.09054
vn -0.75597 -0.64809 -0.09210
vn 0.73802 0.66868 -0.09053
vn -0.71335 -0.69473 -0.09212
vn 0.69502 0.71327 -0.09051
vn -0.66785 -0.73857 -0.09214
vn 0.64933 0.75510 -0.09050
vn -0.61966 -0.77944 -0.09215
vn 0.60113 0.79401 -0.09048
vn -0.56897 -0.81717 -0.09217
vn 0.55061 0.82985 -0.09047
vn -0.51600 -0.85161 -0.09218
vn 0.49795 0.86247 -0.09046
vn -0.46095 -0.88263 -0.09219
vn 0.44337 0.89176 -0.09045
vn -0.40404 -0.91008 -0.09220
vn 0.38707 0.91760 -0.09044
vn -0.34550 -0.93388 -0.09221
vn 0.32928 0.93989 -0.09043
vn -0.28558 -0.95391 -0.09222
vn 0.27021 0.95855 -0.09043
vn -0.22450 -0.97010 -0.09222
vn 0.21009 0.97349 -0.09042
vn -0.16252 -0.98239 -0.09223
vn 0.14916 0.98467 -0.09042
vn -0.09989 -0.99071 -0.09223
vn 0.08766 0.99204 -0.09042
vn -0.03685 -0.99506 -0.09223
vn 0.02582 0.99557 -0.09042
vn 0.02633 -0.99539 -0.09223
vn -0.03613 0.99525 -0.09042
vn 0.08941 -0.99172 -0.09223
vn -0.09793 0.99108 -0.09042
vn 0.15213 -0.98405 -0.09223
vn -0.15936 0.98307 -0.09042
vn 0.21424 -0.97242 -0.09222
vn -0.22017 0.97126 -0.09042
vn 0.27548 -0.95687 -0.09222
vn -0.28012 0.95569 -0.09043
vn 0.33561 -0.93748 -0.09221
vn -0.33900 0.93643 -0.09044
vn 0.39440 -0.91430 -0.09220
vn -0.39656 0.91354 -0.09044
vn 0.45159 -0.88745 -0.09219
vn -0.45259 0.88712 -0.09045
vn 0.50697 -0.85702 -0.09218
vn -0.50686 0.85727 -0.09046
vn 0.56030 -0.82314 -0.09217
vn -0.55918 0.82410 -0.09048
vn 0.61138 -0.78595 -0.09216
vn -0.60933 0.78774 -0.09049
vn 0.66000 -0.74559 -0.09214
vn -0.65712 0.74833 -0.09050
vn 0.70596 -0.70223 -0.09213
vn -0.70237 0.70603 -0.09052
vn 0.74908 -0.65605 -0.09211
vn -0.74491 0.66100 -0.09053
vn 0.78918 -0.60722 -0.09209
vn -0.78456 0.61341 -0.09055
vn 0.82611 -0.55594 -0.09207
vn -0.82118 0.56344 -0.09057
vn 0.85970 -0.50243 -0.09205
vn -0.85461 0.51130 -0.09059
vn 0.88984 -0.44689 -0.09203
vn -0.88475 0.45718 -0.09061
vn 0.91640 -0.38956 -0.09200
vn -0.91146 0.40129 -0.09064
vn 0.93926 -0.33065 -0.09198
vn -0.93464 0.34385 -0.09066
vn 0.95834 -0.27041 -0.09195
vn -0.95421 0.28507 -0.09069
vn 0.97357 -0.20909 -0.09192
vn -0.97008 0.22520 -0.09071
vn 0.98487 -0.14692 -0.09190
vn -0.98220 0.16445 -0.09074
vn 0.99221 -0.08416 -0.09186
vn -0.99052 0.10307 -0.09077
vn 0.99226 -0.02099 -0.12238
vn -0.99728 0.04139 -0.06099
vn -0.99566 -0.02065 -0.09080
vn 0.99488 0.04212 -0.09183
vn -0.99245 -0.08251 -0.09077
vn 0.99021 0.10514 -0.09186
vn -0.98540 -0.14405 -0.09074
vn 0.98154 0.16773 -0.09190
vn -0.97454 -0.20503 -0.09071
vn 0.96892 0.22964 -0.09192
vn -0.95991 -0.26522 -0.09069
vn 0.95241 0.29063 -0.09195
vn -0.94157 -0.32439 -0.09066
vn 0.93205 0.35045 -0.09198
vn -0.91958 -0.38230 -0.09064
vn 0.90795 0.40886 -0.09200
vn -0.89404 -0.43873 -0.09061
vn 0.88019 0.46562 -0.09203
vn -0.86504 -0.49346 -0.09059
vn 0.84888 0.52051 -0.09205
vn -0.83269 -0.54629 -0.09057
vn 0.81416 0.57330 -0.09207
vn -0.79711 -0.59700 -0.09055
vn 0.77616 0.62378 -0.09209
vn -0.75846 -0.64540 -0.09053
vn 0.73503 0.67175 -0.09211
vn -0.71687 -0.69131 -0.09052
vn 0.69094 0.71701 -0.09213
vn -0.67250 -0.73454 -0.09050
vn 0.64408 0.75939 -0.09214
vn -0.62554 -0.77493 -0.09049
vn 0.59461 0.79871 -0.09216
vn -0.57615 -0.81232 -0.09048
vn 0.54276 0.83482 -0.09217
vn -0.52453 -0.84657 -0.09046
vn 0.48872 0.86756 -0.09218
vn -0.47089 -0.87754 -0.09045
vn 0.43271 0.89681 -0.09219
vn -0.41542 -0.90512 -0.09044
vn 0.37496 0.92244 -0.09220
vn -0.35835 -0.92920 -0.09044
vn 0.31570 0.94437 -0.09221
vn -0.29989 -0.94968 -0.09043
vn 0.25517 0.96249 -0.09222
vn -0.24027 -0.96649 -0.09042
vn 0.19361 0.97673 -0.09222
vn -0.17972 -0.97955 -0.09042
vn 0.13127 0.98705 -0.09223
vn -0.11847 -0.98883 -0.09042
vn 0.06840 0.99339 -0.09223
vn -0.05676 -0.99429 -0.09042
vn 0.00526 0.99572 -0.09223
vn 0.00516 -0.99589 -0.09042
vn -0.05790 0.99405 -0.09223
vn 0.06706 -0.99364 -0.09042
vn -0.12083 0.98838 -0.09223
vn 0.12871 -0.98755 -0.09042
vn -0.18327 0.97873 -0.09223
vn 0.18986 -0.97764 -0.09042
vn -0.24498 0.96513 -0.09222
vn 0.25027 -0.96394 -0.09043
vn -0.30570 0.94765 -0.09222
vn 0.30971 -0.94652 -0.09043
vn -0.36519 0.92636 -0.09221
vn 0.36796 -0.92543 -0.09044
vn -0.42321 0.90133 -0.09220
vn 0.42478 -0.90077 -0.09045
vn -0.47952 0.87267 -0.09219
vn 0.47996 -0.87262 -0.09046
vn -0.53390 0.84051 -0.09218
vn 0.53328 -0.84109 -0.09047
vn -0.58614 0.80495 -0.09217
vn 0.58454 -0.80631 -0.09048
vn -0.63601 0.76616 -0.09215
vn 0.63353 -0.76841 -0.09050
vn -0.68333 0.72428 -0.09214
vn 0.68008 -0.72753 -0.09051
vn -0.72789 0.67948 -0.09212
vn 0.72399 -0.68384 -0.09053
vn -0.76952 0.63195 -0.09210
vn 0.76510 -0.63751 -0.09054
vn -0.80805 0.58187 -0.09208
vn 0.80326 -0.58871 -0.09056
vn -0.84333 0.52945 -0.09206
vn 0.83830 -0.53763 -0.09058
vn -0.87521 0.47490 -0.09204
vn 0.87010 -0.48447 -0.09060
vn -0.90357 0.41843 -0.09202
vn 0.89854 -0.42944 -0.09062
vn -0.92830 0.36028 -0.09199
vn 0.92349 -0.37275 -0.09065
vn -0.94928 0.30068 -0.09197
vn 0.94488 -0.31461 -0.09067
vn -0.96644 0.23987 -0.09194
vn 0.96261 -0.25526 -0.09070
vn -0.97971 0.17809 -0.09191
vn 0.97661 -0.19492 -0.09073
vn -0.98904 0.11560 -0.09188
vn 0.98684 -0.13383 -0.09076
vn -0.99438 0.05264 -0.09185
vn 0.95447 0.00477 0.29827
vn 0.93890 -0.05098 0.34040
vn 0.93360 -0.11200 0.34036
vn 0.92432 -0.17255 0.34038
vn 0.91110 -0.23237 0.34044
vn 0.91012 -0.28758 0.29828
vn 0.87784 -0.33695 0.34038
vn 0.85405 -0.39339 0.34036
vn 0.82661 -0.44816 0.34040
vn 0.81127 -0.50287 0.29827
vn 0.76876 -0.54142 0.34041
vn 0.73188 -0.59034 0.34037
vn 0.69189 -0.63674 0.34037
vn 0.64895 -0.68042 0.34043
vn 0.61843 -0.72703 0.29828
vn 0.56526 -0.75141 0.34039
vn 0.51514 -0.78663 0.34036
vn 0.46282 -0.81849 0.34039
vn 0.42033 -0.85694 0.29828
vn 0.36430 -0.86683 0.34043
vn 0.30709 -0.88873 0.34037
vn 0.24857 -0.90684 0.34037
vn 0.18899 -0.92109 0.34041
vn 0.13789 -0.94447 0.29827
vn 0.08039 -0.93684 0.34040
vn 0.01922 -0.94010 0.34036
vn -0.04204 -0.93935 0.34038
vn -0.10311 -0.93459 0.34045
vn -0.15779 -0.94134 0.29829
vn -0.21130 -0.91624 0.34038
vn -0.27051 -0.90054 0.34036
vn -0.32857 -0.88100 0.34040
vn -0.38476 -0.87349 0.29827
vn -0.42898 -0.83672 0.34041
vn -0.48256 -0.80702 0.34036
vn -0.53408 -0.77389 0.34037
vn -0.58333 -0.73745 0.34043
vn -0.63364 -0.71382 0.29828
vn -0.66529 -0.66448 0.34038
vn -0.70715 -0.61975 0.34036
vn -0.74599 -0.57239 0.34039
vn -0.78992 -0.53578 0.29828
vn -0.80759 -0.48156 0.34042
vn -0.83725 -0.42797 0.34037
vn -0.86334 -0.37254 0.34037
vn -0.88575 -0.31553 0.34042
vn -0.91599 -0.26831 0.29827
vn -0.91649 -0.21018 0.34039
vn -0.92824 -0.15006 0.34036
vn -0.93604 -0.08930 0.34038
vn -0.93984 -0.02817 0.34045
vn -0.95415 0.02491 0.29829
vn -0.93675 0.08153 0.34037
vn -0.92946 0.14235 0.34036
vn -0.91820 0.20257 0.34040
vn -0.91863 0.25913 0.29827
vn -0.88834 0.30817 0.34041
vn -0.86641 0.36537 0.34036
vn -0.84077 0.42100 0.34037
vn -0.81156 0.47484 0.34043
vn -0.79524 0.52785 0.29828
vn -0.75072 0.56618 0.34038
vn -0.71227 0.61386 0.34036
vn -0.67078 0.65893 0.34039
vn -0.64074 0.70744 0.29828
vn -0.58943 0.73259 0.34042
vn -0.54049 0.76943 0.34037
vn -0.48924 0.80299 0.34037
vn -0.43591 0.83313 0.34042
vn -0.39348 0.86960 0.29827
vn -0.33587 0.87825 0.34039
vn -0.27798 0.89827 0.34036
vn -0.21890 0.91445 0.34038
vn -0.16720 0.93972 0.29829
vn -0.11086 0.93371 0.34043
vn -0.04983 0.93897 0.34037
vn 0.01142 0.94022 0.34036
vn 0.07261 0.93747 0.34041
vn 0.12844 0.94580 0.29827
vn 0.18134 0.92263 0.34040
vn 0.24104 0.90887 0.34036
vn 0.29970 0.89125 0.34038
vn 0.35709 0.86982 0.34044
vn 0.41174 0.86110 0.29828
vn 0.45602 0.82231 0.34038
vn 0.50859 0.79088 0.34036
vn 0.55900 0.75607 0.34039
vn 0.61113 0.73318 0.29828
vn 0.64328 0.68579 0.34041
vn 0.68658 0.64246 0.34037
vn 0.72696 0.59639 0.34037
vn 0.76423 0.54778 0.34042
vn 0.80620 0.51095 0.29827
vn 0.82286 0.45501 0.34039
vn 0.85075 0.40047 0.34036
vn 0.87501 0.34422 0.34038
vn 0.90720 0.29666 0.29828
vn 0.90915 0.23992 0.34043
vn 0.92286 0.18022 0.34037
vn 0.93264 0.11975 0.34036
vn 0.93844 0.05877 0.34041
vn 0.90064 -0.00240 0.43457
vn 0.90977 0.07299 0.40864
vn 0.90180 0.14056 0.40866
vn 0.88885 0.20735 0.40860
vn 0.85707 0.27673 0.43456
vn 0.84200 0.35219 0.40866
vn 0.81343 0.41394 0.40864
vn 0.76523 0.47495 0.43457
vn 0.73332 0.54338 0.40863
vn 0.69080 0.59648 0.40866
vn 0.64446 0.64630 0.40862
vn 0.58044 0.68865 0.43457
vn 0.52807 0.74441 0.40865
vn 0.47115 0.78168 0.40865
vn 0.39756 0.80815 0.43457
vn 0.33468 0.84913 0.40862
vn 0.27049 0.87168 0.40866
vn 0.20481 0.88942 0.40863
vn 0.12764 0.89155 0.43457
vn 0.05414 0.91109 0.40864
vn -0.01388 0.91258 0.40866
vn -0.08183 0.90904 0.40859
vn -0.15484 0.88723 0.43456
vn -0.23177 0.88277 0.40866
vn -0.29689 0.86306 0.40864
vn -0.36391 0.82385 0.43457
vn -0.43620 0.80171 0.40863
vn -0.49471 0.76698 0.40866
vn -0.55048 0.72802 0.40861
vn -0.60123 0.67058 0.43457
vn -0.66381 0.62639 0.40865
vn -0.70863 0.57520 0.40865
vn -0.74500 0.50609 0.43457
vn -0.79438 0.44943 0.40862
vn -0.82564 0.38900 0.40866
vn -0.85234 0.32642 0.40863
vn -0.86513 0.25040 0.43457
vn -0.89472 0.18021 0.40865
vn -0.90566 0.11306 0.40866
vn -0.89997 0.03473 0.43457
vn -0.91188 -0.03903 0.40860
vn -0.90641 -0.10685 0.40866
vn -0.89594 -0.17408 0.40864
vn -0.86645 -0.24578 0.43457
vn -0.85455 -0.32056 0.40864
vn -0.82829 -0.38333 0.40866
vn -0.79745 -0.44397 0.40861
vn -0.74769 -0.50211 0.43457
vn -0.71255 -0.57032 0.40866
vn -0.66809 -0.62182 0.40865
vn -0.60479 -0.66737 0.43457
vn -0.55545 -0.72422 0.40862
vn -0.49995 -0.76357 0.40866
vn -0.44169 -0.79871 0.40862
vn -0.36829 -0.82190 0.43457
vn -0.30280 -0.86100 0.40865
vn -0.23782 -0.88116 0.40866
vn -0.15956 -0.88639 0.43457
vn -0.08806 -0.90845 0.40861
vn -0.02014 -0.91246 0.40866
vn 0.04789 -0.91144 0.40864
vn 0.12289 -0.89222 0.43457
vn 0.19871 -0.89080 0.40864
vn 0.26451 -0.87352 0.40866
vn 0.32885 -0.85141 0.40860
vn 0.39324 -0.81025 0.43456
vn 0.46578 -0.78489 0.40866
vn 0.52295 -0.74802 0.40865
vn 0.57677 -0.69173 0.43457
vn 0.64001 -0.65070 0.40863
vn 0.68669 -0.60121 0.40866
vn 0.72958 -0.54840 0.40862
vn 0.76269 -0.47902 0.43457
vn 0.81057 -0.41950 0.40865
vn 0.83957 -0.35796 0.40865
vn 0.85558 -0.28129 0.43457
vn 0.88740 -0.21344 0.40861
vn 0.90081 -0.14674 0.40866
vn 0.90925 -0.07923 0.40863
vn 0.99728 0.01323 0.07253
vn 0.99204 -0.06584 0.10737
vn 0.98367 -0.14445 0.10734
vn 0.96909 -0.22215 0.10731
vn 0.94838 -0.29844 0.10728
vn 0.92167 -0.37285 0.10725
vn 0.88914 -0.44490 0.10722
vn 0.85098 -0.51413 0.10719
vn 0.80745 -0.58012 0.10717
vn 0.75881 -0.64244 0.10714
vn 0.70537 -0.70070 0.10712
vn 0.64747 -0.75453 0.10709
vn 0.58548 -0.80359 0.10707
vn 0.51978 -0.84757 0.10705
vn 0.45080 -0.88619 0.10703
vn 0.37897 -0.91920 0.10700
vn 0.30474 -0.94641 0.10698
vn 0.22859 -0.96763 0.10696
vn 0.15099 -0.98273 0.10695
vn 0.07243 -0.99162 0.10693
vn -0.00658 -0.99425 0.10691
vn -0.08556 -0.99058 0.10690
vn -0.16399 -0.98066 0.10688
vn -0.24138 -0.96453 0.10687
vn -0.31725 -0.94230 0.10685
vn -0.39112 -0.91412 0.10684
vn -0.46251 -0.88016 0.10683
vn -0.53097 -0.84063 0.10682
vn -0.59608 -0.79579 0.10681
vn -0.65743 -0.74591 0.10680
vn -0.71461 -0.69132 0.10679
vn -0.76728 -0.63236 0.10678
vn -0.81509 -0.56940 0.10678
vn -0.85776 -0.50284 0.10677
vn -0.89500 -0.43311 0.10677
vn -0.92658 -0.36063 0.10676
vn -0.95230 -0.28587 0.10676
vn -0.97200 -0.20931 0.10676
vn -0.98556 -0.13142 0.10675
vn -0.99289 -0.05270 0.10675
vn -0.99394 0.02635 0.10675
vn -0.98870 0.10524 0.10675
vn -0.97721 0.18346 0.10676
vn -0.95955 0.26052 0.10676
vn -0.93582 0.33593 0.10676
vn -0.90617 0.40922 0.10677
vn -0.87079 0.47992 0.10677
vn -0.82991 0.54758 0.10678
vn -0.78378 0.61179 0.10678
vn -0.73269 0.67213 0.10679
vn -0.67698 0.72821 0.10680
vn -0.61698 0.77970 0.10681
vn -0.55308 0.82625 0.10682
vn -0.48569 0.86758 0.10683
vn -0.41522 0.90342 0.10684
vn -0.34213 0.93356 0.10685
vn -0.26688 0.95779 0.10687
vn -0.18994 0.97596 0.10688
vn -0.11180 0.98796 0.10690
vn -0.03295 0.99372 0.10691
vn 0.04611 0.99320 0.10693
vn 0.12487 0.98639 0.10695
vn 0.20284 0.97335 0.10696
vn 0.27954 0.95416 0.10698
vn 0.35446 0.92893 0.10700
vn 0.42714 0.89783 0.10703
vn 0.49712 0.86105 0.10705
vn 0.56396 0.81883 0.10707
vn 0.62723 0.77143 0.10709
vn 0.68654 0.71916 0.10712
vn 0.74150 0.66234 0.10714
vn 0.79178 0.60133 0.10717
vn 0.83705 0.53652 0.10719
vn 0.87703 0.46832 0.10722
vn 0.91146 0.39716 0.10725
vn 0.94013 0.32349 0.10728
vn 0.96286 0.24777 0.10731
vn 0.97950 0.17049 0.10734
vn 0.98994 0.09213 0.10737
vn -0.98917 -0.01329 0.14616
vn -0.98959 -0.09328 0.10961
vn -0.97887 -0.17261 0.10964
vn -0.96180 -0.25081 0.10967
vn -0.93850 -0.32739 0.10970
vn -0.90911 -0.40185 0.10973
vn -0.87382 -0.47369 0.10976
vn -0.83287 -0.54247 0.10979
vn -0.78652 -0.60773 0.10982
vn -0.73506 -0.66904 0.10985
vn -0.67884 -0.72602 0.10987
vn -0.61822 -0.77829 0.10990
vn -0.55358 -0.82551 0.10992
vn -0.48536 -0.86737 0.10995
vn -0.41399 -0.90361 0.10997
vn -0.33994 -0.93399 0.10999
vn -0.26368 -0.95832 0.11001
vn -0.18571 -0.97642 0.11003
vn -0.10654 -0.98820 0.11005
vn -0.02668 -0.99357 0.11007
vn 0.05336 -0.99249 0.11009
vn 0.13305 -0.98497 0.11011
vn 0.21187 -0.97107 0.11012
vn 0.28932 -0.95087 0.11014
vn 0.36490 -0.92451 0.11015
vn 0.43811 -0.89215 0.11016
vn 0.50847 -0.85400 0.11018
vn 0.57554 -0.81032 0.11019
vn 0.63888 -0.76138 0.11020
vn 0.69807 -0.70750 0.11021
vn 0.75274 -0.64903 0.11021
vn 0.80252 -0.58636 0.11022
vn 0.84710 -0.51988 0.11023
vn 0.88618 -0.45003 0.11023
vn 0.91952 -0.37726 0.11024
vn 0.94690 -0.30205 0.11024
vn 0.96813 -0.22487 0.11025
vn 0.98309 -0.14624 0.11025
vn 0.99167 -0.06666 0.11025
vn 0.99381 0.01335 0.11025
vn 0.98952 0.09328 0.11025
vn 0.97880 0.17260 0.11025
vn 0.96174 0.25080 0.11025
vn 0.93844 0.32737 0.11024
vn 0.90906 0.40182 0.11024
vn 0.87378 0.47367 0.11023
vn 0.83283 0.54244 0.11023
vn 0.78648 0.60770 0.11022
vn 0.73503 0.66902 0.11021
vn 0.67881 0.72599 0.11021
vn 0.61820 0.77826 0.11020
vn 0.55357 0.82548 0.11019
vn 0.48535 0.86735 0.11018
vn 0.41398 0.90359 0.11016
vn 0.33993 0.93398 0.11015
vn 0.26368 0.95830 0.11014
vn 0.18571 0.97641 0.11012
vn 0.10654 0.98819 0.11011
vn 0.02668 0.99356 0.11009
vn -0.05336 0.99249 0.11007
vn -0.13305 0.98498 0.11005
vn -0.21187 0.97108 0.11003
vn -0.28933 0.95089 0.11001
vn -0.36490 0.92452 0.10999
vn -0.43812 0.89217 0.10997
vn -0.50849 0.85402 0.10995
vn -0.57556 0.81034 0.10992
vn -0.63890 0.76140 0.10990
vn -0.69810 0.70752 0.10987
vn -0.75277 0.64906 0.10985
vn -0.80256 0.58638 0.10982
vn -0.84714 0.51990 0.10979
vn -0.88623 0.45005 0.10976
vn -0.91957 0.37728 0.10973
vn -0.94695 0.30206 0.10970
vn -0.96819 0.22489 0.10967
vn -0.98315 0.14625 0.10964
vn -0.99174 0.06667 0.10961
vn 0.94483 0.02714 -0.32643
vn 0.94456 -0.03538 -0.32642
vn 0.94014 -0.09775 -0.32647
vn 0.94585 -0.15644 -0.28441
vn 0.92189 -0.20867 -0.32647
vn 0.94096 0.08954 -0.32648
vn 0.94744 0.14651 -0.28441
vn 0.92368 0.20061 -0.32646
vn 0.90841 0.26124 -0.32642
vn 0.88915 0.32072 -0.32643
vn 0.86598 0.37879 -0.32648
vn 0.85442 0.43483 -0.28441
vn 0.81490 0.47893 -0.32646
vn 0.78146 0.53175 -0.32642
vn 0.74460 0.58225 -0.32643
vn 0.70447 0.63019 -0.32648
vn 0.67608 0.67973 -0.28441
vn 0.62467 0.70937 -0.32646
vn 0.57642 0.74913 -0.32642
vn 0.52563 0.78559 -0.32643
vn 0.47254 0.81860 -0.32649
vn 0.43023 0.85675 -0.28441
vn 0.37202 0.86892 -0.32645
vn 0.31377 0.89163 -0.32642
vn 0.25414 0.91041 -0.32643
vn 0.19339 0.92520 -0.32649
vn 0.14141 0.94822 -0.28441
vn 0.08219 0.94163 -0.32645
vn 0.01976 0.94502 -0.32642
vn -0.04276 0.94425 -0.32644
vn -0.10508 0.93934 -0.32650
vn -0.16153 0.94500 -0.28441
vn -0.21586 0.92024 -0.32645
vn -0.27623 0.90396 -0.32642
vn -0.33538 0.88372 -0.32644
vn -0.39306 0.85960 -0.32650
vn -0.44833 0.84741 -0.28441
vn -0.49234 0.80687 -0.32645
vn -0.54461 0.77256 -0.32642
vn -0.59448 0.73487 -0.32644
vn -0.64175 0.69394 -0.32650
vn -0.69037 0.66521 -0.28442
vn -0.71961 0.61286 -0.32644
vn -0.75856 0.56395 -0.32642
vn -0.79417 0.51257 -0.32644
vn -0.82630 0.45894 -0.32651
vn -0.86346 0.41658 -0.28442
vn -0.87496 0.35760 -0.32644
vn -0.89669 0.29898 -0.32642
vn -0.91449 0.23905 -0.32644
vn -0.92827 0.17806 -0.32651
vn -0.95034 0.12635 -0.28442
vn -0.94287 0.06660 -0.32644
vn -0.94522 0.00413 -0.32642
vn -0.94341 -0.05837 -0.32645
vn -0.95161 -0.11638 -0.28442
vn -0.92979 -0.16995 -0.32650
vn -0.91654 -0.23105 -0.32644
vn -0.89927 -0.29114 -0.32642
vn -0.87805 -0.34995 -0.32645
vn -0.86778 -0.40750 -0.28442
vn -0.83028 -0.45171 -0.32650
vn -0.79862 -0.50562 -0.32644
vn -0.76345 -0.55731 -0.32642
vn -0.72493 -0.60655 -0.32645
vn -0.69730 -0.65793 -0.28442
vn -0.64778 -0.68832 -0.32649
vn -0.60088 -0.72965 -0.32643
vn -0.55133 -0.76778 -0.32642
vn -0.49936 -0.80254 -0.32645
vn -0.45719 -0.84267 -0.28441
vn -0.40055 -0.85613 -0.32649
vn -0.34308 -0.88076 -0.32643
vn -0.28411 -0.90152 -0.32642
vn -0.22389 -0.91831 -0.32646
vn -0.17142 -0.94325 -0.28441
vn -0.11328 -0.93839 -0.32648
vn -0.05100 -0.94384 -0.32643
vn 0.01151 -0.94515 -0.32642
vn 0.07396 -0.94231 -0.32646
vn 0.13146 -0.94965 -0.28441
vn 0.18531 -0.92686 -0.32648
vn 0.24618 -0.91260 -0.32643
vn 0.30597 -0.89433 -0.32642
vn 0.36442 -0.87214 -0.32646
vn 0.42122 -0.86121 -0.28441
vn 0.46538 -0.82270 -0.32648
vn 0.51876 -0.79015 -0.32643
vn 0.56986 -0.75413 -0.32642
vn 0.61845 -0.71480 -0.32647
vn 0.66892 -0.68678 -0.28441
vn 0.69894 -0.63632 -0.32647
vn 0.73949 -0.58873 -0.32643
vn 0.77679 -0.53856 -0.32643
vn 0.81068 -0.48602 -0.32647
vn 0.84981 -0.44376 -0.28441
vn 0.86265 -0.38634 -0.32647
vn 0.88631 -0.32847 -0.32643
vn 0.90609 -0.26916 -0.32643
usemtl stainless
f 1//1 2//2 3//3
f 3//3 2//2 4//4
f 3//3 4//4 5//5
f 5//5 4//4 6//6
f 5//5 6//6 7//7
f 7//7 6//6 8//8
f 7//7 8//8 9//9
f 9//9 8//8 10//10
f 9//9 10//10 11//11
f 11//11 10//10 12//12
f 11//11 12//12 13//13
f 13//13 12//12 14//14
f 13//13 14//14 15//15
f 15//15 14//14 16//16
f 15//15 16//16 17//17
f 17//17 16//16 18//18
f 17//17 18//18 19//19
f 19//19 18//18 20//20
f 19//19 20//20 21//21
f 21//21 20//20 22//22
f 21//21 22//22 23//23
f 23//23 22//22 24//24
f 23//23 24//24 25//25
f 25//25 24//24 26//26
f 25//25 26//26 27//27
f 27//27 26//26 28//28
f 27//27 28//28 29//29
f 29//29 28//28 30//30
f 29//29 30//30 31//31
f 31//31 30//30 32//32
f 31//31 32//32 33//33
f 33//33 32//32 34//34
f 33//33 34//34 35//35
f 35//35 34//34 36//36
f 35//35 36//36 37//37
f 37//37 36//36 38//38
f 37//37 38//38 39//39
f 39//39 38//38 40//40
f 39//39 40//40 41//41
f 41//41 40//40 42//42
f 41//41 42//42 43//43
f 43//43 42//42 44//44
f 43//43 44//44 45//45
f 45//45 44//44 46//46
f 45//45 46//46 47//47
f 47//47 46//46 48//48
f 47//47 48//48 49//49
f 49//49 48//48 50//50
f 49//49 50//50 51//51
f 51//51 50//50 52//52
f 51//51 52//52 53//53
f 53//53 52//52 54//54
f 53//53 54//54 55//55
f 55//55 54//54 56//56
f 55//55 56//56 57//57
f 57//57 56//56 58//58
f 57//57 58//58 59//59
f 59//59 58//58 60//60
f 59//59 60//60 61//61
f 61//61 60//60 62//62
f 61//61 62//62 63//63
f 63//63 62//62 64//64
f 63//63 64//64 65//65
f 65//65 64//64 66//66
f 65//65 66//66 67//67
f 67//67 66//66 68//68
f 67//67 68//68 69//69
f 69//69 68//68 70//70
f 69//69 70//70 71//71
f 71//71 70//70 72//72
f 71//71 72//72 1//1
f 1//1 72//72 2//2
f 73//73 74//74 75//75
f 75//75 74//74 76//76
f 75//75 76//76 77//77
f 77//77 76//76 78//78
f 77//77 78//78 79//79
f 79//79 78//78 80//80
f 79//79 80//80 81//81
f 81//81 80//80 82//82
f 81//81 82//82 83//83
f 83//83 82//82 84//84
f 83//83 84//84 85//85
f 85//85 84//84 86//86
f 85//85 86//86 87//87
f 87//87 86//86 88//88
f 87//87 88//88 89//89
f 89//89 88//88 90//90
f 89//89 90//90 91//91
f 91//91 90//90 92//92
f 91//91 92//92 93//93
f 93//93 92//92 94//94
f 93//93 94//94 95//95
f 95//95 94//94 96//96
f 95//95 96//96 97//97
f 97//97 96//96 98//98
f 97//97 98//98 99//99
f 99//99 98//98 100//100
f 99//99 100//100 101//101
f 101//101 100//100 102//102
f 101//101 102//102 103//103
f 103//103 102//102 104//104
f 103//103 104//104 105//105
f 105//105 104//104 106//106
f 105//105 106//106 107//107
f 107//107 106//106 108//108
f 107//107 108//108 109//109
f 109//109 108//108 110//110
f 109//109 110//110 111//111
f 111//111 110//110 112//112
f 111//111 112//112 113//113
f 113//113 112//112 114//114
f 113//113 114//114 115//115
f 115//115 114//114 116//116
f 115//115 116//116 117//117
f 117//117 116//116 118//118
f 117//117 118//118 119//119
f 119//119 118//118 120//120
f 119//119 120//120 121//121
f 121//121 120//120 122//122
f 121//121 122//122 123//123
f 123//123 122//122 124//124
f 123//123 124//124 125//125
f 125//125 124//124 126//126
f 125//125 126//126 127//127
f 127//127 126//126 128//128
f 127//127 128//128 129//129
f 129//129 128//128 130//130
f 129//129 130//130 131//131
f 131//131 130//130 132//132
f 131//131 132//132 133//133
f 133//133 132//132 134//134
f 133//133 134//134 135//135
f 135//135 134//134 136//136
f 135//135 136//136 137//137
f 137//137 136//136 138//138
f 137//137 138//138 139//139
f 139//139 138//138 140//140
f 139//139 140//140 141//141
f 141//141 140//140 142//142
f 141//141 142//142 143//143
f 143//143 142//142 144//144
f 143//143 144//144 73//73
f 73//73 144//144 74//74
f 145//145 146//146 147//147
f 147//147 146//146 148//148
f 147//147 148//148 149//149
f 149//149 148//148 150//150
f 149//149 150//150 151//151
f 151//151 150//150 152//152
f 151//151 152//152 153//153
f 153//153 152//152 154//154
f 153//153 154//154 155//155
f 155//155 154//154 156//156
f 155//155 156//156 157//157
f 157//157 156//156 158//158
f 157//157 158//158 159//159
f 159//159 158//158 160//160
f 159//159 160//160 161//161
f 161//161 160//160 162//162
f 161//161 162//162 163//163
f 163//163 162//162 164//164
f 163//163 164//164 165//165
f 165//165 164//164 166//166
f 165//165 166//166 167//167
f 167//167 166//166 168//168
f 167//167 168//168 169//169
f 169//169 168//168 170//170
f 169//169 170//170 171//171
f 171//171 170//170 172//172
f 171//171 172//172 173//173
f 173//173 172//172 174//174
f 173//173 174//174 175//175
f 175//175 174//174 176//176
f 175//175 176//176 177//177
f 177//177 176//176 178//178
f 177//177 178//178 179//179
f 179//179 178//178 180//180
f 179//179 180//180 181//181
f 181//181 180//180 182//182
f 181//181 182//182 183//183
f 183//183 182//182 184//184
f 183//183 184//184 185//185
f 185//185 184//184 186//186
f 185//185 186//186 187//187
f 187//187 186//186 188//188
f 187//187 188//188 189//189
f 189//189 188//188 190//190
f 189//189 190//190 191//191
f 191//191 190//190 192//192
f 191//191 192//192 193//193
f 193//193 192//192 194//194
f 193//193 194//194 195//195
f 195//195 194//194 196//196
f 195//195 196//196 197//197
f 197//197 196//196 198//198
f 197//197 198//198 199//199
f 199//199 198//198 200//200
f 199//199 200//200 201//201
f 201//201 200//200 202//202
f 201//201 202//202 203//203
f 203//203 202//202 204//204
f 203//203 204//204 205//205
f 205//205 204//204 206//206
f 205//205 206//206 207//207
f 207//207 206//206 208//208
f 207//207 208//208 209//209
f 209//209 208//208 210//210
f 209//209 210//210 211//211
f 211//211 210//210 212//212
f 211//211 212//212 213//213
f 213//213 212//212 214//214
f 213//213 214//214 215//215
f 215//215 214//214 216//216
f 215//215 216//216 145//145
f 145//145 216//216 146//146
f 217//217 218//218 219//219
f 219//219 218//218 220//220
f 219//219 220//220 221//221
f 221//221 220//220 222//222
f 221//221 222//222 223//223
f 223//223 222//222 224//224
f 223//223 224//224 225//225
f 225//225 224//224 226//226
f 225//225 226//226 227//227
f 227//227 226//226 228//228
f 227//227 228//228 229//229
f 229//229 228//228 230//230
f 229//229 230//230 231//231
f 231//231 230//230 232//232
f 231//231 232//232 233//233
f 233//233 232//232 234//234
f 233//233 234//234 235//235
f 235//235 234//234 236//236
f 235//235 236//236 237//237
f 237//237 236//236 238//238
f 237//237 238//238 239//239
f 239//239 238//238 240//240
f 239//239 240//240 241//241
f 241//241 240//240 242//242
f 241//241 242//242 243//243
f 243//243 242//242 244//244
f 243//243 244//244 245//245
f 245//245 244//244 246//246
f 245//245 246//246 247//247
f 247//247 246//246 248//248
f 247//247 248//248 249//249
f 249//249 248//248 250//250
f 249//249 250//250 251//251
f 251//251 250//250 252//252
f 251//251 252//252 253//253
f 253//253 252//252 254//254
f 253//253 254//254 255//255
f 255//255 254//254 256//256
f 255//255 256//256 257//257
f 257//257 256//256 258//258
f 257//257 258//258 259//259
f 259//259 258//258 260//260
f 259//259 260//260 261//261
f 261//261 260//260 262//262
f 261//261 262//262 263//263
f 263//263 262//262 264//264
f 263//263 264//264 265//265
f 265//265 264//264 266//266
f 265//265 266//266 267//267
f 267//267 266//266 268//268
f 267//267 268//268 269//269
f 269//269 268//268 270//270
f 269//269 270//270 271//271
f 271//271 270//270 272//272
f 271//271 272//272 273//273
f 273//273 272//272 274//274
f 273//273 274//274 275//275
f 275//275 274//274 276//276
f 275//275 276//276 277//277
f 277//277 276//276 278//278
f 277//277 278//278 279//279
f 279//279 278//278 280//280
f 279//279 280//280 281//281
f 281//281 280//280 282//282
f 281//281 282//282 283//283
f 283//283 282//282 284//284
f 283//283 284//284 285//285
f 285//285 284//284 286//286
f 285//285 286//286 287//287
f 287//287 286//286 288//288
f 287//287 288//288 217//217
f 217//217 288//288 218//218
f 289//289 290//290 291//291
f 291//291 290//290 292//292
f 291//291 292//292 293//293
f 293//293 292//292 294//294
f 293//293 294//294 295//295
f 295//295 294//294 296//296
f 295//295 296//296 297//297
f 297//297 296//296 298//298
f 297//297 298//298 299//299
f 299//299 298//298 300//300
f 299//299 300//300 301//301
f 301//301 300//300 302//302
f 301//301 302//302 303//303
f 303//303 302//302 304//304
f 303//303 304//304 305//305
f 305//305 304//304 306//306
f 305//305 306//306 307//307
f 307//307 306//306 308//308
f 307//307 308//308 309//309
f 309//309 308//308 310//310
f 309//309 310//310 311//311
f 311//311 310//310 312//312
f 311//311 312//312 313//313
f 313//313 312//312 314//314
f 313//313 314//314 315//315
f 315//315 314//314 316//316
f 315//315 316//316 317//317
f 317//317 316//316 318//318
f 317//317 318//318 319//319
f 319//319 318//318 320//320
f 319//319 320//320 321//321
f 321//321 320//320 322//322
f 321//321 322//322 323//323
f 323//323 322//322 324//324
f 323//323 324//324 325//325
f 325//325 324//324 326//326
f 325//325 326//326 327//327
f 327//327 326//326 328//328
f 327//327 328//328 329//329
f 329//329 328//328 330//330
f 329//329 330//330 331//331
f 331//331 330//330 332//332
f 331//331 332//332 333//333
f 333//333 332//332 334//334
f 333//333 334//334 335//335
f 335//335 334//334 336//336
f 335//335 336//336 337//337
f 337//337 336//336 338//338
f 337//337 338//338 339//339
f 339//339 338//338 340//340
f 339//339 340//340 341//341
f 341//341 340//340 342//342
f 341//341 342//342 343//343
f 343//343 342//342 344//344
f 343//343 344//344 345//345
f 345//345 344//344 346//346
f 345//345 346//346 347//347
f 347//347 346//346 348//348
f 347//347 348//348 349//349
f 349//349 348//348 350//350
f 349//349 350//350 351//351
f 351//351 350//350 352//352
f 351//351 352//352 353//353
f 353//353 352//352 354//354
f 353//353 354//354 355//355
f 355//355 354//354 356//356
f 355//355 356//356 357//357
f 357//357 356//356 358//358
f 357//357 358//358 359//359
f 359//359 358//358 360//360
f 359//359 360//360 289//289
f 289//289 360//360 290//290
f 361//361 362//362 363//363
f 363//363 362//362 364//364
f 363//363 364//364 365//365
f 365//365 364//364 366//366
f 365//365 366//366 367//367
f 367//367 366//366 368//368
f 367//367 368//368 369//369
f 369//369 368//368 370//370
f 369//369 370//370 371//371
f 371//371 370//370 372//372
f 371//371 372//372 373//373
f 373//373 372//372 374//374
f 373//373 374//374 375//375
f 375//375 374//374 376//376
f 375//375 376//376 377//377
f 377//377 376//376 378//378
f 377//377 378//378 379//379
f 379//379 378//378 380//380
f 379//379 380//380 381//381
f 381//381 380//380 382//382
f 381//381 382//382 383//383
f 383//383 382//382 384//384
f 383//383 384//384 385//385
f 385//385 384//384 386//386
f 385//385 386//386 387//387
f 387//387 386//386 388//388
f 387//387 388//388 389//389
f 389//389 388//388 390//390
f 389//389 390//390 391//391
f 391//391 390//390 392//392
f 391//391 392//392 393//393
f 393//393 392//392 394//394
f 393//393 394//394 395//395
f 395//395 394//394 396//396
f 395//395 396//396 397//397
f 397//397 396//396 398//398
f 397//397 398//398 399//399
f 399//399 398//398 400//400
f 399//399 400//400 401//401
f 401//401 400//400 402//402
f 401//401 402//402 403//403
f 403//403 402//402 404//404
f 403//403 404//404 405//405
f 405//405 404//404 406//406
f 405//405 406//406 407//407
f 407//407 406//406 408//408
f 407//407 408//408 409//409
f 409//409 408//408 410//410
f 409//409 410//410 411//411
f 411//411 410//410 412//412
f 411//411 412//412 413//413
f 413//413 412//412 414//414
f 413//413 414//414 415//415
f 415//415 414//414 416//416
f 415//415 416//416 417//417
f 417//417 416//416 418//418
f 417//417 418//418 419//419
f 419//419 418//418 420//420
f 419//419 420//420 421//421
f 421//421 420//420 422//422
f 421//421 422//422 423//423
f 423//423 422//422 424//424
f 423//423 424//424 425//425
f 425//425 424//424 426//426
f 425//425 426//426 427//427
f 427//427 426//426 428//428
f 427//427 428//428 429//429
f 429//429 428//428 430//430
f 429//429 430//430 431//431
f 431//431 430//430 432//432
f 431//431 432//432 361//361
f 361//361 432//432 362//362
f 433//433 434//434 435//435
f 435//435 434//434 436//436
f 435//435 436//436 437//437
f 437//437 436//436 438//438
f 437//437 438//438 439//439
f 439//439 438//438 440//440
f 439//439 440//440 441//441
f 441//441 440//440 442//442
f 441//441 442//442 443//443
f 443//443 442//442 444//444
f 443//443 444//444 445//445
f 445//445 444//444 446//446
f 445//445 446//446 447//447
f 447//447 446//446 448//448
f 447//447 448//448 449//449
f 449//449 448//448 450//450
f 449//449 450//450 451//451
f 451//451 450//450 452//452
f 451//451 452//452 453//453
f 453//453 452//452 454//454
f 453//453 454//454 455//455
f 455//455 454//454 456//456
f 455//455 456//456 457//457
f 457//457 456//456 458//458
f 457//457 458//458 459//459
f 459//459 458//458 460//460
f 459//459 460//460 461//461
f 461//461 460//460 462//462
f 461//461 462//462 463//463
f 463//463 462//462 464//464
f 463//463 464//464 465//465
f 465//465 464//464 466//466
f 465//465 466//466 467//467
f 467//467 466//466 468//468
f 467//467 468//468 469//469
f 469//469 468//468 470//470
f 469//469 470//470 471//471
f 471//471 470//470 472//472
f 471//471 472//472 473//473
f 473//473 472//472 474//474
f 473//473 474//474 475//475
f 475//475 474//474 476//476
f 475//475 476//476 477//477
f 477//477 476//476 478//478
f 477//477 478//478 479//479
f 479//479 478//478 480//480
f 479//479 480//480 481//481
f 481//481 480//480 482//482
f 481//481 482//482 483//483
f 483//483 482//482 484//484
f 483//483 484//484 485//485
f 485//485 484//484 486//486
f 485//485 486//486 487//487
f 487//487 486//486 488//488
f 487//487 488//488 489//489
f 489//489 488//488 490//490
f 489//489 490//490 491//491
f 491//491 490//490 492//492
f 491//491 492//492 493//493
f 493//493 492//492 494//494
f 493//493 494//494 495//495
f 495//495 494//494 496//496
f 495//495 496//496 497//497
f 497//497 496//496 498//498
f 497//497 498//498 499//499
f 499//499 498//498 500//500
f 499//499 500//500 501//501
f 501//501 500//500 502//502
f 501//501 502//502 503//503
f 503//503 502//502 504//504
f 503//503 504//504 433//433
f 433//433 504//504 434//434
f 505//505 506//506 507//507
f 507//507 506//506 508//508
f 507//507 508//508 509//509
f 509//509 508//508 510//510
f 509//509 510//510 511//511
f 511//511 510//510 512//512
f 511//511 512//512 513//513
f 513//513 512//512 514//514
f 513//513 514//514 515//515
f 515//515 514//514 516//516
f 515//515 516//516 517//517
f 517//517 516//516 518//518
f 517//517 518//518 519//519
f 519//519 518//518 520//520
f 519//519 520//520 521//521
f 521//521 520//520 522//522
f 521//521 522//522 523//523
f 523//523 522//522 524//524
f 523//523 524//524 525//525
f 525//525 524//524 526//526
f 525//525 526//526 527//527
f 527//527 526//526 528//528
f 527//527 528//528 529//529
f 529//529 528//528 530//530
f 529//529 530//530 531//531
f 531//531 530//530 532//532
f 531//531 532//532 533//533
f 533//533 532//532 534//534
f 533//533 534//534 535//535
f 535//535 534//534 536//536
f 535//535 536//536 537//537
f 537//537 536//536 538//538
f 537//537 538//538 539//539
f 539//539 538//538 540//540
f 539//539 540//540 541//541
f 541//541 540//540 542//542
f 541//541 542//542 543//543
f 543//543 542//542 544//544
f 543//543 544//544 545//545
f 545//545 544//544 546//546
f 545//545 546//546 547//547
f 547//547 546//546 548//548
f 547//547 548//548 549//549
f 549//549 548//548 550//550
f 549//549 550//550 551//551
f 551//551 550//550 552//552
f 551//551 552//552 553//553
f 553//553 552//552 554//554
f 553//553 554//554 555//555
f 555//555 554//554 556//556
f 555//555 556//556 557//557
f 557//557 556//556 558//558
f 557//557 558//558 559//559
f 559//559 558//558 560//560
f 559//559 560//560 561//561
f 561//561 560//560 562//562
f 561//561 562//562 563//563
f 563//563 562//562 564//564
f 563//563 564//564 565//565
f 565//565 564//564 566//566
f 565//565 566//566 567//567
f 567//567 566//566 568//568
f 567//567 568//568 569//569
f 569//569 568//568 570//570
f 569//569 570//570 571//571
f 571//571 570//570 572//572
f 571//571 572//572 573//573
f 573//573 572//572 574//574
f 573//573 574//574 575//575
f 575//575 574//574 576//576
f 575//575 576//576 505//505
f 505//505 576//576 506//506
f 577//577 578//578 579//579
f 579//579 578//578 580//580
f 579//579 580//580 581//581
f 581//581 580//580 582//582
f 581//581 582//582 583//583
f 583//583 582//582 584//584
f 583//583 584//584 585//585
f 585//585 584//584 586//586
f 585//585 586//586 587//587
f 587//587 586//586 588//588
f 587//587 588//588 589//589
f 589//589 588//588 590//590
f 589//589 590//590 591//591
f 591//591 590//590 592//592
f 591//591 592//592 593//593
f 593//593 592//592 594//594
f 593//593 594//594 595//595
f 595//595 594//594 596//596
f 595//595 596//596 597//597
f 597//597 596//596 598//598
f 597//597 598//598 599//599
f 599//599 598//598 600//600
f 599//599 600//600 601//601
f 601//601 600//600 602//602
f 601//601 602//602 603//603
f 603//603 602//602 604//604
f 603//603 604//604 605//605
f 605//605 604//604 606//606
f 605//605 606//606 607//607
f 607//607 606//606 608//608
f 607//607 608//608 609//609
f 609//609 608//608 610//610
f 609//609 610//610 611//611
f 611//611 610//610 612//612
f 611//611 612//612 613//613
f 613//613 612//612 614//614
f 613//613 614//614 615//615
f 615//615 614//614 616//616
f 615//615 616//616 617//617
f 617//617 616//616 618//618
f 617//617 618//618 619//619
f 619//619 618//618 620//620
f 619//619 620//620 621//621
f 621//621 620//620 622//622
f 621//621 622//622 623//623
f 623//623 622//622 624//624
f 623//623 624//624 625//625
f 625//625 624//624 626//626
f 625//625 626//626 627//627
f 627//627 626//626 628//628
f 627//627 628//628 629//629
f 629//629 628//628 630//630
f 629//629 630//630 631//631
f 631//631 630//630 632//632
f 631//631 632//632 633//633
f 633//633 632//632 634//634
f 633//633 634//634 635//635
f 635//635 634//634 636//636
f 635//635 636//636 637//637
f 637//637 636//636 638//638
f 637//637 638//638 639//639
f 639//639 638//638 640//640
f 639//639 640//640 641//641
f 641//641 640//640 642//642
f 641//641 642//642 643//643
f 643//643 642//642 644//644
f 643//643 644//644 645//645
f 645//645 644//644 646//646
f 645//645 646//646 647//647
f 647//647 646//646 648//648
f 647//647 648//648 577//577
f 577//577 648//648 578//578
f 649//649 650//650 651//651
f 651//651 650//650 652//652
f 651//651 652//652 653//653
f 653//653 652//652 654//654
f 653//653 654//654 655//655
f 655//655 654//654 656//656
f 655//655 656//656 657//657
f 657//657 656//656 658//658
f 657//657 658//658 659//659
f 659//659 658//658 660//660
f 659//659 660//660 661//661
f 661//661 660//660 662//662
f 661//661 662//662 663//663
f 663//663 662//662 664//664
f 663//663 664//664 665//665
f 665//665 664//664 666//666
f 665//665 666//666 667//667
f 667//667 666//666 668//668
f 667//667 668//668 669//669
f 669//669 668//668 670//670
f 669//669 670//670 671//671
f 671//671 670//670 672//672
f 671//671 672//672 673//673
f 673//673 672//672 674//674
f 673//673 674//674 675//675
f 675//675 674//674 676//676
f 675//675 676//676 677//677
f 677//677 676//676 678//678
f 677//677 678//678 679//679
f 679//679 678//678 680//680
f 679//679 680//680 681//681
f 681//681 680//680 682//682
f 681//681 682//682 683//683
f 683//683 682//682 684//684
f 683//683 684//684 685//685
f 685//685 684//684 686//686
f 685//685 686//686 687//687
f 687//687 686//686 688//688
f 687//687 688//688 689//689
f 689//689 688//688 690//690
f 689//689 690//690 691//691
f 691//691 690//690 692//692
f 691//691 692//692 693//693
f 693//693 692//692 694//694
f 693//693 694//694 695//695
f 695//695 694//694 696//696
f 695//695 696//696 697//697
f 697//697 696//696 698//698
f 697//697 698//698 699//699
f 699//699 698//698 700//700
f 699//699 700//700 701//701
f 701//701 700//700 702//702
f 701//701 702//702 703//703
f 703//703 702//702 704//704
f 703//703 704//704 705//705
f 705//705 704//704 706//706
f 705//705 706//706 707//707
f 707//707 706//706 708//708
f 707//707 708//708 709//709
f 709//709 708//708 710//710
f 709//709 710//710 711//711
f 711//711 710//710 712//712
f 711//711 712//712 713//713
f 713//713 712//712 714//714
f 713//713 714//714 715//715
f 715//715 714//714 716//716
f 715//715 716//716 717//717
f 717//717 716//716 718//718
f 717//717 718//718 719//719
f 719//719 718//718 720//720
f 719//719 720//720 649//649
f 649//649 720//720 650//650
f 721//721 722//722 723//723
f 723//723 722//722 724//724
f 723//723 724//724 725//725
f 725//725 724//724 726//726
f 725//725 726//726 727//727
f 727//727 726//726 728//728
f 727//727 728//728 729//729
f 729//729 728//728 730//730
f 729//729 730//730 731//731
f 731//731 730//730 732//732
f 731//731 732//732 733//733
f 733//733 732//732 734//734
f 733//733 734//734 735//735
f 735//735 734//734 736//736
f 735//735 736//736 737//737
f 737//737 736//736 738//738
f 737//737 738//738 739//739
f 739//739 738//738 740//740
f 739//739 740//740 741//741
f 741//741 740//740 742//742
f 741//741 742//742 743//743
f 743//743 742//742 744//744
f 743//743 744//744 745//745
f 745//745 744//744 746//746
f 745//745 746//746 747//747
f 747//747 746//746 748//748
f 747//747 748//748 749//749
f 749//749 748//748 750//750
f 749//749 750//750 751//751
f 751//751 750//750 752//752
f 751//751 752//752 753//753
f 753//753 752//752 754//754
f 753//753 754//754 755//755
f 755//755 754//754 756//756
f 755//755 756//756 757//757
f 757//757 756//756 758//758
f 757//757 758//758 759//759
f 759//759 758//758 760//760
f 759//759 760//760 761//761
f 761//761 760//760 762//762
f 761//761 762//762 763//763
f 763//763 762//762 764//764
f 763//763 764//764 765//765
f 765//765 764//764 766//766
f 765//765 766//766 767//767
f 767//767 766//766 768//768
f 767//767 768//768 769//769
f 769//769 768//768 770//770
f 769//769 770//770 771//771
f 771//771 770//770 772//772
f 771//771 772//772 773//773
f 773//773 772//772 774//774
f 773//773 774//774 775//775
f 775//775 774//774 776//776
f 775//775 776//776 777//777
f 777//777 776//776 778//778
f 777//777 778//778 779//779
f 779//779 778//778 780//780
f 779//779 780//780 781//781
f 781//781 780//780 782//782
f 781//781 782//782 783//783
f 783//783 782//782 784//784
f 783//783 784//784 785//785
f 785//785 784//784 786//786
f 785//785 786//786 787//787
f 787//787 786//786 788//788
f 787//787 788//788 789//789
f 789//789 788//788 790//790
f 789//789 790//790 791//791
f 791//791 790//790 792//792
f 791//791 792//792 721//721
f 721//721 792//792 722//722
f 793//793 794//794 795//795
f 795//795 794//794 796//796
f 795//795 796//796 797//797
f 797//797 796//796 798//798
f 797//797 798//798 799//799
f 799//799 798//798 800//800
f 799//799 800//800 801//801
f 801//801 800//800 802//802
f 801//801 802//802 803//803
f 803//803 802//802 804//804
f 803//803 804//804 805//805
f 805//805 804//804 806//806
f 805//805 806//806 807//807
f 807//807 806//806 808//808
f 807//807 808//808 809//809
f 809//809 808//808 810//810
f 809//809 810//810 811//811
f 811//811 810//810 812//812
f 811//811 812//812 813//813
f 813//813 812//812 814//814
f 813//813 814//814 815//815
f 815//815 814//814 816//816
f 815//815 816//816 817//817
f 817//817 816//816 818//818
f 817//817 818//818 819//819
f 819//819 818//818 820//820
f 819//819 820//820 821//821
f 821//821 820//820 822//822
f 821//821 822//822 823//823
f 823//823 822//822 824//824
f 823//823 824//824 825//825
f 825//825 824//824 826//826
f 825//825 826//826 827//827
f 827//827 826//826 828//828
f 827//827 828//828 829//829
f 829//829 828//828 830//830
f 829//829 830//830 831//831
f 831//831 830//830 832//832
f 831//831 832//832 833//833
f 833//833 832//832 834//834
f 833//833 834//834 835//835
f 835//835 834//834 836//836
f 835//835 836//836 837//837
f 837//837 836//836 838//838
f 837//837 838//838 839//839
f 839//839 838//838 840//840
f 839//839 840//840 841//841
f 841//841 840//840 842//842
f 841//841 842//842 843//843
f 843//843 842//842 844//844
f 843//843 844//844 845//845
f 845//845 844//844 846//846
f 845//845 846//846 847//847
f 847//847 846//846 848//848
f 847//847 848//848 849//849
f 849//849 848//848 850//850
f 849//849 850//850 851//851
f 851//851 850//850 852//852
f 851//851 852//852 853//853
f 853//853 852//852 854//854
f 853//853 854//854 855//855
f 855//855 854//854 856//856
f 855//855 856//856 857//857
f 857//857 856//856 858//858
f 857//857 858//858 859//859
f 859//859 858//858 860//860
f 859//859 860//860 861//861
f 861//861 860//860 862//862
f 861//861 862//862 863//863
f 863//863 862//862 864//864
f 863//863 864//864 793//793
f 793//793 864//864 794//794
f 865//865 866//866 867//867
f 867//867 866//866 868//868
f 867//867 868//868 869//869
f 869//869 868//868 870//870
f 869//869 870//870 871//871
f 871//871 870//870 872//872
f 871//871 872//872 873//873
f 873//873 872//872 874//874
f 873//873 874//874 875//875
f 875//875 874//874 876//876
f 875//875 876//876 877//877
f 877//877 876//876 878//878
f 877//877 878//878 879//879
f 879//879 878//878 880//880
f 879//879 880//880 881//881
f 881//881 880//880 882//882
f 881//881 882//882 883//883
f 883//883 882//882 884//884
f 883//883 884//884 885//885
f 885//885 884//884 886//886
f 885//885 886//886 887//887
f 887//887 886//886 888//888
f 887//887 888//888 889//889
f 889//889 888//888 890//890
f 889//889 890//890 891//891
f 891//891 890//890 892//892
f 891//891 892//892 893//893
f 893//893 892//892 894//894
f 893//893 894//894 895//895
f 895//895 894//894 896//896
f 895//895 896//896 897//897
f 897//897 896//896 898//898
f 897//897 898//898 899//899
f 899//899 898//898 900//900
f 899//899 900//900 901//901
f 901//901 900//900 902//902
f 901//901 902//902 903//903
f 903//903 902//902 904//904
f 903//903 904//904 905//905
f 905//905 904//904 906//906
f 905//905 906//906 907//907
f 907//907 906//906 908//908
f 907//907 908//908 909//909
f 909//909 908//908 910//910
f 909//909 910//910 911//911
f 911//911 910//910 912//912
f 911//911 912//912 913//913
f 913//913 912//912 914//914
f 913//913 914//914 915//915
f 915//915 914//914 916//916
f 915//915 916//916 917//917
f 917//917 916//916 918//918
f 917//917 918//918 919//919
f 919//919 918//918 920//920
f 919//919 920//920 921//921
f 921//921 920//920 922//922
f 921//921 922//922 923//923
f 923//923 922//922 924//924
f 923//923 924//924 925//925
f 925//925 924//924 926//926
f 925//925 926//926 927//927
f 927//927 926//926 928//928
f 927//927 928//928 929//929
f 929//929 928//928 930//930
f 929//929 930//930 931//931
f 931//931 930//930 932//932
f 931//931 932//932 933//933
f 933//933 932//932 934//934
f 933//933 934//934 935//935
f 935//935 934//934 936//936
f 935//935 936//936 865//865
f 865//865 936//936 866//866
f 937//937 145//145 938//938
f 938//938 145//145 147//147
f 938//938 147//147 149//149
f 145//145 937//937 215//215
f 215//215 937//937 939//939
f 215//215 939//939 213//213
f 213//213 939//939 211//211
f 211//211 939//939 940//940
f 211//211 940//940 209//209
f 209//209 940//940 223//223
f 209//209 223//223 207//207
f 207//207 223//223 225//225
f 207//207 225//225 205//205
f 205//205 225//225 227//227
f 205//205 227//227 203//203
f 203//203 227//227 229//229
f 203//203 229//229 201//201
f 201//201 229//229 231//231
f 201//201 231//231 199//199
f 199//199 231//231 233//233
f 199//199 233//233 197//197
f 197//197 233//233 235//235
f 197//197 235//235 195//195
f 195//195 235//235 237//237
f 195//195 237//237 193//193
f 193//193 237//237 239//239
f 193//193 239//239 191//191
f 191//191 239//239 241//241
f 191//191 241//241 189//189
f 189//189 241//241 243//243
f 189//189 243//243 187//187
f 187//187 243//243 245//245
f 187//187 245//245 719//719
f 719//719 245//245 247//247
f 719//719 247//247 249//249
f 940//940 941//941 223//223
f 223//223 941//941 221//221
f 221//221 941//941 219//219
f 219//219 941//941 942//942
f 219//219 942//942 217//217
f 217//217 942//942 943//943
f 217//217 943//943 287//287
f 287//287 943//943 285//285
f 285//285 943//943 944//944
f 285//285 944//944 283//283
f 283//283 944//944 945//945
f 283//283 945//945 281//281
f 281//281 945//945 279//279
f 279//279 945//945 946//946
f 279//279 946//946 277//277
f 277//277 946//946 275//275
f 275//275 946//946 947//947
f 275//275 947//947 577//577
f 577//577 947//947 647//647
f 647//647 947//947 948//948
f 647//647 948//948 645//645
f 645//645 948//948 949//949
f 645//645 949//949 643//643
f 643//643 949//949 641//641
f 641//641 949//949 950//950
f 641//641 950//950 639//639
f 639//639 950//950 637//637
f 637//637 950//950 951//951
f 637//637 951//951 635//635
f 635//635 951//951 952//952
f 635//635 952//952 633//633
f 633//633 952//952 631//631
f 631//631 952//952 953//953
f 631//631 953//953 629//629
f 629//629 953//953 355//355
f 629//629 355//355 627//627
f 627//627 355//355 357//357
f 627//627 357//357 625//625
f 625//625 357//357 359//359
f 625//625 359//359 623//623
f 623//623 359//359 289//289
f 623//623 289//289 621//621
f 621//621 289//289 291//291
f 621//621 291//291 619//619
f 619//619 291//291 293//293
f 619//619 293//293 617//617
f 617//617 293//293 295//295
f 617//617 295//295 615//615
f 615//615 295//295 297//297
f 615//615 297//297 613//613
f 613//613 297//297 299//299
f 613//613 299//299 611//611
f 611//611 299//299 301//301
f 611//611 301//301 609//609
f 609//609 301//301 303//303
f 609//609 303//303 607//607
f 607//607 303//303 305//305
f 607//607 305//305 709//709
f 709//709 305//305 707//707
f 707//707 305//305 307//307
f 707//707 307//307 705//705
f 705//705 307//307 309//309
f 705//705 309//309 311//311
f 953//953 954//954 355//355
f 355//355 954//954 353//353
f 353//353 954//954 955//955
f 353//353 955//955 351//351
f 351//351 955//955 349//349
f 349//349 955//955 956//956
f 349//349 956//956 347//347
f 347//347 956//956 345//345
f 345//345 956//956 957//957
f 345//345 957//957 343//343
f 343//343 957//957 958//958
f 343//343 958//958 341//341
f 341//341 958//958 339//339
f 339//339 958//958 959//959
f 339//339 959//959 337//337
f 337//337 959//959 960//960
f 337//337 960//960 335//335
f 335//335 960//960 565//565
f 335//335 565//565 567//567
f 565//565 960//960 563//563
f 563//563 960//960 961//961
f 563//563 961//961 561//561
f 561//561 961//961 962//962
f 561//561 962//962 559//559
f 559//559 962//962 557//557
f 557//557 962//962 963//963
f 557//557 963//963 555//555
f 555//555 963//963 964//964
f 555//555 964//964 553//553
f 553//553 964//964 551//551
f 551//551 964//964 965//965
f 551//551 965//965 549//549
f 549//549 965//965 966//966
f 549//549 966//966 547//547
f 547//547 966//966 545//545
f 545//545 966//966 967//967
f 545//545 967//967 415//415
f 415//415 967//967 413//413
f 413//413 967//967 968//968
f 413//413 968//968 411//411
f 411//411 968//968 409//409
f 409//409 968//968 969//969
f 409//409 969//969 407//407
f 407//407 969//969 970//970
f 407//407 970//970 405//405
f 405//405 970//970 403//403
f 403//403 970//970 971//971
f 403//403 971//971 401//401
f 401//401 971//971 399//399
f 399//399 971//971 972//972
f 399//399 972//972 397//397
f 397//397 972//972 973//973
f 397//397 973//973 395//395
f 395//395 973//973 481//481
f 395//395 481//481 483//483
f 973//973 974//974 481//481
f 481//481 974//974 479//479
f 479//479 974//974 477//477
f 477//477 974//974 975//975
f 477//477 975//975 475//475
f 475//475 975//975 976//976
f 475//475 976//976 473//473
f 473//473 976//976 471//471
f 471//471 976//976 977//977
f 471//471 977//977 469//469
f 469//469 977//977 467//467
f 467//467 977//977 978//978
f 467//467 978//978 465//465
f 465//465 978//978 979//979
f 465//465 979//979 463//463
f 463//463 979//979 461//461
f 461//461 979//979 980//980
f 461//461 980//980 907//907
f 907//907 980//980 905//905
f 905//905 980//980 981//981
f 905//905 981//981 903//903
f 903//903 981//981 982//982
f 903//903 982//982 901//901
f 901//901 982//982 899//899
f 899//899 982//982 983//983
f 899//899 983//983 897//897
f 897//897 983//983 895//895
f 895//895 983//983 984//984
f 895//895 984//984 893//893
f 893//893 984//984 985//985
f 893//893 985//985 891//891
f 891//891 985//985 889//889
f 889//889 985//985 986//986
f 889//889 986//986 887//887
f 887//887 986//986 37//37
f 887//887 37//37 885//885
f 885//885 37//37 39//39
f 885//885 39//39 41//41
f 987//987 813//813 986//986
f 986//986 813//813 815//815
f 986//986 815//815 817//817
f 987//987 988//988 813//813
f 813//813 988//988 989//989
f 813//813 989//989 990//990
f 990//990 991//991 813//813
f 813//813 991//991 992//992
f 813//813 992//992 993//993
f 993//993 994//994 813//813
f 813//813 994//994 995//995
f 813//813 995//995 996//996
f 996//996 997//997 813//813
f 813//813 997//997 811//811
f 811//811 997//997 809//809
f 809//809 997//997 998//998
f 809//809 998//998 807//807
f 807//807 998//998 805//805
f 805//805 998//998 999//999
f 805//805 999//999 803//803
f 803//803 999//999 1000//1000
f 803//803 1000//1000 97//97
f 97//97 1000//1000 95//95
f 95//95 1000//1000 1001//1001
f 95//95 1001//1001 93//93
f 93//93 1001//1001 1002//1002
f 93//93 1002//1002 1003//1003
f 1003//1003 1004//1004 93//93
f 93//93 1004//1004 1005//1005
f 93//93 1005//1005 1006//1006
f 1006//1006 1007//1007 93//93
f 93//93 1007//1007 1008//1008
f 93//93 1008//1008 91//91
f 91//91 1008//1008 89//89
f 89//89 1008//1008 87//87
f 87//87 1008//1008 85//85
f 85//85 1008//1008 83//83
f 83//83 1008//1008 81//81
f 81//81 1008//1008 79//79
f 79//79 1008//1008 77//77
f 77//77 1008//1008 741//741
f 77//77 741//741 75//75
f 75//75 741//741 743//743
f 75//75 743//743 73//73
f 73//73 743//743 745//745
f 73//73 745//745 143//143
f 143//143 745//745 141//141
f 141//141 745//745 139//139
f 139//139 745//745 137//137
f 137//137 745//745 135//135
f 135//135 745//745 133//133
f 133//133 745//745 747//747
f 133//133 747//747 749//749
f 1008//1008 1009//1009 741//741
f 741//741 1009//1009 1010//1010
f 741//741 1010//1010 1011//1011
f 1012//1012 723//723 1011//1011
f 1011//1011 723//723 725//725
f 1011//1011 725//725 727//727
f 1013//1013 791//791 1012//1012
f 1012//1012 791//791 721//721
f 1012//1012 721//721 723//723
f 1014//1014 155//155 1013//1013
f 1013//1013 155//155 157//157
f 1013//1013 157//157 791//791
f 791//791 157//157 159//159
f 791//791 159//159 789//789
f 789//789 159//159 161//161
f 789//789 161//161 787//787
f 787//787 161//161 163//163
f 787//787 163//163 785//785
f 785//785 163//163 165//165
f 785//785 165//165 783//783
f 783//783 165//165 167//167
f 783//783 167//167 781//781
f 781//781 167//167 169//169
f 781//781 169//169 779//779
f 779//779 169//169 171//171
f 779//779 171//171 777//777
f 777//777 171//171 173//173
f 777//777 173//173 775//775
f 775//775 173//173 175//175
f 775//775 175//175 773//773
f 773//773 175//175 177//177
f 773//773 177//177 771//771
f 771//771 177//177 179//179
f 771//771 179//179 769//769
f 769//769 179//179 653//653
f 769//769 653//653 767//767
f 767//767 653//653 655//655
f 767//767 655//655 765//765
f 765//765 655//655 657//657
f 765//765 657//657 763//763
f 763//763 657//657 659//659
f 763//763 659//659 761//761
f 761//761 659//659 661//661
f 761//761 661//661 129//129
f 129//129 661//661 663//663
f 129//129 663//663 665//665
f 1015//1015 151//151 1014//1014
f 1014//1014 151//151 153//153
f 1014//1014 153//153 155//155
f 151//151 1015//1015 149//149
f 149//149 1015//1015 938//938
f 869//869 675//675 867//867
f 867//867 675//675 677//677
f 867//867 677//677 865//865
f 865//865 677//677 679//679
f 865//865 679//679 935//935
f 935//935 679//679 681//681
f 935//935 681//681 933//933
f 933//933 681//681 683//683
f 933//933 683//683 931//931
f 931//931 683//683 929//929
f 929//929 683//683 439//439
f 929//929 439//439 927//927
f 927//927 439//439 441//441
f 927//927 441//441 925//925
f 925//925 441//441 443//443
f 925//925 443//443 923//923
f 923//923 443//443 445//445
f 923//923 445//445 921//921
f 921//921 445//445 447//447
f 921//921 447//447 919//919
f 919//919 447//447 449//449
f 919//919 449//449 917//917
f 917//917 449//449 451//451
f 917//917 451//451 915//915
f 915//915 451//451 453//453
f 915//915 453//453 913//913
f 913//913 453//453 455//455
f 913//913 455//455 911//911
f 911//911 455//455 457//457
f 911//911 457//457 909//909
f 909//909 457//457 459//459
f 909//909 459//459 907//907
f 907//907 459//459 461//461
f 675//675 869//869 673//673
f 673//673 869//869 871//871
f 673//673 871//871 671//671
f 671//671 871//871 129//129
f 671//671 129//129 669//669
f 669//669 129//129 667//667
f 667//667 129//129 665//665
f 871//871 873//873 129//129
f 129//129 873//873 875//875
f 129//129 875//875 877//877
f 877//877 879//879 129//129
f 129//129 879//879 881//881
f 129//129 881//881 883//883
f 883//883 885//885 129//129
f 129//129 885//885 127//127
f 127//127 885//885 59//59
f 127//127 59//59 125//125
f 125//125 59//59 61//61
f 125//125 61//61 123//123
f 123//123 61//61 63//63
f 123//123 63//63 849//849
f 849//849 63//63 847//847
f 847//847 63//63 65//65
f 847//847 65//65 845//845
f 845//845 65//65 67//67
f 845//845 67//67 843//843
f 843//843 67//67 69//69
f 843//843 69//69 841//841
f 841//841 69//69 71//71
f 841//841 71//71 839//839
f 839//839 71//71 1//1
f 839//839 1//1 837//837
f 837//837 1//1 3//3
f 837//837 3//3 835//835
f 835//835 3//3 5//5
f 835//835 5//5 833//833
f 833//833 5//5 7//7
f 833//833 7//7 831//831
f 831//831 7//7 9//9
f 831//831 9//9 11//11
f 797//797 105//105 795//795
f 795//795 105//105 107//107
f 795//795 107//107 793//793
f 793//793 107//107 109//109
f 793//793 109//109 863//863
f 863//863 109//109 111//111
f 863//863 111//111 861//861
f 861//861 111//111 113//113
f 861//861 113//113 859//859
f 859//859 113//113 115//115
f 859//859 115//115 857//857
f 857//857 115//115 117//117
f 857//857 117//117 855//855
f 855//855 117//117 119//119
f 855//855 119//119 853//853
f 853//853 119//119 121//121
f 853//853 121//121 851//851
f 851//851 121//121 123//123
f 851//851 123//123 849//849
f 105//105 797//797 103//103
f 103//103 797//797 799//799
f 103//103 799//799 101//101
f 101//101 799//799 801//801
f 101//101 801//801 99//99
f 99//99 801//801 803//803
f 99//99 803//803 97//97
f 817//817 819//819 986//986
f 986//986 819//819 21//21
f 986//986 21//21 23//23
f 819//819 821//821 21//21
f 21//21 821//821 823//823
f 21//21 823//823 825//825
f 825//825 827//827 21//21
f 21//21 827//827 829//829
f 21//21 829//829 831//831
f 727//727 729//729 1011//1011
f 1011//1011 729//729 731//731
f 1011//1011 731//731 733//733
f 733//733 735//735 1011//1011
f 1011//1011 735//735 737//737
f 1011//1011 737//737 739//739
f 739//739 741//741 1011//1011
f 749//749 751//751 133//133
f 133//133 751//751 753//753
f 133//133 753//753 755//755
f 755//755 757//757 133//133
f 133//133 757//757 131//131
f 131//131 757//757 759//759
f 131//131 759//759 129//129
f 129//129 759//759 761//761
f 653//653 181//181 651//651
f 651//651 181//181 183//183
f 651//651 183//183 649//649
f 649//649 183//183 185//185
f 649//649 185//185 719//719
f 719//719 185//185 187//187
f 439//439 683//683 437//437
f 437//437 683//683 685//685
f 437//437 685//685 435//435
f 435//435 685//685 687//687
f 435//435 687//687 433//433
f 433//433 687//687 689//689
f 433//433 689//689 503//503
f 503//503 689//689 373//373
f 503//503 373//373 375//375
f 373//373 689//689 371//371
f 371//371 689//689 691//691
f 371//371 691//691 369//369
f 369//369 691//691 693//693
f 369//369 693//693 367//367
f 367//367 693//693 695//695
f 367//367 695//695 365//365
f 365//365 695//695 523//523
f 365//365 523//523 525//525
f 523//523 695//695 521//521
f 521//521 695//695 697//697
f 521//521 697//697 519//519
f 519//519 697//697 699//699
f 519//519 699//699 517//517
f 517//517 699//699 701//701
f 517//517 701//701 515//515
f 515//515 701//701 313//313
f 515//515 313//313 315//315
f 701//701 703//703 313//313
f 313//313 703//703 311//311
f 311//311 703//703 705//705
f 607//607 709//709 605//605
f 605//605 709//709 711//711
f 605//605 711//711 603//603
f 603//603 711//711 713//713
f 603//603 713//713 601//601
f 601//601 713//713 715//715
f 601//601 715//715 599//599
f 599//599 715//715 253//253
f 599//599 253//253 597//597
f 597//597 253//253 255//255
f 597//597 255//255 595//595
f 595//595 255//255 257//257
f 595//595 257//257 593//593
f 593//593 257//257 259//259
f 593//593 259//259 591//591
f 591//591 259//259 261//261
f 591//591 261//261 589//589
f 589//589 261//261 263//263
f 589//589 263//263 587//587
f 587//587 263//263 265//265
f 587//587 265//265 585//585
f 585//585 265//265 267//267
f 585//585 267//267 583//583
f 583//583 267//267 269//269
f 583//583 269//269 581//581
f 581//581 269//269 271//271
f 581//581 271//271 579//579
f 579//579 271//271 273//273
f 579//579 273//273 577//577
f 577//577 273//273 275//275
f 253//253 715//715 251//251
f 251//251 715//715 717//717
f 251//251 717//717 249//249
f 249//249 717//717 719//719
f 509//509 321//321 507//507
f 507//507 321//321 323//323
f 507//507 323//323 505//505
f 505//505 323//323 325//325
f 505//505 325//325 575//575
f 575//575 325//325 327//327
f 575//575 327//327 573//573
f 573//573 327//327 329//329
f 573//573 329//329 571//571
f 571//571 329//329 331//331
f 571//571 331//331 569//569
f 569//569 331//331 333//333
f 569//569 333//333 567//567
f 567//567 333//333 335//335
f 321//321 509//509 319//319
f 319//319 509//509 511//511
f 319//319 511//511 317//317
f 317//317 511//511 513//513
f 317//317 513//513 315//315
f 315//315 513//513 515//515
f 365//365 525//525 363//363
f 363//363 525//525 527//527
f 363//363 527//527 361//361
f 361//361 527//527 529//529
f 361//361 529//529 431//431
f 431//431 529//529 531//531
f 431//431 531//531 429//429
f 429//429 531//531 533//533
f 429//429 533//533 427//427
f 427//427 533//533 535//535
f 427//427 535//535 425//425
f 425//425 535//535 537//537
f 425//425 537//537 423//423
f 423//423 537//537 539//539
f 423//423 539//539 421//421
f 421//421 539//539 541//541
f 421//421 541//541 419//419
f 419//419 541//541 543//543
f 419//419 543//543 417//417
f 417//417 543//543 545//545
f 417//417 545//545 415//415
f 395//395 483//483 393//393
f 393//393 483//483 485//485
f 393//393 485//485 391//391
f 391//391 485//485 487//487
f 391//391 487//487 389//389
f 389//389 487//487 489//489
f 389//389 489//489 387//387
f 387//387 489//489 491//491
f 387//387 491//491 385//385
f 385//385 491//491 493//493
f 385//385 493//493 383//383
f 383//383 493//493 495//495
f 383//383 495//495 381//381
f 381//381 495//495 497//497
f 381//381 497//497 379//379
f 379//379 497//497 499//499
f 379//379 499//499 377//377
f 377//377 499//499 501//501
f 377//377 501//501 375//375
f 375//375 501//501 503//503
f 179//179 181//181 653//653
f 11//11 13//13 831//831
f 831//831 13//13 15//15
f 831//831 15//15 17//17
f 17//17 19//19 831//831
f 831//831 19//19 21//21
f 23//23 25//25 986//986
f 986//986 25//25 27//27
f 986//986 27//27 29//29
f 29//29 31//31 986//986
f 986//986 31//31 33//33
f 986//986 33//33 35//35
f 35//35 37//37 986//986
f 41//41 43//43 885//885
f 885//885 43//43 45//45
f 885//885 45//45 47//47
f 47//47 49//49 885//885
f 885//885 49//49 51//51
f 885//885 51//51 53//53
f 53//53 55//55 885//885
f 885//885 55//55 57//57
f 885//885 57//57 59//59
f 1016//1016 150//150 1017//1017
f 1017//1017 150//150 148//148
f 1017//1017 148//148 146//146
f 1018//1018 154//154 1016//1016
f 1016//1016 154//154 152//152
f 1016//1016 152//152 150//150
f 154//154 1018//1018 156//156
f 156//156 1018//1018 1019//1019
f 156//156 1019//1019 158//158
f 158//158 1019//1019 792//792
f 158//158 792//792 790//790
f 1019//1019 1020//1020 792//792
f 792//792 1020//1020 722//722
f 722//722 1020//1020 724//724
f 724//724 1020//1020 1021//1021
f 724//724 1021//1021 726//726
f 726//726 1021//1021 1022//1022
f 726//726 1022//1022 728//728
f 728//728 1022//1022 730//730
f 730//730 1022//1022 1023//1023
f 730//730 1023//1023 732//732
f 732//732 1023//1023 734//734
f 734//734 1023//1023 1024//1024
f 734//734 1024//1024 736//736
f 736//736 1024//1024 1025//1025
f 736//736 1025//1025 738//738
f 738//738 1025//1025 740//740
f 740//740 1025//1025 1026//1026
f 740//740 1026//1026 78//78
f 78//78 1026//1026 80//80
f 80//80 1026//1026 1027//1027
f 80//80 1027//1027 82//82
f 82//82 1027//1027 1028//1028
f 82//82 1028//1028 84//84
f 84//84 1028//1028 86//86
f 86//86 1028//1028 1029//1029
f 86//86 1029//1029 88//88
f 88//88 1029//1029 90//90
f 90//90 1029//1029 1030//1030
f 90//90 1030//1030 92//92
f 92//92 1030//1030 94//94
f 94//94 1030//1030 1031//1031
f 94//94 1031//1031 96//96
f 96//96 1031//1031 1032//1032
f 96//96 1032//1032 98//98
f 98//98 1032//1032 804//804
f 98//98 804//804 802//802
f 1032//1032 1033//1033 804//804
f 804//804 1033//1033 806//806
f 806//806 1033//1033 808//808
f 808//808 1033//1033 1034//1034
f 808//808 1034//1034 810//810
f 810//810 1034//1034 1035//1035
f 810//810 1035//1035 812//812
f 812//812 1035//1035 814//814
f 814//814 1035//1035 1036//1036
f 814//814 1036//1036 1037//1037
f 1037//1037 1038//1038 814//814
f 814//814 1038//1038 816//816
f 816//816 1038//1038 1039//1039
f 816//816 1039//1039 1040//1040
f 1040//1040 1041//1041 816//816
f 816//816 1041//1041 1042//1042
f 816//816 1042//1042 1043//1043
f 1043//1043 1044//1044 816//816
f 816//816 1044//1044 1045//1045
f 816//816 1045//1045 818//818
f 818//818 1045//1045 820//820
f 820//820 1045//1045 22//22
f 820//820 22//22 822//822
f 822//822 22//22 20//20
f 822//822 20//20 824//824
f 824//824 20//20 18//18
f 824//824 18//18 826//826
f 826//826 18//18 16//16
f 826//826 16//16 828//828
f 828//828 16//16 14//14
f 828//828 14//14 830//830
f 830//830 14//14 12//12
f 830//830 12//12 832//832
f 832//832 12//12 10//10
f 832//832 10//10 834//834
f 834//834 10//10 8//8
f 834//834 8//8 836//836
f 836//836 8//8 6//6
f 836//836 6//6 838//838
f 838//838 6//6 4//4
f 838//838 4//4 840//840
f 840//840 4//4 2//2
f 840//840 2//2 842//842
f 842//842 2//2 72//72
f 842//842 72//72 844//844
f 844//844 72//72 70//70
f 844//844 70//70 846//846
f 846//846 70//70 68//68
f 846//846 68//68 672//672
f 672//672 68//68 66//66
f 672//672 66//66 674//674
f 674//674 66//66 64//64
f 674//674 64//64 676//676
f 676//676 64//64 62//62
f 676//676 62//62 678//678
f 678//678 62//62 60//60
f 678//678 60//60 866//866
f 866//866 60//60 868//868
f 868//868 60//60 58//58
f 868//868 58//58 870//870
f 870//870 58//58 56//56
f 870//870 56//56 872//872
f 872//872 56//56 54//54
f 872//872 54//54 874//874
f 874//874 54//54 52//52
f 874//874 52//52 876//876
f 876//876 52//52 50//50
f 876//876 50//50 878//878
f 878//878 50//50 48//48
f 878//878 48//48 880//880
f 880//880 48//48 46//46
f 880//880 46//46 882//882
f 882//882 46//46 44//44
f 882//882 44//44 884//884
f 884//884 44//44 42//42
f 884//884 42//42 886//886
f 886//886 42//42 40//40
f 886//886 40//40 888//888
f 888//888 40//40 38//38
f 888//888 38//38 1045//1045
f 1045//1045 38//38 36//36
f 1045//1045 36//36 34//34
f 1045//1045 1046//1046 888//888
f 888//888 1046//1046 890//890
f 890//890 1046//1046 892//892
f 892//892 1046//1046 1047//1047
f 892//892 1047//1047 894//894
f 894//894 1047//1047 1048//1048
f 894//894 1048//1048 896//896
f 896//896 1048//1048 898//898
f 898//898 1048//1048 1049//1049
f 898//898 1049//1049 900//900
f 900//900 1049//1049 902//902
f 902//902 1049//1049 1050//1050
f 902//902 1050//1050 904//904
f 904//904 1050//1050 1051//1051
f 904//904 1051//1051 906//906
f 906//906 1051//1051 908//908
f 908//908 1051//1051 1052//1052
f 908//908 1052//1052 462//462
f 462//462 1052//1052 464//464
f 464//464 1052//1052 1053//1053
f 464//464 1053//1053 466//466
f 466//466 1053//1053 1054//1054
f 466//466 1054//1054 468//468
f 468//468 1054//1054 470//470
f 470//470 1054//1054 1055//1055
f 470//470 1055//1055 472//472
f 472//472 1055//1055 474//474
f 474//474 1055//1055 1056//1056
f 474//474 1056//1056 476//476
f 476//476 1056//1056 478//478
f 478//478 1056//1056 1057//1057
f 478//478 1057//1057 480//480
f 480//480 1057//1057 1058//1058
f 480//480 1058//1058 482//482
f 482//482 1058//1058 396//396
f 482//482 396//396 394//394
f 1058//1058 1059//1059 396//396
f 396//396 1059//1059 398//398
f 398//398 1059//1059 400//400
f 400//400 1059//1059 1060//1060
f 400//400 1060//1060 402//402
f 402//402 1060//1060 1061//1061
f 402//402 1061//1061 404//404
f 404//404 1061//1061 406//406
f 406//406 1061//1061 1062//1062
f 406//406 1062//1062 408//408
f 408//408 1062//1062 410//410
f 410//410 1062//1062 1063//1063
f 410//410 1063//1063 412//412
f 412//412 1063//1063 1064//1064
f 412//412 1064//1064 414//414
f 414//414 1064//1064 416//416
f 416//416 1064//1064 1065//1065
f 416//416 1065//1065 546//546
f 546//546 1065//1065 548//548
f 548//548 1065//1065 1066//1066
f 548//548 1066//1066 550//550
f 550//550 1066//1066 1067//1067
f 550//550 1067//1067 552//552
f 552//552 1067//1067 554//554
f 554//554 1067//1067 1068//1068
f 554//554 1068//1068 556//556
f 556//556 1068//1068 558//558
f 558//558 1068//1068 1069//1069
f 558//558 1069//1069 560//560
f 560//560 1069//1069 562//562
f 562//562 1069//1069 1070//1070
f 562//562 1070//1070 564//564
f 564//564 1070//1070 1071//1071
f 564//564 1071//1071 566//566
f 566//566 1071//1071 336//336
f 566//566 336//336 334//334
f 1071//1071 1072//1072 336//336
f 336//336 1072//1072 338//338
f 338//338 1072//1072 340//340
f 340//340 1072//1072 1073//1073
f 340//340 1073//1073 342//342
f 342//342 1073//1073 1074//1074
f 342//342 1074//1074 344//344
f 344//344 1074//1074 346//346
f 346//346 1074//1074 1075//1075
f 346//346 1075//1075 348//348
f 348//348 1075//1075 350//350
f 350//350 1075//1075 1076//1076
f 350//350 1076//1076 352//352
f 352//352 1076//1076 1077//1077
f 352//352 1077//1077 354//354
f 354//354 1077//1077 356//356
f 356//356 1077//1077 1078//1078
f 356//356 1078//1078 630//630
f 630//630 1078//1078 632//632
f 632//632 1078//1078 1079//1079
f 632//632 1079//1079 634//634
f 634//634 1079//1079 1080//1080
f 634//634 1080//1080 636//636
f 636//636 1080//1080 638//638
f 638//638 1080//1080 1081//1081
f 638//638 1081//1081 640//640
f 640//640 1081//1081 642//642
f 642//642 1081//1081 1082//1082
f 642//642 1082//1082 644//644
f 644//644 1082//1082 646//646
f 646//646 1082//1082 1083//1083
f 646//646 1083//1083 648//648
f 648//648 1083//1083 1084//1084
f 648//648 1084//1084 578//578
f 578//578 1084//1084 276//276
f 578//578 276//276 580//580
f 580//580 276//276 274//274
f 580//580 274//274 582//582
f 582//582 274//274 272//272
f 582//582 272//272 584//584
f 584//584 272//272 270//270
f 584//584 270//270 586//586
f 586//586 270//270 268//268
f 586//586 268//268 588//588
f 588//588 268//268 266//266
f 588//588 266//266 590//590
f 590//590 266//266 264//264
f 590//590 264//264 592//592
f 592//592 264//264 262//262
f 592//592 262//262 594//594
f 594//594 262//262 260//260
f 594//594 260//260 596//596
f 596//596 260//260 258//258
f 596//596 258//258 598//598
f 598//598 258//258 256//256
f 598//598 256//256 600//600
f 600//600 256//256 254//254
f 600//600 254//254 714//714
f 714//714 254//254 252//252
f 714//714 252//252 716//716
f 716//716 252//252 250//250
f 716//716 250//250 718//718
f 718//718 250//250 248//248
f 718//718 248//248 720//720
f 720//720 248//248 246//246
f 720//720 246//246 188//188
f 188//188 246//246 190//190
f 190//190 246//246 244//244
f 190//190 244//244 192//192
f 192//192 244//244 242//242
f 192//192 242//242 194//194
f 194//194 242//242 240//240
f 194//194 240//240 196//196
f 196//196 240//240 238//238
f 196//196 238//238 198//198
f 198//198 238//238 236//236
f 198//198 236//236 200//200
f 200//200 236//236 234//234
f 200//200 234//234 202//202
f 202//202 234//234 232//232
f 202//202 232//232 204//204
f 204//204 232//232 230//230
f 204//204 230//230 206//206
f 206//206 230//230 228//228
f 206//206 228//228 208//208
f 208//208 228//228 226//226
f 208//208 226//226 210//210
f 210//210 226//226 224//224
f 210//210 224//224 1085//1085
f 1085//1085 224//224 1086//1086
f 1086//1086 224//224 222//222
f 1086//1086 222//222 220//220
f 1084//1084 1087//1087 276//276
f 276//276 1087//1087 278//278
f 278//278 1087//1087 280//280
f 280//280 1087//1087 1088//1088
f 280//280 1088//1088 282//282
f 282//282 1088//1088 1089//1089
f 282//282 1089//1089 284//284
f 284//284 1089//1089 286//286
f 286//286 1089//1089 1090//1090
f 286//286 1090//1090 288//288
f 288//288 1090//1090 218//218
f 218//218 1090//1090 1091//1091
f 218//218 1091//1091 220//220
f 220//220 1091//1091 1086//1086
f 210//210 1085//1085 212//212
f 212//212 1085//1085 1092//1092
f 212//212 1092//1092 214//214
f 214//214 1092//1092 1093//1093
f 214//214 1093//1093 216//216
f 216//216 1093//1093 146//146
f 146//146 1093//1093 1017//1017
f 866//866 936//936 678//678
f 678//678 936//936 680//680
f 680//680 936//936 934//934
f 680//680 934//934 682//682
f 682//682 934//934 932//932
f 682//682 932//932 684//684
f 684//684 932//932 930//930
f 684//684 930//930 440//440
f 440//440 930//930 442//442
f 442//442 930//930 928//928
f 442//442 928//928 444//444
f 444//444 928//928 926//926
f 444//444 926//926 446//446
f 446//446 926//926 924//924
f 446//446 924//924 448//448
f 448//448 924//924 922//922
f 448//448 922//922 450//450
f 450//450 922//922 920//920
f 450//450 920//920 452//452
f 452//452 920//920 918//918
f 452//452 918//918 454//454
f 454//454 918//918 916//916
f 454//454 916//916 456//456
f 456//456 916//916 914//914
f 456//456 914//914 458//458
f 458//458 914//914 912//912
f 458//458 912//912 460//460
f 460//460 912//912 910//910
f 460//460 910//910 462//462
f 462//462 910//910 908//908
f 794//794 106//106 796//796
f 796//796 106//106 104//104
f 796//796 104//104 798//798
f 798//798 104//104 102//102
f 798//798 102//102 800//800
f 800//800 102//102 100//100
f 800//800 100//100 802//802
f 802//802 100//100 98//98
f 106//106 794//794 108//108
f 108//108 794//794 864//864
f 108//108 864//864 110//110
f 110//110 864//864 862//862
f 110//110 862//862 112//112
f 112//112 862//862 860//860
f 112//112 860//860 114//114
f 114//114 860//860 858//858
f 114//114 858//858 116//116
f 116//116 858//858 856//856
f 116//116 856//856 118//118
f 118//118 856//856 854//854
f 118//118 854//854 120//120
f 120//120 854//854 668//668
f 120//120 668//668 122//122
f 122//122 668//668 666//666
f 122//122 666//666 124//124
f 124//124 666//666 664//664
f 124//124 664//664 126//126
f 126//126 664//664 662//662
f 126//126 662//662 128//128
f 128//128 662//662 762//762
f 128//128 762//762 760//760
f 854//854 852//852 668//668
f 668//668 852//852 850//850
f 668//668 850//850 670//670
f 670//670 850//850 848//848
f 670//670 848//848 672//672
f 672//672 848//848 846//846
f 158//158 790//790 160//160
f 160//160 790//790 788//788
f 160//160 788//788 162//162
f 162//162 788//788 786//786
f 162//162 786//786 164//164
f 164//164 786//786 784//784
f 164//164 784//784 166//166
f 166//166 784//784 782//782
f 166//166 782//782 168//168
f 168//168 782//782 780//780
f 168//168 780//780 170//170
f 170//170 780//780 778//778
f 170//170 778//778 172//172
f 172//172 778//778 776//776
f 172//172 776//776 174//174
f 174//174 776//776 774//774
f 174//174 774//774 176//176
f 176//176 774//774 772//772
f 176//176 772//772 178//178
f 178//178 772//772 770//770
f 178//178 770//770 180//180
f 180//180 770//770 656//656
f 180//180 656//656 182//182
f 182//182 656//656 654//654
f 182//182 654//654 184//184
f 184//184 654//654 652//652
f 184//184 652//652 186//186
f 186//186 652//652 650//650
f 186//186 650//650 188//188
f 188//188 650//650 720//720
f 770//770 768//768 656//656
f 656//656 768//768 658//658
f 658//658 768//768 766//766
f 658//658 766//766 660//660
f 660//660 766//766 764//764
f 660//660 764//764 662//662
f 662//662 764//764 762//762
f 128//128 760//760 130//130
f 130//130 760//760 758//758
f 130//130 758//758 132//132
f 132//132 758//758 756//756
f 132//132 756//756 134//134
f 134//134 756//756 754//754
f 134//134 754//754 136//136
f 136//136 754//754 752//752
f 136//136 752//752 138//138
f 138//138 752//752 750//750
f 138//138 750//750 140//140
f 140//140 750//750 748//748
f 140//140 748//748 142//142
f 142//142 748//748 746//746
f 142//142 746//746 144//144
f 144//144 746//746 744//744
f 144//144 744//744 74//74
f 74//74 744//744 742//742
f 74//74 742//742 76//76
f 76//76 742//742 740//740
f 76//76 740//740 78//78
f 600//600 714//714 602//602
f 602//602 714//714 712//712
f 602//602 712//712 604//604
f 604//604 712//712 710//710
f 604//604 710//710 606//606
f 606//606 710//710 708//708
f 606//606 708//708 608//608
f 608//608 708//708 306//306
f 608//608 306//306 610//610
f 610//610 306//306 304//304
f 610//610 304//304 612//612
f 612//612 304//304 302//302
f 612//612 302//302 614//614
f 614//614 302//302 300//300
f 614//614 300//300 616//616
f 616//616 300//300 298//298
f 616//616 298//298 618//618
f 618//618 298//298 296//296
f 618//618 296//296 620//620
f 620//620 296//296 294//294
f 620//620 294//294 622//622
f 622//622 294//294 292//292
f 622//622 292//292 624//624
f 624//624 292//292 290//290
f 624//624 290//290 626//626
f 626//626 290//290 360//360
f 626//626 360//360 628//628
f 628//628 360//360 358//358
f 628//628 358//358 630//630
f 630//630 358//358 356//356
f 306//306 708//708 308//308
f 308//308 708//708 706//706
f 308//308 706//706 310//310
f 310//310 706//706 312//312
f 312//312 706//706 704//704
f 312//312 704//704 314//314
f 314//314 704//704 516//516
f 314//314 516//516 514//514
f 516//516 704//704 518//518
f 518//518 704//704 702//702
f 518//518 702//702 520//520
f 520//520 702//702 700//700
f 520//520 700//700 522//522
f 522//522 700//700 698//698
f 522//522 698//698 524//524
f 524//524 698//698 366//366
f 524//524 366//366 364//364
f 366//366 698//698 368//368
f 368//368 698//698 696//696
f 368//368 696//696 370//370
f 370//370 696//696 694//694
f 370//370 694//694 372//372
f 372//372 694//694 692//692
f 372//372 692//692 374//374
f 374//374 692//692 504//504
f 374//374 504//504 502//502
f 504//504 692//692 434//434
f 434//434 692//692 690//690
f 434//434 690//690 436//436
f 436//436 690//690 688//688
f 436//436 688//688 438//438
f 438//438 688//688 686//686
f 438//438 686//686 440//440
f 440//440 686//686 684//684
f 506//506 322//322 508//508
f 508//508 322//322 320//320
f 508//508 320//320 510//510
f 510//510 320//320 318//318
f 510//510 318//318 512//512
f 512//512 318//318 316//316
f 512//512 316//316 514//514
f 514//514 316//316 314//314
f 322//322 506//506 324//324
f 324//324 506//506 576//576
f 324//324 576//576 326//326
f 326//326 576//576 574//574
f 326//326 574//574 328//328
f 328//328 574//574 572//572
f 328//328 572//572 330//330
f 330//330 572//572 570//570
f 330//330 570//570 332//332
f 332//332 570//570 568//568
f 332//332 568//568 334//334
f 334//334 568//568 566//566
f 546//546 544//544 416//416
f 416//416 544//544 418//418
f 418//418 544//544 542//542
f 418//418 542//542 420//420
f 420//420 542//542 540//540
f 420//420 540//540 422//422
f 422//422 540//540 538//538
f 422//422 538//538 424//424
f 424//424 538//538 536//536
f 424//424 536//536 426//426
f 426//426 536//536 534//534
f 426//426 534//534 428//428
f 428//428 534//534 532//532
f 428//428 532//532 430//430
f 430//430 532//532 530//530
f 430//430 530//530 432//432
f 432//432 530//530 528//528
f 432//432 528//528 362//362
f 362//362 528//528 526//526
f 362//362 526//526 364//364
f 364//364 526//526 524//524
f 374//374 502//502 376//376
f 376//376 502//502 500//500
f 376//376 500//500 378//378
f 378//378 500//500 498//498
f 378//378 498//498 380//380
f 380//380 498//498 496//496
f 380//380 496//496 382//382
f 382//382 496//496 494//494
f 382//382 494//494 384//384
f 384//384 494//494 492//492
f 384//384 492//492 386//386
f 386//386 492//492 490//490
f 386//386 490//490 388//388
f 388//388 490//490 488//488
f 388//388 488//488 390//390
f 390//390 488//488 486//486
f 390//390 486//486 392//392
f 392//392 486//486 484//484
f 392//392 484//484 394//394
f 394//394 484//484 482//482
f 34//34 32//32 1045//1045
f 1045//1045 32//32 30//30
f 1045//1045 30//30 28//28
f 28//28 26//26 1045//1045
f 1045//1045 26//26 24//24
f 1045//1045 24//24 22//22
f 1094//1094 1056//1056 1095//1095
f 1095//1095 1056//1056 1055//1055
f 1095//1095 1055//1055 1096//1096
f 1096//1096 1055//1055 1054//1054
f 1096//1096 1054//1054 1097//1097
f 1097//1097 1054//1054 1053//1053
f 1097//1097 1053//1053 1098//1098
f 1098//1098 1053//1053 1052//1052
f 1098//1098 1052//1052 1099//1099
f 1099//1099 1052//1052 1051//1051
f 1099//1099 1051//1051 1100//1100
f 1100//1100 1051//1051 1050//1050
f 1100//1100 1050//1050 1101//1101
f 1101//1101 1050//1050 1049//1049
f 1101//1101 1049//1049 1102//1102
f 1102//1102 1049//1049 1048//1048
f 1102//1102 1048//1048 1103//1103
f 1103//1103 1048//1048 1047//1047
f 1103//1103 1047//1047 1104//1104
f 1104//1104 1047//1047 1046//1046
f 1104//1104 1046//1046 1105//1105
f 1105//1105 1046//1046 1045//1045
f 1105//1105 1045//1045 1106//1106
f 1106//1106 1045//1045 1044//1044
f 1106//1106 1044//1044 1107//1107
f 1107//1107 1044//1044 1043//1043
f 1107//1107 1043//1043 1108//1108
f 1108//1108 1043//1043 1042//1042
f 1108//1108 1042//1042 1109//1109
f 1109//1109 1042//1042 1041//1041
f 1109//1109 1041//1041 1110//1110
f 1110//1110 1041//1041 1040//1040
f 1110//1110 1040//1040 1111//1111
f 1111//1111 1040//1040 1039//1039
f 1111//1111 1039//1039 1112//1112
f 1112//1112 1039//1039 1038//1038
f 1112//1112 1038//1038 1113//1113
f 1113//1113 1038//1038 1037//1037
f 1113//1113 1037//1037 1114//1114
f 1114//1114 1037//1037 1036//1036
f 1114//1114 1036//1036 1115//1115
f 1115//1115 1036//1036 1035//1035
f 1115//1115 1035//1035 1116//1116
f 1116//1116 1035//1035 1034//1034
f 1116//1116 1034//1034 1117//1117
f 1117//1117 1034//1034 1033//1033
f 1117//1117 1033//1033 1118//1118
f 1118//1118 1033//1033 1032//1032
f 1118//1118 1032//1032 1119//1119
f 1119//1119 1032//1032 1031//1031
f 1119//1119 1031//1031 1120//1120
f 1120//1120 1031//1031 1030//1030
f 1120//1120 1030//1030 1121//1121
f 1121//1121 1030//1030 1029//1029
f 1121//1121 1029//1029 1122//1122
f 1122//1122 1029//1029 1028//1028
f 1122//1122 1028//1028 1123//1123
f 1123//1123 1028//1028 1027//1027
f 1123//1123 1027//1027 1124//1124
f 1124//1124 1027//1027 1026//1026
f 1124//1124 1026//1026 1125//1125
f 1125//1125 1026//1026 1025//1025
f 1125//1125 1025//1025 1126//1126
f 1126//1126 1025//1025 1024//1024
f 1126//1126 1024//1024 1127//1127
f 1127//1127 1024//1024 1023//1023
f 1127//1127 1023//1023 1128//1128
f 1128//1128 1023//1023 1022//1022
f 1128//1128 1022//1022 1129//1129
f 1129//1129 1022//1022 1021//1021
f 1129//1129 1021//1021 1130//1130
f 1130//1130 1021//1021 1020//1020
f 1130//1130 1020//1020 1131//1131
f 1131//1131 1020//1020 1019//1019
f 1131//1131 1019//1019 1132//1132
f 1132//1132 1019//1019 1018//1018
f 1132//1132 1018//1018 1133//1133
f 1133//1133 1018//1018 1016//1016
f 1133//1133 1016//1016 1134//1134
f 1134//1134 1016//1016 1017//1017
f 1134//1134 1017//1017 1135//1135
f 1135//1135 1017//1017 1093//1093
f 1135//1135 1093//1093 1136//1136
f 1136//1136 1093//1093 1092//1092
f 1136//1136 1092//1092 1137//1137
f 1137//1137 1092//1092 1085//1085
f 1137//1137 1085//1085 1138//1138
f 1138//1138 1085//1085 1086//1086
f 1138//1138 1086//1086 1139//1139
f 1139//1139 1086//1086 1091//1091
f 1139//1139 1091//1091 1140//1140
f 1140//1140 1091//1091 1090//1090
f 1140//1140 1090//1090 1141//1141
f 1141//1141 1090//1090 1089//1089
f 1141//1141 1089//1089 1142//1142
f 1142//1142 1089//1089 1088//1088
f 1142//1142 1088//1088 1143//1143
f 1143//1143 1088//1088 1087//1087
f 1143//1143 1087//1087 1144//1144
f 1144//1144 1087//1087 1084//1084
f 1144//1144 1084//1084 1145//1145
f 1145//1145 1084//1084 1083//1083
f 1145//1145 1083//1083 1146//1146
f 1146//1146 1083//1083 1082//1082
f 1146//1146 1082//1082 1147//1147
f 1147//1147 1082//1082 1081//1081
f 1147//1147 1081//1081 1148//1148
f 1148//1148 1081//1081 1080//1080
f 1148//1148 1080//1080 1149//1149
f 1149//1149 1080//1080 1079//1079
f 1149//1149 1079//1079 1150//1150
f 1150//1150 1079//1079 1078//1078
f 1150//1150 1078//1078 1151//1151
f 1151//1151 1078//1078 1077//1077
f 1151//1151 1077//1077 1152//1152
f 1152//1152 1077//1077 1076//1076
f 1152//1152 1076//1076 1153//1153
f 1153//1153 1076//1076 1075//1075
f 1153//1153 1075//1075 1154//1154
f 1154//1154 1075//1075 1074//1074
f 1154//1154 1074//1074 1155//1155
f 1155//1155 1074//1074 1073//1073
f 1155//1155 1073//1073 1156//1156
f 1156//1156 1073//1073 1072//1072
f 1156//1156 1072//1072 1157//1157
f 1157//1157 1072//1072 1071//1071
f 1157//1157 1071//1071 1158//1158
f 1158//1158 1071//1071 1070//1070
f 1158//1158 1070//1070 1159//1159
f 1159//1159 1070//1070 1069//1069
f 1159//1159 1069//1069 1160//1160
f 1160//1160 1069//1069 1068//1068
f 1160//1160 1068//1068 1161//1161
f 1161//1161 1068//1068 1067//1067
f 1161//1161 1067//1067 1162//1162
f 1162//1162 1067//1067 1066//1066
f 1162//1162 1066//1066 1163//1163
f 1163//1163 1066//1066 1065//1065
f 1163//1163 1065//1065 1164//1164
f 1164//1164 1065//1065 1064//1064
f 1164//1164 1064//1064 1165//1165
f 1165//1165 1064//1064 1063//1063
f 1165//1165 1063//1063 1166//1166
f 1166//1166 1063//1063 1062//1062
f 1166//1166 1062//1062 1167//1167
f 1167//1167 1062//1062 1061//1061
f 1167//1167 1061//1061 1168//1168
f 1168//1168 1061//1061 1060//1060
f 1168//1168 1060//1060 1169//1169
f 1169//1169 1060//1060 1059//1059
f 1169//1169 1059//1059 1170//1170
f 1170//1170 1059//1059 1058//1058
f 1170//1170 1058//1058 1171//1171
f 1171//1171 1058//1058 1057//1057
f 1171//1171 1057//1057 1094//1094
f 1094//1094 1057//1057 1056//1056
f 1172//1172 1173//1173 1174//1174
f 1174//1174 1173//1173 1175//1175
f 1174//1174 1175//1175 1176//1176
f 1173//1173 1172//1172 1177//1177
f 1177//1177 1172//1172 1178//1178
f 1177//1177 1178//1178 1179//1179
f 1179//1179 1178//1178 1180//1180
f 1179//1179 1180//1180 1181//1181
f 1181//1181 1180//1180 1182//1182
f 1181//1181 1182//1182 1183//1183
f 1183//1183 1182//1182 1184//1184
f 1183//1183 1184//1184 1185//1185
f 1185//1185 1184//1184 1186//1186
f 1185//1185 1186//1186 1187//1187
f 1187//1187 1186//1186 1188//1188
f 1187//1187 1188//1188 1189//1189
f 1189//1189 1188//1188 1190//1190
f 1189//1189 1190//1190 1191//1191
f 1191//1191 1190//1190 1192//1192
f 1191//1191 1192//1192 1193//1193
f 1193//1193 1192//1192 1194//1194
f 1193//1193 1194//1194 1195//1195
f 1195//1195 1194//1194 1196//1196
f 1195//1195 1196//1196 1197//1197
f 1197//1197 1196//1196 1198//1198
f 1197//1197 1198//1198 1199//1199
f 1199//1199 1198//1198 1200//1200
f 1199//1199 1200//1200 1201//1201
f 1201//1201 1200//1200 1202//1202
f 1201//1201 1202//1202 1203//1203
f 1203//1203 1202//1202 1204//1204
f 1203//1203 1204//1204 1205//1205
f 1205//1205 1204//1204 1206//1206
f 1205//1205 1206//1206 1207//1207
f 1207//1207 1206//1206 1208//1208
f 1207//1207 1208//1208 1209//1209
f 1209//1209 1208//1208 1210//1210
f 1209//1209 1210//1210 1211//1211
f 1211//1211 1210//1210 1212//1212
f 1211//1211 1212//1212 1213//1213
f 1213//1213 1212//1212 1214//1214
f 1213//1213 1214//1214 1215//1215
f 1215//1215 1214//1214 1216//1216
f 1215//1215 1216//1216 1217//1217
f 1217//1217 1216//1216 1218//1218
f 1217//1217 1218//1218 1219//1219
f 1219//1219 1218//1218 1220//1220
f 1219//1219 1220//1220 1221//1221
f 1221//1221 1220//1220 1222//1222
f 1221//1221 1222//1222 1223//1223
f 1223//1223 1222//1222 1224//1224
f 1223//1223 1224//1224 1225//1225
f 1225//1225 1224//1224 1226//1226
f 1225//1225 1226//1226 1227//1227
f 1227//1227 1226//1226 1228//1228
f 1227//1227 1228//1228 1229//1229
f 1229//1229 1228//1228 1230//1230
f 1229//1229 1230//1230 1231//1231
f 1231//1231 1230//1230 1232//1232
f 1231//1231 1232//1232 1233//1233
f 1233//1233 1232//1232 1234//1234
f 1233//1233 1234//1234 1235//1235
f 1235//1235 1234//1234 1236//1236
f 1235//1235 1236//1236 1237//1237
f 1237//1237 1236//1236 1238//1238
f 1237//1237 1238//1238 1239//1239
f 1239//1239 1238//1238 1240//1240
f 1239//1239 1240//1240 1241//1241
f 1241//1241 1240//1240 1242//1242
f 1241//1241 1242//1242 1243//1243
f 1243//1243 1242//1242 1244//1244
f 1243//1243 1244//1244 1245//1245
f 1245//1245 1244//1244 1246//1246
f 1245//1245 1246//1246 1247//1247
f 1247//1247 1246//1246 1248//1248
f 1247//1247 1248//1248 1249//1249
f 1249//1249 1248//1248 1250//1250
f 1249//1249 1250//1250 1251//1251
f 1251//1251 1250//1250 1252//1252
f 1251//1251 1252//1252 1253//1253
f 1253//1253 1252//1252 1254//1254
f 1253//1253 1254//1254 1255//1255
f 1255//1255 1254//1254 1256//1256
f 1255//1255 1256//1256 1257//1257
f 1257//1257 1256//1256 1258//1258
f 1257//1257 1258//1258 1259//1259
f 1259//1259 1258//1258 1260//1260
f 1259//1259 1260//1260 1261//1261
f 1261//1261 1260//1260 1262//1262
f 1261//1261 1262//1262 1263//1263
f 1263//1263 1262//1262 1264//1264
f 1263//1263 1264//1264 1265//1265
f 1265//1265 1264//1264 1266//1266
f 1265//1265 1266//1266 1267//1267
f 1267//1267 1266//1266 1268//1268
f 1267//1267 1268//1268 1269//1269
f 1269//1269 1268//1268 1270//1270
f 1269//1269 1270//1270 1271//1271
f 1271//1271 1270//1270 1272//1272
f 1271//1271 1272//1272 1273//1273
f 1273//1273 1272//1272 1274//1274
f 1274//1274 1272//1272 1275//1275
f 1274//1274 1275//1275 1276//1276
f 1276//1276 1275//1275 1277//1277
f 1276//1276 1277//1277 1278//1278
f 1278//1278 1277//1277 1279//1279
f 1278//1278 1279//1279 1280//1280
f 1280//1280 1279//1279 1281//1281
f 1280//1280 1281//1281 1282//1282
f 1282//1282 1281//1281 1283//1283
f 1282//1282 1283//1283 1284//1284
f 1284//1284 1283//1283 1285//1285
f 1284//1284 1285//1285 1286//1286
f 1286//1286 1285//1285 1287//1287
f 1286//1286 1287//1287 1288//1288
f 1288//1288 1287//1287 1289//1289
f 1288//1288 1289//1289 1290//1290
f 1290//1290 1289//1289 1291//1291
f 1290//1290 1291//1291 1292//1292
f 1292//1292 1291//1291 1293//1293
f 1292//1292 1293//1293 1294//1294
f 1294//1294 1293//1293 1295//1295
f 1294//1294 1295//1295 1296//1296
f 1296//1296 1295//1295 1297//1297
f 1296//1296 1297//1297 1298//1298
f 1298//1298 1297//1297 1299//1299
f 1298//1298 1299//1299 1300//1300
f 1300//1300 1299//1299 1301//1301
f 1300//1300 1301//1301 1302//1302
f 1302//1302 1301//1301 1303//1303
f 1302//1302 1303//1303 1304//1304
f 1304//1304 1303//1303 1305//1305
f 1304//1304 1305//1305 1306//1306
f 1306//1306 1305//1305 1307//1307
f 1306//1306 1307//1307 1308//1308
f 1308//1308 1307//1307 1309//1309
f 1308//1308 1309//1309 1310//1310
f 1310//1310 1309//1309 1311//1311
f 1310//1310 1311//1311 1312//1312
f 1312//1312 1311//1311 1313//1313
f 1312//1312 1313//1313 1314//1314
f 1314//1314 1313//1313 1315//1315
f 1314//1314 1315//1315 1316//1316
f 1316//1316 1315//1315 1317//1317
f 1316//1316 1317//1317 1318//1318
f 1318//1318 1317//1317 1319//1319
f 1318//1318 1319//1319 1320//1320
f 1320//1320 1319//1319 1321//1321
f 1320//1320 1321//1321 1322//1322
f 1322//1322 1321//1321 1323//1323
f 1322//1322 1323//1323 1324//1324
f 1324//1324 1323//1323 1325//1325
f 1324//1324 1325//1325 1326//1326
f 1326//1326 1325//1325 1327//1327
f 1326//1326 1327//1327 1328//1328
f 1328//1328 1327//1327 1329//1329
f 1328//1328 1329//1329 1330//1330
f 1330//1330 1329//1329 1331//1331
f 1330//1330 1331//1331 1332//1332
f 1332//1332 1331//1331 1333//1333
f 1332//1332 1333//1333 1334//1334
f 1334//1334 1333//1333 1335//1335
f 1334//1334 1335//1335 1336//1336
f 1336//1336 1335//1335 1337//1337
f 1336//1336 1337//1337 1338//1338
f 1338//1338 1337//1337 1339//1339
f 1338//1338 1339//1339 1340//1340
f 1340//1340 1339//1339 1341//1341
f 1340//1340 1341//1341 1342//1342
f 1342//1342 1341//1341 1343//1343
f 1342//1342 1343//1343 1344//1344
f 1344//1344 1343//1343 1345//1345
f 1344//1344 1345//1345 1346//1346
f 1346//1346 1345//1345 1347//1347
f 1346//1346 1347//1347 1348//1348
f 1348//1348 1347//1347 1349//1349
f 1348//1348 1349//1349 1350//1350
f 1350//1350 1349//1349 1351//1351
f 1350//1350 1351//1351 1352//1352
f 1352//1352 1351//1351 1353//1353
f 1352//1352 1353//1353 1354//1354
f 1354//1354 1353//1353 1355//1355
f 1354//1354 1355//1355 1356//1356
f 1356//1356 1355//1355 1357//1357
f 1356//1356 1357//1357 1358//1358
f 1358//1358 1357//1357 1359//1359
f 1358//1358 1359//1359 1360//1360
f 1360//1360 1359//1359 1361//1361
f 1360//1360 1361//1361 1362//1362
f 1362//1362 1361//1361 1363//1363
f 1362//1362 1363//1363 1364//1364
f 1364//1364 1363//1363 1365//1365
f 1364//1364 1365//1365 1366//1366
f 1366//1366 1365//1365 1367//1367
f 1366//1366 1367//1367 1368//1368
f 1368//1368 1367//1367 1369//1369
f 1368//1368 1369//1369 1370//1370
f 1370//1370 1369//1369 1371//1371
f 1370//1370 1371//1371 1176//1176
f 1176//1176 1371//1371 1174//1174
f 1173//1173 1372//1372 1175//1175
f 1175//1175 1372//1372 1373//1373
f 1175//1175 1373//1373 1176//1176
f 1176//1176 1373//1373 1374//1374
f 1176//1176 1374//1374 1370//1370
f 1370//1370 1374//1374 1375//1375
f 1370//1370 1375//1375 1368//1368
f 1368//1368 1375//1375 1376//1376
f 1368//1368 1376//1376 1366//1366
f 1366//1366 1376//1376 1377//1377
f 1366//1366 1377//1377 1364//1364
f 1364//1364 1377//1377 1378//1378
f 1364//1364 1378//1378 1362//1362
f 1362//1362 1378//1378 1379//1379
f 1362//1362 1379//1379 1360//1360
f 1360//1360 1379//1379 1380//1380
f 1360//1360 1380//1380 1358//1358
f 1358//1358 1380//1380 1381//1381
f 1358//1358 1381//1381 1356//1356
f 1356//1356 1381//1381 1382//1382
f 1356//1356 1382//1382 1354//1354
f 1354//1354 1382//1382 1383//1383
f 1354//1354 1383//1383 1352//1352
f 1352//1352 1383//1383 1384//1384
f 1352//1352 1384//1384 1350//1350
f 1350//1350 1384//1384 1385//1385
f 1350//1350 1385//1385 1348//1348
f 1348//1348 1385//1385 1386//1386
f 1348//1348 1386//1386 1346//1346
f 1346//1346 1386//1386 1387//1387
f 1346//1346 1387//1387 1344//1344
f 1344//1344 1387//1387 1388//1388
f 1344//1344 1388//1388 1342//1342
f 1342//1342 1388//1388 1389//1389
f 1342//1342 1389//1389 1340//1340
f 1340//1340 1389//1389 1390//1390
f 1340//1340 1390//1390 1338//1338
f 1338//1338 1390//1390 1391//1391
f 1338//1338 1391//1391 1336//1336
f 1336//1336 1391//1391 1392//1392
f 1336//1336 1392//1392 1334//1334
f 1334//1334 1392//1392 1393//1393
f 1334//1334 1393//1393 1332//1332
f 1332//1332 1393//1393 1394//1394
f 1332//1332 1394//1394 1330//1330
f 1330//1330 1394//1394 1395//1395
f 1330//1330 1395//1395 1328//1328
f 1328//1328 1395//1395 1396//1396
f 1328//1328 1396//1396 1326//1326
f 1326//1326 1396//1396 1397//1397
f 1326//1326 1397//1397 1324//1324
f 1324//1324 1397//1397 1398//1398
f 1324//1324 1398//1398 1322//1322
f 1322//1322 1398//1398 1399//1399
f 1322//1322 1399//1399 1320//1320
f 1320//1320 1399//1399 1400//1400
f 1320//1320 1400//1400 1318//1318
f 1318//1318 1400//1400 1401//1401
f 1318//1318 1401//1401 1316//1316
f 1316//1316 1401//1401 1402//1402
f 1316//1316 1402//1402 1314//1314
f 1314//1314 1402//1402 1403//1403
f 1314//1314 1403//1403 1312//1312
f 1312//1312 1403//1403 1404//1404
f 1312//1312 1404//1404 1310//1310
f 1310//1310 1404//1404 1405//1405
f 1310//1310 1405//1405 1308//1308
f 1308//1308 1405//1405 1406//1406
f 1308//1308 1406//1406 1306//1306
f 1306//1306 1406//1406 1407//1407
f 1306//1306 1407//1407 1304//1304
f 1304//1304 1407//1407 1408//1408
f 1304//1304 1408//1408 1302//1302
f 1302//1302 1408//1408 1409//1409
f 1302//1302 1409//1409 1300//1300
f 1300//1300 1409//1409 1410//1410
f 1300//1300 1410//1410 1298//1298
f 1298//1298 1410//1410 1411//1411
f 1298//1298 1411//1411 1296//1296
f 1296//1296 1411//1411 1412//1412
f 1296//1296 1412//1412 1294//1294
f 1294//1294 1412//1412 1413//1413
f 1294//1294 1413//1413 1292//1292
f 1292//1292 1413//1413 1414//1414
f 1292//1292 1414//1414 1290//1290
f 1290//1290 1414//1414 1415//1415
f 1290//1290 1415//1415 1288//1288
f 1288//1288 1415//1415 1416//1416
f 1288//1288 1416//1416 1286//1286
f 1286//1286 1416//1416 1417//1417
f 1286//1286 1417//1417 1284//1284
f 1284//1284 1417//1417 1418//1418
f 1284//1284 1418//1418 1282//1282
f 1282//1282 1418//1418 1419//1419
f 1282//1282 1419//1419 1280//1280
f 1280//1280 1419//1419 1420//1420
f 1280//1280 1420//1420 1278//1278
f 1278//1278 1420//1420 1421//1421
f 1278//1278 1421//1421 1276//1276
f 1276//1276 1421//1421 1422//1422
f 1276//1276 1422//1422 1274//1274
f 1274//1274 1422//1422 1423//1423
f 1274//1274 1423//1423 1273//1273
f 1273//1273 1423//1423 1424//1424
f 1273//1273 1424//1424 1271//1271
f 1271//1271 1424//1424 1425//1425
f 1271//1271 1425//1425 1269//1269
f 1269//1269 1425//1425 1426//1426
f 1269//1269 1426//1426 1267//1267
f 1267//1267 1426//1426 1427//1427
f 1267//1267 1427//1427 1265//1265
f 1265//1265 1427//1427 1428//1428
f 1265//1265 1428//1428 1263//1263
f 1263//1263 1428//1428 1429//1429
f 1263//1263 1429//1429 1261//1261
f 1261//1261 1429//1429 1430//1430
f 1261//1261 1430//1430 1259//1259
f 1259//1259 1430//1430 1431//1431
f 1259//1259 1431//1431 1257//1257
f 1257//1257 1431//1431 1432//1432
f 1257//1257 1432//1432 1255//1255
f 1255//1255 1432//1432 1433//1433
f 1255//1255 1433//1433 1253//1253
f 1253//1253 1433//1433 1434//1434
f 1253//1253 1434//1434 1251//1251
f 1251//1251 1434//1434 1435//1435
f 1251//1251 1435//1435 1249//1249
f 1249//1249 1435//1435 1436//1436
f 1249//1249 1436//1436 1247//1247
f 1247//1247 1436//1436 1437//1437
f 1247//1247 1437//1437 1245//1245
f 1245//1245 1437//1437 1438//1438
f 1245//1245 1438//1438 1243//1243
f 1243//1243 1438//1438 1439//1439
f 1243//1243 1439//1439 1241//1241
f 1241//1241 1439//1439 1440//1440
f 1241//1241 1440//1440 1239//1239
f 1239//1239 1440//1440 1441//1441
f 1239//1239 1441//1441 1237//1237
f 1237//1237 1441//1441 1442//1442
f 1237//1237 1442//1442 1235//1235
f 1235//1235 1442//1442 1443//1443
f 1235//1235 1443//1443 1233//1233
f 1233//1233 1443//1443 1444//1444
f 1233//1233 1444//1444 1231//1231
f 1231//1231 1444//1444 1445//1445
f 1231//1231 1445//1445 1229//1229
f 1229//1229 1445//1445 1446//1446
f 1229//1229 1446//1446 1227//1227
f 1227//1227 1446//1446 1447//1447
f 1227//1227 1447//1447 1225//1225
f 1225//1225 1447//1447 1448//1448
f 1225//1225 1448//1448 1223//1223
f 1223//1223 1448//1448 1449//1449
f 1223//1223 1449//1449 1221//1221
f 1221//1221 1449//1449 1450//1450
f 1221//1221 1450//1450 1219//1219
f 1219//1219 1450//1450 1451//1451
f 1219//1219 1451//1451 1217//1217
f 1217//1217 1451//1451 1452//1452
f 1217//1217 1452//1452 1215//1215
f 1215//1215 1452//1452 1453//1453
f 1215//1215 1453//1453 1213//1213
f 1213//1213 1453//1453 1454//1454
f 1213//1213 1454//1454 1211//1211
f 1211//1211 1454//1454 1455//1455
f 1211//1211 1455//1455 1209//1209
f 1209//1209 1455//1455 1456//1456
f 1209//1209 1456//1456 1207//1207
f 1207//1207 1456//1456 1457//1457
f 1207//1207 1457//1457 1205//1205
f 1205//1205 1457//1457 1458//1458
f 1205//1205 1458//1458 1203//1203
f 1203//1203 1458//1458 1459//1459
f 1203//1203 1459//1459 1201//1201
f 1201//1201 1459//1459 1460//1460
f 1201//1201 1460//1460 1199//1199
f 1199//1199 1460//1460 1461//1461
f 1199//1199 1461//1461 1197//1197
f 1197//1197 1461//1461 1462//1462
f 1197//1197 1462//1462 1195//1195
f 1195//1195 1462//1462 1463//1463
f 1195//1195 1463//1463 1193//1193
f 1193//1193 1463//1463 1464//1464
f 1193//1193 1464//1464 1191//1191
f 1191//1191 1464//1464 1465//1465
f 1191//1191 1465//1465 1189//1189
f 1189//1189 1465//1465 1466//1466
f 1189//1189 1466//1466 1187//1187
f 1187//1187 1466//1466 1467//1467
f 1187//1187 1467//1467 1185//1185
f 1185//1185 1467//1467 1468//1468
f 1185//1185 1468//1468 1183//1183
f 1183//1183 1468//1468 1469//1469
f 1183//1183 1469//1469 1181//1181
f 1181//1181 1469//1469 1470//1470
f 1181//1181 1470//1470 1179//1179
f 1179//1179 1470//1470 1471//1471
f 1179//1179 1471//1471 1177//1177
f 1177//1177 1471//1471 1472//1472
f 1177//1177 1472//1472 1173//1173
f 1173//1173 1472//1472 1372//1372
f 1373//1373 1372//1372 1473//1473
f 1473//1473 1372//1372 1472//1472
f 1473//1473 1472//1472 1474//1474
f 1474//1474 1472//1472 1471//1471
f 1474//1474 1471//1471 1475//1475
f 1475//1475 1471//1471 1470//1470
f 1475//1475 1470//1470 1476//1476
f 1476//1476 1470//1470 1469//1469
f 1476//1476 1469//1469 1477//1477
f 1477//1477 1469//1469 1468//1468
f 1477//1477 1468//1468 1467//1467
f 1477//1477 1467//1467 1478//1478
f 1478//1478 1467//1467 1466//1466
f 1478//1478 1466//1466 1479//1479
f 1479//1479 1466//1466 1465//1465
f 1479//1479 1465//1465 1480//1480
f 1480//1480 1465//1465 1464//1464
f 1480//1480 1464//1464 1463//1463
f 1480//1480 1463//1463 1481//1481
f 1481//1481 1463//1463 1462//1462
f 1481//1481 1462//1462 1482//1482
f 1482//1482 1462//1462 1461//1461
f 1482//1482 1461//1461 1483//1483
f 1483//1483 1461//1461 1460//1460
f 1483//1483 1460//1460 1484//1484
f 1484//1484 1460//1460 1459//1459
f 1484//1484 1459//1459 1458//1458
f 1484//1484 1458//1458 1485//1485
f 1485//1485 1458//1458 1457//1457
f 1485//1485 1457//1457 1486//1486
f 1486//1486 1457//1457 1456//1456
f 1486//1486 1456//1456 1487//1487
f 1487//1487 1456//1456 1455//1455
f 1487//1487 1455//1455 1454//1454
f 1487//1487 1454//1454 1488//1488
f 1488//1488 1454//1454 1453//1453
f 1488//1488 1453//1453 1489//1489
f 1489//1489 1453//1453 1452//1452
f 1489//1489 1452//1452 1490//1490
f 1490//1490 1452//1452 1451//1451
f 1490//1490 1451//1451 1491//1491
f 1491//1491 1451//1451 1450//1450
f 1491//1491 1450//1450 1449//1449
f 1491//1491 1449//1449 1492//1492
f 1492//1492 1449//1449 1448//1448
f 1492//1492 1448//1448 1493//1493
f 1493//1493 1448//1448 1447//1447
f 1493//1493 1447//1447 1494//1494
f 1494//1494 1447//1447 1446//1446
f 1494//1494 1446//1446 1495//1495
f 1495//1495 1446//1446 1445//1445
f 1495//1495 1445//1445 1444//1444
f 1495//1495 1444//1444 1496//1496
f 1496//1496 1444//1444 1443//1443
f 1496//1496 1443//1443 1497//1497
f 1497//1497 1443//1443 1442//1442
f 1497//1497 1442//1442 1498//1498
f 1498//1498 1442//1442 1441//1441
f 1498//1498 1441//1441 1440//1440
f 1498//1498 1440//1440 1499//1499
f 1499//1499 1440//1440 1439//1439
f 1499//1499 1439//1439 1500//1500
f 1500//1500 1439//1439 1438//1438
f 1500//1500 1438//1438 1501//1501
f 1501//1501 1438//1438 1437//1437
f 1501//1501 1437//1437 1502//1502
f 1502//1502 1437//1437 1436//1436
f 1502//1502 1436//1436 1435//1435
f 1502//1502 1435//1435 1503//1503
f 1503//1503 1435//1435 1434//1434
f 1503//1503 1434//1434 1504//1504
f 1504//1504 1434//1434 1433//1433
f 1504//1504 1433//1433 1505//1505
f 1505//1505 1433//1433 1432//1432
f 1505//1505 1432//1432 1431//1431
f 1505//1505 1431//1431 1506//1506
f 1506//1506 1431//1431 1430//1430
f 1506//1506 1430//1430 1507//1507
f 1507//1507 1430//1430 1429//1429
f 1507//1507 1429//1429 1508//1508
f 1508//1508 1429//1429 1428//1428
f 1508//1508 1428//1428 1509//1509
f 1509//1509 1428//1428 1427//1427
f 1509//1509 1427//1427 1426//1426
f 1509//1509 1426//1426 1510//1510
f 1510//1510 1426//1426 1425//1425
f 1510//1510 1425//1425 1511//1511
f 1511//1511 1425//1425 1424//1424
f 1511//1511 1424//1424 1512//1512
f 1512//1512 1424//1424 1423//1423
f 1512//1512 1423//1423 1422//1422
f 1512//1512 1422//1422 1513//1513
f 1513//1513 1422//1422 1421//1421
f 1513//1513 1421//1421 1514//1514
f 1514//1514 1421//1421 1420//1420
f 1514//1514 1420//1420 1515//1515
f 1515//1515 1420//1420 1419//1419
f 1515//1515 1419//1419 1516//1516
f 1516//1516 1419//1419 1418//1418
f 1516//1516 1418//1418 1417//1417
f 1516//1516 1417//1417 1517//1517
f 1517//1517 1417//1417 1416//1416
f 1517//1517 1416//1416 1518//1518
f 1518//1518 1416//1416 1415//1415
f 1518//1518 1415//1415 1519//1519
f 1519//1519 1415//1415 1414//1414
f 1519//1519 1414//1414 1520//1520
f 1520//1520 1414//1414 1413//1413
f 1520//1520 1413//1413 1412//1412
f 1520//1520 1412//1412 1521//1521
f 1521//1521 1412//1412 1411//1411
f 1521//1521 1411//1411 1522//1522
f 1522//1522 1411//1411 1410//1410
f 1522//1522 1410//1410 1523//1523
f 1523//1523 1410//1410 1409//1409
f 1523//1523 1409//1409 1408//1408
f 1523//1523 1408//1408 1524//1524
f 1524//1524 1408//1408 1407//1407
f 1524//1524 1407//1407 1525//1525
f 1525//1525 1407//1407 1406//1406
f 1525//1525 1406//1406 1526//1526
f 1526//1526 1406//1406 1405//1405
f 1526//1526 1405//1405 1527//1527
f 1527//1527 1405//1405 1404//1404
f 1527//1527 1404//1404 1403//1403
f 1527//1527 1403//1403 1528//1528
f 1528//1528 1403//1403 1402//1402
f 1528//1528 1402//1402 1529//1529
f 1529//1529 1402//1402 1401//1401
f 1529//1529 1401//1401 1530//1530
f 1530//1530 1401//1401 1400//1400
f 1530//1530 1400//1400 1399//1399
f 1530//1530 1399//1399 1531//1531
f 1531//1531 1399//1399 1398//1398
f 1531//1531 1398//1398 1532//1532
f 1532//1532 1398//1398 1397//1397
f 1532//1532 1397//1397 1533//1533
f 1533//1533 1397//1397 1396//1396
f 1533//1533 1396//1396 1534//1534
f 1534//1534 1396//1396 1395//1395
f 1534//1534 1395//1395 1394//1394
f 1534//1534 1394//1394 1535//1535
f 1535//1535 1394//1394 1393//1393
f 1535//1535 1393//1393 1536//1536
f 1536//1536 1393//1393 1392//1392
f 1536//1536 1392//1392 1537//1537
f 1537//1537 1392//1392 1391//1391
f 1537//1537 1391//1391 1538//1538
f 1538//1538 1391//1391 1390//1390
f 1538//1538 1390//1390 1389//1389
f 1538//1538 1389//1389 1539//1539
f 1539//1539 1389//1389 1388//1388
f 1539//1539 1388//1388 1540//1540
f 1540//1540 1388//1388 1387//1387
f 1540//1540 1387//1387 1541//1541
f 1541//1541 1387//1387 1386//1386
f 1541//1541 1386//1386 1385//1385
f 1541//1541 1385//1385 1542//1542
f 1542//1542 1385//1385 1384//1384
f 1542//1542 1384//1384 1543//1543
f 1543//1543 1384//1384 1383//1383
f 1543//1543 1383//1383 1544//1544
f 1544//1544 1383//1383 1382//1382
f 1544//1544 1382//1382 1545//1545
f 1545//1545 1382//1382 1381//1381
f 1545//1545 1381//1381 1380//1380
f 1545//1545 1380//1380 1546//1546
f 1546//1546 1380//1380 1379//1379
f 1546//1546 1379//1379 1547//1547
f 1547//1547 1379//1379 1378//1378
f 1547//1547 1378//1378 1548//1548
f 1548//1548 1378//1378 1377//1377
f 1548//1548 1377//1377 1376//1376
f 1548//1548 1376//1376 1549//1549
f 1549//1549 1376//1376 1375//1375
f 1549//1549 1375//1375 1550//1550
f 1550//1550 1375//1375 1374//1374
f 1550//1550 1374//1374 1551//1551
f 1551//1551 1374//1374 1373//1373
f 1551//1551 1373//1373 1473//1473
f 1474//1474 1552//1552 1473//1473
f 1473//1473 1552//1552 1553//1553
f 1473//1473 1553//1553 1551//1551
f 1551//1551 1553//1553 1554//1554
f 1551//1551 1554//1554 1550//1550
f 1550//1550 1554//1554 1555//1555
f 1550//1550 1555//1555 1549//1549
f 1549//1549 1555//1555 1556//1556
f 1549//1549 1556//1556 1548//1548
f 1548//1548 1556//1556 1557//1557
f 1548//1548 1557//1557 1547//1547
f 1547//1547 1557//1557 1558//1558
f 1547//1547 1558//1558 1546//1546
f 1546//1546 1558//1558 1559//1559
f 1546//1546 1559//1559 1545//1545
f 1545//1545 1559//1559 1560//1560
f 1545//1545 1560//1560 1544//1544
f 1544//1544 1560//1560 1561//1561
f 1544//1544 1561//1561 1543//1543
f 1543//1543 1561//1561 1562//1562
f 1543//1543 1562//1562 1542//1542
f 1542//1542 1562//1562 1563//1563
f 1542//1542 1563//1563 1541//1541
f 1541//1541 1563//1563 1564//1564
f 1541//1541 1564//1564 1540//1540
f 1540//1540 1564//1564 1565//1565
f 1540//1540 1565//1565 1539//1539
f 1539//1539 1565//1565 1566//1566
f 1539//1539 1566//1566 1538//1538
f 1538//1538 1566//1566 1567//1567
f 1538//1538 1567//1567 1537//1537
f 1537//1537 1567//1567 1568//1568
f 1537//1537 1568//1568 1536//1536
f 1536//1536 1568//1568 1569//1569
f 1536//1536 1569//1569 1535//1535
f 1535//1535 1569//1569 1570//1570
f 1535//1535 1570//1570 1534//1534
f 1534//1534 1570//1570 1571//1571
f 1534//1534 1571//1571 1533//1533
f 1533//1533 1571//1571 1572//1572
f 1533//1533 1572//1572 1532//1532
f 1532//1532 1572//1572 1573//1573
f 1532//1532 1573//1573 1531//1531
f 1531//1531 1573//1573 1574//1574
f 1531//1531 1574//1574 1530//1530
f 1530//1530 1574//1574 1575//1575
f 1530//1530 1575//1575 1529//1529
f 1529//1529 1575//1575 1576//1576
f 1529//1529 1576//1576 1528//1528
f 1528//1528 1576//1576 1577//1577
f 1528//1528 1577//1577 1527//1527
f 1527//1527 1577//1577 1578//1578
f 1527//1527 1578//1578 1526//1526
f 1526//1526 1578//1578 1579//1579
f 1526//1526 1579//1579 1525//1525
f 1525//1525 1579//1579 1580//1580
f 1525//1525 1580//1580 1524//1524
f 1524//1524 1580//1580 1581//1581
f 1524//1524 1581//1581 1523//1523
f 1523//1523 1581//1581 1582//1582
f 1523//1523 1582//1582 1522//1522
f 1522//1522 1582//1582 1583//1583
f 1522//1522 1583//1583 1521//1521
f 1521//1521 1583//1583 1584//1584
f 1521//1521 1584//1584 1520//1520
f 1520//1520 1584//1584 1585//1585
f 1520//1520 1585//1585 1519//1519
f 1519//1519 1585//1585 1586//1586
f 1519//1519 1586//1586 1518//1518
f 1518//1518 1586//1586 1587//1587
f 1518//1518 1587//1587 1517//1517
f 1517//1517 1587//1587 1588//1588
f 1517//1517 1588//1588 1516//1516
f 1516//1516 1588//1588 1589//1589
f 1516//1516 1589//1589 1515//1515
f 1515//1515 1589//1589 1590//1590
f 1515//1515 1590//1590 1514//1514
f 1514//1514 1590//1590 1591//1591
f 1514//1514 1591//1591 1513//1513
f 1513//1513 1591//1591 1592//1592
f 1513//1513 1592//1592 1512//1512
f 1512//1512 1592//1592 1593//1593
f 1512//1512 1593//1593 1511//1511
f 1511//1511 1593//1593 1594//1594
f 1511//1511 1594//1594 1510//1510
f 1510//1510 1594//1594 1595//1595
f 1510//1510 1595//1595 1509//1509
f 1509//1509 1595//1595 1596//1596
f 1509//1509 1596//1596 1508//1508
f 1508//1508 1596//1596 1597//1597
f 1508//1508 1597//1597 1507//1507
f 1507//1507 1597//1597 1598//1598
f 1507//1507 1598//1598 1506//1506
f 1506//1506 1598//1598 1599//1599
f 1506//1506 1599//1599 1505//1505
f 1505//1505 1599//1599 1600//1600
f 1505//1505 1600//1600 1504//1504
f 1504//1504 1600//1600 1601//1601
f 1504//1504 1601//1601 1503//1503
f 1503//1503 1601//1601 1602//1602
f 1503//1503 1602//1602 1502//1502
f 1502//1502 1602//1602 1603//1603
f 1502//1502 1603//1603 1501//1501
f 1501//1501 1603//1603 1604//1604
f 1501//1501 1604//1604 1500//1500
f 1500//1500 1604//1604 1605//1605
f 1500//1500 1605//1605 1499//1499
f 1499//1499 1605//1605 1606//1606
f 1499//1499 1606//1606 1498//1498
f 1498//1498 1606//1606 1607//1607
f 1498//1498 1607//1607 1497//1497
f 1497//1497 1607//1607 1608//1608
f 1497//1497 1608//1608 1496//1496
f 1496//1496 1608//1608 1609//1609
f 1496//1496 1609//1609 1495//1495
f 1495//1495 1609//1609 1610//1610
f 1495//1495 1610//1610 1494//1494
f 1494//1494 1610//1610 1611//1611
f 1494//1494 1611//1611 1493//1493
f 1493//1493 1611//1611 1612//1612
f 1493//1493 1612//1612 1492//1492
f 1492//1492 1612//1612 1613//1613
f 1492//1492 1613//1613 1491//1491
f 1491//1491 1613//1613 1614//1614
f 1491//1491 1614//1614 1490//1490
f 1490//1490 1614//1614 1615//1615
f 1490//1490 1615//1615 1489//1489
f 1489//1489 1615//1615 1616//1616
f 1489//1489 1616//1616 1488//1488
f 1488//1488 1616//1616 1617//1617
f 1488//1488 1617//1617 1487//1487
f 1487//1487 1617//1617 1618//1618
f 1487//1487 1618//1618 1486//1486
f 1486//1486 1618//1618 1619//1619
f 1486//1486 1619//1619 1485//1485
f 1485//1485 1619//1619 1620//1620
f 1485//1485 1620//1620 1484//1484
f 1484//1484 1620//1620 1621//1621
f 1484//1484 1621//1621 1483//1483
f 1483//1483 1621//1621 1622//1622
f 1483//1483 1622//1622 1482//1482
f 1482//1482 1622//1622 1623//1623
f 1482//1482 1623//1623 1481//1481
f 1481//1481 1623//1623 1624//1624
f 1481//1481 1624//1624 1480//1480
f 1480//1480 1624//1624 1625//1625
f 1480//1480 1625//1625 1479//1479
f 1479//1479 1625//1625 1626//1626
f 1479//1479 1626//1626 1478//1478
f 1478//1478 1626//1626 1627//1627
f 1478//1478 1627//1627 1477//1477
f 1477//1477 1627//1627 1628//1628
f 1477//1477 1628//1628 1476//1476
f 1476//1476 1628//1628 1629//1629
f 1476//1476 1629//1629 1475//1475
f 1475//1475 1629//1629 1630//1630
f 1475//1475 1630//1630 1474//1474
f 1474//1474 1630//1630 1552//1552
f 1553//1553 1552//1552 1631//1631
f 1631//1631 1552//1552 1630//1630
f 1631//1631 1630//1630 1632//1632
f 1632//1632 1630//1630 1629//1629
f 1632//1632 1629//1629 1633//1633
f 1633//1633 1629//1629 1628//1628
f 1633//1633 1628//1628 1634//1634
f 1634//1634 1628//1628 1627//1627
f 1634//1634 1627//1627 1635//1635
f 1635//1635 1627//1627 1626//1626
f 1635//1635 1626//1626 1636//1636
f 1636//1636 1626//1626 1625//1625
f 1636//1636 1625//1625 1637//1637
f 1637//1637 1625//1625 1624//1624
f 1637//1637 1624//1624 1638//1638
f 1638//1638 1624//1624 1623//1623
f 1638//1638 1623//1623 1639//1639
f 1639//1639 1623//1623 1622//1622
f 1639//1639 1622//1622 1640//1640
f 1640//1640 1622//1622 1621//1621
f 1640//1640 1621//1621 1641//1641
f 1641//1641 1621//1621 1620//1620
f 1641//1641 1620//1620 1642//1642
f 1642//1642 1620//1620 1619//1619
f 1642//1642 1619//1619 1643//1643
f 1643//1643 1619//1619 1618//1618
f 1643//1643 1618//1618 1644//1644
f 1644//1644 1618//1618 1617//1617
f 1644//1644 1617//1617 1645//1645
f 1645//1645 1617//1617 1616//1616
f 1645//1645 1616//1616 1646//1646
f 1646//1646 1616//1616 1615//1615
f 1646//1646 1615//1615 1647//1647
f 1647//1647 1615//1615 1614//1614
f 1647//1647 1614//1614 1648//1648
f 1648//1648 1614//1614 1613//1613
f 1648//1648 1613//1613 1649//1649
f 1649//1649 1613//1613 1612//1612
f 1649//1649 1612//1612 1650//1650
f 1650//1650 1612//1612 1611//1611
f 1650//1650 1611//1611 1651//1651
f 1651//1651 1611//1611 1610//1610
f 1651//1651 1610//1610 1652//1652
f 1652//1652 1610//1610 1609//1609
f 1652//1652 1609//1609 1653//1653
f 1653//1653 1609//1609 1608//1608
f 1653//1653 1608//1608 1654//1654
f 1654//1654 1608//1608 1607//1607
f 1654//1654 1607//1607 1655//1655
f 1655//1655 1607//1607 1606//1606
f 1655//1655 1606//1606 1656//1656
f 1656//1656 1606//1606 1605//1605
f 1656//1656 1605//1605 1657//1657
f 1657//1657 1605//1605 1604//1604
f 1657//1657 1604//1604 1658//1658
f 1658//1658 1604//1604 1603//1603
f 1658//1658 1603//1603 1659//1659
f 1659//1659 1603//1603 1602//1602
f 1659//1659 1602//1602 1660//1660
f 1660//1660 1602//1602 1601//1601
f 1660//1660 1601//1601 1661//1661
f 1661//1661 1601//1601 1600//1600
f 1661//1661 1600//1600 1662//1662
f 1662//1662 1600//1600 1599//1599
f 1662//1662 1599//1599 1663//1663
f 1663//1663 1599//1599 1598//1598
f 1663//1663 1598//1598 1664//1664
f 1664//1664 1598//1598 1597//1597
f 1664//1664 1597//1597 1665//1665
f 1665//1665 1597//1597 1596//1596
f 1665//1665 1596//1596 1666//1666
f 1666//1666 1596//1596 1595//1595
f 1666//1666 1595//1595 1667//1667
f 1667//1667 1595//1595 1594//1594
f 1667//1667 1594//1594 1668//1668
f 1668//1668 1594//1594 1593//1593
f 1668//1668 1593//1593 1669//1669
f 1669//1669 1593//1593 1592//1592
f 1669//1669 1592//1592 1670//1670
f 1670//1670 1592//1592 1591//1591
f 1670//1670 1591//1591 1671//1671
f 1671//1671 1591//1591 1590//1590
f 1671//1671 1590//1590 1672//1672
f 1672//1672 1590//1590 1589//1589
f 1672//1672 1589//1589 1673//1673
f 1673//1673 1589//1589 1588//1588
f 1673//1673 1588//1588 1674//1674
f 1674//1674 1588//1588 1587//1587
f 1674//1674 1587//1587 1675//1675
f 1675//1675 1587//1587 1586//1586
f 1675//1675 1586//1586 1676//1676
f 1676//1676 1586//1586 1585//1585
f 1676//1676 1585//1585 1677//1677
f 1677//1677 1585//1585 1584//1584
f 1677//1677 1584//1584 1678//1678
f 1678//1678 1584//1584 1583//1583
f 1678//1678 1583//1583 1679//1679
f 1679//1679 1583//1583 1582//1582
f 1679//1679 1582//1582 1680//1680
f 1680//1680 1582//1582 1581//1581
f 1680//1680 1581//1581 1681//1681
f 1681//1681 1581//1581 1580//1580
f 1681//1681 1580//1580 1682//1682
f 1682//1682 1580//1580 1579//1579
f 1682//1682 1579//1579 1683//1683
f 1683//1683 1579//1579 1578//1578
f 1683//1683 1578//1578 1684//1684
f 1684//1684 1578//1578 1577//1577
f 1684//1684 1577//1577 1685//1685
f 1685//1685 1577//1577 1576//1576
f 1685//1685 1576//1576 1686//1686
f 1686//1686 1576//1576 1575//1575
f 1686//1686 1575//1575 1687//1687
f 1687//1687 1575//1575 1574//1574
f 1687//1687 1574//1574 1688//1688
f 1688//1688 1574//1574 1573//1573
f 1688//1688 1573//1573 1689//1689
f 1689//1689 1573//1573 1572//1572
f 1689//1689 1572//1572 1690//1690
f 1690//1690 1572//1572 1571//1571
f 1690//1690 1571//1571 1691//1691
f 1691//1691 1571//1571 1570//1570
f 1691//1691 1570//1570 1692//1692
f 1692//1692 1570//1570 1569//1569
f 1692//1692 1569//1569 1693//1693
f 1693//1693 1569//1569 1568//1568
f 1693//1693 1568//1568 1694//1694
f 1694//1694 1568//1568 1567//1567
f 1694//1694 1567//1567 1695//1695
f 1695//1695 1567//1567 1566//1566
f 1695//1695 1566//1566 1696//1696
f 1696//1696 1566//1566 1565//1565
f 1696//1696 1565//1565 1697//1697
f 1697//1697 1565//1565 1564//1564
f 1697//1697 1564//1564 1698//1698
f 1698//1698 1564//1564 1563//1563
f 1698//1698 1563//1563 1699//1699
f 1699//1699 1563//1563 1562//1562
f 1699//1699 1562//1562 1700//1700
f 1700//1700 1562//1562 1561//1561
f 1700//1700 1561//1561 1701//1701
f 1701//1701 1561//1561 1560//1560
f 1701//1701 1560//1560 1702//1702
f 1702//1702 1560//1560 1559//1559
f 1702//1702 1559//1559 1703//1703
f 1703//1703 1559//1559 1558//1558
f 1703//1703 1558//1558 1704//1704
f 1704//1704 1558//1558 1557//1557
f 1704//1704 1557//1557 1705//1705
f 1705//1705 1557//1557 1556//1556
f 1705//1705 1556//1556 1706//1706
f 1706//1706 1556//1556 1555//1555
f 1706//1706 1555//1555 1707//1707
f 1707//1707 1555//1555 1554//1554
f 1707//1707 1554//1554 1708//1708
f 1708//1708 1554//1554 1553//1553
f 1708//1708 1553//1553 1631//1631
f 1632//1632 1094//1094 1631//1631
f 1631//1631 1094//1094 1095//1095
f 1631//1631 1095//1095 1708//1708
f 1708//1708 1095//1095 1096//1096
f 1708//1708 1096//1096 1707//1707
f 1707//1707 1096//1096 1097//1097
f 1707//1707 1097//1097 1706//1706
f 1706//1706 1097//1097 1098//1098
f 1706//1706 1098//1098 1705//1705
f 1705//1705 1098//1098 1099//1099
f 1705//1705 1099//1099 1704//1704
f 1704//1704 1099//1099 1100//1100
f 1704//1704 1100//1100 1703//1703
f 1703//1703 1100//1100 1101//1101
f 1703//1703 1101//1101 1702//1702
f 1702//1702 1101//1101 1102//1102
f 1702//1702 1102//1102 1701//1701
f 1701//1701 1102//1102 1103//1103
f 1701//1701 1103//1103 1700//1700
f 1700//1700 1103//1103 1104//1104
f 1700//1700 1104//1104 1699//1699
f 1699//1699 1104//1104 1105//1105
f 1699//1699 1105//1105 1698//1698
f 1698//1698 1105//1105 1106//1106
f 1698//1698 1106//1106 1697//1697
f 1697//1697 1106//1106 1107//1107
f 1697//1697 1107//1107 1696//1696
f 1696//1696 1107//1107 1108//1108
f 1696//1696 1108//1108 1695//1695
f 1695//1695 1108//1108 1109//1109
f 1695//1695 1109//1109 1694//1694
f 1694//1694 1109//1109 1110//1110
f 1694//1694 1110//1110 1693//1693
f 1693//1693 1110//1110 1111//1111
f 1693//1693 1111//1111 1692//1692
f 1692//1692 1111//1111 1112//1112
f 1692//1692 1112//1112 1691//1691
f 1691//1691 1112//1112 1113//1113
f 1691//1691 1113//1113 1690//1690
f 1690//1690 1113//1113 1114//1114
f 1690//1690 1114//1114 1689//1689
f 1689//1689 1114//1114 1115//1115
f 1689//1689 1115//1115 1688//1688
f 1688//1688 1115//1115 1116//1116
f 1688//1688 1116//1116 1687//1687
f 1687//1687 1116//1116 1117//1117
f 1687//1687 1117//1117 1686//1686
f 1686//1686 1117//1117 1118//1118
f 1686//1686 1118//1118 1685//1685
f 1685//1685 1118//1118 1119//1119
f 1685//1685 1119//1119 1684//1684
f 1684//1684 1119//1119 1120//1120
f 1684//1684 1120//1120 1683//1683
f 1683//1683 1120//1120 1121//1121
f 1683//1683 1121//1121 1682//1682
f 1682//1682 1121//1121 1122//1122
f 1682//1682 1122//1122 1681//1681
f 1681//1681 1122//1122 1123//1123
f 1681//1681 1123//1123 1680//1680
f 1680//1680 1123//1123 1124//1124
f 1680//1680 1124//1124 1679//1679
f 1679//1679 1124//1124 1125//1125
f 1679//1679 1125//1125 1678//1678
f 1678//1678 1125//1125 1126//1126
f 1678//1678 1126//1126 1677//1677
f 1677//1677 1126//1126 1127//1127
f 1677//1677 1127//1127 1676//1676
f 1676//1676 1127//1127 1128//1128
f 1676//1676 1128//1128 1675//1675
f 1675//1675 1128//1128 1129//1129
f 1675//1675 1129//1129 1674//1674
f 1674//1674 1129//1129 1130//1130
f 1674//1674 1130//1130 1673//1673
f 1673//1673 1130//1130 1131//1131
f 1673//1673 1131//1131 1672//1672
f 1672//1672 1131//1131 1132//1132
f 1672//1672 1132//1132 1671//1671
f 1671//1671 1132//1132 1133//1133
f 1671//1671 1133//1133 1670//1670
f 1670//1670 1133//1133 1134//1134
f 1670//1670 1134//1134 1669//1669
f 1669//1669 1134//1134 1135//1135
f 1669//1669 1135//1135 1668//1668
f 1668//1668 1135//1135 1136//1136
f 1668//1668 1136//1136 1667//1667
f 1667//1667 1136//1136 1137//1137
f 1667//1667 1137//1137 1666//1666
f 1666//1666 1137//1137 1138//1138
f 1666//1666 1138//1138 1665//1665
f 1665//1665 1138//1138 1139//1139
f 1665//1665 1139//1139 1664//1664
f 1664//1664 1139//1139 1140//1140
f 1664//1664 1140//1140 1663//1663
f 1663//1663 1140//1140 1141//1141
f 1663//1663 1141//1141 1662//1662
f 1662//1662 1141//1141 1142//1142
f 1662//1662 1142//1142 1661//1661
f 1661//1661 1142//1142 1143//1143
f 1661//1661 1143//1143 1660//1660
f 1660//1660 1143//1143 1144//1144
f 1660//1660 1144//1144 1659//1659
f 1659//1659 1144//1144 1145//1145
f 1659//1659 1145//1145 1658//1658
f 1658//1658 1145//1145 1146//1146
f 1658//1658 1146//1146 1657//1657
f 1657//1657 1146//1146 1147//1147
f 1657//1657 1147//1147 1656//1656
f 1656//1656 1147//1147 1148//1148
f 1656//1656 1148//1148 1655//1655
f 1655//1655 1148//1148 1149//1149
f 1655//1655 1149//1149 1654//1654
f 1654//1654 1149//1149 1150//1150
f 1654//1654 1150//1150 1653//1653
f 1653//1653 1150//1150 1151//1151
f 1653//1653 1151//1151 1652//1652
f 1652//1652 1151//1151 1152//1152
f 1652//1652 1152//1152 1651//1651
f 1651//1651 1152//1152 1153//1153
f 1651//1651 1153//1153 1650//1650
f 1650//1650 1153//1153 1154//1154
f 1650//1650 1154//1154 1649//1649
f 1649//1649 1154//1154 1155//1155
f 1649//1649 1155//1155 1648//1648
f 1648//1648 1155//1155 1156//1156
f 1648//1648 1156//1156 1647//1647
f 1647//1647 1156//1156 1157//1157
f 1647//1647 1157//1157 1646//1646
f 1646//1646 1157//1157 1158//1158
f 1646//1646 1158//1158 1645//1645
f 1645//1645 1158//1158 1159//1159
f 1645//1645 1159//1159 1644//1644
f 1644//1644 1159//1159 1160//1160
f 1644//1644 1160//1160 1643//1643
f 1643//1643 1160//1160 1161//1161
f 1643//1643 1161//1161 1642//1642
f 1642//1642 1161//1161 1162//1162
f 1642//1642 1162//1162 1641//1641
f 1641//1641 1162//1162 1163//1163
f 1641//1641 1163//1163 1640//1640
f 1640//1640 1163//1163 1164//1164
f 1640//1640 1164//1164 1639//1639
f 1639//1639 1164//1164 1165//1165
f 1639//1639 1165//1165 1638//1638
f 1638//1638 1165//1165 1166//1166
f 1638//1638 1166//1166 1637//1637
f 1637//1637 1166//1166 1167//1167
f 1637//1637 1167//1167 1636//1636
f 1636//1636 1167//1167 1168//1168
f 1636//1636 1168//1168 1635//1635
f 1635//1635 1168//1168 1169//1169
f 1635//1635 1169//1169 1634//1634
f 1634//1634 1169//1169 1170//1170
f 1634//1634 1170//1170 1633//1633
f 1633//1633 1170//1170 1171//1171
f 1633//1633 1171//1171 1632//1632
f 1632//1632 1171//1171 1094//1094
f 1015//1015 1709//1709 938//938
f 938//938 1709//1709 1710//1710
f 938//938 1710//1710 937//937
f 937//937 1710//1710 1711//1711
f 937//937 1711//1711 939//939
f 939//939 1711//1711 1712//1712
f 939//939 1712//1712 1713//1713
f 1709//1709 1015//1015 1714//1714
f 1714//1714 1015//1015 1014//1014
f 1714//1714 1014//1014 1715//1715
f 1715//1715 1014//1014 1716//1716
f 1716//1716 1014//1014 1013//1013
f 1716//1716 1013//1013 1717//1717
f 1717//1717 1013//1013 1012//1012
f 1717//1717 1012//1012 1718//1718
f 1718//1718 1012//1012 1011//1011
f 1718//1718 1011//1011 1719//1719
f 1719//1719 1011//1011 1010//1010
f 1719//1719 1010//1010 1720//1720
f 1720//1720 1010//1010 1721//1721
f 1721//1721 1010//1010 1009//1009
f 1721//1721 1009//1009 1722//1722
f 1722//1722 1009//1009 1008//1008
f 1722//1722 1008//1008 1723//1723
f 1723//1723 1008//1008 1007//1007
f 1723//1723 1007//1007 1724//1724
f 1724//1724 1007//1007 1006//1006
f 1724//1724 1006//1006 1725//1725
f 1725//1725 1006//1006 1726//1726
f 1726//1726 1006//1006 1005//1005
f 1726//1726 1005//1005 1727//1727
f 1727//1727 1005//1005 1004//1004
f 1727//1727 1004//1004 1728//1728
f 1728//1728 1004//1004 1003//1003
f 1728//1728 1003//1003 1729//1729
f 1729//1729 1003//1003 1002//1002
f 1729//1729 1002//1002 1730//1730
f 1730//1730 1002//1002 1731//1731
f 1731//1731 1002//1002 1001//1001
f 1731//1731 1001//1001 1732//1732
f 1732//1732 1001//1001 1000//1000
f 1732//1732 1000//1000 1733//1733
f 1733//1733 1000//1000 999//999
f 1733//1733 999//999 1734//1734
f 1734//1734 999//999 998//998
f 1734//1734 998//998 1735//1735
f 1735//1735 998//998 1736//1736
f 1736//1736 998//998 997//997
f 1736//1736 997//997 1737//1737
f 1737//1737 997//997 996//996
f 1737//1737 996//996 1738//1738
f 1738//1738 996//996 995//995
f 1738//1738 995//995 1739//1739
f 1739//1739 995//995 994//994
f 1739//1739 994//994 1740//1740
f 1740//1740 994//994 1741//1741
f 1741//1741 994//994 993//993
f 1741//1741 993//993 1742//1742
f 1742//1742 993//993 992//992
f 1742//1742 992//992 1743//1743
f 1743//1743 992//992 991//991
f 1743//1743 991//991 1744//1744
f 1744//1744 991//991 990//990
f 1744//1744 990//990 1745//1745
f 1745//1745 990//990 1746//1746
f 1746//1746 990//990 989//989
f 1746//1746 989//989 1747//1747
f 1747//1747 989//989 988//988
f 1747//1747 988//988 1748//1748
f 1748//1748 988//988 987//987
f 1748//1748 987//987 1749//1749
f 1749//1749 987//987 986//986
f 1749//1749 986//986 1750//1750
f 1750//1750 986//986 1751//1751
f 1751//1751 986//986 985//985
f 1751//1751 985//985 1752//1752
f 1752//1752 985//985 984//984
f 1752//1752 984//984 1753//1753
f 1753//1753 984//984 983//983
f 1753//1753 983//983 1754//1754
f 1754//1754 983//983 982//982
f 1754//1754 982//982 1755//1755
f 1755//1755 982//982 1756//1756
f 1756//1756 982//982 981//981
f 1756//1756 981//981 1757//1757
f 1757//1757 981//981 980//980
f 1757//1757 980//980 1758//1758
f 1758//1758 980//980 979//979
f 1758//1758 979//979 1759//1759
f 1759//1759 979//979 978//978
f 1759//1759 978//978 1760//1760
f 1760//1760 978//978 1761//1761
f 1761//1761 978//978 977//977
f 1761//1761 977//977 1762//1762
f 1762//1762 977//977 976//976
f 1762//1762 976//976 1763//1763
f 1763//1763 976//976 975//975
f 1763//1763 975//975 1764//1764
f 1764//1764 975//975 1765//1765
f 1765//1765 975//975 974//974
f 1765//1765 974//974 1766//1766
f 1766//1766 974//974 973//973
f 1766//1766 973//973 1767//1767
f 1767//1767 973//973 972//972
f 1767//1767 972//972 1768//1768
f 1768//1768 972//972 971//971
f 1768//1768 971//971 1769//1769
f 1769//1769 971//971 1770//1770
f 1770//1770 971//971 970//970
f 1770//1770 970//970 1771//1771
f 1771//1771 970//970 969//969
f 1771//1771 969//969 1772//1772
f 1772//1772 969//969 968//968
f 1772//1772 968//968 1773//1773
f 1773//1773 968//968 967//967
f 1773//1773 967//967 1774//1774
f 1774//1774 967//967 1775//1775
f 1775//1775 967//967 966//966
f 1775//1775 966//966 1776//1776
f 1776//1776 966//966 965//965
f 1776//1776 965//965 1777//1777
f 1777//1777 965//965 964//964
f 1777//1777 964//964 1778//1778
f 1778//1778 964//964 963//963
f 1778//1778 963//963 1779//1779
f 1779//1779 963//963 1780//1780
f 1780//1780 963//963 962//962
f 1780//1780 962//962 1781//1781
f 1781//1781 962//962 961//961
f 1781//1781 961//961 1782//1782
f 1782//1782 961//961 960//960
f 1782//1782 960//960 1783//1783
f 1783//1783 960//960 959//959
f 1783//1783 959//959 1784//1784
f 1784//1784 959//959 1785//1785
f 1785//1785 959//959 958//958
f 1785//1785 958//958 1786//1786
f 1786//1786 958//958 957//957
f 1786//1786 957//957 1787//1787
f 1787//1787 957//957 956//956
f 1787//1787 956//956 1788//1788
f 1788//1788 956//956 955//955
f 1788//1788 955//955 1789//1789
f 1789//1789 955//955 1790//1790
f 1790//1790 955//955 954//954
f 1790//1790 954//954 1791//1791
f 1791//1791 954//954 953//953
f 1791//1791 953//953 1792//1792
f 1792//1792 953//953 952//952
f 1792//1792 952//952 1793//1793
f 1793//1793 952//952 951//951
f 1793//1793 951//951 1794//1794
f 1794//1794 951//951 1795//1795
f 1795//1795 951//951 950//950
f 1795//1795 950//950 1796//1796
f 1796//1796 950//950 949//949
f 1796//1796 949//949 1797//1797
f 1797//1797 949//949 948//948
f 1797//1797 948//948 1798//1798
f 1798//1798 948//948 947//947
f 1798//1798 947//947 1799//1799
f 1799//1799 947//947 1800//1800
f 1800//1800 947//947 946//946
f 1800//1800 946//946 1801//1801
f 1801//1801 946//946 945//945
f 1801//1801 945//945 1802//1802
f 1802//1802 945//945 944//944
f 1802//1802 944//944 1803//1803
f 1803//1803 944//944 943//943
f 1803//1803 943//943 1804//1804
f 1804//1804 943//943 1805//1805
f 1805//1805 943//943 942//942
f 1805//1805 942//942 1806//1806
f 1806//1806 942//942 941//941
f 1806//1806 941//941 1807//1807
f 1807//1807 941//941 940//940
f 1807//1807 940//940 1713//1713
f 1713//1713 940//940 939//939
f 1763//1763 1174//1174 1762//1762
f 1762//1762 1174//1174 1371//1371
f 1762//1762 1371//1371 1761//1761
f 1761//1761 1371//1371 1369//1369
f 1761//1761 1369//1369 1760//1760
f 1760//1760 1369//1369 1367//1367
f 1760//1760 1367//1367 1759//1759
f 1759//1759 1367//1367 1365//1365
f 1759//1759 1365//1365 1758//1758
f 1758//1758 1365//1365 1363//1363
f 1758//1758 1363//1363 1757//1757
f 1757//1757 1363//1363 1361//1361
f 1757//1757 1361//1361 1756//1756
f 1756//1756 1361//1361 1359//1359
f 1756//1756 1359//1359 1755//1755
f 1755//1755 1359//1359 1357//1357
f 1755//1755 1357//1357 1754//1754
f 1754//1754 1357//1357 1355//1355
f 1754//1754 1355//1355 1753//1753
f 1753//1753 1355//1355 1353//1353
f 1753//1753 1353//1353 1752//1752
f 1752//1752 1353//1353 1351//1351
f 1752//1752 1351//1351 1751//1751
f 1751//1751 1351//1351 1349//1349
f 1751//1751 1349//1349 1750//1750
f 1750//1750 1349//1349 1347//1347
f 1750//1750 1347//1347 1749//1749
f 1749//1749 1347//1347 1345//1345
f 1749//1749 1345//1345 1748//1748
f 1748//1748 1345//1345 1343//1343
f 1748//1748 1343//1343 1747//1747
f 1747//1747 1343//1343 1341//1341
f 1747//1747 1341//1341 1746//1746
f 1746//1746 1341//1341 1339//1339
f 1746//1746 1339//1339 1745//1745
f 1745//1745 1339//1339 1337//1337
f 1745//1745 1337//1337 1744//1744
f 1744//1744 1337//1337 1335//1335
f 1744//1744 1335//1335 1743//1743
f 1743//1743 1335//1335 1333//1333
f 1743//1743 1333//1333 1742//1742
f 1742//1742 1333//1333 1331//1331
f 1742//1742 1331//1331 1741//1741
f 1741//1741 1331//1331 1329//1329
f 1741//1741 1329//1329 1740//1740
f 1740//1740 1329//1329 1327//1327
f 1740//1740 1327//1327 1739//1739
f 1739//1739 1327//1327 1325//1325
f 1739//1739 1325//1325 1738//1738
f 1738//1738 1325//1325 1323//1323
f 1738//1738 1323//1323 1737//1737
f 1737//1737 1323//1323 1321//1321
f 1737//1737 1321//1321 1736//1736
f 1736//1736 1321//1321 1319//1319
f 1736//1736 1319//1319 1735//1735
f 1735//1735 1319//1319 1317//1317
f 1735//1735 1317//1317 1734//1734
f 1734//1734 1317//1317 1315//1315
f 1734//1734 1315//1315 1733//1733
f 1733//1733 1315//1315 1313//1313
f 1733//1733 1313//1313 1732//1732
f 1732//1732 1313//1313 1311//1311
f 1732//1732 1311//1311 1731//1731
f 1731//1731 1311//1311 1309//1309
f 1731//1731 1309//1309 1730//1730
f 1730//1730 1309//1309 1307//1307
f 1730//1730 1307//1307 1729//1729
f 1729//1729 1307//1307 1305//1305
f 1729//1729 1305//1305 1728//1728
f 1728//1728 1305//1305 1303//1303
f 1728//1728 1303//1303 1727//1727
f 1727//1727 1303//1303 1301//1301
f 1727//1727 1301//1301 1726//1726
f 1726//1726 1301//1301 1299//1299
f 1726//1726 1299//1299 1725//1725
f 1725//1725 1299//1299 1297//1297
f 1725//1725 1297//1297 1724//1724
f 1724//1724 1297//1297 1295//1295
f 1724//1724 1295//1295 1723//1723
f 1723//1723 1295//1295 1293//1293
f 1723//1723 1293//1293 1722//1722
f 1722//1722 1293//1293 1291//1291
f 1722//1722 1291//1291 1721//1721
f 1721//1721 1291//1291 1289//1289
f 1721//1721 1289//1289 1720//1720
f 1720//1720 1289//1289 1287//1287
f 1720//1720 1287//1287 1719//1719
f 1719//1719 1287//1287 1285//1285
f 1719//1719 1285//1285 1718//1718
f 1718//1718 1285//1285 1283//1283
f 1718//1718 1283//1283 1717//1717
f 1717//1717 1283//1283 1281//1281
f 1717//1717 1281//1281 1716//1716
f 1716//1716 1281//1281 1279//1279
f 1716//1716 1279//1279 1715//1715
f 1715//1715 1279//1279 1277//1277
f 1715//1715 1277//1277 1714//1714
f 1714//1714 1277//1277 1275//1275
f 1714//1714 1275//1275 1709//1709
f 1709//1709 1275//1275 1272//1272
f 1709//1709 1272//1272 1710//1710
f 1710//1710 1272//1272 1270//1270
f 1710//1710 1270//1270 1711//1711
f 1711//1711 1270//1270 1268//1268
f 1711//1711 1268//1268 1712//1712
f 1712//1712 1268//1268 1266//1266
f 1712//1712 1266//1266 1713//1713
f 1713//1713 1266//1266 1264//1264
f 1713//1713 1264//1264 1807//1807
f 1807//1807 1264//1264 1262//1262
f 1807//1807 1262//1262 1806//1806
f 1806//1806 1262//1262 1260//1260
f 1806//1806 1260//1260 1805//1805
f 1805//1805 1260//1260 1258//1258
f 1805//1805 1258//1258 1804//1804
f 1804//1804 1258//1258 1256//1256
f 1804//1804 1256//1256 1803//1803
f 1803//1803 1256//1256 1254//1254
f 1803//1803 1254//1254 1802//1802
f 1802//1802 1254//1254 1252//1252
f 1802//1802 1252//1252 1801//1801
f 1801//1801 1252//1252 1250//1250
f 1801//1801 1250//1250 1800//1800
f 1800//1800 1250//1250 1248//1248
f 1800//1800 1248//1248 1799//1799
f 1799//1799 1248//1248 1246//1246
f 1799//1799 1246//1246 1798//1798
f 1798//1798 1246//1246 1244//1244
f 1798//1798 1244//1244 1797//1797
f 1797//1797 1244//1244 1242//1242
f 1797//1797 1242//1242 1796//1796
f 1796//1796 1242//1242 1240//1240
f 1796//1796 1240//1240 1795//1795
f 1795//1795 1240//1240 1238//1238
f 1795//1795 1238//1238 1794//1794
f 1794//1794 1238//1238 1236//1236
f 1794//1794 1236//1236 1793//1793
f 1793//1793 1236//1236 1234//1234
f 1793//1793 1234//1234 1792//1792
f 1792//1792 1234//1234 1232//1232
f 1792//1792 1232//1232 1791//1791
f 1791//1791 1232//1232 1230//1230
f 1791//1791 1230//1230 1790//1790
f 1790//1790 1230//1230 1228//1228
f 1790//1790 1228//1228 1789//1789
f 1789//1789 1228//1228 1226//1226
f 1789//1789 1226//1226 1788//1788
f 1788//1788 1226//1226 1224//1224
f 1788//1788 1224//1224 1787//1787
f 1787//1787 1224//1224 1222//1222
f 1787//1787 1222//1222 1786//1786
f 1786//1786 1222//1222 1220//1220
f 1786//1786 1220//1220 1785//1785
f 1785//1785 1220//1220 1218//1218
f 1785//1785 1218//1218 1784//1784
f 1784//1784 1218//1218 1216//1216
f 1784//1784 1216//1216 1783//1783
f 1783//1783 1216//1216 1214//1214
f 1783//1783 1214//1214 1782//1782
f 1782//1782 1214//1214 1212//1212
f 1782//1782 1212//1212 1781//1781
f 1781//1781 1212//1212 1210//1210
f 1781//1781 1210//1210 1780//1780
f 1780//1780 1210//1210 1208//1208
f 1780//1780 1208//1208 1779//1779
f 1779//1779 1208//1208 1206//1206
f 1779//1779 1206//1206 1778//1778
f 1778//1778 1206//1206 1204//1204
f 1778//1778 1204//1204 1777//1777
f 1777//1777 1204//1204 1202//1202
f 1777//1777 1202//1202 1776//1776
f 1776//1776 1202//1202 1200//1200
f 1776//1776 1200//1200 1775//1775
f 1775//1775 1200//1200 1198//1198
f 1775//1775 1198//1198 1774//1774
f 1774//1774 1198//1198 1196//1196
f 1774//1774 1196//1196 1773//1773
f 1773//1773 1196//1196 1194//1194
f 1773//1773 1194//1194 1772//1772
f 1772//1772 1194//1194 1192//1192
f 1772//1772 1192//1192 1771//1771
f 1771//1771 1192//1192 1190//1190
f 1771//1771 1190//1190 1770//1770
f 1770//1770 1190//1190 1188//1188
f 1770//1770 1188//1188 1769//1769
f 1769//1769 1188//1188 1186//1186
f 1769//1769 1186//1186 1768//1768
f 1768//1768 1186//1186 1184//1184
f 1768//1768 1184//1184 1767//1767
f 1767//1767 1184//1184 1182//1182
f 1767//1767 1182//1182 1766//1766
f 1766//1766 1182//1182 1180//1180
f 1766//1766 1180//1180 1765//1765
f 1765//1765 1180//1180 1178//1178
f 1765//1765 1178//1178 1764//1764
f 1764//1764 1178//1178 1172//1172
f 1764//1764 1172//1172 1763//1763
f 1763//1763 1172//1172 1174//1174
