# env_v1 visual mesh, meters, Z-up, grouped by appearance
o Generic_B2B2B2
v 0.105000 0.028000 0.195000
v 0.105000 0.019000 0.195000
v 0.107000 0.019000 0.195000
v 0.107000 0.023250 0.195000
v 0.110336 0.023250 0.195000
v 0.114000 0.019586 0.195000
v 0.114000 0.010414 0.195000
v 0.110336 0.006750 0.195000
v 0.107000 0.006750 0.195000
v 0.107000 0.011000 0.195000
v 0.105000 0.011000 0.195000
v 0.105000 -0.011000 0.195000
v 0.107000 -0.011000 0.195000
v 0.107000 -0.006750 0.195000
v 0.110336 -0.006750 0.195000
v 0.114000 -0.010414 0.195000
v 0.114000 -0.019586 0.195000
v 0.110336 -0.023250 0.195000
v 0.107000 -0.023250 0.195000
v 0.107000 -0.019000 0.195000
v 0.105000 -0.019000 0.195000
v 0.105000 -0.028000 0.195000
v 0.105268 -0.029000 0.195000
v 0.106000 -0.029732 0.195000
v 0.107000 -0.030000 0.195000
v 0.116000 -0.030000 0.195000
v 0.116000 -0.028000 0.195000
v 0.111750 -0.028000 0.195000
v 0.111750 -0.024664 0.195000
v 0.115414 -0.021000 0.195000
v 0.124586 -0.021000 0.195000
v 0.128250 -0.024664 0.195000
v 0.128250 -0.028000 0.195000
v 0.124000 -0.028000 0.195000
v 0.124000 -0.030000 0.195000
v 0.146000 -0.030000 0.195000
v 0.146000 -0.028000 0.195000
v 0.141750 -0.028000 0.195000
v 0.141750 -0.024664 0.195000
v 0.145414 -0.021000 0.195000
v 0.154586 -0.021000 0.195000
v 0.158250 -0.024664 0.195000
v 0.158250 -0.028000 0.195000
v 0.154000 -0.028000 0.195000
v 0.154000 -0.030000 0.195000
v 0.163000 -0.030000 0.195000
v 0.164000 -0.029732 0.195000
v 0.164732 -0.029000 0.195000
v 0.165000 -0.028000 0.195000
v 0.165000 -0.019000 0.195000
v 0.163000 -0.019000 0.195000
v 0.163000 -0.023250 0.195000
v 0.159664 -0.023250 0.195000
v 0.156000 -0.019586 0.195000
v 0.156000 -0.010414 0.195000
v 0.159664 -0.006750 0.195000
v 0.163000 -0.006750 0.195000
v 0.163000 -0.011000 0.195000
v 0.165000 -0.011000 0.195000
v 0.165000 0.011000 0.195000
v 0.163000 0.011000 0.195000
v 0.163000 0.006750 0.195000
v 0.159664 0.006750 0.195000
v 0.156000 0.010414 0.195000
v 0.156000 0.019586 0.195000
v 0.159664 0.023250 0.195000
v 0.163000 0.023250 0.195000
v 0.163000 0.019000 0.195000
v 0.165000 0.019000 0.195000
v 0.165000 0.028000 0.195000
v 0.164732 0.029000 0.195000
v 0.164000 0.029732 0.195000
v 0.163000 0.030000 0.195000
v 0.154000 0.030000 0.195000
v 0.154000 0.028000 0.195000
v 0.158250 0.028000 0.195000
v 0.158250 0.024664 0.195000
v 0.154586 0.021000 0.195000
v 0.145414 0.021000 0.195000
v 0.141750 0.024664 0.195000
v 0.141750 0.028000 0.195000
v 0.146000 0.028000 0.195000
v 0.146000 0.030000 0.195000
v 0.124000 0.030000 0.195000
v 0.124000 0.028000 0.195000
v 0.128250 0.028000 0.195000
v 0.128250 0.024664 0.195000
v 0.124586 0.021000 0.195000
v 0.115414 0.021000 0.195000
v 0.111750 0.024664 0.195000
v 0.111750 0.028000 0.195000
v 0.116000 0.028000 0.195000
v 0.116000 0.030000 0.195000
v 0.107000 0.030000 0.195000
v 0.106000 0.029732 0.195000
v 0.105268 0.029000 0.195000
v 0.123400 0.015000 0.195000
v 0.121700 0.012056 0.195000
v 0.118300 0.012056 0.195000
v 0.116600 0.015000 0.195000
v 0.118300 0.017944 0.195000
v 0.121700 0.017944 0.195000
v 0.123400 -0.015000 0.195000
v 0.121700 -0.017944 0.195000
v 0.118300 -0.017944 0.195000
v 0.116600 -0.015000 0.195000
v 0.118300 -0.012056 0.195000
v 0.121700 -0.012056 0.195000
v 0.153400 0.015000 0.195000
v 0.151700 0.012056 0.195000
v 0.148300 0.012056 0.195000
v 0.146600 0.015000 0.195000
v 0.148300 0.017944 0.195000
v 0.151700 0.017944 0.195000
v 0.153400 -0.015000 0.195000
v 0.151700 -0.017944 0.195000
v 0.148300 -0.017944 0.195000
v 0.146600 -0.015000 0.195000
v 0.148300 -0.012056 0.195000
v 0.151700 -0.012056 0.195000
v 0.123000 0.009000 0.195000
v 0.124500 0.009402 0.195000
v 0.125598 0.010500 0.195000
v 0.126000 0.012000 0.195000
v 0.126000 0.013515 0.195000
v 0.126034 0.013774 0.195000
v 0.126134 0.014015 0.195000
v 0.126293 0.014222 0.195000
v 0.131778 0.019707 0.195000
v 0.131985 0.019866 0.195000
v 0.132226 0.019966 0.195000
v 0.132485 0.020000 0.195000
v 0.137515 0.020000 0.195000
v 0.137774 0.019966 0.195000
v 0.138015 0.019866 0.195000
v 0.138222 0.019707 0.195000
v 0.143707 0.014222 0.195000
v 0.143866 0.014015 0.195000
v 0.143966 0.013774 0.195000
v 0.144000 0.013515 0.195000
v 0.144000 0.012000 0.195000
v 0.144402 0.010500 0.195000
v 0.145500 0.009402 0.195000
v 0.147000 0.009000 0.195000
v 0.148515 0.009000 0.195000
v 0.148774 0.008966 0.195000
v 0.149015 0.008866 0.195000
v 0.149222 0.008707 0.195000
v 0.154707 0.003222 0.195000
v 0.154866 0.003015 0.195000
v 0.154966 0.002774 0.195000
v 0.155000 0.002515 0.195000
v 0.155000 -0.002515 0.195000
v 0.154966 -0.002774 0.195000
v 0.154866 -0.003015 0.195000
v 0.154707 -0.003222 0.195000
v 0.149222 -0.008707 0.195000
v 0.149015 -0.008866 0.195000
v 0.148774 -0.008966 0.195000
v 0.148515 -0.009000 0.195000
v 0.147000 -0.009000 0.195000
v 0.145500 -0.009402 0.195000
v 0.144402 -0.010500 0.195000
v 0.144000 -0.012000 0.195000
v 0.144000 -0.013515 0.195000
v 0.143966 -0.013774 0.195000
v 0.143866 -0.014015 0.195000
v 0.143707 -0.014222 0.195000
v 0.138222 -0.019707 0.195000
v 0.138015 -0.019866 0.195000
v 0.137774 -0.019966 0.195000
v 0.137515 -0.020000 0.195000
v 0.132485 -0.020000 0.195000
v 0.132226 -0.019966 0.195000
v 0.131985 -0.019866 0.195000
v 0.131778 -0.019707 0.195000
v 0.126293 -0.014222 0.195000
v 0.126134 -0.014015 0.195000
v 0.126034 -0.013774 0.195000
v 0.126000 -0.013515 0.195000
v 0.126000 -0.012000 0.195000
v 0.125598 -0.010500 0.195000
v 0.124500 -0.009402 0.195000
v 0.123000 -0.009000 0.195000
v 0.121485 -0.009000 0.195000
v 0.121226 -0.008966 0.195000
v 0.120985 -0.008866 0.195000
v 0.120778 -0.008707 0.195000
v 0.115293 -0.003222 0.195000
v 0.115134 -0.003015 0.195000
v 0.115034 -0.002774 0.195000
v 0.115000 -0.002515 0.195000
v 0.115000 0.002515 0.195000
v 0.115034 0.002774 0.195000
v 0.115134 0.003015 0.195000
v 0.115293 0.003222 0.195000
v 0.120778 0.008707 0.195000
v 0.120985 0.008866 0.195000
v 0.121226 0.008966 0.195000
v 0.121485 0.009000 0.195000
v 0.115000 -0.002515 -0.000000
v 0.115034 -0.002774 -0.000000
v 0.115134 -0.003015 -0.000000
v 0.115293 -0.003222 -0.000000
v 0.120778 -0.008707 -0.000000
v 0.120985 -0.008866 -0.000000
v 0.121226 -0.008966 -0.000000
v 0.121485 -0.009000 -0.000000
v 0.123000 -0.009000 -0.000000
v 0.124500 -0.009402 -0.000000
v 0.125598 -0.010500 -0.000000
v 0.126000 -0.012000 -0.000000
v 0.126000 -0.013515 -0.000000
v 0.126034 -0.013774 -0.000000
v 0.126134 -0.014015 -0.000000
v 0.126293 -0.014222 -0.000000
v 0.131778 -0.019707 -0.000000
v 0.131985 -0.019866 -0.000000
v 0.132226 -0.019966 -0.000000
v 0.132485 -0.020000 -0.000000
v 0.137515 -0.020000 -0.000000
v 0.137774 -0.019966 -0.000000
v 0.138015 -0.019866 -0.000000
v 0.138222 -0.019707 -0.000000
v 0.143707 -0.014222 -0.000000
v 0.143866 -0.014015 -0.000000
v 0.143966 -0.013774 -0.000000
v 0.144000 -0.013515 -0.000000
v 0.144000 -0.012000 -0.000000
v 0.144402 -0.010500 -0.000000
v 0.145500 -0.009402 -0.000000
v 0.147000 -0.009000 -0.000000
v 0.148515 -0.009000 -0.000000
v 0.148774 -0.008966 -0.000000
v 0.149015 -0.008866 -0.000000
v 0.149222 -0.008707 -0.000000
v 0.154707 -0.003222 -0.000000
v 0.154866 -0.003015 -0.000000
v 0.154966 -0.002774 -0.000000
v 0.155000 -0.002515 -0.000000
v 0.155000 0.002515 -0.000000
v 0.154966 0.002774 -0.000000
v 0.154866 0.003015 -0.000000
v 0.154707 0.003222 -0.000000
v 0.149222 0.008707 -0.000000
v 0.149015 0.008866 -0.000000
v 0.148774 0.008966 -0.000000
v 0.148515 0.009000 -0.000000
v 0.147000 0.009000 -0.000000
v 0.145500 0.009402 -0.000000
v 0.144402 0.010500 -0.000000
v 0.144000 0.012000 -0.000000
v 0.144000 0.013515 -0.000000
v 0.143966 0.013774 -0.000000
v 0.143866 0.014015 -0.000000
v 0.143707 0.014222 -0.000000
v 0.138222 0.019707 -0.000000
v 0.138015 0.019866 -0.000000
v 0.137774 0.019966 -0.000000
v 0.137515 0.020000 -0.000000
v 0.132485 0.020000 -0.000000
v 0.132226 0.019966 -0.000000
v 0.131985 0.019866 -0.000000
v 0.131778 0.019707 -0.000000
v 0.126293 0.014222 -0.000000
v 0.126134 0.014015 -0.000000
v 0.126034 0.013774 -0.000000
v 0.126000 0.013515 -0.000000
v 0.126000 0.012000 -0.000000
v 0.125598 0.010500 -0.000000
v 0.124500 0.009402 -0.000000
v 0.123000 0.009000 -0.000000
v 0.121485 0.009000 -0.000000
v 0.121226 0.008966 -0.000000
v 0.120985 0.008866 -0.000000
v 0.120778 0.008707 -0.000000
v 0.115293 0.003222 -0.000000
v 0.115134 0.003015 -0.000000
v 0.115034 0.002774 -0.000000
v 0.115000 0.002515 -0.000000
v 0.107000 0.019000 -0.000000
v 0.105000 0.019000 -0.000000
v 0.105000 0.028000 -0.000000
v 0.105268 0.029000 -0.000000
v 0.106000 0.029732 -0.000000
v 0.107000 0.030000 -0.000000
v 0.116000 0.030000 -0.000000
v 0.116000 0.028000 -0.000000
v 0.111750 0.028000 -0.000000
v 0.111750 0.024664 -0.000000
v 0.115414 0.021000 -0.000000
v 0.124586 0.021000 -0.000000
v 0.128250 0.024664 -0.000000
v 0.128250 0.028000 -0.000000
v 0.124000 0.028000 -0.000000
v 0.124000 0.030000 -0.000000
v 0.146000 0.030000 -0.000000
v 0.146000 0.028000 -0.000000
v 0.141750 0.028000 -0.000000
v 0.141750 0.024664 -0.000000
v 0.145414 0.021000 -0.000000
v 0.154586 0.021000 -0.000000
v 0.158250 0.024664 -0.000000
v 0.158250 0.028000 -0.000000
v 0.154000 0.028000 -0.000000
v 0.154000 0.030000 -0.000000
v 0.163000 0.030000 -0.000000
v 0.164000 0.029732 -0.000000
v 0.164732 0.029000 -0.000000
v 0.165000 0.028000 -0.000000
v 0.165000 0.019000 -0.000000
v 0.163000 0.019000 -0.000000
v 0.163000 0.023250 -0.000000
v 0.159664 0.023250 -0.000000
v 0.156000 0.019586 -0.000000
v 0.156000 0.010414 -0.000000
v 0.159664 0.006750 -0.000000
v 0.163000 0.006750 -0.000000
v 0.163000 0.011000 -0.000000
v 0.165000 0.011000 -0.000000
v 0.165000 -0.011000 -0.000000
v 0.163000 -0.011000 -0.000000
v 0.163000 -0.006750 -0.000000
v 0.159664 -0.006750 -0.000000
v 0.156000 -0.010414 -0.000000
v 0.156000 -0.019586 -0.000000
v 0.159664 -0.023250 -0.000000
v 0.163000 -0.023250 -0.000000
v 0.163000 -0.019000 -0.000000
v 0.165000 -0.019000 -0.000000
v 0.165000 -0.028000 -0.000000
v 0.164732 -0.029000 -0.000000
v 0.164000 -0.029732 -0.000000
v 0.163000 -0.030000 -0.000000
v 0.154000 -0.030000 -0.000000
v 0.154000 -0.028000 -0.000000
v 0.158250 -0.028000 -0.000000
v 0.158250 -0.024664 -0.000000
v 0.154586 -0.021000 -0.000000
v 0.145414 -0.021000 -0.000000
v 0.141750 -0.024664 -0.000000
v 0.141750 -0.028000 -0.000000
v 0.146000 -0.028000 -0.000000
v 0.146000 -0.030000 -0.000000
v 0.124000 -0.030000 -0.000000
v 0.124000 -0.028000 -0.000000
v 0.128250 -0.028000 -0.000000
v 0.128250 -0.024664 -0.000000
v 0.124586 -0.021000 -0.000000
v 0.115414 -0.021000 -0.000000
v 0.111750 -0.024664 -0.000000
v 0.111750 -0.028000 -0.000000
v 0.116000 -0.028000 -0.000000
v 0.116000 -0.030000 -0.000000
v 0.107000 -0.030000 -0.000000
v 0.106000 -0.029732 -0.000000
v 0.105268 -0.029000 -0.000000
v 0.105000 -0.028000 -0.000000
v 0.105000 -0.019000 -0.000000
v 0.107000 -0.019000 -0.000000
v 0.107000 -0.023250 -0.000000
v 0.110336 -0.023250 -0.000000
v 0.114000 -0.019586 -0.000000
v 0.114000 -0.010414 -0.000000
v 0.110336 -0.006750 -0.000000
v 0.107000 -0.006750 -0.000000
v 0.107000 -0.011000 -0.000000
v 0.105000 -0.011000 -0.000000
v 0.105000 0.011000 -0.000000
v 0.107000 0.011000 -0.000000
v 0.107000 0.006750 -0.000000
v 0.110336 0.006750 -0.000000
v 0.114000 0.010414 -0.000000
v 0.114000 0.019586 -0.000000
v 0.110336 0.023250 -0.000000
v 0.107000 0.023250 -0.000000
v 0.123400 0.015000 -0.000000
v 0.121700 0.017944 -0.000000
v 0.118300 0.017944 -0.000000
v 0.116600 0.015000 -0.000000
v 0.118300 0.012056 -0.000000
v 0.121700 0.012056 -0.000000
v 0.146600 0.015000 -0.000000
v 0.148300 0.012056 -0.000000
v 0.151700 0.012056 -0.000000
v 0.153400 0.015000 -0.000000
v 0.151700 0.017944 -0.000000
v 0.148300 0.017944 -0.000000
v 0.146600 -0.015000 -0.000000
v 0.148300 -0.017944 -0.000000
v 0.151700 -0.017944 -0.000000
v 0.153400 -0.015000 -0.000000
v 0.151700 -0.012056 -0.000000
v 0.148300 -0.012056 -0.000000
v 0.116600 -0.015000 -0.000000
v 0.118300 -0.017944 -0.000000
v 0.121700 -0.017944 -0.000000
v 0.123400 -0.015000 -0.000000
v 0.121700 -0.012056 -0.000000
v 0.118300 -0.012056 -0.000000
v 0.154707 0.003222 -0.000000
v 0.154866 0.003015 -0.000000
v 0.154966 0.002774 -0.000000
v 0.155000 0.002515 -0.000000
v 0.155000 0.002515 0.195000
v 0.154966 0.002774 0.195000
v 0.154866 0.003015 0.195000
v 0.154707 0.003222 0.195000
v 0.155000 0.002515 -0.000000
v 0.155000 -0.002515 -0.000000
v 0.155000 -0.002515 0.195000
v 0.155000 0.002515 0.195000
v 0.155000 -0.002515 -0.000000
v 0.154966 -0.002774 -0.000000
v 0.154866 -0.003015 -0.000000
v 0.154707 -0.003222 -0.000000
v 0.154707 -0.003222 0.195000
v 0.154866 -0.003015 0.195000
v 0.154966 -0.002774 0.195000
v 0.155000 -0.002515 0.195000
v 0.154707 -0.003222 -0.000000
v 0.149222 -0.008707 -0.000000
v 0.149222 -0.008707 0.195000
v 0.154707 -0.003222 0.195000
v 0.149222 -0.008707 -0.000000
v 0.149015 -0.008866 -0.000000
v 0.148774 -0.008966 -0.000000
v 0.148515 -0.009000 -0.000000
v 0.148515 -0.009000 0.195000
v 0.148774 -0.008966 0.195000
v 0.149015 -0.008866 0.195000
v 0.149222 -0.008707 0.195000
v 0.148515 -0.009000 -0.000000
v 0.147000 -0.009000 -0.000000
v 0.147000 -0.009000 0.195000
v 0.148515 -0.009000 0.195000
v 0.147000 -0.009000 -0.000000
v 0.145500 -0.009402 -0.000000
v 0.144402 -0.010500 -0.000000
v 0.144000 -0.012000 -0.000000
v 0.144000 -0.012000 0.195000
v 0.144402 -0.010500 0.195000
v 0.145500 -0.009402 0.195000
v 0.147000 -0.009000 0.195000
v 0.144000 -0.012000 -0.000000
v 0.144000 -0.013515 -0.000000
v 0.144000 -0.013515 0.195000
v 0.144000 -0.012000 0.195000
v 0.144000 -0.013515 -0.000000
v 0.143966 -0.013774 -0.000000
v 0.143866 -0.014015 -0.000000
v 0.143707 -0.014222 -0.000000
v 0.143707 -0.014222 0.195000
v 0.143866 -0.014015 0.195000
v 0.143966 -0.013774 0.195000
v 0.144000 -0.013515 0.195000
v 0.143707 -0.014222 -0.000000
v 0.138222 -0.019707 -0.000000
v 0.138222 -0.019707 0.195000
v 0.143707 -0.014222 0.195000
v 0.138222 -0.019707 -0.000000
v 0.138015 -0.019866 -0.000000
v 0.137774 -0.019966 -0.000000
v 0.137515 -0.020000 -0.000000
v 0.137515 -0.020000 0.195000
v 0.137774 -0.019966 0.195000
v 0.138015 -0.019866 0.195000
v 0.138222 -0.019707 0.195000
v 0.137515 -0.020000 -0.000000
v 0.132485 -0.020000 -0.000000
v 0.132485 -0.020000 0.195000
v 0.137515 -0.020000 0.195000
v 0.132485 -0.020000 -0.000000
v 0.132226 -0.019966 -0.000000
v 0.131985 -0.019866 -0.000000
v 0.131778 -0.019707 -0.000000
v 0.131778 -0.019707 0.195000
v 0.131985 -0.019866 0.195000
v 0.132226 -0.019966 0.195000
v 0.132485 -0.020000 0.195000
v 0.131778 -0.019707 -0.000000
v 0.126293 -0.014222 -0.000000
v 0.126293 -0.014222 0.195000
v 0.131778 -0.019707 0.195000
v 0.126293 -0.014222 -0.000000
v 0.126134 -0.014015 -0.000000
v 0.126034 -0.013774 -0.000000
v 0.126000 -0.013515 -0.000000
v 0.126000 -0.013515 0.195000
v 0.126034 -0.013774 0.195000
v 0.126134 -0.014015 0.195000
v 0.126293 -0.014222 0.195000
v 0.126000 -0.013515 -0.000000
v 0.126000 -0.012000 -0.000000
v 0.126000 -0.012000 0.195000
v 0.126000 -0.013515 0.195000
v 0.126000 -0.012000 -0.000000
v 0.125598 -0.010500 -0.000000
v 0.124500 -0.009402 -0.000000
v 0.123000 -0.009000 -0.000000
v 0.123000 -0.009000 0.195000
v 0.124500 -0.009402 0.195000
v 0.125598 -0.010500 0.195000
v 0.126000 -0.012000 0.195000
v 0.123000 -0.009000 -0.000000
v 0.121485 -0.009000 -0.000000
v 0.121485 -0.009000 0.195000
v 0.123000 -0.009000 0.195000
v 0.121485 -0.009000 -0.000000
v 0.121226 -0.008966 -0.000000
v 0.120985 -0.008866 -0.000000
v 0.120778 -0.008707 -0.000000
v 0.120778 -0.008707 0.195000
v 0.120985 -0.008866 0.195000
v 0.121226 -0.008966 0.195000
v 0.121485 -0.009000 0.195000
v 0.120778 -0.008707 -0.000000
v 0.115293 -0.003222 -0.000000
v 0.115293 -0.003222 0.195000
v 0.120778 -0.008707 0.195000
v 0.165000 -0.019000 -0.000000
v 0.163000 -0.019000 -0.000000
v 0.163000 -0.019000 0.195000
v 0.165000 -0.019000 0.195000
v 0.163000 -0.019000 -0.000000
v 0.163000 -0.023250 -0.000000
v 0.163000 -0.023250 0.195000
v 0.163000 -0.019000 0.195000
v 0.163000 -0.023250 -0.000000
v 0.159664 -0.023250 -0.000000
v 0.159664 -0.023250 0.195000
v 0.163000 -0.023250 0.195000
v 0.159664 -0.023250 -0.000000
v 0.156000 -0.019586 -0.000000
v 0.156000 -0.019586 0.195000
v 0.159664 -0.023250 0.195000
v 0.156000 -0.019586 -0.000000
v 0.156000 -0.010414 -0.000000
v 0.156000 -0.010414 0.195000
v 0.156000 -0.019586 0.195000
v 0.156000 -0.010414 -0.000000
v 0.159664 -0.006750 -0.000000
v 0.159664 -0.006750 0.195000
v 0.156000 -0.010414 0.195000
v 0.159664 -0.006750 -0.000000
v 0.163000 -0.006750 -0.000000
v 0.163000 -0.006750 0.195000
v 0.159664 -0.006750 0.195000
v 0.163000 -0.006750 -0.000000
v 0.163000 -0.011000 -0.000000
v 0.163000 -0.011000 0.195000
v 0.163000 -0.006750 0.195000
v 0.163000 -0.011000 -0.000000
v 0.165000 -0.011000 -0.000000
v 0.165000 -0.011000 0.195000
v 0.163000 -0.011000 0.195000
v 0.165000 -0.011000 -0.000000
v 0.165000 0.011000 -0.000000
v 0.165000 0.011000 0.195000
v 0.165000 -0.011000 0.195000
v 0.165000 0.011000 -0.000000
v 0.163000 0.011000 -0.000000
v 0.163000 0.011000 0.195000
v 0.165000 0.011000 0.195000
v 0.163000 0.011000 -0.000000
v 0.163000 0.006750 -0.000000
v 0.163000 0.006750 0.195000
v 0.163000 0.011000 0.195000
v 0.163000 0.006750 -0.000000
v 0.159664 0.006750 -0.000000
v 0.159664 0.006750 0.195000
v 0.163000 0.006750 0.195000
v 0.159664 0.006750 -0.000000
v 0.156000 0.010414 -0.000000
v 0.156000 0.010414 0.195000
v 0.159664 0.006750 0.195000
v 0.156000 0.010414 -0.000000
v 0.156000 0.019586 -0.000000
v 0.156000 0.019586 0.195000
v 0.156000 0.010414 0.195000
v 0.156000 0.019586 -0.000000
v 0.159664 0.023250 -0.000000
v 0.159664 0.023250 0.195000
v 0.156000 0.019586 0.195000
v 0.159664 0.023250 -0.000000
v 0.163000 0.023250 -0.000000
v 0.163000 0.023250 0.195000
v 0.159664 0.023250 0.195000
v 0.163000 0.023250 -0.000000
v 0.163000 0.019000 -0.000000
v 0.163000 0.019000 0.195000
v 0.163000 0.023250 0.195000
v 0.163000 0.019000 -0.000000
v 0.165000 0.019000 -0.000000
v 0.165000 0.019000 0.195000
v 0.163000 0.019000 0.195000
v 0.165000 0.019000 -0.000000
v 0.165000 0.028000 -0.000000
v 0.165000 0.028000 0.195000
v 0.165000 0.019000 0.195000
v 0.165000 0.028000 -0.000000
v 0.164732 0.029000 -0.000000
v 0.164000 0.029732 -0.000000
v 0.163000 0.030000 -0.000000
v 0.163000 0.030000 0.195000
v 0.164000 0.029732 0.195000
v 0.164732 0.029000 0.195000
v 0.165000 0.028000 0.195000
v 0.163000 0.030000 -0.000000
v 0.154000 0.030000 -0.000000
v 0.154000 0.030000 0.195000
v 0.163000 0.030000 0.195000
v 0.154000 0.030000 -0.000000
v 0.154000 0.028000 -0.000000
v 0.154000 0.028000 0.195000
v 0.154000 0.030000 0.195000
v 0.154000 0.028000 -0.000000
v 0.158250 0.028000 -0.000000
v 0.158250 0.028000 0.195000
v 0.154000 0.028000 0.195000
v 0.158250 0.028000 -0.000000
v 0.158250 0.024664 -0.000000
v 0.158250 0.024664 0.195000
v 0.158250 0.028000 0.195000
v 0.158250 0.024664 -0.000000
v 0.154586 0.021000 -0.000000
v 0.154586 0.021000 0.195000
v 0.158250 0.024664 0.195000
v 0.154586 0.021000 -0.000000
v 0.145414 0.021000 -0.000000
v 0.145414 0.021000 0.195000
v 0.154586 0.021000 0.195000
v 0.145414 0.021000 -0.000000
v 0.141750 0.024664 -0.000000
v 0.141750 0.024664 0.195000
v 0.145414 0.021000 0.195000
v 0.141750 0.024664 -0.000000
v 0.141750 0.028000 -0.000000
v 0.141750 0.028000 0.195000
v 0.141750 0.024664 0.195000
v 0.141750 0.028000 -0.000000
v 0.146000 0.028000 -0.000000
v 0.146000 0.028000 0.195000
v 0.141750 0.028000 0.195000
v 0.146000 0.028000 -0.000000
v 0.146000 0.030000 -0.000000
v 0.146000 0.030000 0.195000
v 0.146000 0.028000 0.195000
v 0.146000 0.030000 -0.000000
v 0.124000 0.030000 -0.000000
v 0.124000 0.030000 0.195000
v 0.146000 0.030000 0.195000
v 0.124000 0.030000 -0.000000
v 0.124000 0.028000 -0.000000
v 0.124000 0.028000 0.195000
v 0.124000 0.030000 0.195000
v 0.124000 0.028000 -0.000000
v 0.128250 0.028000 -0.000000
v 0.128250 0.028000 0.195000
v 0.124000 0.028000 0.195000
v 0.128250 0.028000 -0.000000
v 0.128250 0.024664 -0.000000
v 0.128250 0.024664 0.195000
v 0.128250 0.028000 0.195000
v 0.128250 0.024664 -0.000000
v 0.124586 0.021000 -0.000000
v 0.124586 0.021000 0.195000
v 0.128250 0.024664 0.195000
v 0.124586 0.021000 -0.000000
v 0.115414 0.021000 -0.000000
v 0.115414 0.021000 0.195000
v 0.124586 0.021000 0.195000
v 0.115414 0.021000 -0.000000
v 0.111750 0.024664 -0.000000
v 0.111750 0.024664 0.195000
v 0.115414 0.021000 0.195000
v 0.111750 0.024664 -0.000000
v 0.111750 0.028000 -0.000000
v 0.111750 0.028000 0.195000
v 0.111750 0.024664 0.195000
v 0.111750 0.028000 -0.000000
v 0.116000 0.028000 -0.000000
v 0.116000 0.028000 0.195000
v 0.111750 0.028000 0.195000
v 0.116000 0.028000 -0.000000
v 0.116000 0.030000 -0.000000
v 0.116000 0.030000 0.195000
v 0.116000 0.028000 0.195000
v 0.116000 0.030000 -0.000000
v 0.107000 0.030000 -0.000000
v 0.107000 0.030000 0.195000
v 0.116000 0.030000 0.195000
v 0.107000 0.030000 -0.000000
v 0.106000 0.029732 -0.000000
v 0.105268 0.029000 -0.000000
v 0.105000 0.028000 -0.000000
v 0.105000 0.028000 0.195000
v 0.105268 0.029000 0.195000
v 0.106000 0.029732 0.195000
v 0.107000 0.030000 0.195000
v 0.105000 0.028000 -0.000000
v 0.105000 0.019000 -0.000000
v 0.105000 0.019000 0.195000
v 0.105000 0.028000 0.195000
v 0.115293 -0.003222 -0.000000
v 0.115134 -0.003015 -0.000000
v 0.115034 -0.002774 -0.000000
v 0.115000 -0.002515 -0.000000
v 0.115000 -0.002515 0.195000
v 0.115034 -0.002774 0.195000
v 0.115134 -0.003015 0.195000
v 0.115293 -0.003222 0.195000
v 0.105000 0.019000 -0.000000
v 0.107000 0.019000 -0.000000
v 0.107000 0.019000 0.195000
v 0.105000 0.019000 0.195000
v 0.107000 0.019000 -0.000000
v 0.107000 0.023250 -0.000000
v 0.107000 0.023250 0.195000
v 0.107000 0.019000 0.195000
v 0.107000 0.023250 -0.000000
v 0.110336 0.023250 -0.000000
v 0.110336 0.023250 0.195000
v 0.107000 0.023250 0.195000
v 0.165000 -0.028000 -0.000000
v 0.165000 -0.019000 -0.000000
v 0.165000 -0.019000 0.195000
v 0.165000 -0.028000 0.195000
v 0.163000 -0.030000 -0.000000
v 0.164000 -0.029732 -0.000000
v 0.164732 -0.029000 -0.000000
v 0.165000 -0.028000 -0.000000
v 0.165000 -0.028000 0.195000
v 0.164732 -0.029000 0.195000
v 0.164000 -0.029732 0.195000
v 0.163000 -0.030000 0.195000
v 0.154000 -0.030000 -0.000000
v 0.163000 -0.030000 -0.000000
v 0.163000 -0.030000 0.195000
v 0.154000 -0.030000 0.195000
v 0.154000 -0.028000 -0.000000
v 0.154000 -0.030000 -0.000000
v 0.154000 -0.030000 0.195000
v 0.154000 -0.028000 0.195000
v 0.158250 -0.028000 -0.000000
v 0.154000 -0.028000 -0.000000
v 0.154000 -0.028000 0.195000
v 0.158250 -0.028000 0.195000
v 0.158250 -0.024664 -0.000000
v 0.158250 -0.028000 -0.000000
v 0.158250 -0.028000 0.195000
v 0.158250 -0.024664 0.195000
v 0.154586 -0.021000 -0.000000
v 0.158250 -0.024664 -0.000000
v 0.158250 -0.024664 0.195000
v 0.154586 -0.021000 0.195000
v 0.145414 -0.021000 -0.000000
v 0.154586 -0.021000 -0.000000
v 0.154586 -0.021000 0.195000
v 0.145414 -0.021000 0.195000
v 0.141750 -0.024664 -0.000000
v 0.145414 -0.021000 -0.000000
v 0.145414 -0.021000 0.195000
v 0.141750 -0.024664 0.195000
v 0.141750 -0.028000 -0.000000
v 0.141750 -0.024664 -0.000000
v 0.141750 -0.024664 0.195000
v 0.141750 -0.028000 0.195000
v 0.146000 -0.028000 -0.000000
v 0.141750 -0.028000 -0.000000
v 0.141750 -0.028000 0.195000
v 0.146000 -0.028000 0.195000
v 0.146000 -0.030000 -0.000000
v 0.146000 -0.028000 -0.000000
v 0.146000 -0.028000 0.195000
v 0.146000 -0.030000 0.195000
v 0.124000 -0.030000 -0.000000
v 0.146000 -0.030000 -0.000000
v 0.146000 -0.030000 0.195000
v 0.124000 -0.030000 0.195000
v 0.124000 -0.028000 -0.000000
v 0.124000 -0.030000 -0.000000
v 0.124000 -0.030000 0.195000
v 0.124000 -0.028000 0.195000
v 0.128250 -0.028000 -0.000000
v 0.124000 -0.028000 -0.000000
v 0.124000 -0.028000 0.195000
v 0.128250 -0.028000 0.195000
v 0.128250 -0.024664 -0.000000
v 0.128250 -0.028000 -0.000000
v 0.128250 -0.028000 0.195000
v 0.128250 -0.024664 0.195000
v 0.124586 -0.021000 -0.000000
v 0.128250 -0.024664 -0.000000
v 0.128250 -0.024664 0.195000
v 0.124586 -0.021000 0.195000
v 0.115414 -0.021000 -0.000000
v 0.124586 -0.021000 -0.000000
v 0.124586 -0.021000 0.195000
v 0.115414 -0.021000 0.195000
v 0.111750 -0.024664 -0.000000
v 0.115414 -0.021000 -0.000000
v 0.115414 -0.021000 0.195000
v 0.111750 -0.024664 0.195000
v 0.111750 -0.028000 -0.000000
v 0.111750 -0.024664 -0.000000
v 0.111750 -0.024664 0.195000
v 0.111750 -0.028000 0.195000
v 0.116000 -0.028000 -0.000000
v 0.111750 -0.028000 -0.000000
v 0.111750 -0.028000 0.195000
v 0.116000 -0.028000 0.195000
v 0.116000 -0.030000 -0.000000
v 0.116000 -0.028000 -0.000000
v 0.116000 -0.028000 0.195000
v 0.116000 -0.030000 0.195000
v 0.107000 -0.030000 -0.000000
v 0.116000 -0.030000 -0.000000
v 0.116000 -0.030000 0.195000
v 0.107000 -0.030000 0.195000
v 0.105000 -0.028000 -0.000000
v 0.105268 -0.029000 -0.000000
v 0.106000 -0.029732 -0.000000
v 0.107000 -0.030000 -0.000000
v 0.107000 -0.030000 0.195000
v 0.106000 -0.029732 0.195000
v 0.105268 -0.029000 0.195000
v 0.105000 -0.028000 0.195000
v 0.105000 -0.019000 -0.000000
v 0.105000 -0.028000 -0.000000
v 0.105000 -0.028000 0.195000
v 0.105000 -0.019000 0.195000
v 0.107000 -0.019000 -0.000000
v 0.105000 -0.019000 -0.000000
v 0.105000 -0.019000 0.195000
v 0.107000 -0.019000 0.195000
v 0.107000 -0.023250 -0.000000
v 0.107000 -0.019000 -0.000000
v 0.107000 -0.019000 0.195000
v 0.107000 -0.023250 0.195000
v 0.110336 -0.023250 -0.000000
v 0.107000 -0.023250 -0.000000
v 0.107000 -0.023250 0.195000
v 0.110336 -0.023250 0.195000
v 0.114000 -0.019586 -0.000000
v 0.110336 -0.023250 -0.000000
v 0.110336 -0.023250 0.195000
v 0.114000 -0.019586 0.195000
v 0.114000 -0.010414 -0.000000
v 0.114000 -0.019586 -0.000000
v 0.114000 -0.019586 0.195000
v 0.114000 -0.010414 0.195000
v 0.110336 -0.006750 -0.000000
v 0.114000 -0.010414 -0.000000
v 0.114000 -0.010414 0.195000
v 0.110336 -0.006750 0.195000
v 0.107000 -0.006750 -0.000000
v 0.110336 -0.006750 -0.000000
v 0.110336 -0.006750 0.195000
v 0.107000 -0.006750 0.195000
v 0.107000 -0.011000 -0.000000
v 0.107000 -0.006750 -0.000000
v 0.107000 -0.006750 0.195000
v 0.107000 -0.011000 0.195000
v 0.105000 -0.011000 -0.000000
v 0.107000 -0.011000 -0.000000
v 0.107000 -0.011000 0.195000
v 0.105000 -0.011000 0.195000
v 0.105000 0.011000 -0.000000
v 0.105000 -0.011000 -0.000000
v 0.105000 -0.011000 0.195000
v 0.105000 0.011000 0.195000
v 0.107000 0.011000 -0.000000
v 0.105000 0.011000 -0.000000
v 0.105000 0.011000 0.195000
v 0.107000 0.011000 0.195000
v 0.107000 0.006750 -0.000000
v 0.107000 0.011000 -0.000000
v 0.107000 0.011000 0.195000
v 0.107000 0.006750 0.195000
v 0.110336 0.006750 -0.000000
v 0.107000 0.006750 -0.000000
v 0.107000 0.006750 0.195000
v 0.110336 0.006750 0.195000
v 0.114000 0.010414 -0.000000
v 0.110336 0.006750 -0.000000
v 0.110336 0.006750 0.195000
v 0.114000 0.010414 0.195000
v 0.114000 0.019586 -0.000000
v 0.114000 0.010414 -0.000000
v 0.114000 0.010414 0.195000
v 0.114000 0.019586 0.195000
v 0.110336 0.023250 -0.000000
v 0.114000 0.019586 -0.000000
v 0.114000 0.019586 0.195000
v 0.110336 0.023250 0.195000
v 0.123400 0.015000 0.195000
v 0.121700 0.017944 0.195000
v 0.118300 0.017944 0.195000
v 0.116600 0.015000 0.195000
v 0.118300 0.012056 0.195000
v 0.121700 0.012056 0.195000
v 0.123400 0.015000 -0.000000
v 0.121700 0.012056 -0.000000
v 0.118300 0.012056 -0.000000
v 0.116600 0.015000 -0.000000
v 0.118300 0.017944 -0.000000
v 0.121700 0.017944 -0.000000
v 0.123400 0.015000 -0.000000
v 0.123400 0.015000 0.195000
v 0.153400 0.015000 0.195000
v 0.151700 0.017944 0.195000
v 0.148300 0.017944 0.195000
v 0.146600 0.015000 0.195000
v 0.148300 0.012056 0.195000
v 0.151700 0.012056 0.195000
v 0.146600 0.015000 -0.000000
v 0.148300 0.017944 -0.000000
v 0.151700 0.017944 -0.000000
v 0.153400 0.015000 -0.000000
v 0.151700 0.012056 -0.000000
v 0.148300 0.012056 -0.000000
v 0.146600 0.015000 -0.000000
v 0.146600 0.015000 0.195000
v 0.153400 -0.015000 0.195000
v 0.151700 -0.012056 0.195000
v 0.148300 -0.012056 0.195000
v 0.146600 -0.015000 0.195000
v 0.148300 -0.017944 0.195000
v 0.151700 -0.017944 0.195000
v 0.146600 -0.015000 -0.000000
v 0.148300 -0.012056 -0.000000
v 0.151700 -0.012056 -0.000000
v 0.153400 -0.015000 -0.000000
v 0.151700 -0.017944 -0.000000
v 0.148300 -0.017944 -0.000000
v 0.146600 -0.015000 -0.000000
v 0.146600 -0.015000 0.195000
v 0.123400 -0.015000 0.195000
v 0.121700 -0.012056 0.195000
v 0.118300 -0.012056 0.195000
v 0.116600 -0.015000 0.195000
v 0.118300 -0.017944 0.195000
v 0.121700 -0.017944 0.195000
v 0.116600 -0.015000 -0.000000
v 0.118300 -0.012056 -0.000000
v 0.121700 -0.012056 -0.000000
v 0.123400 -0.015000 -0.000000
v 0.121700 -0.017944 -0.000000
v 0.118300 -0.017944 -0.000000
v 0.116600 -0.015000 -0.000000
v 0.116600 -0.015000 0.195000
v 0.149222 0.008707 -0.000000
v 0.154707 0.003222 -0.000000
v 0.154707 0.003222 0.195000
v 0.149222 0.008707 0.195000
v 0.148515 0.009000 -0.000000
v 0.148774 0.008966 -0.000000
v 0.149015 0.008866 -0.000000
v 0.149222 0.008707 -0.000000
v 0.149222 0.008707 0.195000
v 0.149015 0.008866 0.195000
v 0.148774 0.008966 0.195000
v 0.148515 0.009000 0.195000
v 0.147000 0.009000 -0.000000
v 0.148515 0.009000 -0.000000
v 0.148515 0.009000 0.195000
v 0.147000 0.009000 0.195000
v 0.144000 0.012000 -0.000000
v 0.144402 0.010500 -0.000000
v 0.145500 0.009402 -0.000000
v 0.147000 0.009000 -0.000000
v 0.147000 0.009000 0.195000
v 0.145500 0.009402 0.195000
v 0.144402 0.010500 0.195000
v 0.144000 0.012000 0.195000
v 0.144000 0.013515 -0.000000
v 0.144000 0.012000 -0.000000
v 0.144000 0.012000 0.195000
v 0.144000 0.013515 0.195000
v 0.143707 0.014222 -0.000000
v 0.143866 0.014015 -0.000000
v 0.143966 0.013774 -0.000000
v 0.144000 0.013515 -0.000000
v 0.144000 0.013515 0.195000
v 0.143966 0.013774 0.195000
v 0.143866 0.014015 0.195000
v 0.143707 0.014222 0.195000
v 0.138222 0.019707 -0.000000
v 0.143707 0.014222 -0.000000
v 0.143707 0.014222 0.195000
v 0.138222 0.019707 0.195000
v 0.137515 0.020000 -0.000000
v 0.137774 0.019966 -0.000000
v 0.138015 0.019866 -0.000000
v 0.138222 0.019707 -0.000000
v 0.138222 0.019707 0.195000
v 0.138015 0.019866 0.195000
v 0.137774 0.019966 0.195000
v 0.137515 0.020000 0.195000
v 0.132485 0.020000 -0.000000
v 0.137515 0.020000 -0.000000
v 0.137515 0.020000 0.195000
v 0.132485 0.020000 0.195000
v 0.131778 0.019707 -0.000000
v 0.131985 0.019866 -0.000000
v 0.132226 0.019966 -0.000000
v 0.132485 0.020000 -0.000000
v 0.132485 0.020000 0.195000
v 0.132226 0.019966 0.195000
v 0.131985 0.019866 0.195000
v 0.131778 0.019707 0.195000
v 0.126293 0.014222 -0.000000
v 0.131778 0.019707 -0.000000
v 0.131778 0.019707 0.195000
v 0.126293 0.014222 0.195000
v 0.126000 0.013515 -0.000000
v 0.126034 0.013774 -0.000000
v 0.126134 0.014015 -0.000000
v 0.126293 0.014222 -0.000000
v 0.126293 0.014222 0.195000
v 0.126134 0.014015 0.195000
v 0.126034 0.013774 0.195000
v 0.126000 0.013515 0.195000
v 0.126000 0.012000 -0.000000
v 0.126000 0.013515 -0.000000
v 0.126000 0.013515 0.195000
v 0.126000 0.012000 0.195000
v 0.123000 0.009000 -0.000000
v 0.124500 0.009402 -0.000000
v 0.125598 0.010500 -0.000000
v 0.126000 0.012000 -0.000000
v 0.126000 0.012000 0.195000
v 0.125598 0.010500 0.195000
v 0.124500 0.009402 0.195000
v 0.123000 0.009000 0.195000
v 0.121485 0.009000 -0.000000
v 0.123000 0.009000 -0.000000
v 0.123000 0.009000 0.195000
v 0.121485 0.009000 0.195000
v 0.120778 0.008707 -0.000000
v 0.120985 0.008866 -0.000000
v 0.121226 0.008966 -0.000000
v 0.121485 0.009000 -0.000000
v 0.121485 0.009000 0.195000
v 0.121226 0.008966 0.195000
v 0.120985 0.008866 0.195000
v 0.120778 0.008707 0.195000
v 0.115293 0.003222 -0.000000
v 0.120778 0.008707 -0.000000
v 0.120778 0.008707 0.195000
v 0.115293 0.003222 0.195000
v 0.115000 0.002515 -0.000000
v 0.115034 0.002774 -0.000000
v 0.115134 0.003015 -0.000000
v 0.115293 0.003222 -0.000000
v 0.115293 0.003222 0.195000
v 0.115134 0.003015 0.195000
v 0.115034 0.002774 0.195000
v 0.115000 0.002515 0.195000
v 0.115000 -0.002515 -0.000000
v 0.115000 0.002515 -0.000000
v 0.115000 0.002515 0.195000
v 0.115000 -0.002515 0.195000
v 0.163000 -0.270000 0.195000
v 0.154000 -0.270000 0.195000
v 0.154000 -0.272000 0.195000
v 0.158250 -0.272000 0.195000
v 0.158250 -0.275336 0.195000
v 0.154586 -0.279000 0.195000
v 0.145414 -0.279000 0.195000
v 0.141750 -0.275336 0.195000
v 0.141750 -0.272000 0.195000
v 0.146000 -0.272000 0.195000
v 0.146000 -0.270000 0.195000
v 0.124000 -0.270000 0.195000
v 0.124000 -0.272000 0.195000
v 0.128250 -0.272000 0.195000
v 0.128250 -0.275336 0.195000
v 0.124586 -0.279000 0.195000
v 0.115414 -0.279000 0.195000
v 0.111750 -0.275336 0.195000
v 0.111750 -0.272000 0.195000
v 0.116000 -0.272000 0.195000
v 0.116000 -0.270000 0.195000
v 0.107000 -0.270000 0.195000
v 0.106000 -0.270268 0.195000
v 0.105268 -0.271000 0.195000
v 0.105000 -0.272000 0.195000
v 0.105000 -0.281000 0.195000
v 0.107000 -0.281000 0.195000
v 0.107000 -0.276750 0.195000
v 0.110336 -0.276750 0.195000
v 0.114000 -0.280414 0.195000
v 0.114000 -0.289586 0.195000
v 0.110336 -0.293250 0.195000
v 0.107000 -0.293250 0.195000
v 0.107000 -0.289000 0.195000
v 0.105000 -0.289000 0.195000
v 0.105000 -0.311000 0.195000
v 0.107000 -0.311000 0.195000
v 0.107000 -0.306750 0.195000
v 0.110336 -0.306750 0.195000
v 0.114000 -0.310414 0.195000
v 0.114000 -0.319586 0.195000
v 0.110336 -0.323250 0.195000
v 0.107000 -0.323250 0.195000
v 0.107000 -0.319000 0.195000
v 0.105000 -0.319000 0.195000
v 0.105000 -0.328000 0.195000
v 0.105268 -0.329000 0.195000
v 0.106000 -0.329732 0.195000
v 0.107000 -0.330000 0.195000
v 0.116000 -0.330000 0.195000
v 0.116000 -0.328000 0.195000
v 0.111750 -0.328000 0.195000
v 0.111750 -0.324664 0.195000
v 0.115414 -0.321000 0.195000
v 0.124586 -0.321000 0.195000
v 0.128250 -0.324664 0.195000
v 0.128250 -0.328000 0.195000
v 0.124000 -0.328000 0.195000
v 0.124000 -0.330000 0.195000
v 0.146000 -0.330000 0.195000
v 0.146000 -0.328000 0.195000
v 0.141750 -0.328000 0.195000
v 0.141750 -0.324664 0.195000
v 0.145414 -0.321000 0.195000
v 0.154586 -0.321000 0.195000
v 0.158250 -0.324664 0.195000
v 0.158250 -0.328000 0.195000
v 0.154000 -0.328000 0.195000
v 0.154000 -0.330000 0.195000
v 0.163000 -0.330000 0.195000
v 0.164000 -0.329732 0.195000
v 0.164732 -0.329000 0.195000
v 0.165000 -0.328000 0.195000
v 0.165000 -0.319000 0.195000
v 0.163000 -0.319000 0.195000
v 0.163000 -0.323250 0.195000
v 0.159664 -0.323250 0.195000
v 0.156000 -0.319586 0.195000
v 0.156000 -0.310414 0.195000
v 0.159664 -0.306750 0.195000
v 0.163000 -0.306750 0.195000
v 0.163000 -0.311000 0.195000
v 0.165000 -0.311000 0.195000
v 0.165000 -0.289000 0.195000
v 0.163000 -0.289000 0.195000
v 0.163000 -0.293250 0.195000
v 0.159664 -0.293250 0.195000
v 0.156000 -0.289586 0.195000
v 0.156000 -0.280414 0.195000
v 0.159664 -0.276750 0.195000
v 0.163000 -0.276750 0.195000
v 0.163000 -0.281000 0.195000
v 0.165000 -0.281000 0.195000
v 0.165000 -0.272000 0.195000
v 0.164732 -0.271000 0.195000
v 0.164000 -0.270268 0.195000
v 0.150000 -0.288400 0.195000
v 0.147056 -0.286700 0.195000
v 0.147056 -0.283300 0.195000
v 0.150000 -0.281600 0.195000
v 0.152944 -0.283300 0.195000
v 0.152944 -0.286700 0.195000
v 0.120000 -0.288400 0.195000
v 0.117056 -0.286700 0.195000
v 0.117056 -0.283300 0.195000
v 0.120000 -0.281600 0.195000
v 0.122944 -0.283300 0.195000
v 0.122944 -0.286700 0.195000
v 0.150000 -0.318400 0.195000
v 0.147056 -0.316700 0.195000
v 0.147056 -0.313300 0.195000
v 0.150000 -0.311600 0.195000
v 0.152944 -0.313300 0.195000
v 0.152944 -0.316700 0.195000
v 0.120000 -0.318400 0.195000
v 0.117056 -0.316700 0.195000
v 0.117056 -0.313300 0.195000
v 0.120000 -0.311600 0.195000
v 0.122944 -0.313300 0.195000
v 0.122944 -0.316700 0.195000
v 0.144000 -0.288000 0.195000
v 0.144402 -0.289500 0.195000
v 0.145500 -0.290598 0.195000
v 0.147000 -0.291000 0.195000
v 0.148515 -0.291000 0.195000
v 0.148774 -0.291034 0.195000
v 0.149015 -0.291134 0.195000
v 0.149222 -0.291293 0.195000
v 0.154707 -0.296778 0.195000
v 0.154866 -0.296985 0.195000
v 0.154966 -0.297226 0.195000
v 0.155000 -0.297485 0.195000
v 0.155000 -0.302515 0.195000
v 0.154966 -0.302774 0.195000
v 0.154866 -0.303015 0.195000
v 0.154707 -0.303222 0.195000
v 0.149222 -0.308707 0.195000
v 0.149015 -0.308866 0.195000
v 0.148774 -0.308966 0.195000
v 0.148515 -0.309000 0.195000
v 0.147000 -0.309000 0.195000
v 0.145500 -0.309402 0.195000
v 0.144402 -0.310500 0.195000
v 0.144000 -0.312000 0.195000
v 0.144000 -0.313515 0.195000
v 0.143966 -0.313774 0.195000
v 0.143866 -0.314015 0.195000
v 0.143707 -0.314222 0.195000
v 0.138222 -0.319707 0.195000
v 0.138015 -0.319866 0.195000
v 0.137774 -0.319966 0.195000
v 0.137515 -0.320000 0.195000
v 0.132485 -0.320000 0.195000
v 0.132226 -0.319966 0.195000
v 0.131985 -0.319866 0.195000
v 0.131778 -0.319707 0.195000
v 0.126293 -0.314222 0.195000
v 0.126134 -0.314015 0.195000
v 0.126034 -0.313774 0.195000
v 0.126000 -0.313515 0.195000
v 0.126000 -0.312000 0.195000
v 0.125598 -0.310500 0.195000
v 0.124500 -0.309402 0.195000
v 0.123000 -0.309000 0.195000
v 0.121485 -0.309000 0.195000
v 0.121226 -0.308966 0.195000
v 0.120985 -0.308866 0.195000
v 0.120778 -0.308707 0.195000
v 0.115293 -0.303222 0.195000
v 0.115134 -0.303015 0.195000
v 0.115034 -0.302774 0.195000
v 0.115000 -0.302515 0.195000
v 0.115000 -0.297485 0.195000
v 0.115034 -0.297226 0.195000
v 0.115134 -0.296985 0.195000
v 0.115293 -0.296778 0.195000
v 0.120778 -0.291293 0.195000
v 0.120985 -0.291134 0.195000
v 0.121226 -0.291034 0.195000
v 0.121485 -0.291000 0.195000
v 0.123000 -0.291000 0.195000
v 0.124500 -0.290598 0.195000
v 0.125598 -0.289500 0.195000
v 0.126000 -0.288000 0.195000
v 0.126000 -0.286485 0.195000
v 0.126034 -0.286226 0.195000
v 0.126134 -0.285985 0.195000
v 0.126293 -0.285778 0.195000
v 0.131778 -0.280293 0.195000
v 0.131985 -0.280134 0.195000
v 0.132226 -0.280034 0.195000
v 0.132485 -0.280000 0.195000
v 0.137515 -0.280000 0.195000
v 0.137774 -0.280034 0.195000
v 0.138015 -0.280134 0.195000
v 0.138222 -0.280293 0.195000
v 0.143707 -0.285778 0.195000
v 0.143866 -0.285985 0.195000
v 0.143966 -0.286226 0.195000
v 0.144000 -0.286485 0.195000
v 0.132485 -0.280000 -0.000000
v 0.132226 -0.280034 -0.000000
v 0.131985 -0.280134 -0.000000
v 0.131778 -0.280293 -0.000000
v 0.126293 -0.285778 -0.000000
v 0.126134 -0.285985 -0.000000
v 0.126034 -0.286226 -0.000000
v 0.126000 -0.286485 -0.000000
v 0.126000 -0.288000 -0.000000
v 0.125598 -0.289500 -0.000000
v 0.124500 -0.290598 -0.000000
v 0.123000 -0.291000 -0.000000
v 0.121485 -0.291000 -0.000000
v 0.121226 -0.291034 -0.000000
v 0.120985 -0.291134 -0.000000
v 0.120778 -0.291293 -0.000000
v 0.115293 -0.296778 -0.000000
v 0.115134 -0.296985 -0.000000
v 0.115034 -0.297226 -0.000000
v 0.115000 -0.297485 -0.000000
v 0.115000 -0.302515 -0.000000
v 0.115034 -0.302774 -0.000000
v 0.115134 -0.303015 -0.000000
v 0.115293 -0.303222 -0.000000
v 0.120778 -0.308707 -0.000000
v 0.120985 -0.308866 -0.000000
v 0.121226 -0.308966 -0.000000
v 0.121485 -0.309000 -0.000000
v 0.123000 -0.309000 -0.000000
v 0.124500 -0.309402 -0.000000
v 0.125598 -0.310500 -0.000000
v 0.126000 -0.312000 -0.000000
v 0.126000 -0.313515 -0.000000
v 0.126034 -0.313774 -0.000000
v 0.126134 -0.314015 -0.000000
v 0.126293 -0.314222 -0.000000
v 0.131778 -0.319707 -0.000000
v 0.131985 -0.319866 -0.000000
v 0.132226 -0.319966 -0.000000
v 0.132485 -0.320000 -0.000000
v 0.137515 -0.320000 -0.000000
v 0.137774 -0.319966 -0.000000
v 0.138015 -0.319866 -0.000000
v 0.138222 -0.319707 -0.000000
v 0.143707 -0.314222 -0.000000
v 0.143866 -0.314015 -0.000000
v 0.143966 -0.313774 -0.000000
v 0.144000 -0.313515 -0.000000
v 0.144000 -0.312000 -0.000000
v 0.144402 -0.310500 -0.000000
v 0.145500 -0.309402 -0.000000
v 0.147000 -0.309000 -0.000000
v 0.148515 -0.309000 -0.000000
v 0.148774 -0.308966 -0.000000
v 0.149015 -0.308866 -0.000000
v 0.149222 -0.308707 -0.000000
v 0.154707 -0.303222 0.000000
v 0.154866 -0.303015 0.000000
v 0.154966 -0.302774 0.000000
v 0.155000 -0.302515 0.000000
v 0.155000 -0.297485 0.000000
v 0.154966 -0.297226 0.000000
v 0.154866 -0.296985 0.000000
v 0.154707 -0.296778 0.000000
v 0.149222 -0.291293 -0.000000
v 0.149015 -0.291134 -0.000000
v 0.148774 -0.291034 -0.000000
v 0.148515 -0.291000 -0.000000
v 0.147000 -0.291000 -0.000000
v 0.145500 -0.290598 -0.000000
v 0.144402 -0.289500 -0.000000
v 0.144000 -0.288000 -0.000000
v 0.144000 -0.286485 -0.000000
v 0.143966 -0.286226 -0.000000
v 0.143866 -0.285985 -0.000000
v 0.143707 -0.285778 -0.000000
v 0.138222 -0.280293 -0.000000
v 0.138015 -0.280134 -0.000000
v 0.137774 -0.280034 -0.000000
v 0.137515 -0.280000 -0.000000
v 0.154000 -0.272000 0.000000
v 0.154000 -0.270000 0.000000
v 0.163000 -0.270000 0.000000
v 0.164000 -0.270268 0.000000
v 0.164732 -0.271000 0.000000
v 0.165000 -0.272000 0.000000
v 0.165000 -0.281000 0.000000
v 0.163000 -0.281000 0.000000
v 0.163000 -0.276750 0.000000
v 0.159664 -0.276750 0.000000
v 0.156000 -0.280414 0.000000
v 0.156000 -0.289586 0.000000
v 0.159664 -0.293250 0.000000
v 0.163000 -0.293250 0.000000
v 0.163000 -0.289000 0.000000
v 0.165000 -0.289000 0.000000
v 0.165000 -0.311000 0.000000
v 0.163000 -0.311000 0.000000
v 0.163000 -0.306750 0.000000
v 0.159664 -0.306750 0.000000
v 0.156000 -0.310414 0.000000
v 0.156000 -0.319586 0.000000
v 0.159664 -0.323250 0.000000
v 0.163000 -0.323250 0.000000
v 0.163000 -0.319000 0.000000
v 0.165000 -0.319000 0.000000
v 0.165000 -0.328000 0.000000
v 0.164732 -0.329000 0.000000
v 0.164000 -0.329732 0.000000
v 0.163000 -0.330000 0.000000
v 0.154000 -0.330000 -0.000000
v 0.154000 -0.328000 -0.000000
v 0.158250 -0.328000 0.000000
v 0.158250 -0.324664 0.000000
v 0.154586 -0.321000 0.000000
v 0.145414 -0.321000 -0.000000
v 0.141750 -0.324664 -0.000000
v 0.141750 -0.328000 -0.000000
v 0.146000 -0.328000 -0.000000
v 0.146000 -0.330000 -0.000000
v 0.124000 -0.330000 -0.000000
v 0.124000 -0.328000 -0.000000
v 0.128250 -0.328000 -0.000000
v 0.128250 -0.324664 -0.000000
v 0.124586 -0.321000 -0.000000
v 0.115414 -0.321000 -0.000000
v 0.111750 -0.324664 -0.000000
v 0.111750 -0.328000 -0.000000
v 0.116000 -0.328000 -0.000000
v 0.116000 -0.330000 -0.000000
v 0.107000 -0.330000 -0.000000
v 0.106000 -0.329732 -0.000000
v 0.105268 -0.329000 -0.000000
v 0.105000 -0.328000 -0.000000
v 0.105000 -0.319000 -0.000000
v 0.107000 -0.319000 -0.000000
v 0.107000 -0.323250 -0.000000
v 0.110336 -0.323250 -0.000000
v 0.114000 -0.319586 -0.000000
v 0.114000 -0.310414 -0.000000
v 0.110336 -0.306750 -0.000000
v 0.107000 -0.306750 -0.000000
v 0.107000 -0.311000 -0.000000
v 0.105000 -0.311000 -0.000000
v 0.105000 -0.289000 -0.000000
v 0.107000 -0.289000 -0.000000
v 0.107000 -0.293250 -0.000000
v 0.110336 -0.293250 -0.000000
v 0.114000 -0.289586 -0.000000
v 0.114000 -0.280414 -0.000000
v 0.110336 -0.276750 -0.000000
v 0.107000 -0.276750 -0.000000
v 0.107000 -0.281000 -0.000000
v 0.105000 -0.281000 -0.000000
v 0.105000 -0.272000 -0.000000
v 0.105268 -0.271000 -0.000000
v 0.106000 -0.270268 -0.000000
v 0.107000 -0.270000 -0.000000
v 0.116000 -0.270000 -0.000000
v 0.116000 -0.272000 -0.000000
v 0.111750 -0.272000 -0.000000
v 0.111750 -0.275336 -0.000000
v 0.115414 -0.279000 -0.000000
v 0.124586 -0.279000 -0.000000
v 0.128250 -0.275336 -0.000000
v 0.128250 -0.272000 -0.000000
v 0.124000 -0.272000 -0.000000
v 0.124000 -0.270000 -0.000000
v 0.146000 -0.270000 -0.000000
v 0.146000 -0.272000 -0.000000
v 0.141750 -0.272000 -0.000000
v 0.141750 -0.275336 -0.000000
v 0.145414 -0.279000 -0.000000
v 0.154586 -0.279000 0.000000
v 0.158250 -0.275336 0.000000
v 0.158250 -0.272000 0.000000
v 0.150000 -0.288400 -0.000000
v 0.152944 -0.286700 -0.000000
v 0.152944 -0.283300 -0.000000
v 0.150000 -0.281600 -0.000000
v 0.147056 -0.283300 -0.000000
v 0.147056 -0.286700 -0.000000
v 0.150000 -0.311600 -0.000000
v 0.147056 -0.313300 -0.000000
v 0.147056 -0.316700 -0.000000
v 0.150000 -0.318400 -0.000000
v 0.152944 -0.316700 -0.000000
v 0.152944 -0.313300 -0.000000
v 0.120000 -0.311600 -0.000000
v 0.117056 -0.313300 -0.000000
v 0.117056 -0.316700 -0.000000
v 0.120000 -0.318400 -0.000000
v 0.122944 -0.316700 -0.000000
v 0.122944 -0.313300 -0.000000
v 0.120000 -0.281600 -0.000000
v 0.117056 -0.283300 -0.000000
v 0.117056 -0.286700 -0.000000
v 0.120000 -0.288400 -0.000000
v 0.122944 -0.286700 -0.000000
v 0.122944 -0.283300 -0.000000
v 0.138222 -0.319707 -0.000000
v 0.138015 -0.319866 -0.000000
v 0.137774 -0.319966 -0.000000
v 0.137515 -0.320000 -0.000000
v 0.137515 -0.320000 0.195000
v 0.137774 -0.319966 0.195000
v 0.138015 -0.319866 0.195000
v 0.138222 -0.319707 0.195000
v 0.137515 -0.320000 -0.000000
v 0.132485 -0.320000 -0.000000
v 0.132485 -0.320000 0.195000
v 0.137515 -0.320000 0.195000
v 0.132485 -0.320000 -0.000000
v 0.132226 -0.319966 -0.000000
v 0.131985 -0.319866 -0.000000
v 0.131778 -0.319707 -0.000000
v 0.131778 -0.319707 0.195000
v 0.131985 -0.319866 0.195000
v 0.132226 -0.319966 0.195000
v 0.132485 -0.320000 0.195000
v 0.131778 -0.319707 -0.000000
v 0.126293 -0.314222 -0.000000
v 0.126293 -0.314222 0.195000
v 0.131778 -0.319707 0.195000
v 0.126293 -0.314222 -0.000000
v 0.126134 -0.314015 -0.000000
v 0.126034 -0.313774 -0.000000
v 0.126000 -0.313515 -0.000000
v 0.126000 -0.313515 0.195000
v 0.126034 -0.313774 0.195000
v 0.126134 -0.314015 0.195000
v 0.126293 -0.314222 0.195000
v 0.126000 -0.313515 -0.000000
v 0.126000 -0.312000 -0.000000
v 0.126000 -0.312000 0.195000
v 0.126000 -0.313515 0.195000
v 0.126000 -0.312000 -0.000000
v 0.125598 -0.310500 -0.000000
v 0.124500 -0.309402 -0.000000
v 0.123000 -0.309000 -0.000000
v 0.123000 -0.309000 0.195000
v 0.124500 -0.309402 0.195000
v 0.125598 -0.310500 0.195000
v 0.126000 -0.312000 0.195000
v 0.123000 -0.309000 -0.000000
v 0.121485 -0.309000 -0.000000
v 0.121485 -0.309000 0.195000
v 0.123000 -0.309000 0.195000
v 0.121485 -0.309000 -0.000000
v 0.121226 -0.308966 -0.000000
v 0.120985 -0.308866 -0.000000
v 0.120778 -0.308707 -0.000000
v 0.120778 -0.308707 0.195000
v 0.120985 -0.308866 0.195000
v 0.121226 -0.308966 0.195000
v 0.121485 -0.309000 0.195000
v 0.120778 -0.308707 -0.000000
v 0.115293 -0.303222 -0.000000
v 0.115293 -0.303222 0.195000
v 0.120778 -0.308707 0.195000
v 0.115293 -0.303222 -0.000000
v 0.115134 -0.303015 -0.000000
v 0.115034 -0.302774 -0.000000
v 0.115000 -0.302515 -0.000000
v 0.115000 -0.302515 0.195000
v 0.115034 -0.302774 0.195000
v 0.115134 -0.303015 0.195000
v 0.115293 -0.303222 0.195000
v 0.115000 -0.302515 -0.000000
v 0.115000 -0.297485 -0.000000
v 0.115000 -0.297485 0.195000
v 0.115000 -0.302515 0.195000
v 0.115000 -0.297485 -0.000000
v 0.115034 -0.297226 -0.000000
v 0.115134 -0.296985 -0.000000
v 0.115293 -0.296778 -0.000000
v 0.115293 -0.296778 0.195000
v 0.115134 -0.296985 0.195000
v 0.115034 -0.297226 0.195000
v 0.115000 -0.297485 0.195000
v 0.115293 -0.296778 -0.000000
v 0.120778 -0.291293 -0.000000
v 0.120778 -0.291293 0.195000
v 0.115293 -0.296778 0.195000
v 0.120778 -0.291293 -0.000000
v 0.120985 -0.291134 -0.000000
v 0.121226 -0.291034 -0.000000
v 0.121485 -0.291000 -0.000000
v 0.121485 -0.291000 0.195000
v 0.121226 -0.291034 0.195000
v 0.120985 -0.291134 0.195000
v 0.120778 -0.291293 0.195000
v 0.121485 -0.291000 -0.000000
v 0.123000 -0.291000 -0.000000
v 0.123000 -0.291000 0.195000
v 0.121485 -0.291000 0.195000
v 0.123000 -0.291000 -0.000000
v 0.124500 -0.290598 -0.000000
v 0.125598 -0.289500 -0.000000
v 0.126000 -0.288000 -0.000000
v 0.126000 -0.288000 0.195000
v 0.125598 -0.289500 0.195000
v 0.124500 -0.290598 0.195000
v 0.123000 -0.291000 0.195000
v 0.126000 -0.288000 -0.000000
v 0.126000 -0.286485 -0.000000
v 0.126000 -0.286485 0.195000
v 0.126000 -0.288000 0.195000
v 0.126000 -0.286485 -0.000000
v 0.126034 -0.286226 -0.000000
v 0.126134 -0.285985 -0.000000
v 0.126293 -0.285778 -0.000000
v 0.126293 -0.285778 0.195000
v 0.126134 -0.285985 0.195000
v 0.126034 -0.286226 0.195000
v 0.126000 -0.286485 0.195000
v 0.126293 -0.285778 -0.000000
v 0.131778 -0.280293 -0.000000
v 0.131778 -0.280293 0.195000
v 0.126293 -0.285778 0.195000
v 0.116000 -0.330000 -0.000000
v 0.116000 -0.328000 -0.000000
v 0.116000 -0.328000 0.195000
v 0.116000 -0.330000 0.195000
v 0.116000 -0.328000 -0.000000
v 0.111750 -0.328000 -0.000000
v 0.111750 -0.328000 0.195000
v 0.116000 -0.328000 0.195000
v 0.111750 -0.328000 -0.000000
v 0.111750 -0.324664 -0.000000
v 0.111750 -0.324664 0.195000
v 0.111750 -0.328000 0.195000
v 0.111750 -0.324664 -0.000000
v 0.115414 -0.321000 -0.000000
v 0.115414 -0.321000 0.195000
v 0.111750 -0.324664 0.195000
v 0.115414 -0.321000 -0.000000
v 0.124586 -0.321000 -0.000000
v 0.124586 -0.321000 0.195000
v 0.115414 -0.321000 0.195000
v 0.124586 -0.321000 -0.000000
v 0.128250 -0.324664 -0.000000
v 0.128250 -0.324664 0.195000
v 0.124586 -0.321000 0.195000
v 0.128250 -0.324664 -0.000000
v 0.128250 -0.328000 -0.000000
v 0.128250 -0.328000 0.195000
v 0.128250 -0.324664 0.195000
v 0.128250 -0.328000 -0.000000
v 0.124000 -0.328000 -0.000000
v 0.124000 -0.328000 0.195000
v 0.128250 -0.328000 0.195000
v 0.124000 -0.328000 -0.000000
v 0.124000 -0.330000 -0.000000
v 0.124000 -0.330000 0.195000
v 0.124000 -0.328000 0.195000
v 0.124000 -0.330000 -0.000000
v 0.146000 -0.330000 -0.000000
v 0.146000 -0.330000 0.195000
v 0.124000 -0.330000 0.195000
v 0.146000 -0.330000 -0.000000
v 0.146000 -0.328000 -0.000000
v 0.146000 -0.328000 0.195000
v 0.146000 -0.330000 0.195000
v 0.146000 -0.328000 -0.000000
v 0.141750 -0.328000 -0.000000
v 0.141750 -0.328000 0.195000
v 0.146000 -0.328000 0.195000
v 0.141750 -0.328000 -0.000000
v 0.141750 -0.324664 -0.000000
v 0.141750 -0.324664 0.195000
v 0.141750 -0.328000 0.195000
v 0.141750 -0.324664 -0.000000
v 0.145414 -0.321000 -0.000000
v 0.145414 -0.321000 0.195000
v 0.141750 -0.324664 0.195000
v 0.145414 -0.321000 -0.000000
v 0.154586 -0.321000 0.000000
v 0.154586 -0.321000 0.195000
v 0.145414 -0.321000 0.195000
v 0.154586 -0.321000 0.000000
v 0.158250 -0.324664 0.000000
v 0.158250 -0.324664 0.195000
v 0.154586 -0.321000 0.195000
v 0.158250 -0.324664 0.000000
v 0.158250 -0.328000 0.000000
v 0.158250 -0.328000 0.195000
v 0.158250 -0.324664 0.195000
v 0.158250 -0.328000 0.000000
v 0.154000 -0.328000 -0.000000
v 0.154000 -0.328000 0.195000
v 0.158250 -0.328000 0.195000
v 0.154000 -0.328000 -0.000000
v 0.154000 -0.330000 -0.000000
v 0.154000 -0.330000 0.195000
v 0.154000 -0.328000 0.195000
v 0.154000 -0.330000 -0.000000
v 0.163000 -0.330000 0.000000
v 0.163000 -0.330000 0.195000
v 0.154000 -0.330000 0.195000
v 0.163000 -0.330000 0.000000
v 0.164000 -0.329732 0.000000
v 0.164732 -0.329000 0.000000
v 0.165000 -0.328000 0.000000
v 0.165000 -0.328000 0.195000
v 0.164732 -0.329000 0.195000
v 0.164000 -0.329732 0.195000
v 0.163000 -0.330000 0.195000
v 0.165000 -0.328000 0.000000
v 0.165000 -0.319000 0.000000
v 0.165000 -0.319000 0.195000
v 0.165000 -0.328000 0.195000
v 0.165000 -0.319000 0.000000
v 0.163000 -0.319000 0.000000
v 0.163000 -0.319000 0.195000
v 0.165000 -0.319000 0.195000
v 0.163000 -0.319000 0.000000
v 0.163000 -0.323250 0.000000
v 0.163000 -0.323250 0.195000
v 0.163000 -0.319000 0.195000
v 0.163000 -0.323250 0.000000
v 0.159664 -0.323250 0.000000
v 0.159664 -0.323250 0.195000
v 0.163000 -0.323250 0.195000
v 0.159664 -0.323250 0.000000
v 0.156000 -0.319586 0.000000
v 0.156000 -0.319586 0.195000
v 0.159664 -0.323250 0.195000
v 0.156000 -0.319586 0.000000
v 0.156000 -0.310414 0.000000
v 0.156000 -0.310414 0.195000
v 0.156000 -0.319586 0.195000
v 0.156000 -0.310414 0.000000
v 0.159664 -0.306750 0.000000
v 0.159664 -0.306750 0.195000
v 0.156000 -0.310414 0.195000
v 0.159664 -0.306750 0.000000
v 0.163000 -0.306750 0.000000
v 0.163000 -0.306750 0.195000
v 0.159664 -0.306750 0.195000
v 0.163000 -0.306750 0.000000
v 0.163000 -0.311000 0.000000
v 0.163000 -0.311000 0.195000
v 0.163000 -0.306750 0.195000
v 0.163000 -0.311000 0.000000
v 0.165000 -0.311000 0.000000
v 0.165000 -0.311000 0.195000
v 0.163000 -0.311000 0.195000
v 0.165000 -0.311000 0.000000
v 0.165000 -0.289000 0.000000
v 0.165000 -0.289000 0.195000
v 0.165000 -0.311000 0.195000
v 0.165000 -0.289000 0.000000
v 0.163000 -0.289000 0.000000
v 0.163000 -0.289000 0.195000
v 0.165000 -0.289000 0.195000
v 0.163000 -0.289000 0.000000
v 0.163000 -0.293250 0.000000
v 0.163000 -0.293250 0.195000
v 0.163000 -0.289000 0.195000
v 0.163000 -0.293250 0.000000
v 0.159664 -0.293250 0.000000
v 0.159664 -0.293250 0.195000
v 0.163000 -0.293250 0.195000
v 0.159664 -0.293250 0.000000
v 0.156000 -0.289586 0.000000
v 0.156000 -0.289586 0.195000
v 0.159664 -0.293250 0.195000
v 0.156000 -0.289586 0.000000
v 0.156000 -0.280414 0.000000
v 0.156000 -0.280414 0.195000
v 0.156000 -0.289586 0.195000
v 0.156000 -0.280414 0.000000
v 0.159664 -0.276750 0.000000
v 0.159664 -0.276750 0.195000
v 0.156000 -0.280414 0.195000
v 0.159664 -0.276750 0.000000
v 0.163000 -0.276750 0.000000
v 0.163000 -0.276750 0.195000
v 0.159664 -0.276750 0.195000
v 0.163000 -0.276750 0.000000
v 0.163000 -0.281000 0.000000
v 0.163000 -0.281000 0.195000
v 0.163000 -0.276750 0.195000
v 0.163000 -0.281000 0.000000
v 0.165000 -0.281000 0.000000
v 0.165000 -0.281000 0.195000
v 0.163000 -0.281000 0.195000
v 0.165000 -0.281000 0.000000
v 0.165000 -0.272000 0.000000
v 0.165000 -0.272000 0.195000
v 0.165000 -0.281000 0.195000
v 0.165000 -0.272000 0.000000
v 0.164732 -0.271000 0.000000
v 0.164000 -0.270268 0.000000
v 0.163000 -0.270000 0.000000
v 0.163000 -0.270000 0.195000
v 0.164000 -0.270268 0.195000
v 0.164732 -0.271000 0.195000
v 0.165000 -0.272000 0.195000
v 0.163000 -0.270000 0.000000
v 0.154000 -0.270000 0.000000
v 0.154000 -0.270000 0.195000
v 0.163000 -0.270000 0.195000
v 0.131778 -0.280293 -0.000000
v 0.131985 -0.280134 -0.000000
v 0.132226 -0.280034 -0.000000
v 0.132485 -0.280000 -0.000000
v 0.132485 -0.280000 0.195000
v 0.132226 -0.280034 0.195000
v 0.131985 -0.280134 0.195000
v 0.131778 -0.280293 0.195000
v 0.154000 -0.270000 0.000000
v 0.154000 -0.272000 0.000000
v 0.154000 -0.272000 0.195000
v 0.154000 -0.270000 0.195000
v 0.154000 -0.272000 0.000000
v 0.158250 -0.272000 0.000000
v 0.158250 -0.272000 0.195000
v 0.154000 -0.272000 0.195000
v 0.158250 -0.272000 0.000000
v 0.158250 -0.275336 0.000000
v 0.158250 -0.275336 0.195000
v 0.158250 -0.272000 0.195000
v 0.107000 -0.330000 -0.000000
v 0.116000 -0.330000 -0.000000
v 0.116000 -0.330000 0.195000
v 0.107000 -0.330000 0.195000
v 0.105000 -0.328000 -0.000000
v 0.105268 -0.329000 -0.000000
v 0.106000 -0.329732 -0.000000
v 0.107000 -0.330000 -0.000000
v 0.107000 -0.330000 0.195000
v 0.106000 -0.329732 0.195000
v 0.105268 -0.329000 0.195000
v 0.105000 -0.328000 0.195000
v 0.105000 -0.319000 -0.000000
v 0.105000 -0.328000 -0.000000
v 0.105000 -0.328000 0.195000
v 0.105000 -0.319000 0.195000
v 0.107000 -0.319000 -0.000000
v 0.105000 -0.319000 -0.000000
v 0.105000 -0.319000 0.195000
v 0.107000 -0.319000 0.195000
v 0.107000 -0.323250 -0.000000
v 0.107000 -0.319000 -0.000000
v 0.107000 -0.319000 0.195000
v 0.107000 -0.323250 0.195000
v 0.110336 -0.323250 -0.000000
v 0.107000 -0.323250 -0.000000
v 0.107000 -0.323250 0.195000
v 0.110336 -0.323250 0.195000
v 0.114000 -0.319586 -0.000000
v 0.110336 -0.323250 -0.000000
v 0.110336 -0.323250 0.195000
v 0.114000 -0.319586 0.195000
v 0.114000 -0.310414 -0.000000
v 0.114000 -0.319586 -0.000000
v 0.114000 -0.319586 0.195000
v 0.114000 -0.310414 0.195000
v 0.110336 -0.306750 -0.000000
v 0.114000 -0.310414 -0.000000
v 0.114000 -0.310414 0.195000
v 0.110336 -0.306750 0.195000
v 0.107000 -0.306750 -0.000000
v 0.110336 -0.306750 -0.000000
v 0.110336 -0.306750 0.195000
v 0.107000 -0.306750 0.195000
v 0.107000 -0.311000 -0.000000
v 0.107000 -0.306750 -0.000000
v 0.107000 -0.306750 0.195000
v 0.107000 -0.311000 0.195000
v 0.105000 -0.311000 -0.000000
v 0.107000 -0.311000 -0.000000
v 0.107000 -0.311000 0.195000
v 0.105000 -0.311000 0.195000
v 0.105000 -0.289000 -0.000000
v 0.105000 -0.311000 -0.000000
v 0.105000 -0.311000 0.195000
v 0.105000 -0.289000 0.195000
v 0.107000 -0.289000 -0.000000
v 0.105000 -0.289000 -0.000000
v 0.105000 -0.289000 0.195000
v 0.107000 -0.289000 0.195000
v 0.107000 -0.293250 -0.000000
v 0.107000 -0.289000 -0.000000
v 0.107000 -0.289000 0.195000
v 0.107000 -0.293250 0.195000
v 0.110336 -0.293250 -0.000000
v 0.107000 -0.293250 -0.000000
v 0.107000 -0.293250 0.195000
v 0.110336 -0.293250 0.195000
v 0.114000 -0.289586 -0.000000
v 0.110336 -0.293250 -0.000000
v 0.110336 -0.293250 0.195000
v 0.114000 -0.289586 0.195000
v 0.114000 -0.280414 -0.000000
v 0.114000 -0.289586 -0.000000
v 0.114000 -0.289586 0.195000
v 0.114000 -0.280414 0.195000
v 0.110336 -0.276750 -0.000000
v 0.114000 -0.280414 -0.000000
v 0.114000 -0.280414 0.195000
v 0.110336 -0.276750 0.195000
v 0.107000 -0.276750 -0.000000
v 0.110336 -0.276750 -0.000000
v 0.110336 -0.276750 0.195000
v 0.107000 -0.276750 0.195000
v 0.107000 -0.281000 -0.000000
v 0.107000 -0.276750 -0.000000
v 0.107000 -0.276750 0.195000
v 0.107000 -0.281000 0.195000
v 0.105000 -0.281000 -0.000000
v 0.107000 -0.281000 -0.000000
v 0.107000 -0.281000 0.195000
v 0.105000 -0.281000 0.195000
v 0.105000 -0.272000 -0.000000
v 0.105000 -0.281000 -0.000000
v 0.105000 -0.281000 0.195000
v 0.105000 -0.272000 0.195000
v 0.107000 -0.270000 -0.000000
v 0.106000 -0.270268 -0.000000
v 0.105268 -0.271000 -0.000000
v 0.105000 -0.272000 -0.000000
v 0.105000 -0.272000 0.195000
v 0.105268 -0.271000 0.195000
v 0.106000 -0.270268 0.195000
v 0.107000 -0.270000 0.195000
v 0.116000 -0.270000 -0.000000
v 0.107000 -0.270000 -0.000000
v 0.107000 -0.270000 0.195000
v 0.116000 -0.270000 0.195000
v 0.116000 -0.272000 -0.000000
v 0.116000 -0.270000 -0.000000
v 0.116000 -0.270000 0.195000
v 0.116000 -0.272000 0.195000
v 0.111750 -0.272000 -0.000000
v 0.116000 -0.272000 -0.000000
v 0.116000 -0.272000 0.195000
v 0.111750 -0.272000 0.195000
v 0.111750 -0.275336 -0.000000
v 0.111750 -0.272000 -0.000000
v 0.111750 -0.272000 0.195000
v 0.111750 -0.275336 0.195000
v 0.115414 -0.279000 -0.000000
v 0.111750 -0.275336 -0.000000
v 0.111750 -0.275336 0.195000
v 0.115414 -0.279000 0.195000
v 0.124586 -0.279000 -0.000000
v 0.115414 -0.279000 -0.000000
v 0.115414 -0.279000 0.195000
v 0.124586 -0.279000 0.195000
v 0.128250 -0.275336 -0.000000
v 0.124586 -0.279000 -0.000000
v 0.124586 -0.279000 0.195000
v 0.128250 -0.275336 0.195000
v 0.128250 -0.272000 -0.000000
v 0.128250 -0.275336 -0.000000
v 0.128250 -0.275336 0.195000
v 0.128250 -0.272000 0.195000
v 0.124000 -0.272000 -0.000000
v 0.128250 -0.272000 -0.000000
v 0.128250 -0.272000 0.195000
v 0.124000 -0.272000 0.195000
v 0.124000 -0.270000 -0.000000
v 0.124000 -0.272000 -0.000000
v 0.124000 -0.272000 0.195000
v 0.124000 -0.270000 0.195000
v 0.146000 -0.270000 -0.000000
v 0.124000 -0.270000 -0.000000
v 0.124000 -0.270000 0.195000
v 0.146000 -0.270000 0.195000
v 0.146000 -0.272000 -0.000000
v 0.146000 -0.270000 -0.000000
v 0.146000 -0.270000 0.195000
v 0.146000 -0.272000 0.195000
v 0.141750 -0.272000 -0.000000
v 0.146000 -0.272000 -0.000000
v 0.146000 -0.272000 0.195000
v 0.141750 -0.272000 0.195000
v 0.141750 -0.275336 -0.000000
v 0.141750 -0.272000 -0.000000
v 0.141750 -0.272000 0.195000
v 0.141750 -0.275336 0.195000
v 0.145414 -0.279000 -0.000000
v 0.141750 -0.275336 -0.000000
v 0.141750 -0.275336 0.195000
v 0.145414 -0.279000 0.195000
v 0.154586 -0.279000 0.000000
v 0.145414 -0.279000 -0.000000
v 0.145414 -0.279000 0.195000
v 0.154586 -0.279000 0.195000
v 0.158250 -0.275336 0.000000
v 0.154586 -0.279000 0.000000
v 0.154586 -0.279000 0.195000
v 0.158250 -0.275336 0.195000
v 0.150000 -0.288400 0.195000
v 0.152944 -0.286700 0.195000
v 0.152944 -0.283300 0.195000
v 0.150000 -0.281600 0.195000
v 0.147056 -0.283300 0.195000
v 0.147056 -0.286700 0.195000
v 0.150000 -0.288400 -0.000000
v 0.147056 -0.286700 -0.000000
v 0.147056 -0.283300 -0.000000
v 0.150000 -0.281600 -0.000000
v 0.152944 -0.283300 -0.000000
v 0.152944 -0.286700 -0.000000
v 0.150000 -0.288400 -0.000000
v 0.150000 -0.288400 0.195000
v 0.150000 -0.318400 0.195000
v 0.152944 -0.316700 0.195000
v 0.152944 -0.313300 0.195000
v 0.150000 -0.311600 0.195000
v 0.147056 -0.313300 0.195000
v 0.147056 -0.316700 0.195000
v 0.150000 -0.311600 -0.000000
v 0.152944 -0.313300 -0.000000
v 0.152944 -0.316700 -0.000000
v 0.150000 -0.318400 -0.000000
v 0.147056 -0.316700 -0.000000
v 0.147056 -0.313300 -0.000000
v 0.150000 -0.311600 -0.000000
v 0.150000 -0.311600 0.195000
v 0.120000 -0.318400 0.195000
v 0.122944 -0.316700 0.195000
v 0.122944 -0.313300 0.195000
v 0.120000 -0.311600 0.195000
v 0.117056 -0.313300 0.195000
v 0.117056 -0.316700 0.195000
v 0.120000 -0.311600 -0.000000
v 0.122944 -0.313300 -0.000000
v 0.122944 -0.316700 -0.000000
v 0.120000 -0.318400 -0.000000
v 0.117056 -0.316700 -0.000000
v 0.117056 -0.313300 -0.000000
v 0.120000 -0.311600 -0.000000
v 0.120000 -0.311600 0.195000
v 0.120000 -0.288400 0.195000
v 0.122944 -0.286700 0.195000
v 0.122944 -0.283300 0.195000
v 0.120000 -0.281600 0.195000
v 0.117056 -0.283300 0.195000
v 0.117056 -0.286700 0.195000
v 0.120000 -0.281600 -0.000000
v 0.122944 -0.283300 -0.000000
v 0.122944 -0.286700 -0.000000
v 0.120000 -0.288400 -0.000000
v 0.117056 -0.286700 -0.000000
v 0.117056 -0.283300 -0.000000
v 0.120000 -0.281600 -0.000000
v 0.120000 -0.281600 0.195000
v 0.143707 -0.314222 -0.000000
v 0.138222 -0.319707 -0.000000
v 0.138222 -0.319707 0.195000
v 0.143707 -0.314222 0.195000
v 0.144000 -0.313515 -0.000000
v 0.143966 -0.313774 -0.000000
v 0.143866 -0.314015 -0.000000
v 0.143707 -0.314222 -0.000000
v 0.143707 -0.314222 0.195000
v 0.143866 -0.314015 0.195000
v 0.143966 -0.313774 0.195000
v 0.144000 -0.313515 0.195000
v 0.144000 -0.312000 -0.000000
v 0.144000 -0.313515 -0.000000
v 0.144000 -0.313515 0.195000
v 0.144000 -0.312000 0.195000
v 0.147000 -0.309000 -0.000000
v 0.145500 -0.309402 -0.000000
v 0.144402 -0.310500 -0.000000
v 0.144000 -0.312000 -0.000000
v 0.144000 -0.312000 0.195000
v 0.144402 -0.310500 0.195000
v 0.145500 -0.309402 0.195000
v 0.147000 -0.309000 0.195000
v 0.148515 -0.309000 -0.000000
v 0.147000 -0.309000 -0.000000
v 0.147000 -0.309000 0.195000
v 0.148515 -0.309000 0.195000
v 0.149222 -0.308707 -0.000000
v 0.149015 -0.308866 -0.000000
v 0.148774 -0.308966 -0.000000
v 0.148515 -0.309000 -0.000000
v 0.148515 -0.309000 0.195000
v 0.148774 -0.308966 0.195000
v 0.149015 -0.308866 0.195000
v 0.149222 -0.308707 0.195000
v 0.154707 -0.303222 0.000000
v 0.149222 -0.308707 -0.000000
v 0.149222 -0.308707 0.195000
v 0.154707 -0.303222 0.195000
v 0.155000 -0.302515 0.000000
v 0.154966 -0.302774 0.000000
v 0.154866 -0.303015 0.000000
v 0.154707 -0.303222 0.000000
v 0.154707 -0.303222 0.195000
v 0.154866 -0.303015 0.195000
v 0.154966 -0.302774 0.195000
v 0.155000 -0.302515 0.195000
v 0.155000 -0.297485 0.000000
v 0.155000 -0.302515 0.000000
v 0.155000 -0.302515 0.195000
v 0.155000 -0.297485 0.195000
v 0.154707 -0.296778 0.000000
v 0.154866 -0.296985 0.000000
v 0.154966 -0.297226 0.000000
v 0.155000 -0.297485 0.000000
v 0.155000 -0.297485 0.195000
v 0.154966 -0.297226 0.195000
v 0.154866 -0.296985 0.195000
v 0.154707 -0.296778 0.195000
v 0.149222 -0.291293 -0.000000
v 0.154707 -0.296778 0.000000
v 0.154707 -0.296778 0.195000
v 0.149222 -0.291293 0.195000
v 0.148515 -0.291000 -0.000000
v 0.148774 -0.291034 -0.000000
v 0.149015 -0.291134 -0.000000
v 0.149222 -0.291293 -0.000000
v 0.149222 -0.291293 0.195000
v 0.149015 -0.291134 0.195000
v 0.148774 -0.291034 0.195000
v 0.148515 -0.291000 0.195000
v 0.147000 -0.291000 -0.000000
v 0.148515 -0.291000 -0.000000
v 0.148515 -0.291000 0.195000
v 0.147000 -0.291000 0.195000
v 0.144000 -0.288000 -0.000000
v 0.144402 -0.289500 -0.000000
v 0.145500 -0.290598 -0.000000
v 0.147000 -0.291000 -0.000000
v 0.147000 -0.291000 0.195000
v 0.145500 -0.290598 0.195000
v 0.144402 -0.289500 0.195000
v 0.144000 -0.288000 0.195000
v 0.144000 -0.286485 -0.000000
v 0.144000 -0.288000 -0.000000
v 0.144000 -0.288000 0.195000
v 0.144000 -0.286485 0.195000
v 0.143707 -0.285778 -0.000000
v 0.143866 -0.285985 -0.000000
v 0.143966 -0.286226 -0.000000
v 0.144000 -0.286485 -0.000000
v 0.144000 -0.286485 0.195000
v 0.143966 -0.286226 0.195000
v 0.143866 -0.285985 0.195000
v 0.143707 -0.285778 0.195000
v 0.138222 -0.280293 -0.000000
v 0.143707 -0.285778 -0.000000
v 0.143707 -0.285778 0.195000
v 0.138222 -0.280293 0.195000
v 0.137515 -0.280000 -0.000000
v 0.137774 -0.280034 -0.000000
v 0.138015 -0.280134 -0.000000
v 0.138222 -0.280293 -0.000000
v 0.138222 -0.280293 0.195000
v 0.138015 -0.280134 0.195000
v 0.137774 -0.280034 0.195000
v 0.137515 -0.280000 0.195000
v 0.132485 -0.280000 -0.000000
v 0.137515 -0.280000 -0.000000
v 0.137515 -0.280000 0.195000
v 0.132485 -0.280000 0.195000
v 0.105000 0.328000 0.195000
v 0.105000 0.319000 0.195000
v 0.107000 0.319000 0.195000
v 0.107000 0.323250 0.195000
v 0.110336 0.323250 0.195000
v 0.114000 0.319586 0.195000
v 0.114000 0.310414 0.195000
v 0.110336 0.306750 0.195000
v 0.107000 0.306750 0.195000
v 0.107000 0.311000 0.195000
v 0.105000 0.311000 0.195000
v 0.105000 0.289000 0.195000
v 0.107000 0.289000 0.195000
v 0.107000 0.293250 0.195000
v 0.110336 0.293250 0.195000
v 0.114000 0.289586 0.195000
v 0.114000 0.280414 0.195000
v 0.110336 0.276750 0.195000
v 0.107000 0.276750 0.195000
v 0.107000 0.281000 0.195000
v 0.105000 0.281000 0.195000
v 0.105000 0.272000 0.195000
v 0.105268 0.271000 0.195000
v 0.106000 0.270268 0.195000
v 0.107000 0.270000 0.195000
v 0.116000 0.270000 0.195000
v 0.116000 0.272000 0.195000
v 0.111750 0.272000 0.195000
v 0.111750 0.275336 0.195000
v 0.115414 0.279000 0.195000
v 0.124586 0.279000 0.195000
v 0.128250 0.275336 0.195000
v 0.128250 0.272000 0.195000
v 0.124000 0.272000 0.195000
v 0.124000 0.270000 0.195000
v 0.146000 0.270000 0.195000
v 0.146000 0.272000 0.195000
v 0.141750 0.272000 0.195000
v 0.141750 0.275336 0.195000
v 0.145414 0.279000 0.195000
v 0.154586 0.279000 0.195000
v 0.158250 0.275336 0.195000
v 0.158250 0.272000 0.195000
v 0.154000 0.272000 0.195000
v 0.154000 0.270000 0.195000
v 0.163000 0.270000 0.195000
v 0.164000 0.270268 0.195000
v 0.164732 0.271000 0.195000
v 0.165000 0.272000 0.195000
v 0.165000 0.281000 0.195000
v 0.163000 0.281000 0.195000
v 0.163000 0.276750 0.195000
v 0.159664 0.276750 0.195000
v 0.156000 0.280414 0.195000
v 0.156000 0.289586 0.195000
v 0.159664 0.293250 0.195000
v 0.163000 0.293250 0.195000
v 0.163000 0.289000 0.195000
v 0.165000 0.289000 0.195000
v 0.165000 0.311000 0.195000
v 0.163000 0.311000 0.195000
v 0.163000 0.306750 0.195000
v 0.159664 0.306750 0.195000
v 0.156000 0.310414 0.195000
v 0.156000 0.319586 0.195000
v 0.159664 0.323250 0.195000
v 0.163000 0.323250 0.195000
v 0.163000 0.319000 0.195000
v 0.165000 0.319000 0.195000
v 0.165000 0.328000 0.195000
v 0.164732 0.329000 0.195000
v 0.164000 0.329732 0.195000
v 0.163000 0.330000 0.195000
v 0.154000 0.330000 0.195000
v 0.154000 0.328000 0.195000
v 0.158250 0.328000 0.195000
v 0.158250 0.324664 0.195000
v 0.154586 0.321000 0.195000
v 0.145414 0.321000 0.195000
v 0.141750 0.324664 0.195000
v 0.141750 0.328000 0.195000
v 0.146000 0.328000 0.195000
v 0.146000 0.330000 0.195000
v 0.124000 0.330000 0.195000
v 0.124000 0.328000 0.195000
v 0.128250 0.328000 0.195000
v 0.128250 0.324664 0.195000
v 0.124586 0.321000 0.195000
v 0.115414 0.321000 0.195000
v 0.111750 0.324664 0.195000
v 0.111750 0.328000 0.195000
v 0.116000 0.328000 0.195000
v 0.116000 0.330000 0.195000
v 0.107000 0.330000 0.195000
v 0.106000 0.329732 0.195000
v 0.105268 0.329000 0.195000
v 0.123400 0.315000 0.195000
v 0.121700 0.312056 0.195000
v 0.118300 0.312056 0.195000
v 0.116600 0.315000 0.195000
v 0.118300 0.317944 0.195000
v 0.121700 0.317944 0.195000
v 0.123400 0.285000 0.195000
v 0.121700 0.282056 0.195000
v 0.118300 0.282056 0.195000
v 0.116600 0.285000 0.195000
v 0.118300 0.287944 0.195000
v 0.121700 0.287944 0.195000
v 0.153400 0.315000 0.195000
v 0.151700 0.312056 0.195000
v 0.148300 0.312056 0.195000
v 0.146600 0.315000 0.195000
v 0.148300 0.317944 0.195000
v 0.151700 0.317944 0.195000
v 0.153400 0.285000 0.195000
v 0.151700 0.282056 0.195000
v 0.148300 0.282056 0.195000
v 0.146600 0.285000 0.195000
v 0.148300 0.287944 0.195000
v 0.151700 0.287944 0.195000
v 0.123000 0.309000 0.195000
v 0.124500 0.309402 0.195000
v 0.125598 0.310500 0.195000
v 0.126000 0.312000 0.195000
v 0.126000 0.313515 0.195000
v 0.126034 0.313774 0.195000
v 0.126134 0.314015 0.195000
v 0.126293 0.314222 0.195000
v 0.131778 0.319707 0.195000
v 0.131985 0.319866 0.195000
v 0.132226 0.319966 0.195000
v 0.132485 0.320000 0.195000
v 0.137515 0.320000 0.195000
v 0.137774 0.319966 0.195000
v 0.138015 0.319866 0.195000
v 0.138222 0.319707 0.195000
v 0.143707 0.314222 0.195000
v 0.143866 0.314015 0.195000
v 0.143966 0.313774 0.195000
v 0.144000 0.313515 0.195000
v 0.144000 0.312000 0.195000
v 0.144402 0.310500 0.195000
v 0.145500 0.309402 0.195000
v 0.147000 0.309000 0.195000
v 0.148515 0.309000 0.195000
v 0.148774 0.308966 0.195000
v 0.149015 0.308866 0.195000
v 0.149222 0.308707 0.195000
v 0.154707 0.303222 0.195000
v 0.154866 0.303015 0.195000
v 0.154966 0.302774 0.195000
v 0.155000 0.302515 0.195000
v 0.155000 0.297485 0.195000
v 0.154966 0.297226 0.195000
v 0.154866 0.296985 0.195000
v 0.154707 0.296778 0.195000
v 0.149222 0.291293 0.195000
v 0.149015 0.291134 0.195000
v 0.148774 0.291034 0.195000
v 0.148515 0.291000 0.195000
v 0.147000 0.291000 0.195000
v 0.145500 0.290598 0.195000
v 0.144402 0.289500 0.195000
v 0.144000 0.288000 0.195000
v 0.144000 0.286485 0.195000
v 0.143966 0.286226 0.195000
v 0.143866 0.285985 0.195000
v 0.143707 0.285778 0.195000
v 0.138222 0.280293 0.195000
v 0.138015 0.280134 0.195000
v 0.137774 0.280034 0.195000
v 0.137515 0.280000 0.195000
v 0.132485 0.280000 0.195000
v 0.132226 0.280034 0.195000
v 0.131985 0.280134 0.195000
v 0.131778 0.280293 0.195000
v 0.126293 0.285778 0.195000
v 0.126134 0.285985 0.195000
v 0.126034 0.286226 0.195000
v 0.126000 0.286485 0.195000
v 0.126000 0.288000 0.195000
v 0.125598 0.289500 0.195000
v 0.124500 0.290598 0.195000
v 0.123000 0.291000 0.195000
v 0.121485 0.291000 0.195000
v 0.121226 0.291034 0.195000
v 0.120985 0.291134 0.195000
v 0.120778 0.291293 0.195000
v 0.115293 0.296778 0.195000
v 0.115134 0.296985 0.195000
v 0.115034 0.297226 0.195000
v 0.115000 0.297485 0.195000
v 0.115000 0.302515 0.195000
v 0.115034 0.302774 0.195000
v 0.115134 0.303015 0.195000
v 0.115293 0.303222 0.195000
v 0.120778 0.308707 0.195000
v 0.120985 0.308866 0.195000
v 0.121226 0.308966 0.195000
v 0.121485 0.309000 0.195000
v 0.115000 0.297485 -0.000000
v 0.115034 0.297226 -0.000000
v 0.115134 0.296985 -0.000000
v 0.115293 0.296778 -0.000000
v 0.120778 0.291293 -0.000000
v 0.120985 0.291134 -0.000000
v 0.121226 0.291034 -0.000000
v 0.121485 0.291000 -0.000000
v 0.123000 0.291000 -0.000000
v 0.124500 0.290598 0.000000
v 0.125598 0.289500 0.000000
v 0.126000 0.288000 0.000000
v 0.126000 0.286485 0.000000
v 0.126034 0.286226 0.000000
v 0.126134 0.285985 0.000000
v 0.126293 0.285778 0.000000
v 0.131778 0.280293 0.000000
v 0.131985 0.280134 0.000000
v 0.132226 0.280034 0.000000
v 0.132485 0.280000 0.000000
v 0.137515 0.280000 0.000000
v 0.137774 0.280034 0.000000
v 0.138015 0.280134 0.000000
v 0.138222 0.280293 0.000000
v 0.143707 0.285778 0.000000
v 0.143866 0.285985 0.000000
v 0.143966 0.286226 0.000000
v 0.144000 0.286485 0.000000
v 0.144000 0.288000 0.000000
v 0.144402 0.289500 0.000000
v 0.145500 0.290598 0.000000
v 0.147000 0.291000 0.000000
v 0.148515 0.291000 0.000000
v 0.148774 0.291034 0.000000
v 0.149015 0.291134 0.000000
v 0.149222 0.291293 0.000000
v 0.154707 0.296778 0.000000
v 0.154866 0.296985 0.000000
v 0.154966 0.297226 0.000000
v 0.155000 0.297485 0.000000
v 0.155000 0.302515 0.000000
v 0.154966 0.302774 0.000000
v 0.154866 0.303015 0.000000
v 0.154707 0.303222 0.000000
v 0.149222 0.308707 0.000000
v 0.149015 0.308866 0.000000
v 0.148774 0.308966 0.000000
v 0.148515 0.309000 0.000000
v 0.147000 0.309000 0.000000
v 0.145500 0.309402 0.000000
v 0.144402 0.310500 0.000000
v 0.144000 0.312000 0.000000
v 0.144000 0.313515 0.000000
v 0.143966 0.313774 0.000000
v 0.143866 0.314015 0.000000
v 0.143707 0.314222 0.000000
v 0.138222 0.319707 0.000000
v 0.138015 0.319866 0.000000
v 0.137774 0.319966 0.000000
v 0.137515 0.320000 0.000000
v 0.132485 0.320000 0.000000
v 0.132226 0.319966 0.000000
v 0.131985 0.319866 0.000000
v 0.131778 0.319707 0.000000
v 0.126293 0.314222 0.000000
v 0.126134 0.314015 0.000000
v 0.126034 0.313774 0.000000
v 0.126000 0.313515 0.000000
v 0.126000 0.312000 0.000000
v 0.125598 0.310500 0.000000
v 0.124500 0.309402 0.000000
v 0.123000 0.309000 -0.000000
v 0.121485 0.309000 -0.000000
v 0.121226 0.308966 -0.000000
v 0.120985 0.308866 -0.000000
v 0.120778 0.308707 -0.000000
v 0.115293 0.303222 -0.000000
v 0.115134 0.303015 -0.000000
v 0.115034 0.302774 -0.000000
v 0.115000 0.302515 -0.000000
v 0.107000 0.319000 -0.000000
v 0.105000 0.319000 -0.000000
v 0.105000 0.328000 -0.000000
v 0.105268 0.329000 -0.000000
v 0.106000 0.329732 -0.000000
v 0.107000 0.330000 -0.000000
v 0.116000 0.330000 -0.000000
v 0.116000 0.328000 -0.000000
v 0.111750 0.328000 -0.000000
v 0.111750 0.324664 -0.000000
v 0.115414 0.321000 -0.000000
v 0.124586 0.321000 0.000000
v 0.128250 0.324664 0.000000
v 0.128250 0.328000 0.000000
v 0.124000 0.328000 0.000000
v 0.124000 0.330000 0.000000
v 0.146000 0.330000 0.000000
v 0.146000 0.328000 0.000000
v 0.141750 0.328000 0.000000
v 0.141750 0.324664 0.000000
v 0.145414 0.321000 0.000000
v 0.154586 0.321000 0.000000
v 0.158250 0.324664 0.000000
v 0.158250 0.328000 0.000000
v 0.154000 0.328000 0.000000
v 0.154000 0.330000 0.000000
v 0.163000 0.330000 0.000000
v 0.164000 0.329732 0.000000
v 0.164732 0.329000 0.000000
v 0.165000 0.328000 0.000000
v 0.165000 0.319000 0.000000
v 0.163000 0.319000 0.000000
v 0.163000 0.323250 0.000000
v 0.159664 0.323250 0.000000
v 0.156000 0.319586 0.000000
v 0.156000 0.310414 0.000000
v 0.159664 0.306750 0.000000
v 0.163000 0.306750 0.000000
v 0.163000 0.311000 0.000000
v 0.165000 0.311000 0.000000
v 0.165000 0.289000 0.000000
v 0.163000 0.289000 0.000000
v 0.163000 0.293250 0.000000
v 0.159664 0.293250 0.000000
v 0.156000 0.289586 0.000000
v 0.156000 0.280414 0.000000
v 0.159664 0.276750 0.000000
v 0.163000 0.276750 0.000000
v 0.163000 0.281000 0.000000
v 0.165000 0.281000 0.000000
v 0.165000 0.272000 0.000000
v 0.164732 0.271000 0.000000
v 0.164000 0.270268 0.000000
v 0.163000 0.270000 0.000000
v 0.154000 0.270000 0.000000
v 0.154000 0.272000 0.000000
v 0.158250 0.272000 0.000000
v 0.158250 0.275336 0.000000
v 0.154586 0.279000 0.000000
v 0.145414 0.279000 0.000000
v 0.141750 0.275336 0.000000
v 0.141750 0.272000 0.000000
v 0.146000 0.272000 0.000000
v 0.146000 0.270000 0.000000
v 0.124000 0.270000 -0.000000
v 0.124000 0.272000 -0.000000
v 0.128250 0.272000 0.000000
v 0.128250 0.275336 0.000000
v 0.124586 0.279000 0.000000
v 0.115414 0.279000 -0.000000
v 0.111750 0.275336 -0.000000
v 0.111750 0.272000 -0.000000
v 0.116000 0.272000 -0.000000
v 0.116000 0.270000 -0.000000
v 0.107000 0.270000 -0.000000
v 0.106000 0.270268 -0.000000
v 0.105268 0.271000 -0.000000
v 0.105000 0.272000 -0.000000
v 0.105000 0.281000 -0.000000
v 0.107000 0.281000 -0.000000
v 0.107000 0.276750 -0.000000
v 0.110336 0.276750 -0.000000
v 0.114000 0.280414 -0.000000
v 0.114000 0.289586 -0.000000
v 0.110336 0.293250 -0.000000
v 0.107000 0.293250 -0.000000
v 0.107000 0.289000 -0.000000
v 0.105000 0.289000 -0.000000
v 0.105000 0.311000 -0.000000
v 0.107000 0.311000 -0.000000
v 0.107000 0.306750 -0.000000
v 0.110336 0.306750 -0.000000
v 0.114000 0.310414 -0.000000
v 0.114000 0.319586 -0.000000
v 0.110336 0.323250 -0.000000
v 0.107000 0.323250 -0.000000
v 0.123400 0.315000 -0.000000
v 0.121700 0.317944 -0.000000
v 0.118300 0.317944 -0.000000
v 0.116600 0.315000 -0.000000
v 0.118300 0.312056 -0.000000
v 0.121700 0.312056 -0.000000
v 0.146600 0.315000 0.000000
v 0.148300 0.312056 0.000000
v 0.151700 0.312056 0.000000
v 0.153400 0.315000 0.000000
v 0.151700 0.317944 0.000000
v 0.148300 0.317944 0.000000
v 0.146600 0.285000 0.000000
v 0.148300 0.282056 0.000000
v 0.151700 0.282056 0.000000
v 0.153400 0.285000 0.000000
v 0.151700 0.287944 0.000000
v 0.148300 0.287944 0.000000
v 0.116600 0.285000 -0.000000
v 0.118300 0.282056 -0.000000
v 0.121700 0.282056 -0.000000
v 0.123400 0.285000 -0.000000
v 0.121700 0.287944 -0.000000
v 0.118300 0.287944 -0.000000
v 0.154707 0.303222 0.000000
v 0.154866 0.303015 0.000000
v 0.154966 0.302774 0.000000
v 0.155000 0.302515 0.000000
v 0.155000 0.302515 0.195000
v 0.154966 0.302774 0.195000
v 0.154866 0.303015 0.195000
v 0.154707 0.303222 0.195000
v 0.155000 0.302515 0.000000
v 0.155000 0.297485 0.000000
v 0.155000 0.297485 0.195000
v 0.155000 0.302515 0.195000
v 0.155000 0.297485 0.000000
v 0.154966 0.297226 0.000000
v 0.154866 0.296985 0.000000
v 0.154707 0.296778 0.000000
v 0.154707 0.296778 0.195000
v 0.154866 0.296985 0.195000
v 0.154966 0.297226 0.195000
v 0.155000 0.297485 0.195000
v 0.154707 0.296778 0.000000
v 0.149222 0.291293 0.000000
v 0.149222 0.291293 0.195000
v 0.154707 0.296778 0.195000
v 0.149222 0.291293 0.000000
v 0.149015 0.291134 0.000000
v 0.148774 0.291034 0.000000
v 0.148515 0.291000 0.000000
v 0.148515 0.291000 0.195000
v 0.148774 0.291034 0.195000
v 0.149015 0.291134 0.195000
v 0.149222 0.291293 0.195000
v 0.148515 0.291000 0.000000
v 0.147000 0.291000 0.000000
v 0.147000 0.291000 0.195000
v 0.148515 0.291000 0.195000
v 0.147000 0.291000 0.000000
v 0.145500 0.290598 0.000000
v 0.144402 0.289500 0.000000
v 0.144000 0.288000 0.000000
v 0.144000 0.288000 0.195000
v 0.144402 0.289500 0.195000
v 0.145500 0.290598 0.195000
v 0.147000 0.291000 0.195000
v 0.144000 0.288000 0.000000
v 0.144000 0.286485 0.000000
v 0.144000 0.286485 0.195000
v 0.144000 0.288000 0.195000
v 0.144000 0.286485 0.000000
v 0.143966 0.286226 0.000000
v 0.143866 0.285985 0.000000
v 0.143707 0.285778 0.000000
v 0.143707 0.285778 0.195000
v 0.143866 0.285985 0.195000
v 0.143966 0.286226 0.195000
v 0.144000 0.286485 0.195000
v 0.143707 0.285778 0.000000
v 0.138222 0.280293 0.000000
v 0.138222 0.280293 0.195000
v 0.143707 0.285778 0.195000
v 0.138222 0.280293 0.000000
v 0.138015 0.280134 0.000000
v 0.137774 0.280034 0.000000
v 0.137515 0.280000 0.000000
v 0.137515 0.280000 0.195000
v 0.137774 0.280034 0.195000
v 0.138015 0.280134 0.195000
v 0.138222 0.280293 0.195000
v 0.137515 0.280000 0.000000
v 0.132485 0.280000 0.000000
v 0.132485 0.280000 0.195000
v 0.137515 0.280000 0.195000
v 0.132485 0.280000 0.000000
v 0.132226 0.280034 0.000000
v 0.131985 0.280134 0.000000
v 0.131778 0.280293 0.000000
v 0.131778 0.280293 0.195000
v 0.131985 0.280134 0.195000
v 0.132226 0.280034 0.195000
v 0.132485 0.280000 0.195000
v 0.131778 0.280293 0.000000
v 0.126293 0.285778 0.000000
v 0.126293 0.285778 0.195000
v 0.131778 0.280293 0.195000
v 0.126293 0.285778 0.000000
v 0.126134 0.285985 0.000000
v 0.126034 0.286226 0.000000
v 0.126000 0.286485 0.000000
v 0.126000 0.286485 0.195000
v 0.126034 0.286226 0.195000
v 0.126134 0.285985 0.195000
v 0.126293 0.285778 0.195000
v 0.126000 0.286485 0.000000
v 0.126000 0.288000 0.000000
v 0.126000 0.288000 0.195000
v 0.126000 0.286485 0.195000
v 0.126000 0.288000 0.000000
v 0.125598 0.289500 0.000000
v 0.124500 0.290598 0.000000
v 0.123000 0.291000 -0.000000
v 0.123000 0.291000 0.195000
v 0.124500 0.290598 0.195000
v 0.125598 0.289500 0.195000
v 0.126000 0.288000 0.195000
v 0.123000 0.291000 -0.000000
v 0.121485 0.291000 -0.000000
v 0.121485 0.291000 0.195000
v 0.123000 0.291000 0.195000
v 0.121485 0.291000 -0.000000
v 0.121226 0.291034 -0.000000
v 0.120985 0.291134 -0.000000
v 0.120778 0.291293 -0.000000
v 0.120778 0.291293 0.195000
v 0.120985 0.291134 0.195000
v 0.121226 0.291034 0.195000
v 0.121485 0.291000 0.195000
v 0.120778 0.291293 -0.000000
v 0.115293 0.296778 -0.000000
v 0.115293 0.296778 0.195000
v 0.120778 0.291293 0.195000
v 0.165000 0.281000 0.000000
v 0.163000 0.281000 0.000000
v 0.163000 0.281000 0.195000
v 0.165000 0.281000 0.195000
v 0.163000 0.281000 0.000000
v 0.163000 0.276750 0.000000
v 0.163000 0.276750 0.195000
v 0.163000 0.281000 0.195000
v 0.163000 0.276750 0.000000
v 0.159664 0.276750 0.000000
v 0.159664 0.276750 0.195000
v 0.163000 0.276750 0.195000
v 0.159664 0.276750 0.000000
v 0.156000 0.280414 0.000000
v 0.156000 0.280414 0.195000
v 0.159664 0.276750 0.195000
v 0.156000 0.280414 0.000000
v 0.156000 0.289586 0.000000
v 0.156000 0.289586 0.195000
v 0.156000 0.280414 0.195000
v 0.156000 0.289586 0.000000
v 0.159664 0.293250 0.000000
v 0.159664 0.293250 0.195000
v 0.156000 0.289586 0.195000
v 0.159664 0.293250 0.000000
v 0.163000 0.293250 0.000000
v 0.163000 0.293250 0.195000
v 0.159664 0.293250 0.195000
v 0.163000 0.293250 0.000000
v 0.163000 0.289000 0.000000
v 0.163000 0.289000 0.195000
v 0.163000 0.293250 0.195000
v 0.163000 0.289000 0.000000
v 0.165000 0.289000 0.000000
v 0.165000 0.289000 0.195000
v 0.163000 0.289000 0.195000
v 0.165000 0.289000 0.000000
v 0.165000 0.311000 0.000000
v 0.165000 0.311000 0.195000
v 0.165000 0.289000 0.195000
v 0.165000 0.311000 0.000000
v 0.163000 0.311000 0.000000
v 0.163000 0.311000 0.195000
v 0.165000 0.311000 0.195000
v 0.163000 0.311000 0.000000
v 0.163000 0.306750 0.000000
v 0.163000 0.306750 0.195000
v 0.163000 0.311000 0.195000
v 0.163000 0.306750 0.000000
v 0.159664 0.306750 0.000000
v 0.159664 0.306750 0.195000
v 0.163000 0.306750 0.195000
v 0.159664 0.306750 0.000000
v 0.156000 0.310414 0.000000
v 0.156000 0.310414 0.195000
v 0.159664 0.306750 0.195000
v 0.156000 0.310414 0.000000
v 0.156000 0.319586 0.000000
v 0.156000 0.319586 0.195000
v 0.156000 0.310414 0.195000
v 0.156000 0.319586 0.000000
v 0.159664 0.323250 0.000000
v 0.159664 0.323250 0.195000
v 0.156000 0.319586 0.195000
v 0.159664 0.323250 0.000000
v 0.163000 0.323250 0.000000
v 0.163000 0.323250 0.195000
v 0.159664 0.323250 0.195000
v 0.163000 0.323250 0.000000
v 0.163000 0.319000 0.000000
v 0.163000 0.319000 0.195000
v 0.163000 0.323250 0.195000
v 0.163000 0.319000 0.000000
v 0.165000 0.319000 0.000000
v 0.165000 0.319000 0.195000
v 0.163000 0.319000 0.195000
v 0.165000 0.319000 0.000000
v 0.165000 0.328000 0.000000
v 0.165000 0.328000 0.195000
v 0.165000 0.319000 0.195000
v 0.165000 0.328000 0.000000
v 0.164732 0.329000 0.000000
v 0.164000 0.329732 0.000000
v 0.163000 0.330000 0.000000
v 0.163000 0.330000 0.195000
v 0.164000 0.329732 0.195000
v 0.164732 0.329000 0.195000
v 0.165000 0.328000 0.195000
v 0.163000 0.330000 0.000000
v 0.154000 0.330000 0.000000
v 0.154000 0.330000 0.195000
v 0.163000 0.330000 0.195000
v 0.154000 0.330000 0.000000
v 0.154000 0.328000 0.000000
v 0.154000 0.328000 0.195000
v 0.154000 0.330000 0.195000
v 0.154000 0.328000 0.000000
v 0.158250 0.328000 0.000000
v 0.158250 0.328000 0.195000
v 0.154000 0.328000 0.195000
v 0.158250 0.328000 0.000000
v 0.158250 0.324664 0.000000
v 0.158250 0.324664 0.195000
v 0.158250 0.328000 0.195000
v 0.158250 0.324664 0.000000
v 0.154586 0.321000 0.000000
v 0.154586 0.321000 0.195000
v 0.158250 0.324664 0.195000
v 0.154586 0.321000 0.000000
v 0.145414 0.321000 0.000000
v 0.145414 0.321000 0.195000
v 0.154586 0.321000 0.195000
v 0.145414 0.321000 0.000000
v 0.141750 0.324664 0.000000
v 0.141750 0.324664 0.195000
v 0.145414 0.321000 0.195000
v 0.141750 0.324664 0.000000
v 0.141750 0.328000 0.000000
v 0.141750 0.328000 0.195000
v 0.141750 0.324664 0.195000
v 0.141750 0.328000 0.000000
v 0.146000 0.328000 0.000000
v 0.146000 0.328000 0.195000
v 0.141750 0.328000 0.195000
v 0.146000 0.328000 0.000000
v 0.146000 0.330000 0.000000
v 0.146000 0.330000 0.195000
v 0.146000 0.328000 0.195000
v 0.146000 0.330000 0.000000
v 0.124000 0.330000 0.000000
v 0.124000 0.330000 0.195000
v 0.146000 0.330000 0.195000
v 0.124000 0.330000 0.000000
v 0.124000 0.328000 0.000000
v 0.124000 0.328000 0.195000
v 0.124000 0.330000 0.195000
v 0.124000 0.328000 0.000000
v 0.128250 0.328000 0.000000
v 0.128250 0.328000 0.195000
v 0.124000 0.328000 0.195000
v 0.128250 0.328000 0.000000
v 0.128250 0.324664 0.000000
v 0.128250 0.324664 0.195000
v 0.128250 0.328000 0.195000
v 0.128250 0.324664 0.000000
v 0.124586 0.321000 0.000000
v 0.124586 0.321000 0.195000
v 0.128250 0.324664 0.195000
v 0.124586 0.321000 0.000000
v 0.115414 0.321000 -0.000000
v 0.115414 0.321000 0.195000
v 0.124586 0.321000 0.195000
v 0.115414 0.321000 -0.000000
v 0.111750 0.324664 -0.000000
v 0.111750 0.324664 0.195000
v 0.115414 0.321000 0.195000
v 0.111750 0.324664 -0.000000
v 0.111750 0.328000 -0.000000
v 0.111750 0.328000 0.195000
v 0.111750 0.324664 0.195000
v 0.111750 0.328000 -0.000000
v 0.116000 0.328000 -0.000000
v 0.116000 0.328000 0.195000
v 0.111750 0.328000 0.195000
v 0.116000 0.328000 -0.000000
v 0.116000 0.330000 -0.000000
v 0.116000 0.330000 0.195000
v 0.116000 0.328000 0.195000
v 0.116000 0.330000 -0.000000
v 0.107000 0.330000 -0.000000
v 0.107000 0.330000 0.195000
v 0.116000 0.330000 0.195000
v 0.107000 0.330000 -0.000000
v 0.106000 0.329732 -0.000000
v 0.105268 0.329000 -0.000000
v 0.105000 0.328000 -0.000000
v 0.105000 0.328000 0.195000
v 0.105268 0.329000 0.195000
v 0.106000 0.329732 0.195000
v 0.107000 0.330000 0.195000
v 0.105000 0.328000 -0.000000
v 0.105000 0.319000 -0.000000
v 0.105000 0.319000 0.195000
v 0.105000 0.328000 0.195000
v 0.115293 0.296778 -0.000000
v 0.115134 0.296985 -0.000000
v 0.115034 0.297226 -0.000000
v 0.115000 0.297485 -0.000000
v 0.115000 0.297485 0.195000
v 0.115034 0.297226 0.195000
v 0.115134 0.296985 0.195000
v 0.115293 0.296778 0.195000
v 0.105000 0.319000 -0.000000
v 0.107000 0.319000 -0.000000
v 0.107000 0.319000 0.195000
v 0.105000 0.319000 0.195000
v 0.107000 0.319000 -0.000000
v 0.107000 0.323250 -0.000000
v 0.107000 0.323250 0.195000
v 0.107000 0.319000 0.195000
v 0.107000 0.323250 -0.000000
v 0.110336 0.323250 -0.000000
v 0.110336 0.323250 0.195000
v 0.107000 0.323250 0.195000
v 0.165000 0.272000 0.000000
v 0.165000 0.281000 0.000000
v 0.165000 0.281000 0.195000
v 0.165000 0.272000 0.195000
v 0.163000 0.270000 0.000000
v 0.164000 0.270268 0.000000
v 0.164732 0.271000 0.000000
v 0.165000 0.272000 0.000000
v 0.165000 0.272000 0.195000
v 0.164732 0.271000 0.195000
v 0.164000 0.270268 0.195000
v 0.163000 0.270000 0.195000
v 0.154000 0.270000 0.000000
v 0.163000 0.270000 0.000000
v 0.163000 0.270000 0.195000
v 0.154000 0.270000 0.195000
v 0.154000 0.272000 0.000000
v 0.154000 0.270000 0.000000
v 0.154000 0.270000 0.195000
v 0.154000 0.272000 0.195000
v 0.158250 0.272000 0.000000
v 0.154000 0.272000 0.000000
v 0.154000 0.272000 0.195000
v 0.158250 0.272000 0.195000
v 0.158250 0.275336 0.000000
v 0.158250 0.272000 0.000000
v 0.158250 0.272000 0.195000
v 0.158250 0.275336 0.195000
v 0.154586 0.279000 0.000000
v 0.158250 0.275336 0.000000
v 0.158250 0.275336 0.195000
v 0.154586 0.279000 0.195000
v 0.145414 0.279000 0.000000
v 0.154586 0.279000 0.000000
v 0.154586 0.279000 0.195000
v 0.145414 0.279000 0.195000
v 0.141750 0.275336 0.000000
v 0.145414 0.279000 0.000000
v 0.145414 0.279000 0.195000
v 0.141750 0.275336 0.195000
v 0.141750 0.272000 0.000000
v 0.141750 0.275336 0.000000
v 0.141750 0.275336 0.195000
v 0.141750 0.272000 0.195000
v 0.146000 0.272000 0.000000
v 0.141750 0.272000 0.000000
v 0.141750 0.272000 0.195000
v 0.146000 0.272000 0.195000
v 0.146000 0.270000 0.000000
v 0.146000 0.272000 0.000000
v 0.146000 0.272000 0.195000
v 0.146000 0.270000 0.195000
v 0.124000 0.270000 -0.000000
v 0.146000 0.270000 0.000000
v 0.146000 0.270000 0.195000
v 0.124000 0.270000 0.195000
v 0.124000 0.272000 -0.000000
v 0.124000 0.270000 -0.000000
v 0.124000 0.270000 0.195000
v 0.124000 0.272000 0.195000
v 0.128250 0.272000 0.000000
v 0.124000 0.272000 -0.000000
v 0.124000 0.272000 0.195000
v 0.128250 0.272000 0.195000
v 0.128250 0.275336 0.000000
v 0.128250 0.272000 0.000000
v 0.128250 0.272000 0.195000
v 0.128250 0.275336 0.195000
v 0.124586 0.279000 0.000000
v 0.128250 0.275336 0.000000
v 0.128250 0.275336 0.195000
v 0.124586 0.279000 0.195000
v 0.115414 0.279000 -0.000000
v 0.124586 0.279000 0.000000
v 0.124586 0.279000 0.195000
v 0.115414 0.279000 0.195000
v 0.111750 0.275336 -0.000000
v 0.115414 0.279000 -0.000000
v 0.115414 0.279000 0.195000
v 0.111750 0.275336 0.195000
v 0.111750 0.272000 -0.000000
v 0.111750 0.275336 -0.000000
v 0.111750 0.275336 0.195000
v 0.111750 0.272000 0.195000
v 0.116000 0.272000 -0.000000
v 0.111750 0.272000 -0.000000
v 0.111750 0.272000 0.195000
v 0.116000 0.272000 0.195000
v 0.116000 0.270000 -0.000000
v 0.116000 0.272000 -0.000000
v 0.116000 0.272000 0.195000
v 0.116000 0.270000 0.195000
v 0.107000 0.270000 -0.000000
v 0.116000 0.270000 -0.000000
v 0.116000 0.270000 0.195000
v 0.107000 0.270000 0.195000
v 0.105000 0.272000 -0.000000
v 0.105268 0.271000 -0.000000
v 0.106000 0.270268 -0.000000
v 0.107000 0.270000 -0.000000
v 0.107000 0.270000 0.195000
v 0.106000 0.270268 0.195000
v 0.105268 0.271000 0.195000
v 0.105000 0.272000 0.195000
v 0.105000 0.281000 -0.000000
v 0.105000 0.272000 -0.000000
v 0.105000 0.272000 0.195000
v 0.105000 0.281000 0.195000
v 0.107000 0.281000 -0.000000
v 0.105000 0.281000 -0.000000
v 0.105000 0.281000 0.195000
v 0.107000 0.281000 0.195000
v 0.107000 0.276750 -0.000000
v 0.107000 0.281000 -0.000000
v 0.107000 0.281000 0.195000
v 0.107000 0.276750 0.195000
v 0.110336 0.276750 -0.000000
v 0.107000 0.276750 -0.000000
v 0.107000 0.276750 0.195000
v 0.110336 0.276750 0.195000
v 0.114000 0.280414 -0.000000
v 0.110336 0.276750 -0.000000
v 0.110336 0.276750 0.195000
v 0.114000 0.280414 0.195000
v 0.114000 0.289586 -0.000000
v 0.114000 0.280414 -0.000000
v 0.114000 0.280414 0.195000
v 0.114000 0.289586 0.195000
v 0.110336 0.293250 -0.000000
v 0.114000 0.289586 -0.000000
v 0.114000 0.289586 0.195000
v 0.110336 0.293250 0.195000
v 0.107000 0.293250 -0.000000
v 0.110336 0.293250 -0.000000
v 0.110336 0.293250 0.195000
v 0.107000 0.293250 0.195000
v 0.107000 0.289000 -0.000000
v 0.107000 0.293250 -0.000000
v 0.107000 0.293250 0.195000
v 0.107000 0.289000 0.195000
v 0.105000 0.289000 -0.000000
v 0.107000 0.289000 -0.000000
v 0.107000 0.289000 0.195000
v 0.105000 0.289000 0.195000
v 0.105000 0.311000 -0.000000
v 0.105000 0.289000 -0.000000
v 0.105000 0.289000 0.195000
v 0.105000 0.311000 0.195000
v 0.107000 0.311000 -0.000000
v 0.105000 0.311000 -0.000000
v 0.105000 0.311000 0.195000
v 0.107000 0.311000 0.195000
v 0.107000 0.306750 -0.000000
v 0.107000 0.311000 -0.000000
v 0.107000 0.311000 0.195000
v 0.107000 0.306750 0.195000
v 0.110336 0.306750 -0.000000
v 0.107000 0.306750 -0.000000
v 0.107000 0.306750 0.195000
v 0.110336 0.306750 0.195000
v 0.114000 0.310414 -0.000000
v 0.110336 0.306750 -0.000000
v 0.110336 0.306750 0.195000
v 0.114000 0.310414 0.195000
v 0.114000 0.319586 -0.000000
v 0.114000 0.310414 -0.000000
v 0.114000 0.310414 0.195000
v 0.114000 0.319586 0.195000
v 0.110336 0.323250 -0.000000
v 0.114000 0.319586 -0.000000
v 0.114000 0.319586 0.195000
v 0.110336 0.323250 0.195000
v 0.123400 0.315000 0.195000
v 0.121700 0.317944 0.195000
v 0.118300 0.317944 0.195000
v 0.116600 0.315000 0.195000
v 0.118300 0.312056 0.195000
v 0.121700 0.312056 0.195000
v 0.123400 0.315000 -0.000000
v 0.121700 0.312056 -0.000000
v 0.118300 0.312056 -0.000000
v 0.116600 0.315000 -0.000000
v 0.118300 0.317944 -0.000000
v 0.121700 0.317944 -0.000000
v 0.123400 0.315000 -0.000000
v 0.123400 0.315000 0.195000
v 0.153400 0.315000 0.195000
v 0.151700 0.317944 0.195000
v 0.148300 0.317944 0.195000
v 0.146600 0.315000 0.195000
v 0.148300 0.312056 0.195000
v 0.151700 0.312056 0.195000
v 0.146600 0.315000 0.000000
v 0.148300 0.317944 0.000000
v 0.151700 0.317944 0.000000
v 0.153400 0.315000 0.000000
v 0.151700 0.312056 0.000000
v 0.148300 0.312056 0.000000
v 0.146600 0.315000 0.000000
v 0.146600 0.315000 0.195000
v 0.153400 0.285000 0.195000
v 0.151700 0.287944 0.195000
v 0.148300 0.287944 0.195000
v 0.146600 0.285000 0.195000
v 0.148300 0.282056 0.195000
v 0.151700 0.282056 0.195000
v 0.146600 0.285000 0.000000
v 0.148300 0.287944 0.000000
v 0.151700 0.287944 0.000000
v 0.153400 0.285000 0.000000
v 0.151700 0.282056 0.000000
v 0.148300 0.282056 0.000000
v 0.146600 0.285000 0.000000
v 0.146600 0.285000 0.195000
v 0.123400 0.285000 0.195000
v 0.121700 0.287944 0.195000
v 0.118300 0.287944 0.195000
v 0.116600 0.285000 0.195000
v 0.118300 0.282056 0.195000
v 0.121700 0.282056 0.195000
v 0.116600 0.285000 -0.000000
v 0.118300 0.287944 -0.000000
v 0.121700 0.287944 -0.000000
v 0.123400 0.285000 -0.000000
v 0.121700 0.282056 -0.000000
v 0.118300 0.282056 -0.000000
v 0.116600 0.285000 -0.000000
v 0.116600 0.285000 0.195000
v 0.149222 0.308707 0.000000
v 0.154707 0.303222 0.000000
v 0.154707 0.303222 0.195000
v 0.149222 0.308707 0.195000
v 0.148515 0.309000 0.000000
v 0.148774 0.308966 0.000000
v 0.149015 0.308866 0.000000
v 0.149222 0.308707 0.000000
v 0.149222 0.308707 0.195000
v 0.149015 0.308866 0.195000
v 0.148774 0.308966 0.195000
v 0.148515 0.309000 0.195000
v 0.147000 0.309000 0.000000
v 0.148515 0.309000 0.000000
v 0.148515 0.309000 0.195000
v 0.147000 0.309000 0.195000
v 0.144000 0.312000 0.000000
v 0.144402 0.310500 0.000000
v 0.145500 0.309402 0.000000
v 0.147000 0.309000 0.000000
v 0.147000 0.309000 0.195000
v 0.145500 0.309402 0.195000
v 0.144402 0.310500 0.195000
v 0.144000 0.312000 0.195000
v 0.144000 0.313515 0.000000
v 0.144000 0.312000 0.000000
v 0.144000 0.312000 0.195000
v 0.144000 0.313515 0.195000
v 0.143707 0.314222 0.000000
v 0.143866 0.314015 0.000000
v 0.143966 0.313774 0.000000
v 0.144000 0.313515 0.000000
v 0.144000 0.313515 0.195000
v 0.143966 0.313774 0.195000
v 0.143866 0.314015 0.195000
v 0.143707 0.314222 0.195000
v 0.138222 0.319707 0.000000
v 0.143707 0.314222 0.000000
v 0.143707 0.314222 0.195000
v 0.138222 0.319707 0.195000
v 0.137515 0.320000 0.000000
v 0.137774 0.319966 0.000000
v 0.138015 0.319866 0.000000
v 0.138222 0.319707 0.000000
v 0.138222 0.319707 0.195000
v 0.138015 0.319866 0.195000
v 0.137774 0.319966 0.195000
v 0.137515 0.320000 0.195000
v 0.132485 0.320000 0.000000
v 0.137515 0.320000 0.000000
v 0.137515 0.320000 0.195000
v 0.132485 0.320000 0.195000
v 0.131778 0.319707 0.000000
v 0.131985 0.319866 0.000000
v 0.132226 0.319966 0.000000
v 0.132485 0.320000 0.000000
v 0.132485 0.320000 0.195000
v 0.132226 0.319966 0.195000
v 0.131985 0.319866 0.195000
v 0.131778 0.319707 0.195000
v 0.126293 0.314222 0.000000
v 0.131778 0.319707 0.000000
v 0.131778 0.319707 0.195000
v 0.126293 0.314222 0.195000
v 0.126000 0.313515 0.000000
v 0.126034 0.313774 0.000000
v 0.126134 0.314015 0.000000
v 0.126293 0.314222 0.000000
v 0.126293 0.314222 0.195000
v 0.126134 0.314015 0.195000
v 0.126034 0.313774 0.195000
v 0.126000 0.313515 0.195000
v 0.126000 0.312000 0.000000
v 0.126000 0.313515 0.000000
v 0.126000 0.313515 0.195000
v 0.126000 0.312000 0.195000
v 0.123000 0.309000 -0.000000
v 0.124500 0.309402 0.000000
v 0.125598 0.310500 0.000000
v 0.126000 0.312000 0.000000
v 0.126000 0.312000 0.195000
v 0.125598 0.310500 0.195000
v 0.124500 0.309402 0.195000
v 0.123000 0.309000 0.195000
v 0.121485 0.309000 -0.000000
v 0.123000 0.309000 -0.000000
v 0.123000 0.309000 0.195000
v 0.121485 0.309000 0.195000
v 0.120778 0.308707 -0.000000
v 0.120985 0.308866 -0.000000
v 0.121226 0.308966 -0.000000
v 0.121485 0.309000 -0.000000
v 0.121485 0.309000 0.195000
v 0.121226 0.308966 0.195000
v 0.120985 0.308866 0.195000
v 0.120778 0.308707 0.195000
v 0.115293 0.303222 -0.000000
v 0.120778 0.308707 -0.000000
v 0.120778 0.308707 0.195000
v 0.115293 0.303222 0.195000
v 0.115000 0.302515 -0.000000
v 0.115034 0.302774 -0.000000
v 0.115134 0.303015 -0.000000
v 0.115293 0.303222 -0.000000
v 0.115293 0.303222 0.195000
v 0.115134 0.303015 0.195000
v 0.115034 0.302774 0.195000
v 0.115000 0.302515 0.195000
v 0.115000 0.297485 -0.000000
v 0.115000 0.302515 -0.000000
v 0.115000 0.302515 0.195000
v 0.115000 0.297485 0.195000
f 2 4 1
f 1 4 5
f 1 5 90
f 90 5 89
f 89 5 6
f 89 6 101
f 101 6 100
f 100 6 7
f 100 7 99
f 99 7 197
f 99 197 198
f 2 3 4
f 197 7 196
f 196 7 8
f 196 8 195
f 195 8 194
f 194 8 193
f 193 8 192
f 192 8 15
f 192 15 191
f 191 15 190
f 190 15 189
f 189 15 16
f 189 16 188
f 188 16 107
f 188 107 187
f 187 107 108
f 187 108 186
f 186 108 185
f 185 108 184
f 184 108 183
f 183 108 182
f 182 108 181
f 181 108 180
f 180 108 103
f 180 103 179
f 179 103 178
f 178 103 177
f 177 103 31
f 177 31 176
f 176 31 32
f 176 32 175
f 175 32 174
f 174 32 173
f 173 32 39
f 173 39 172
f 172 39 171
f 171 39 170
f 170 39 169
f 169 39 40
f 169 40 168
f 168 40 118
f 168 118 167
f 167 118 166
f 166 118 165
f 165 118 119
f 165 119 164
f 164 119 163
f 163 119 162
f 162 119 161
f 161 119 160
f 160 119 159
f 159 119 158
f 158 119 120
f 158 120 157
f 157 120 55
f 157 55 156
f 156 55 56
f 156 56 155
f 155 56 154
f 154 56 153
f 153 56 152
f 152 56 63
f 152 63 151
f 151 63 150
f 150 63 149
f 149 63 64
f 149 64 148
f 148 64 110
f 148 110 147
f 147 110 111
f 147 111 146
f 146 111 145
f 145 111 144
f 144 111 143
f 143 111 142
f 142 111 141
f 141 111 140
f 140 111 112
f 140 112 139
f 139 112 138
f 138 112 137
f 137 112 79
f 137 79 136
f 136 79 80
f 136 80 135
f 135 80 134
f 134 80 133
f 133 80 87
f 133 87 132
f 132 87 131
f 131 87 130
f 130 87 129
f 129 87 88
f 129 88 128
f 128 88 97
f 128 97 127
f 127 97 126
f 126 97 125
f 125 97 98
f 125 98 124
f 124 98 123
f 123 98 122
f 122 98 121
f 121 98 200
f 200 98 199
f 199 98 198
f 198 98 99
f 8 9 15
f 15 9 14
f 14 9 12
f 14 12 13
f 10 11 9
f 9 11 12
f 107 16 106
f 106 16 17
f 106 17 105
f 105 17 30
f 105 30 104
f 104 30 31
f 104 31 103
f 17 18 30
f 30 18 29
f 29 18 22
f 29 22 25
f 25 22 24
f 24 22 23
f 18 19 22
f 22 19 21
f 21 19 20
f 29 25 28
f 28 25 26
f 28 26 27
f 39 32 38
f 38 32 33
f 38 33 36
f 36 33 35
f 35 33 34
f 36 37 38
f 118 40 117
f 117 40 41
f 117 41 116
f 116 41 54
f 116 54 115
f 115 54 55
f 115 55 120
f 54 41 53
f 53 41 42
f 53 42 49
f 49 42 46
f 49 46 47
f 42 43 46
f 46 43 45
f 45 43 44
f 47 48 49
f 53 49 52
f 52 49 50
f 52 50 51
f 56 57 63
f 63 57 62
f 62 57 59
f 62 59 60
f 57 58 59
f 60 61 62
f 110 64 109
f 109 64 65
f 109 65 114
f 114 65 78
f 114 78 113
f 113 78 79
f 113 79 112
f 65 66 78
f 78 66 77
f 77 66 70
f 77 70 73
f 73 70 71
f 73 71 72
f 66 67 70
f 70 67 69
f 69 67 68
f 77 73 76
f 76 73 74
f 76 74 75
f 87 80 86
f 86 80 81
f 86 81 84
f 84 81 83
f 83 81 82
f 84 85 86
f 97 88 102
f 102 88 89
f 102 89 101
f 1 90 94
f 94 90 91
f 94 91 93
f 93 91 92
f 95 96 94
f 94 96 1
f 280 201 365
f 365 201 202
f 365 202 203
f 203 204 365
f 365 204 364
f 364 204 205
f 364 205 400
f 400 205 206
f 400 206 399
f 399 206 207
f 399 207 208
f 208 209 399
f 399 209 210
f 399 210 211
f 211 212 399
f 399 212 213
f 399 213 398
f 398 213 214
f 398 214 215
f 215 216 398
f 398 216 349
f 398 349 397
f 397 349 350
f 397 350 396
f 396 350 363
f 396 363 395
f 395 363 364
f 395 364 400
f 216 217 349
f 349 217 348
f 348 217 218
f 348 218 219
f 219 220 348
f 348 220 221
f 348 221 341
f 341 221 222
f 341 222 223
f 223 224 341
f 341 224 340
f 340 224 225
f 340 225 389
f 389 225 226
f 389 226 227
f 227 228 389
f 389 228 394
f 394 228 229
f 394 229 230
f 230 231 394
f 394 231 232
f 394 232 233
f 233 234 394
f 394 234 235
f 394 235 393
f 393 235 236
f 393 236 325
f 325 236 237
f 325 237 324
f 324 237 238
f 324 238 239
f 239 240 324
f 324 240 317
f 324 317 318
f 240 241 317
f 317 241 242
f 317 242 243
f 243 244 317
f 317 244 316
f 316 244 245
f 316 245 385
f 385 245 246
f 385 246 384
f 384 246 247
f 384 247 248
f 248 249 384
f 384 249 250
f 384 250 251
f 251 252 384
f 384 252 253
f 384 253 383
f 383 253 254
f 383 254 255
f 255 256 383
f 383 256 301
f 383 301 388
f 388 301 302
f 388 302 387
f 387 302 315
f 387 315 386
f 386 315 316
f 386 316 385
f 256 257 301
f 301 257 300
f 300 257 258
f 300 258 259
f 259 260 300
f 300 260 261
f 300 261 293
f 293 261 262
f 293 262 263
f 263 264 293
f 293 264 292
f 292 264 265
f 292 265 377
f 377 265 266
f 377 266 267
f 267 268 377
f 377 268 382
f 382 268 269
f 382 269 270
f 270 271 382
f 382 271 272
f 382 272 273
f 273 274 382
f 382 274 275
f 382 275 381
f 381 275 276
f 381 276 373
f 373 276 277
f 373 277 372
f 372 277 278
f 372 278 279
f 279 280 372
f 372 280 365
f 372 365 366
f 281 282 376
f 376 282 283
f 376 283 375
f 375 283 290
f 375 290 291
f 290 283 286
f 286 283 284
f 286 284 285
f 290 286 289
f 289 286 287
f 289 287 288
f 292 378 291
f 291 378 379
f 291 379 374
f 374 379 380
f 374 380 373
f 373 380 381
f 300 293 299
f 299 293 294
f 299 294 297
f 297 294 296
f 296 294 295
f 297 298 299
f 315 302 314
f 314 302 303
f 314 303 310
f 310 303 307
f 310 307 309
f 309 307 308
f 303 304 307
f 307 304 306
f 306 304 305
f 314 310 313
f 313 310 311
f 313 311 312
f 319 320 318
f 318 320 321
f 318 321 323
f 323 321 322
f 323 324 318
f 393 325 392
f 392 325 326
f 392 326 391
f 391 326 339
f 391 339 390
f 390 339 340
f 390 340 389
f 326 327 339
f 339 327 338
f 338 327 331
f 338 331 334
f 334 331 333
f 333 331 332
f 327 328 331
f 331 328 330
f 330 328 329
f 338 334 337
f 337 334 335
f 337 335 336
f 348 341 347
f 347 341 342
f 347 342 345
f 345 342 344
f 344 342 343
f 345 346 347
f 363 350 362
f 362 350 351
f 362 351 358
f 358 351 355
f 358 355 356
f 351 352 355
f 355 352 354
f 354 352 353
f 356 357 358
f 362 358 361
f 361 358 359
f 361 359 360
f 367 368 366
f 366 368 371
f 366 371 372
f 368 369 371
f 371 369 370
f 374 375 291
f 377 378 292
f 408 401 407
f 407 401 402
f 407 402 406
f 406 402 403
f 406 403 405
f 405 403 404
f 410 411 409
f 409 411 412
f 420 413 419
f 419 413 414
f 419 414 418
f 418 414 415
f 418 415 417
f 417 415 416
f 421 422 424
f 424 422 423
f 432 425 431
f 431 425 426
f 431 426 430
f 430 426 427
f 430 427 429
f 429 427 428
f 433 434 436
f 436 434 435
f 444 437 443
f 443 437 438
f 443 438 439
f 440 441 439
f 439 441 442
f 439 442 443
f 446 447 445
f 445 447 448
f 456 449 455
f 455 449 450
f 455 450 454
f 454 450 451
f 454 451 453
f 453 451 452
f 457 458 460
f 460 458 459
f 468 461 467
f 467 461 462
f 467 462 466
f 466 462 463
f 466 463 465
f 465 463 464
f 469 470 472
f 472 470 471
f 480 473 479
f 479 473 474
f 479 474 478
f 478 474 475
f 478 475 477
f 477 475 476
f 481 482 484
f 484 482 483
f 492 485 491
f 491 485 486
f 491 486 490
f 490 486 487
f 490 487 489
f 489 487 488
f 494 495 493
f 493 495 496
f 504 497 503
f 503 497 498
f 503 498 499
f 500 501 499
f 499 501 502
f 499 502 503
f 505 506 508
f 508 506 507
f 516 509 515
f 515 509 510
f 515 510 514
f 514 510 511
f 514 511 513
f 513 511 512
f 517 518 520
f 520 518 519
f 522 523 521
f 521 523 524
f 525 526 528
f 528 526 527
f 530 531 529
f 529 531 532
f 534 535 533
f 533 535 536
f 537 538 540
f 540 538 539
f 542 543 541
f 541 543 544
f 546 547 545
f 545 547 548
f 549 550 552
f 552 550 551
f 554 555 553
f 553 555 556
f 557 558 560
f 560 558 559
f 562 563 561
f 561 563 564
f 565 566 568
f 568 566 567
f 570 571 569
f 569 571 572
f 574 575 573
f 573 575 576
f 577 578 580
f 580 578 579
f 582 583 581
f 581 583 584
f 586 587 585
f 585 587 588
f 589 590 592
f 592 590 591
f 594 595 593
f 593 595 596
f 597 598 600
f 600 598 599
f 608 601 607
f 607 601 602
f 607 602 606
f 606 602 603
f 606 603 605
f 605 603 604
f 610 611 609
f 609 611 612
f 613 614 616
f 616 614 615
f 618 619 617
f 617 619 620
f 621 622 624
f 624 622 623
f 626 627 625
f 625 627 628
f 630 631 629
f 629 631 632
f 634 635 633
f 633 635 636
f 637 638 640
f 640 638 639
f 642 643 641
f 641 643 644
f 645 646 648
f 648 646 647
f 650 651 649
f 649 651 652
f 653 654 656
f 656 654 655
f 658 659 657
f 657 659 660
f 661 662 664
f 664 662 663
f 666 667 665
f 665 667 668
f 670 671 669
f 669 671 672
f 674 675 673
f 673 675 676
f 677 678 680
f 680 678 679
f 682 683 681
f 681 683 684
f 685 686 688
f 688 686 687
f 690 691 689
f 689 691 692
f 700 693 699
f 699 693 694
f 699 694 698
f 698 694 695
f 698 695 697
f 697 695 696
f 701 702 704
f 704 702 703
f 712 705 711
f 711 705 706
f 711 706 710
f 710 706 707
f 710 707 709
f 709 707 708
f 714 715 713
f 713 715 716
f 717 718 720
f 720 718 719
f 722 723 721
f 721 723 724
f 725 726 728
f 728 726 727
f 736 729 735
f 735 729 730
f 735 730 734
f 734 730 731
f 734 731 733
f 733 731 732
f 738 739 737
f 737 739 740
f 741 742 744
f 744 742 743
f 746 747 745
f 745 747 748
f 749 750 752
f 752 750 751
f 754 755 753
f 753 755 756
f 758 759 757
f 757 759 760
f 762 763 761
f 761 763 764
f 765 766 768
f 768 766 767
f 770 771 769
f 769 771 772
f 773 774 776
f 776 774 775
f 778 779 777
f 777 779 780
f 781 782 784
f 784 782 783
f 786 787 785
f 785 787 788
f 789 790 792
f 792 790 791
f 794 795 793
f 793 795 796
f 798 799 797
f 797 799 800
f 802 803 801
f 801 803 804
f 805 806 808
f 808 806 807
f 810 811 809
f 809 811 812
f 813 814 816
f 816 814 815
f 818 819 817
f 817 819 820
f 828 821 827
f 827 821 822
f 827 822 826
f 826 822 823
f 826 823 825
f 825 823 824
f 829 830 832
f 832 830 831
f 834 835 833
f 833 835 836
f 837 838 840
f 840 838 839
f 842 843 841
f 841 843 844
f 846 847 845
f 845 847 848
f 849 850 852
f 852 850 851
f 854 855 853
f 853 855 856
f 858 859 857
f 857 859 860
f 861 862 864
f 864 862 863
f 866 867 865
f 865 867 868
f 869 870 872
f 872 870 871
f 874 875 873
f 873 875 876
f 877 878 880
f 880 878 879
f 882 883 881
f 881 883 884
f 886 887 885
f 885 887 888
f 890 891 889
f 889 891 892
f 894 895 893
f 893 895 896
f 898 908 897
f 897 908 909
f 910 903 902
f 902 903 904
f 902 904 901
f 901 904 905
f 901 905 900
f 900 905 906
f 900 906 899
f 899 906 907
f 899 907 898
f 898 907 908
f 912 919 911
f 911 919 920
f 911 920 916
f 916 920 921
f 916 921 915
f 915 921 922
f 915 922 914
f 914 922 923
f 924 917 913
f 913 917 918
f 913 918 912
f 912 918 919
f 926 933 925
f 925 933 934
f 925 934 930
f 930 934 935
f 930 935 929
f 929 935 936
f 929 936 928
f 928 936 937
f 938 931 927
f 927 931 932
f 927 932 926
f 926 932 933
f 940 947 939
f 939 947 948
f 939 948 944
f 944 948 949
f 944 949 943
f 943 949 950
f 943 950 942
f 942 950 951
f 952 945 941
f 941 945 946
f 941 946 940
f 940 946 947
f 953 954 956
f 956 954 955
f 964 957 963
f 963 957 958
f 963 958 962
f 962 958 959
f 962 959 961
f 961 959 960
f 965 966 968
f 968 966 967
f 976 969 975
f 975 969 970
f 975 970 971
f 972 973 971
f 971 973 974
f 971 974 975
f 978 979 977
f 977 979 980
f 988 981 987
f 987 981 982
f 987 982 986
f 986 982 983
f 986 983 985
f 985 983 984
f 989 990 992
f 992 990 991
f 1000 993 999
f 999 993 994
f 999 994 998
f 998 994 995
f 998 995 997
f 997 995 996
f 1001 1002 1004
f 1004 1002 1003
f 1012 1005 1011
f 1011 1005 1006
f 1011 1006 1010
f 1010 1006 1007
f 1010 1007 1009
f 1009 1007 1008
f 1013 1014 1016
f 1016 1014 1015
f 1024 1017 1023
f 1023 1017 1018
f 1023 1018 1022
f 1022 1018 1019
f 1022 1019 1021
f 1021 1019 1020
f 1026 1027 1025
f 1025 1027 1028
f 1036 1029 1035
f 1035 1029 1030
f 1035 1030 1031
f 1032 1033 1031
f 1031 1033 1034
f 1031 1034 1035
f 1037 1038 1040
f 1040 1038 1039
f 1048 1041 1047
f 1047 1041 1042
f 1047 1042 1046
f 1046 1042 1043
f 1046 1043 1045
f 1045 1043 1044
f 1049 1050 1052
f 1052 1050 1051
f 1060 1053 1059
f 1059 1053 1054
f 1059 1054 1058
f 1058 1054 1055
f 1058 1055 1057
f 1057 1055 1056
f 1062 1063 1061
f 1061 1063 1064
f 1066 1068 1065
f 1065 1068 1069
f 1065 1069 1154
f 1154 1069 1153
f 1153 1069 1070
f 1153 1070 1165
f 1165 1070 1164
f 1164 1070 1071
f 1164 1071 1163
f 1163 1071 1261
f 1163 1261 1262
f 1066 1067 1068
f 1261 1071 1260
f 1260 1071 1072
f 1260 1072 1259
f 1259 1072 1258
f 1258 1072 1257
f 1257 1072 1256
f 1256 1072 1079
f 1256 1079 1255
f 1255 1079 1254
f 1254 1079 1253
f 1253 1079 1080
f 1253 1080 1252
f 1252 1080 1171
f 1252 1171 1251
f 1251 1171 1172
f 1251 1172 1250
f 1250 1172 1249
f 1249 1172 1248
f 1248 1172 1247
f 1247 1172 1246
f 1246 1172 1245
f 1245 1172 1244
f 1244 1172 1167
f 1244 1167 1243
f 1243 1167 1242
f 1242 1167 1241
f 1241 1167 1095
f 1241 1095 1240
f 1240 1095 1096
f 1240 1096 1239
f 1239 1096 1238
f 1238 1096 1237
f 1237 1096 1103
f 1237 1103 1236
f 1236 1103 1235
f 1235 1103 1234
f 1234 1103 1233
f 1233 1103 1104
f 1233 1104 1232
f 1232 1104 1182
f 1232 1182 1231
f 1231 1182 1230
f 1230 1182 1229
f 1229 1182 1183
f 1229 1183 1228
f 1228 1183 1227
f 1227 1183 1226
f 1226 1183 1225
f 1225 1183 1224
f 1224 1183 1223
f 1223 1183 1222
f 1222 1183 1184
f 1222 1184 1221
f 1221 1184 1119
f 1221 1119 1220
f 1220 1119 1120
f 1220 1120 1219
f 1219 1120 1218
f 1218 1120 1217
f 1217 1120 1216
f 1216 1120 1127
f 1216 1127 1215
f 1215 1127 1214
f 1214 1127 1213
f 1213 1127 1128
f 1213 1128 1212
f 1212 1128 1174
f 1212 1174 1211
f 1211 1174 1175
f 1211 1175 1210
f 1210 1175 1209
f 1209 1175 1208
f 1208 1175 1207
f 1207 1175 1206
f 1206 1175 1205
f 1205 1175 1204
f 1204 1175 1176
f 1204 1176 1203
f 1203 1176 1202
f 1202 1176 1201
f 1201 1176 1143
f 1201 1143 1200
f 1200 1143 1144
f 1200 1144 1199
f 1199 1144 1198
f 1198 1144 1197
f 1197 1144 1151
f 1197 1151 1196
f 1196 1151 1195
f 1195 1151 1194
f 1194 1151 1193
f 1193 1151 1152
f 1193 1152 1192
f 1192 1152 1161
f 1192 1161 1191
f 1191 1161 1190
f 1190 1161 1189
f 1189 1161 1162
f 1189 1162 1188
f 1188 1162 1187
f 1187 1162 1186
f 1186 1162 1185
f 1185 1162 1264
f 1264 1162 1263
f 1263 1162 1262
f 1262 1162 1163
f 1072 1073 1079
f 1079 1073 1078
f 1078 1073 1076
f 1078 1076 1077
f 1074 1075 1073
f 1073 1075 1076
f 1171 1080 1170
f 1170 1080 1081
f 1170 1081 1169
f 1169 1081 1094
f 1169 1094 1168
f 1168 1094 1095
f 1168 1095 1167
f 1081 1082 1094
f 1094 1082 1093
f 1093 1082 1086
f 1093 1086 1089
f 1089 1086 1088
f 1088 1086 1087
f 1082 1083 1086
f 1086 1083 1085
f 1085 1083 1084
f 1093 1089 1092
f 1092 1089 1090
f 1092 1090 1091
f 1103 1096 1102
f 1102 1096 1097
f 1102 1097 1100
f 1100 1097 1099
f 1099 1097 1098
f 1100 1101 1102
f 1182 1104 1181
f 1181 1104 1105
f 1181 1105 1180
f 1180 1105 1118
f 1180 1118 1179
f 1179 1118 1119
f 1179 1119 1184
f 1118 1105 1117
f 1117 1105 1106
f 1117 1106 1113
f 1113 1106 1110
f 1113 1110 1111
f 1106 1107 1110
f 1110 1107 1109
f 1109 1107 1108
f 1111 1112 1113
f 1117 1113 1116
f 1116 1113 1114
f 1116 1114 1115
f 1120 1121 1127
f 1127 1121 1126
f 1126 1121 1123
f 1126 1123 1124
f 1121 1122 1123
f 1124 1125 1126
f 1174 1128 1173
f 1173 1128 1129
f 1173 1129 1178
f 1178 1129 1142
f 1178 1142 1177
f 1177 1142 1143
f 1177 1143 1176
f 1129 1130 1142
f 1142 1130 1141
f 1141 1130 1134
f 1141 1134 1137
f 1137 1134 1135
f 1137 1135 1136
f 1130 1131 1134
f 1134 1131 1133
f 1133 1131 1132
f 1141 1137 1140
f 1140 1137 1138
f 1140 1138 1139
f 1151 1144 1150
f 1150 1144 1145
f 1150 1145 1148
f 1148 1145 1147
f 1147 1145 1146
f 1148 1149 1150
f 1161 1152 1166
f 1166 1152 1153
f 1166 1153 1165
f 1065 1154 1158
f 1158 1154 1155
f 1158 1155 1157
f 1157 1155 1156
f 1159 1160 1158
f 1158 1160 1065
f 1344 1265 1429
f 1429 1265 1266
f 1429 1266 1267
f 1267 1268 1429
f 1429 1268 1428
f 1428 1268 1269
f 1428 1269 1464
f 1464 1269 1270
f 1464 1270 1463
f 1463 1270 1271
f 1463 1271 1272
f 1272 1273 1463
f 1463 1273 1274
f 1463 1274 1275
f 1275 1276 1463
f 1463 1276 1277
f 1463 1277 1462
f 1462 1277 1278
f 1462 1278 1279
f 1279 1280 1462
f 1462 1280 1413
f 1462 1413 1461
f 1461 1413 1414
f 1461 1414 1460
f 1460 1414 1427
f 1460 1427 1459
f 1459 1427 1428
f 1459 1428 1464
f 1280 1281 1413
f 1413 1281 1412
f 1412 1281 1282
f 1412 1282 1283
f 1283 1284 1412
f 1412 1284 1285
f 1412 1285 1405
f 1405 1285 1286
f 1405 1286 1287
f 1287 1288 1405
f 1405 1288 1404
f 1404 1288 1289
f 1404 1289 1453
f 1453 1289 1290
f 1453 1290 1291
f 1291 1292 1453
f 1453 1292 1458
f 1458 1292 1293
f 1458 1293 1294
f 1294 1295 1458
f 1458 1295 1296
f 1458 1296 1297
f 1297 1298 1458
f 1458 1298 1299
f 1458 1299 1457
f 1457 1299 1300
f 1457 1300 1389
f 1389 1300 1301
f 1389 1301 1388
f 1388 1301 1302
f 1388 1302 1303
f 1303 1304 1388
f 1388 1304 1381
f 1388 1381 1382
f 1304 1305 1381
f 1381 1305 1306
f 1381 1306 1307
f 1307 1308 1381
f 1381 1308 1380
f 1380 1308 1309
f 1380 1309 1449
f 1449 1309 1310
f 1449 1310 1448
f 1448 1310 1311
f 1448 1311 1312
f 1312 1313 1448
f 1448 1313 1314
f 1448 1314 1315
f 1315 1316 1448
f 1448 1316 1317
f 1448 1317 1447
f 1447 1317 1318
f 1447 1318 1319
f 1319 1320 1447
f 1447 1320 1365
f 1447 1365 1452
f 1452 1365 1366
f 1452 1366 1451
f 1451 1366 1379
f 1451 1379 1450
f 1450 1379 1380
f 1450 1380 1449
f 1320 1321 1365
f 1365 1321 1364
f 1364 1321 1322
f 1364 1322 1323
f 1323 1324 1364
f 1364 1324 1325
f 1364 1325 1357
f 1357 1325 1326
f 1357 1326 1327
f 1327 1328 1357
f 1357 1328 1356
f 1356 1328 1329
f 1356 1329 1441
f 1441 1329 1330
f 1441 1330 1331
f 1331 1332 1441
f 1441 1332 1446
f 1446 1332 1333
f 1446 1333 1334
f 1334 1335 1446
f 1446 1335 1336
f 1446 1336 1337
f 1337 1338 1446
f 1446 1338 1339
f 1446 1339 1445
f 1445 1339 1340
f 1445 1340 1437
f 1437 1340 1341
f 1437 1341 1436
f 1436 1341 1342
f 1436 1342 1343
f 1343 1344 1436
f 1436 1344 1429
f 1436 1429 1430
f 1345 1346 1440
f 1440 1346 1347
f 1440 1347 1439
f 1439 1347 1354
f 1439 1354 1355
f 1354 1347 1350
f 1350 1347 1348
f 1350 1348 1349
f 1354 1350 1353
f 1353 1350 1351
f 1353 1351 1352
f 1356 1442 1355
f 1355 1442 1443
f 1355 1443 1438
f 1438 1443 1444
f 1438 1444 1437
f 1437 1444 1445
f 1364 1357 1363
f 1363 1357 1358
f 1363 1358 1361
f 1361 1358 1360
f 1360 1358 1359
f 1361 1362 1363
f 1379 1366 1378
f 1378 1366 1367
f 1378 1367 1374
f 1374 1367 1371
f 1374 1371 1373
f 1373 1371 1372
f 1367 1368 1371
f 1371 1368 1370
f 1370 1368 1369
f 1378 1374 1377
f 1377 1374 1375
f 1377 1375 1376
f 1383 1384 1382
f 1382 1384 1385
f 1382 1385 1387
f 1387 1385 1386
f 1387 1388 1382
f 1457 1389 1456
f 1456 1389 1390
f 1456 1390 1455
f 1455 1390 1403
f 1455 1403 1454
f 1454 1403 1404
f 1454 1404 1453
f 1390 1391 1403
f 1403 1391 1402
f 1402 1391 1395
f 1402 1395 1398
f 1398 1395 1397
f 1397 1395 1396
f 1391 1392 1395
f 1395 1392 1394
f 1394 1392 1393
f 1402 1398 1401
f 1401 1398 1399
f 1401 1399 1400
f 1412 1405 1411
f 1411 1405 1406
f 1411 1406 1409
f 1409 1406 1408
f 1408 1406 1407
f 1409 1410 1411
f 1427 1414 1426
f 1426 1414 1415
f 1426 1415 1422
f 1422 1415 1419
f 1422 1419 1420
f 1415 1416 1419
f 1419 1416 1418
f 1418 1416 1417
f 1420 1421 1422
f 1426 1422 1425
f 1425 1422 1423
f 1425 1423 1424
f 1431 1432 1430
f 1430 1432 1435
f 1430 1435 1436
f 1432 1433 1435
f 1435 1433 1434
f 1438 1439 1355
f 1441 1442 1356
f 1472 1465 1471
f 1471 1465 1466
f 1471 1466 1470
f 1470 1466 1467
f 1470 1467 1469
f 1469 1467 1468
f 1474 1475 1473
f 1473 1475 1476
f 1484 1477 1483
f 1483 1477 1478
f 1483 1478 1482
f 1482 1478 1479
f 1482 1479 1481
f 1481 1479 1480
f 1485 1486 1488
f 1488 1486 1487
f 1496 1489 1495
f 1495 1489 1490
f 1495 1490 1494
f 1494 1490 1491
f 1494 1491 1493
f 1493 1491 1492
f 1497 1498 1500
f 1500 1498 1499
f 1508 1501 1507
f 1507 1501 1502
f 1507 1502 1503
f 1504 1505 1503
f 1503 1505 1506
f 1503 1506 1507
f 1510 1511 1509
f 1509 1511 1512
f 1520 1513 1519
f 1519 1513 1514
f 1519 1514 1518
f 1518 1514 1515
f 1518 1515 1517
f 1517 1515 1516
f 1521 1522 1524
f 1524 1522 1523
f 1532 1525 1531
f 1531 1525 1526
f 1531 1526 1530
f 1530 1526 1527
f 1530 1527 1529
f 1529 1527 1528
f 1533 1534 1536
f 1536 1534 1535
f 1544 1537 1543
f 1543 1537 1538
f 1543 1538 1542
f 1542 1538 1539
f 1542 1539 1541
f 1541 1539 1540
f 1545 1546 1548
f 1548 1546 1547
f 1556 1549 1555
f 1555 1549 1550
f 1555 1550 1554
f 1554 1550 1551
f 1554 1551 1553
f 1553 1551 1552
f 1558 1559 1557
f 1557 1559 1560
f 1568 1561 1567
f 1567 1561 1562
f 1567 1562 1563
f 1564 1565 1563
f 1563 1565 1566
f 1563 1566 1567
f 1569 1570 1572
f 1572 1570 1571
f 1580 1573 1579
f 1579 1573 1574
f 1579 1574 1578
f 1578 1574 1575
f 1578 1575 1577
f 1577 1575 1576
f 1581 1582 1584
f 1584 1582 1583
f 1586 1587 1585
f 1585 1587 1588
f 1589 1590 1592
f 1592 1590 1591
f 1594 1595 1593
f 1593 1595 1596
f 1598 1599 1597
f 1597 1599 1600
f 1601 1602 1604
f 1604 1602 1603
f 1606 1607 1605
f 1605 1607 1608
f 1610 1611 1609
f 1609 1611 1612
f 1613 1614 1616
f 1616 1614 1615
f 1618 1619 1617
f 1617 1619 1620
f 1621 1622 1624
f 1624 1622 1623
f 1626 1627 1625
f 1625 1627 1628
f 1629 1630 1632
f 1632 1630 1631
f 1634 1635 1633
f 1633 1635 1636
f 1638 1639 1637
f 1637 1639 1640
f 1641 1642 1644
f 1644 1642 1643
f 1646 1647 1645
f 1645 1647 1648
f 1650 1651 1649
f 1649 1651 1652
f 1653 1654 1656
f 1656 1654 1655
f 1658 1659 1657
f 1657 1659 1660
f 1661 1662 1664
f 1664 1662 1663
f 1672 1665 1671
f 1671 1665 1666
f 1671 1666 1670
f 1670 1666 1667
f 1670 1667 1669
f 1669 1667 1668
f 1674 1675 1673
f 1673 1675 1676
f 1677 1678 1680
f 1680 1678 1679
f 1682 1683 1681
f 1681 1683 1684
f 1685 1686 1688
f 1688 1686 1687
f 1690 1691 1689
f 1689 1691 1692
f 1694 1695 1693
f 1693 1695 1696
f 1698 1699 1697
f 1697 1699 1700
f 1701 1702 1704
f 1704 1702 1703
f 1706 1707 1705
f 1705 1707 1708
f 1709 1710 1712
f 1712 1710 1711
f 1714 1715 1713
f 1713 1715 1716
f 1717 1718 1720
f 1720 1718 1719
f 1722 1723 1721
f 1721 1723 1724
f 1725 1726 1728
f 1728 1726 1727
f 1730 1731 1729
f 1729 1731 1732
f 1734 1735 1733
f 1733 1735 1736
f 1738 1739 1737
f 1737 1739 1740
f 1741 1742 1744
f 1744 1742 1743
f 1746 1747 1745
f 1745 1747 1748
f 1749 1750 1752
f 1752 1750 1751
f 1754 1755 1753
f 1753 1755 1756
f 1764 1757 1763
f 1763 1757 1758
f 1763 1758 1762
f 1762 1758 1759
f 1762 1759 1761
f 1761 1759 1760
f 1765 1766 1768
f 1768 1766 1767
f 1776 1769 1775
f 1775 1769 1770
f 1775 1770 1774
f 1774 1770 1771
f 1774 1771 1773
f 1773 1771 1772
f 1778 1779 1777
f 1777 1779 1780
f 1781 1782 1784
f 1784 1782 1783
f 1786 1787 1785
f 1785 1787 1788
f 1789 1790 1792
f 1792 1790 1791
f 1800 1793 1799
f 1799 1793 1794
f 1799 1794 1798
f 1798 1794 1795
f 1798 1795 1797
f 1797 1795 1796
f 1802 1803 1801
f 1801 1803 1804
f 1805 1806 1808
f 1808 1806 1807
f 1810 1811 1809
f 1809 1811 1812
f 1813 1814 1816
f 1816 1814 1815
f 1818 1819 1817
f 1817 1819 1820
f 1822 1823 1821
f 1821 1823 1824
f 1826 1827 1825
f 1825 1827 1828
f 1829 1830 1832
f 1832 1830 1831
f 1834 1835 1833
f 1833 1835 1836
f 1837 1838 1840
f 1840 1838 1839
f 1842 1843 1841
f 1841 1843 1844
f 1845 1846 1848
f 1848 1846 1847
f 1850 1851 1849
f 1849 1851 1852
f 1853 1854 1856
f 1856 1854 1855
f 1858 1859 1857
f 1857 1859 1860
f 1862 1863 1861
f 1861 1863 1864
f 1866 1867 1865
f 1865 1867 1868
f 1869 1870 1872
f 1872 1870 1871
f 1874 1875 1873
f 1873 1875 1876
f 1877 1878 1880
f 1880 1878 1879
f 1882 1883 1881
f 1881 1883 1884
f 1892 1885 1891
f 1891 1885 1886
f 1891 1886 1890
f 1890 1886 1887
f 1890 1887 1889
f 1889 1887 1888
f 1893 1894 1896
f 1896 1894 1895
f 1898 1899 1897
f 1897 1899 1900
f 1901 1902 1904
f 1904 1902 1903
f 1906 1907 1905
f 1905 1907 1908
f 1910 1911 1909
f 1909 1911 1912
f 1913 1914 1916
f 1916 1914 1915
f 1918 1919 1917
f 1917 1919 1920
f 1922 1923 1921
f 1921 1923 1924
f 1925 1926 1928
f 1928 1926 1927
f 1930 1931 1929
f 1929 1931 1932
f 1933 1934 1936
f 1936 1934 1935
f 1938 1939 1937
f 1937 1939 1940
f 1941 1942 1944
f 1944 1942 1943
f 1946 1947 1945
f 1945 1947 1948
f 1950 1951 1949
f 1949 1951 1952
f 1954 1955 1953
f 1953 1955 1956
f 1958 1959 1957
f 1957 1959 1960
f 1962 1972 1961
f 1961 1972 1973
f 1974 1967 1966
f 1966 1967 1968
f 1966 1968 1965
f 1965 1968 1969
f 1965 1969 1964
f 1964 1969 1970
f 1964 1970 1963
f 1963 1970 1971
f 1963 1971 1962
f 1962 1971 1972
f 1976 1983 1975
f 1975 1983 1984
f 1975 1984 1980
f 1980 1984 1985
f 1980 1985 1979
f 1979 1985 1986
f 1979 1986 1978
f 1978 1986 1987
f 1988 1981 1977
f 1977 1981 1982
f 1977 1982 1976
f 1976 1982 1983
f 1990 1997 1989
f 1989 1997 1998
f 1989 1998 1994
f 1994 1998 1999
f 1994 1999 1993
f 1993 1999 2000
f 1993 2000 1992
f 1992 2000 2001
f 2002 1995 1991
f 1991 1995 1996
f 1991 1996 1990
f 1990 1996 1997
f 2004 2011 2003
f 2003 2011 2012
f 2003 2012 2008
f 2008 2012 2013
f 2008 2013 2007
f 2007 2013 2014
f 2007 2014 2006
f 2006 2014 2015
f 2016 2009 2005
f 2005 2009 2010
f 2005 2010 2004
f 2004 2010 2011
f 2017 2018 2020
f 2020 2018 2019
f 2028 2021 2027
f 2027 2021 2022
f 2027 2022 2026
f 2026 2022 2023
f 2026 2023 2025
f 2025 2023 2024
f 2029 2030 2032
f 2032 2030 2031
f 2040 2033 2039
f 2039 2033 2034
f 2039 2034 2035
f 2036 2037 2035
f 2035 2037 2038
f 2035 2038 2039
f 2042 2043 2041
f 2041 2043 2044
f 2052 2045 2051
f 2051 2045 2046
f 2051 2046 2050
f 2050 2046 2047
f 2050 2047 2049
f 2049 2047 2048
f 2053 2054 2056
f 2056 2054 2055
f 2064 2057 2063
f 2063 2057 2058
f 2063 2058 2062
f 2062 2058 2059
f 2062 2059 2061
f 2061 2059 2060
f 2065 2066 2068
f 2068 2066 2067
f 2076 2069 2075
f 2075 2069 2070
f 2075 2070 2074
f 2074 2070 2071
f 2074 2071 2073
f 2073 2071 2072
f 2077 2078 2080
f 2080 2078 2079
f 2088 2081 2087
f 2087 2081 2082
f 2087 2082 2086
f 2086 2082 2083
f 2086 2083 2085
f 2085 2083 2084
f 2090 2091 2089
f 2089 2091 2092
f 2100 2093 2099
f 2099 2093 2094
f 2099 2094 2095
f 2096 2097 2095
f 2095 2097 2098
f 2095 2098 2099
f 2101 2102 2104
f 2104 2102 2103
f 2112 2105 2111
f 2111 2105 2106
f 2111 2106 2110
f 2110 2106 2107
f 2110 2107 2109
f 2109 2107 2108
f 2113 2114 2116
f 2116 2114 2115
f 2124 2117 2123
f 2123 2117 2118
f 2123 2118 2122
f 2122 2118 2119
f 2122 2119 2121
f 2121 2119 2120
f 2126 2127 2125
f 2125 2127 2128
f 2130 2132 2129
f 2129 2132 2133
f 2129 2133 2218
f 2218 2133 2217
f 2217 2133 2134
f 2217 2134 2229
f 2229 2134 2228
f 2228 2134 2135
f 2228 2135 2227
f 2227 2135 2325
f 2227 2325 2326
f 2130 2131 2132
f 2325 2135 2324
f 2324 2135 2136
f 2324 2136 2323
f 2323 2136 2322
f 2322 2136 2321
f 2321 2136 2320
f 2320 2136 2143
f 2320 2143 2319
f 2319 2143 2318
f 2318 2143 2317
f 2317 2143 2144
f 2317 2144 2316
f 2316 2144 2235
f 2316 2235 2315
f 2315 2235 2236
f 2315 2236 2314
f 2314 2236 2313
f 2313 2236 2312
f 2312 2236 2311
f 2311 2236 2310
f 2310 2236 2309
f 2309 2236 2308
f 2308 2236 2231
f 2308 2231 2307
f 2307 2231 2306
f 2306 2231 2305
f 2305 2231 2159
f 2305 2159 2304
f 2304 2159 2160
f 2304 2160 2303
f 2303 2160 2302
f 2302 2160 2301
f 2301 2160 2167
f 2301 2167 2300
f 2300 2167 2299
f 2299 2167 2298
f 2298 2167 2297
f 2297 2167 2168
f 2297 2168 2296
f 2296 2168 2246
f 2296 2246 2295
f 2295 2246 2294
f 2294 2246 2293
f 2293 2246 2247
f 2293 2247 2292
f 2292 2247 2291
f 2291 2247 2290
f 2290 2247 2289
f 2289 2247 2288
f 2288 2247 2287
f 2287 2247 2286
f 2286 2247 2248
f 2286 2248 2285
f 2285 2248 2183
f 2285 2183 2284
f 2284 2183 2184
f 2284 2184 2283
f 2283 2184 2282
f 2282 2184 2281
f 2281 2184 2280
f 2280 2184 2191
f 2280 2191 2279
f 2279 2191 2278
f 2278 2191 2277
f 2277 2191 2192
f 2277 2192 2276
f 2276 2192 2238
f 2276 2238 2275
f 2275 2238 2239
f 2275 2239 2274
f 2274 2239 2273
f 2273 2239 2272
f 2272 2239 2271
f 2271 2239 2270
f 2270 2239 2269
f 2269 2239 2268
f 2268 2239 2240
f 2268 2240 2267
f 2267 2240 2266
f 2266 2240 2265
f 2265 2240 2207
f 2265 2207 2264
f 2264 2207 2208
f 2264 2208 2263
f 2263 2208 2262
f 2262 2208 2261
f 2261 2208 2215
f 2261 2215 2260
f 2260 2215 2259
f 2259 2215 2258
f 2258 2215 2257
f 2257 2215 2216
f 2257 2216 2256
f 2256 2216 2225
f 2256 2225 2255
f 2255 2225 2254
f 2254 2225 2253
f 2253 2225 2226
f 2253 2226 2252
f 2252 2226 2251
f 2251 2226 2250
f 2250 2226 2249
f 2249 2226 2328
f 2328 2226 2327
f 2327 2226 2326
f 2326 2226 2227
f 2136 2137 2143
f 2143 2137 2142
f 2142 2137 2140
f 2142 2140 2141
f 2138 2139 2137
f 2137 2139 2140
f 2235 2144 2234
f 2234 2144 2145
f 2234 2145 2233
f 2233 2145 2158
f 2233 2158 2232
f 2232 2158 2159
f 2232 2159 2231
f 2145 2146 2158
f 2158 2146 2157
f 2157 2146 2150
f 2157 2150 2153
f 2153 2150 2152
f 2152 2150 2151
f 2146 2147 2150
f 2150 2147 2149
f 2149 2147 2148
f 2157 2153 2156
f 2156 2153 2154
f 2156 2154 2155
f 2167 2160 2166
f 2166 2160 2161
f 2166 2161 2164
f 2164 2161 2163
f 2163 2161 2162
f 2164 2165 2166
f 2246 2168 2245
f 2245 2168 2169
f 2245 2169 2244
f 2244 2169 2182
f 2244 2182 2243
f 2243 2182 2183
f 2243 2183 2248
f 2182 2169 2181
f 2181 2169 2170
f 2181 2170 2177
f 2177 2170 2174
f 2177 2174 2175
f 2170 2171 2174
f 2174 2171 2173
f 2173 2171 2172
f 2175 2176 2177
f 2181 2177 2180
f 2180 2177 2178
f 2180 2178 2179
f 2184 2185 2191
f 2191 2185 2190
f 2190 2185 2187
f 2190 2187 2188
f 2185 2186 2187
f 2188 2189 2190
f 2238 2192 2237
f 2237 2192 2193
f 2237 2193 2242
f 2242 2193 2206
f 2242 2206 2241
f 2241 2206 2207
f 2241 2207 2240
f 2193 2194 2206
f 2206 2194 2205
f 2205 2194 2198
f 2205 2198 2201
f 2201 2198 2199
f 2201 2199 2200
f 2194 2195 2198
f 2198 2195 2197
f 2197 2195 2196
f 2205 2201 2204
f 2204 2201 2202
f 2204 2202 2203
f 2215 2208 2214
f 2214 2208 2209
f 2214 2209 2212
f 2212 2209 2211
f 2211 2209 2210
f 2212 2213 2214
f 2225 2216 2230
f 2230 2216 2217
f 2230 2217 2229
f 2129 2218 2222
f 2222 2218 2219
f 2222 2219 2221
f 2221 2219 2220
f 2223 2224 2222
f 2222 2224 2129
f 2408 2329 2493
f 2493 2329 2330
f 2493 2330 2331
f 2331 2332 2493
f 2493 2332 2492
f 2492 2332 2333
f 2492 2333 2528
f 2528 2333 2334
f 2528 2334 2527
f 2527 2334 2335
f 2527 2335 2336
f 2336 2337 2527
f 2527 2337 2338
f 2527 2338 2339
f 2339 2340 2527
f 2527 2340 2341
f 2527 2341 2526
f 2526 2341 2342
f 2526 2342 2343
f 2343 2344 2526
f 2526 2344 2477
f 2526 2477 2525
f 2525 2477 2478
f 2525 2478 2524
f 2524 2478 2491
f 2524 2491 2523
f 2523 2491 2492
f 2523 2492 2528
f 2344 2345 2477
f 2477 2345 2476
f 2476 2345 2346
f 2476 2346 2347
f 2347 2348 2476
f 2476 2348 2349
f 2476 2349 2469
f 2469 2349 2350
f 2469 2350 2351
f 2351 2352 2469
f 2469 2352 2468
f 2468 2352 2353
f 2468 2353 2517
f 2517 2353 2354
f 2517 2354 2355
f 2355 2356 2517
f 2517 2356 2522
f 2522 2356 2357
f 2522 2357 2358
f 2358 2359 2522
f 2522 2359 2360
f 2522 2360 2361
f 2361 2362 2522
f 2522 2362 2363
f 2522 2363 2521
f 2521 2363 2364
f 2521 2364 2453
f 2453 2364 2365
f 2453 2365 2452
f 2452 2365 2366
f 2452 2366 2367
f 2367 2368 2452
f 2452 2368 2445
f 2452 2445 2446
f 2368 2369 2445
f 2445 2369 2370
f 2445 2370 2371
f 2371 2372 2445
f 2445 2372 2444
f 2444 2372 2373
f 2444 2373 2513
f 2513 2373 2374
f 2513 2374 2512
f 2512 2374 2375
f 2512 2375 2376
f 2376 2377 2512
f 2512 2377 2378
f 2512 2378 2379
f 2379 2380 2512
f 2512 2380 2381
f 2512 2381 2511
f 2511 2381 2382
f 2511 2382 2383
f 2383 2384 2511
f 2511 2384 2429
f 2511 2429 2516
f 2516 2429 2430
f 2516 2430 2515
f 2515 2430 2443
f 2515 2443 2514
f 2514 2443 2444
f 2514 2444 2513
f 2384 2385 2429
f 2429 2385 2428
f 2428 2385 2386
f 2428 2386 2387
f 2387 2388 2428
f 2428 2388 2389
f 2428 2389 2421
f 2421 2389 2390
f 2421 2390 2391
f 2391 2392 2421
f 2421 2392 2420
f 2420 2392 2393
f 2420 2393 2505
f 2505 2393 2394
f 2505 2394 2395
f 2395 2396 2505
f 2505 2396 2510
f 2510 2396 2397
f 2510 2397 2398
f 2398 2399 2510
f 2510 2399 2400
f 2510 2400 2401
f 2401 2402 2510
f 2510 2402 2403
f 2510 2403 2509
f 2509 2403 2404
f 2509 2404 2501
f 2501 2404 2405
f 2501 2405 2500
f 2500 2405 2406
f 2500 2406 2407
f 2407 2408 2500
f 2500 2408 2493
f 2500 2493 2494
f 2409 2410 2504
f 2504 2410 2411
f 2504 2411 2503
f 2503 2411 2418
f 2503 2418 2419
f 2418 2411 2414
f 2414 2411 2412
f 2414 2412 2413
f 2418 2414 2417
f 2417 2414 2415
f 2417 2415 2416
f 2420 2506 2419
f 2419 2506 2507
f 2419 2507 2502
f 2502 2507 2508
f 2502 2508 2501
f 2501 2508 2509
f 2428 2421 2427
f 2427 2421 2422
f 2427 2422 2425
f 2425 2422 2424
f 2424 2422 2423
f 2425 2426 2427
f 2443 2430 2442
f 2442 2430 2431
f 2442 2431 2438
f 2438 2431 2435
f 2438 2435 2437
f 2437 2435 2436
f 2431 2432 2435
f 2435 2432 2434
f 2434 2432 2433
f 2442 2438 2441
f 2441 2438 2439
f 2441 2439 2440
f 2447 2448 2446
f 2446 2448 2449
f 2446 2449 2451
f 2451 2449 2450
f 2451 2452 2446
f 2521 2453 2520
f 2520 2453 2454
f 2520 2454 2519
f 2519 2454 2467
f 2519 2467 2518
f 2518 2467 2468
f 2518 2468 2517
f 2454 2455 2467
f 2467 2455 2466
f 2466 2455 2459
f 2466 2459 2462
f 2462 2459 2461
f 2461 2459 2460
f 2455 2456 2459
f 2459 2456 2458
f 2458 2456 2457
f 2466 2462 2465
f 2465 2462 2463
f 2465 2463 2464
f 2476 2469 2475
f 2475 2469 2470
f 2475 2470 2473
f 2473 2470 2472
f 2472 2470 2471
f 2473 2474 2475
f 2491 2478 2490
f 2490 2478 2479
f 2490 2479 2486
f 2486 2479 2483
f 2486 2483 2484
f 2479 2480 2483
f 2483 2480 2482
f 2482 2480 2481
f 2484 2485 2486
f 2490 2486 2489
f 2489 2486 2487
f 2489 2487 2488
f 2495 2496 2494
f 2494 2496 2499
f 2494 2499 2500
f 2496 2497 2499
f 2499 2497 2498
f 2502 2503 2419
f 2505 2506 2420
f 2536 2529 2535
f 2535 2529 2530
f 2535 2530 2534
f 2534 2530 2531
f 2534 2531 2533
f 2533 2531 2532
f 2538 2539 2537
f 2537 2539 2540
f 2548 2541 2547
f 2547 2541 2542
f 2547 2542 2546
f 2546 2542 2543
f 2546 2543 2545
f 2545 2543 2544
f 2549 2550 2552
f 2552 2550 2551
f 2560 2553 2559
f 2559 2553 2554
f 2559 2554 2558
f 2558 2554 2555
f 2558 2555 2557
f 2557 2555 2556
f 2561 2562 2564
f 2564 2562 2563
f 2572 2565 2571
f 2571 2565 2566
f 2571 2566 2567
f 2568 2569 2567
f 2567 2569 2570
f 2567 2570 2571
f 2574 2575 2573
f 2573 2575 2576
f 2584 2577 2583
f 2583 2577 2578
f 2583 2578 2582
f 2582 2578 2579
f 2582 2579 2581
f 2581 2579 2580
f 2585 2586 2588
f 2588 2586 2587
f 2596 2589 2595
f 2595 2589 2590
f 2595 2590 2594
f 2594 2590 2591
f 2594 2591 2593
f 2593 2591 2592
f 2597 2598 2600
f 2600 2598 2599
f 2608 2601 2607
f 2607 2601 2602
f 2607 2602 2606
f 2606 2602 2603
f 2606 2603 2605
f 2605 2603 2604
f 2609 2610 2612
f 2612 2610 2611
f 2620 2613 2619
f 2619 2613 2614
f 2619 2614 2618
f 2618 2614 2615
f 2618 2615 2617
f 2617 2615 2616
f 2622 2623 2621
f 2621 2623 2624
f 2632 2625 2631
f 2631 2625 2626
f 2631 2626 2627
f 2628 2629 2627
f 2627 2629 2630
f 2627 2630 2631
f 2633 2634 2636
f 2636 2634 2635
f 2644 2637 2643
f 2643 2637 2638
f 2643 2638 2642
f 2642 2638 2639
f 2642 2639 2641
f 2641 2639 2640
f 2645 2646 2648
f 2648 2646 2647
f 2650 2651 2649
f 2649 2651 2652
f 2653 2654 2656
f 2656 2654 2655
f 2658 2659 2657
f 2657 2659 2660
f 2662 2663 2661
f 2661 2663 2664
f 2665 2666 2668
f 2668 2666 2667
f 2670 2671 2669
f 2669 2671 2672
f 2674 2675 2673
f 2673 2675 2676
f 2677 2678 2680
f 2680 2678 2679
f 2682 2683 2681
f 2681 2683 2684
f 2685 2686 2688
f 2688 2686 2687
f 2690 2691 2689
f 2689 2691 2692
f 2693 2694 2696
f 2696 2694 2695
f 2698 2699 2697
f 2697 2699 2700
f 2702 2703 2701
f 2701 2703 2704
f 2705 2706 2708
f 2708 2706 2707
f 2710 2711 2709
f 2709 2711 2712
f 2714 2715 2713
f 2713 2715 2716
f 2717 2718 2720
f 2720 2718 2719
f 2722 2723 2721
f 2721 2723 2724
f 2725 2726 2728
f 2728 2726 2727
f 2736 2729 2735
f 2735 2729 2730
f 2735 2730 2734
f 2734 2730 2731
f 2734 2731 2733
f 2733 2731 2732
f 2738 2739 2737
f 2737 2739 2740
f 2741 2742 2744
f 2744 2742 2743
f 2746 2747 2745
f 2745 2747 2748
f 2749 2750 2752
f 2752 2750 2751
f 2754 2755 2753
f 2753 2755 2756
f 2758 2759 2757
f 2757 2759 2760
f 2762 2763 2761
f 2761 2763 2764
f 2765 2766 2768
f 2768 2766 2767
f 2770 2771 2769
f 2769 2771 2772
f 2773 2774 2776
f 2776 2774 2775
f 2778 2779 2777
f 2777 2779 2780
f 2781 2782 2784
f 2784 2782 2783
f 2786 2787 2785
f 2785 2787 2788
f 2789 2790 2792
f 2792 2790 2791
f 2794 2795 2793
f 2793 2795 2796
f 2798 2799 2797
f 2797 2799 2800
f 2802 2803 2801
f 2801 2803 2804
f 2805 2806 2808
f 2808 2806 2807
f 2810 2811 2809
f 2809 2811 2812
f 2813 2814 2816
f 2816 2814 2815
f 2818 2819 2817
f 2817 2819 2820
f 2828 2821 2827
f 2827 2821 2822
f 2827 2822 2826
f 2826 2822 2823
f 2826 2823 2825
f 2825 2823 2824
f 2829 2830 2832
f 2832 2830 2831
f 2840 2833 2839
f 2839 2833 2834
f 2839 2834 2838
f 2838 2834 2835
f 2838 2835 2837
f 2837 2835 2836
f 2842 2843 2841
f 2841 2843 2844
f 2845 2846 2848
f 2848 2846 2847
f 2850 2851 2849
f 2849 2851 2852
f 2853 2854 2856
f 2856 2854 2855
f 2864 2857 2863
f 2863 2857 2858
f 2863 2858 2862
f 2862 2858 2859
f 2862 2859 2861
f 2861 2859 2860
f 2866 2867 2865
f 2865 2867 2868
f 2869 2870 2872
f 2872 2870 2871
f 2874 2875 2873
f 2873 2875 2876
f 2877 2878 2880
f 2880 2878 2879
f 2882 2883 2881
f 2881 2883 2884
f 2886 2887 2885
f 2885 2887 2888
f 2890 2891 2889
f 2889 2891 2892
f 2893 2894 2896
f 2896 2894 2895
f 2898 2899 2897
f 2897 2899 2900
f 2901 2902 2904
f 2904 2902 2903
f 2906 2907 2905
f 2905 2907 2908
f 2909 2910 2912
f 2912 2910 2911
f 2914 2915 2913
f 2913 2915 2916
f 2917 2918 2920
f 2920 2918 2919
f 2922 2923 2921
f 2921 2923 2924
f 2926 2927 2925
f 2925 2927 2928
f 2930 2931 2929
f 2929 2931 2932
f 2933 2934 2936
f 2936 2934 2935
f 2938 2939 2937
f 2937 2939 2940
f 2941 2942 2944
f 2944 2942 2943
f 2946 2947 2945
f 2945 2947 2948
f 2956 2949 2955
f 2955 2949 2950
f 2955 2950 2954
f 2954 2950 2951
f 2954 2951 2953
f 2953 2951 2952
f 2957 2958 2960
f 2960 2958 2959
f 2962 2963 2961
f 2961 2963 2964
f 2965 2966 2968
f 2968 2966 2967
f 2970 2971 2969
f 2969 2971 2972
f 2974 2975 2973
f 2973 2975 2976
f 2977 2978 2980
f 2980 2978 2979
f 2982 2983 2981
f 2981 2983 2984
f 2986 2987 2985
f 2985 2987 2988
f 2989 2990 2992
f 2992 2990 2991
f 2994 2995 2993
f 2993 2995 2996
f 2997 2998 3000
f 3000 2998 2999
f 3002 3003 3001
f 3001 3003 3004
f 3005 3006 3008
f 3008 3006 3007
f 3010 3011 3009
f 3009 3011 3012
f 3014 3015 3013
f 3013 3015 3016
f 3018 3019 3017
f 3017 3019 3020
f 3022 3023 3021
f 3021 3023 3024
f 3026 3036 3025
f 3025 3036 3037
f 3038 3031 3030
f 3030 3031 3032
f 3030 3032 3029
f 3029 3032 3033
f 3029 3033 3028
f 3028 3033 3034
f 3028 3034 3027
f 3027 3034 3035
f 3027 3035 3026
f 3026 3035 3036
f 3040 3047 3039
f 3039 3047 3048
f 3039 3048 3044
f 3044 3048 3049
f 3044 3049 3043
f 3043 3049 3050
f 3043 3050 3042
f 3042 3050 3051
f 3052 3045 3041
f 3041 3045 3046
f 3041 3046 3040
f 3040 3046 3047
f 3054 3061 3053
f 3053 3061 3062
f 3053 3062 3058
f 3058 3062 3063
f 3058 3063 3057
f 3057 3063 3064
f 3057 3064 3056
f 3056 3064 3065
f 3066 3059 3055
f 3055 3059 3060
f 3055 3060 3054
f 3054 3060 3061
f 3068 3075 3067
f 3067 3075 3076
f 3067 3076 3072
f 3072 3076 3077
f 3072 3077 3071
f 3071 3077 3078
f 3071 3078 3070
f 3070 3078 3079
f 3080 3073 3069
f 3069 3073 3074
f 3069 3074 3068
f 3068 3074 3075
f 3081 3082 3084
f 3084 3082 3083
f 3092 3085 3091
f 3091 3085 3086
f 3091 3086 3090
f 3090 3086 3087
f 3090 3087 3089
f 3089 3087 3088
f 3093 3094 3096
f 3096 3094 3095
f 3104 3097 3103
f 3103 3097 3098
f 3103 3098 3099
f 3100 3101 3099
f 3099 3101 3102
f 3099 3102 3103
f 3106 3107 3105
f 3105 3107 3108
f 3116 3109 3115
f 3115 3109 3110
f 3115 3110 3114
f 3114 3110 3111
f 3114 3111 3113
f 3113 3111 3112
f 3117 3118 3120
f 3120 3118 3119
f 3128 3121 3127
f 3127 3121 3122
f 3127 3122 3126
f 3126 3122 3123
f 3126 3123 3125
f 3125 3123 3124
f 3129 3130 3132
f 3132 3130 3131
f 3140 3133 3139
f 3139 3133 3134
f 3139 3134 3138
f 3138 3134 3135
f 3138 3135 3137
f 3137 3135 3136
f 3141 3142 3144
f 3144 3142 3143
f 3152 3145 3151
f 3151 3145 3146
f 3151 3146 3150
f 3150 3146 3147
f 3150 3147 3149
f 3149 3147 3148
f 3154 3155 3153
f 3153 3155 3156
f 3164 3157 3163
f 3163 3157 3158
f 3163 3158 3159
f 3160 3161 3159
f 3159 3161 3162
f 3159 3162 3163
f 3165 3166 3168
f 3168 3166 3167
f 3176 3169 3175
f 3175 3169 3170
f 3175 3170 3174
f 3174 3170 3171
f 3174 3171 3173
f 3173 3171 3172
f 3177 3178 3180
f 3180 3178 3179
f 3188 3181 3187
f 3187 3181 3182
f 3187 3182 3186
f 3186 3182 3183
f 3186 3183 3185
f 3185 3183 3184
f 3190 3191 3189
f 3189 3191 3192
o Metal_999999
v 0.354000 -0.350000 -0.025000
v 0.352494 -0.353127 -0.025000
v 0.349110 -0.353900 -0.025000
v 0.346396 -0.351736 -0.025000
v 0.346396 -0.348264 -0.025000
v 0.349110 -0.346100 -0.025000
v 0.352494 -0.346873 -0.025000
v 0.354000 -0.350000 -0.015000
v 0.352494 -0.346873 -0.015000
v 0.349110 -0.346100 -0.015000
v 0.346396 -0.348264 -0.015000
v 0.346396 -0.351736 -0.015000
v 0.349110 -0.353900 -0.015000
v 0.352494 -0.353127 -0.015000
v 0.346396 -0.348264 -0.025000
v 0.346396 -0.348264 -0.015000
v 0.254000 -0.350000 -0.025000
v 0.252494 -0.353127 -0.025000
v 0.249110 -0.353900 -0.025000
v 0.246396 -0.351736 -0.025000
v 0.246396 -0.348264 -0.025000
v 0.249110 -0.346100 -0.025000
v 0.252494 -0.346873 -0.025000
v 0.254000 -0.350000 -0.015000
v 0.252494 -0.346873 -0.015000
v 0.249110 -0.346100 -0.015000
v 0.246396 -0.348264 -0.015000
v 0.246396 -0.351736 -0.015000
v 0.249110 -0.353900 -0.015000
v 0.252494 -0.353127 -0.015000
v 0.246396 -0.348264 -0.025000
v 0.246396 -0.348264 -0.015000
v 0.154000 -0.350000 -0.025000
v 0.152494 -0.353127 -0.025000
v 0.149110 -0.353900 -0.025000
v 0.146396 -0.351736 -0.025000
v 0.146396 -0.348264 -0.025000
v 0.149110 -0.346100 -0.025000
v 0.152494 -0.346873 -0.025000
v 0.154000 -0.350000 -0.015000
v 0.152494 -0.346873 -0.015000
v 0.149110 -0.346100 -0.015000
v 0.146396 -0.348264 -0.015000
v 0.146396 -0.351736 -0.015000
v 0.149110 -0.353900 -0.015000
v 0.152494 -0.353127 -0.015000
v 0.146396 -0.348264 -0.025000
v 0.146396 -0.348264 -0.015000
v 0.054000 -0.350000 -0.025000
v 0.052494 -0.353127 -0.025000
v 0.049110 -0.353900 -0.025000
v 0.046396 -0.351736 -0.025000
v 0.046396 -0.348264 -0.025000
v 0.049110 -0.346100 -0.025000
v 0.052494 -0.346873 -0.025000
v 0.054000 -0.350000 -0.015000
v 0.052494 -0.346873 -0.015000
v 0.049110 -0.346100 -0.015000
v 0.046396 -0.348264 -0.015000
v 0.046396 -0.351736 -0.015000
v 0.049110 -0.353900 -0.015000
v 0.052494 -0.353127 -0.015000
v 0.046396 -0.348264 -0.025000
v 0.046396 -0.348264 -0.015000
v -0.046000 -0.350000 -0.025000
v -0.047506 -0.353127 -0.025000
v -0.050890 -0.353900 -0.025000
v -0.053604 -0.351736 -0.025000
v -0.053604 -0.348264 -0.025000
v -0.050890 -0.346100 -0.025000
v -0.047506 -0.346873 -0.025000
v -0.046000 -0.350000 -0.015000
v -0.047506 -0.346873 -0.015000
v -0.050890 -0.346100 -0.015000
v -0.053604 -0.348264 -0.015000
v -0.053604 -0.351736 -0.015000
v -0.050890 -0.353900 -0.015000
v -0.047506 -0.353127 -0.015000
v -0.053604 -0.348264 -0.025000
v -0.053604 -0.348264 -0.015000
v -0.146000 -0.350000 -0.025000
v -0.147506 -0.353127 -0.025000
v -0.150890 -0.353900 -0.025000
v -0.153604 -0.351736 -0.025000
v -0.153604 -0.348264 -0.025000
v -0.150890 -0.346100 -0.025000
v -0.147506 -0.346873 -0.025000
v -0.146000 -0.350000 -0.015000
v -0.147506 -0.346873 -0.015000
v -0.150890 -0.346100 -0.015000
v -0.153604 -0.348264 -0.015000
v -0.153604 -0.351736 -0.015000
v -0.150890 -0.353900 -0.015000
v -0.147506 -0.353127 -0.015000
v -0.153604 -0.348264 -0.025000
v -0.153604 -0.348264 -0.015000
v -0.246000 -0.350000 -0.025000
v -0.247506 -0.353127 -0.025000
v -0.250890 -0.353900 -0.025000
v -0.253604 -0.351736 -0.025000
v -0.253604 -0.348264 -0.025000
v -0.250890 -0.346100 -0.025000
v -0.247506 -0.346873 -0.025000
v -0.246000 -0.350000 -0.015000
v -0.247506 -0.346873 -0.015000
v -0.250890 -0.346100 -0.015000
v -0.253604 -0.348264 -0.015000
v -0.253604 -0.351736 -0.015000
v -0.250890 -0.353900 -0.015000
v -0.247506 -0.353127 -0.015000
v -0.253604 -0.348264 -0.025000
v -0.253604 -0.348264 -0.015000
v -0.346000 -0.350000 -0.025000
v -0.347506 -0.353127 -0.025000
v -0.350890 -0.353900 -0.025000
v -0.353604 -0.351736 -0.025000
v -0.353604 -0.348264 -0.025000
v -0.350890 -0.346100 -0.025000
v -0.347506 -0.346873 -0.025000
v -0.346000 -0.350000 -0.015000
v -0.347506 -0.346873 -0.015000
v -0.350890 -0.346100 -0.015000
v -0.353604 -0.348264 -0.015000
v -0.353604 -0.351736 -0.015000
v -0.350890 -0.353900 -0.015000
v -0.347506 -0.353127 -0.015000
v -0.353604 -0.348264 -0.025000
v -0.353604 -0.348264 -0.015000
v -0.446000 -0.350000 -0.025000
v -0.447506 -0.353127 -0.025000
v -0.450890 -0.353900 -0.025000
v -0.453604 -0.351736 -0.025000
v -0.453604 -0.348264 -0.025000
v -0.450890 -0.346100 -0.025000
v -0.447506 -0.346873 -0.025000
v -0.446000 -0.350000 -0.015000
v -0.447506 -0.346873 -0.015000
v -0.450890 -0.346100 -0.015000
v -0.453604 -0.348264 -0.015000
v -0.453604 -0.351736 -0.015000
v -0.450890 -0.353900 -0.015000
v -0.447506 -0.353127 -0.015000
v -0.453604 -0.348264 -0.025000
v -0.453604 -0.348264 -0.015000
v -0.546000 -0.350000 -0.025000
v -0.547506 -0.353127 -0.025000
v -0.550890 -0.353900 -0.025000
v -0.553604 -0.351736 -0.025000
v -0.553604 -0.348264 -0.025000
v -0.550890 -0.346100 -0.025000
v -0.547506 -0.346873 -0.025000
v -0.546000 -0.350000 -0.015000
v -0.547506 -0.346873 -0.015000
v -0.550890 -0.346100 -0.015000
v -0.553604 -0.348264 -0.015000
v -0.553604 -0.351736 -0.015000
v -0.550890 -0.353900 -0.015000
v -0.547506 -0.353127 -0.015000
v -0.553604 -0.348264 -0.025000
v -0.553604 -0.348264 -0.015000
v -0.646000 -0.350000 -0.025000
v -0.647506 -0.353127 -0.025000
v -0.650890 -0.353900 -0.025000
v -0.653604 -0.351736 -0.025000
v -0.653604 -0.348264 -0.025000
v -0.650890 -0.346100 -0.025000
v -0.647506 -0.346873 -0.025000
v -0.646000 -0.350000 -0.015000
v -0.647506 -0.346873 -0.015000
v -0.650890 -0.346100 -0.015000
v -0.653604 -0.348264 -0.015000
v -0.653604 -0.351736 -0.015000
v -0.650890 -0.353900 -0.015000
v -0.647506 -0.353127 -0.015000
v -0.653604 -0.348264 -0.025000
v -0.653604 -0.348264 -0.015000
v 0.354000 -0.250000 -0.025000
v 0.352494 -0.253127 -0.025000
v 0.349110 -0.253900 -0.025000
v 0.346396 -0.251736 -0.025000
v 0.346396 -0.248264 -0.025000
v 0.349110 -0.246100 -0.025000
v 0.352494 -0.246873 -0.025000
v 0.354000 -0.250000 -0.015000
v 0.352494 -0.246873 -0.015000
v 0.349110 -0.246100 -0.015000
v 0.346396 -0.248264 -0.015000
v 0.346396 -0.251736 -0.015000
v 0.349110 -0.253900 -0.015000
v 0.352494 -0.253127 -0.015000
v 0.346396 -0.248264 -0.025000
v 0.346396 -0.248264 -0.015000
v 0.254000 -0.250000 -0.025000
v 0.252494 -0.253127 -0.025000
v 0.249110 -0.253900 -0.025000
v 0.246396 -0.251736 -0.025000
v 0.246396 -0.248264 -0.025000
v 0.249110 -0.246100 -0.025000
v 0.252494 -0.246873 -0.025000
v 0.254000 -0.250000 -0.015000
v 0.252494 -0.246873 -0.015000
v 0.249110 -0.246100 -0.015000
v 0.246396 -0.248264 -0.015000
v 0.246396 -0.251736 -0.015000
v 0.249110 -0.253900 -0.015000
v 0.252494 -0.253127 -0.015000
v 0.246396 -0.248264 -0.025000
v 0.246396 -0.248264 -0.015000
v 0.154000 -0.250000 -0.025000
v 0.152494 -0.253127 -0.025000
v 0.149110 -0.253900 -0.025000
v 0.146396 -0.251736 -0.025000
v 0.146396 -0.248264 -0.025000
v 0.149110 -0.246100 -0.025000
v 0.152494 -0.246873 -0.025000
v 0.154000 -0.250000 -0.015000
v 0.152494 -0.246873 -0.015000
v 0.149110 -0.246100 -0.015000
v 0.146396 -0.248264 -0.015000
v 0.146396 -0.251736 -0.015000
v 0.149110 -0.253900 -0.015000
v 0.152494 -0.253127 -0.015000
v 0.146396 -0.248264 -0.025000
v 0.146396 -0.248264 -0.015000
v 0.054000 -0.250000 -0.025000
v 0.052494 -0.253127 -0.025000
v 0.049110 -0.253900 -0.025000
v 0.046396 -0.251736 -0.025000
v 0.046396 -0.248264 -0.025000
v 0.049110 -0.246100 -0.025000
v 0.052494 -0.246873 -0.025000
v 0.054000 -0.250000 -0.015000
v 0.052494 -0.246873 -0.015000
v 0.049110 -0.246100 -0.015000
v 0.046396 -0.248264 -0.015000
v 0.046396 -0.251736 -0.015000
v 0.049110 -0.253900 -0.015000
v 0.052494 -0.253127 -0.015000
v 0.046396 -0.248264 -0.025000
v 0.046396 -0.248264 -0.015000
v -0.046000 -0.250000 -0.025000
v -0.047506 -0.253127 -0.025000
v -0.050890 -0.253900 -0.025000
v -0.053604 -0.251736 -0.025000
v -0.053604 -0.248264 -0.025000
v -0.050890 -0.246100 -0.025000
v -0.047506 -0.246873 -0.025000
v -0.046000 -0.250000 -0.015000
v -0.047506 -0.246873 -0.015000
v -0.050890 -0.246100 -0.015000
v -0.053604 -0.248264 -0.015000
v -0.053604 -0.251736 -0.015000
v -0.050890 -0.253900 -0.015000
v -0.047506 -0.253127 -0.015000
v -0.053604 -0.248264 -0.025000
v -0.053604 -0.248264 -0.015000
v -0.146000 -0.250000 -0.025000
v -0.147506 -0.253127 -0.025000
v -0.150890 -0.253900 -0.025000
v -0.153604 -0.251736 -0.025000
v -0.153604 -0.248264 -0.025000
v -0.150890 -0.246100 -0.025000
v -0.147506 -0.246873 -0.025000
v -0.146000 -0.250000 -0.015000
v -0.147506 -0.246873 -0.015000
v -0.150890 -0.246100 -0.015000
v -0.153604 -0.248264 -0.015000
v -0.153604 -0.251736 -0.015000
v -0.150890 -0.253900 -0.015000
v -0.147506 -0.253127 -0.015000
v -0.153604 -0.248264 -0.025000
v -0.153604 -0.248264 -0.015000
v -0.246000 -0.250000 -0.025000
v -0.247506 -0.253127 -0.025000
v -0.250890 -0.253900 -0.025000
v -0.253604 -0.251736 -0.025000
v -0.253604 -0.248264 -0.025000
v -0.250890 -0.246100 -0.025000
v -0.247506 -0.246873 -0.025000
v -0.246000 -0.250000 -0.015000
v -0.247506 -0.246873 -0.015000
v -0.250890 -0.246100 -0.015000
v -0.253604 -0.248264 -0.015000
v -0.253604 -0.251736 -0.015000
v -0.250890 -0.253900 -0.015000
v -0.247506 -0.253127 -0.015000
v -0.253604 -0.248264 -0.025000
v -0.253604 -0.248264 -0.015000
v -0.346000 -0.250000 -0.025000
v -0.347506 -0.253127 -0.025000
v -0.350890 -0.253900 -0.025000
v -0.353604 -0.251736 -0.025000
v -0.353604 -0.248264 -0.025000
v -0.350890 -0.246100 -0.025000
v -0.347506 -0.246873 -0.025000
v -0.346000 -0.250000 -0.015000
v -0.347506 -0.246873 -0.015000
v -0.350890 -0.246100 -0.015000
v -0.353604 -0.248264 -0.015000
v -0.353604 -0.251736 -0.015000
v -0.350890 -0.253900 -0.015000
v -0.347506 -0.253127 -0.015000
v -0.353604 -0.248264 -0.025000
v -0.353604 -0.248264 -0.015000
v -0.446000 -0.250000 -0.025000
v -0.447506 -0.253127 -0.025000
v -0.450890 -0.253900 -0.025000
v -0.453604 -0.251736 -0.025000
v -0.453604 -0.248264 -0.025000
v -0.450890 -0.246100 -0.025000
v -0.447506 -0.246873 -0.025000
v -0.446000 -0.250000 -0.015000
v -0.447506 -0.246873 -0.015000
v -0.450890 -0.246100 -0.015000
v -0.453604 -0.248264 -0.015000
v -0.453604 -0.251736 -0.015000
v -0.450890 -0.253900 -0.015000
v -0.447506 -0.253127 -0.015000
v -0.453604 -0.248264 -0.025000
v -0.453604 -0.248264 -0.015000
v -0.546000 -0.250000 -0.025000
v -0.547506 -0.253127 -0.025000
v -0.550890 -0.253900 -0.025000
v -0.553604 -0.251736 -0.025000
v -0.553604 -0.248264 -0.025000
v -0.550890 -0.246100 -0.025000
v -0.547506 -0.246873 -0.025000
v -0.546000 -0.250000 -0.015000
v -0.547506 -0.246873 -0.015000
v -0.550890 -0.246100 -0.015000
v -0.553604 -0.248264 -0.015000
v -0.553604 -0.251736 -0.015000
v -0.550890 -0.253900 -0.015000
v -0.547506 -0.253127 -0.015000
v -0.553604 -0.248264 -0.025000
v -0.553604 -0.248264 -0.015000
v -0.646000 -0.250000 -0.025000
v -0.647506 -0.253127 -0.025000
v -0.650890 -0.253900 -0.025000
v -0.653604 -0.251736 -0.025000
v -0.653604 -0.248264 -0.025000
v -0.650890 -0.246100 -0.025000
v -0.647506 -0.246873 -0.025000
v -0.646000 -0.250000 -0.015000
v -0.647506 -0.246873 -0.015000
v -0.650890 -0.246100 -0.015000
v -0.653604 -0.248264 -0.015000
v -0.653604 -0.251736 -0.015000
v -0.650890 -0.253900 -0.015000
v -0.647506 -0.253127 -0.015000
v -0.653604 -0.248264 -0.025000
v -0.653604 -0.248264 -0.015000
v 0.354000 -0.150000 -0.025000
v 0.352494 -0.153127 -0.025000
v 0.349110 -0.153900 -0.025000
v 0.346396 -0.151736 -0.025000
v 0.346396 -0.148264 -0.025000
v 0.349110 -0.146100 -0.025000
v 0.352494 -0.146873 -0.025000
v 0.354000 -0.150000 -0.015000
v 0.352494 -0.146873 -0.015000
v 0.349110 -0.146100 -0.015000
v 0.346396 -0.148264 -0.015000
v 0.346396 -0.151736 -0.015000
v 0.349110 -0.153900 -0.015000
v 0.352494 -0.153127 -0.015000
v 0.346396 -0.148264 -0.025000
v 0.346396 -0.148264 -0.015000
v 0.254000 -0.150000 -0.025000
v 0.252494 -0.153127 -0.025000
v 0.249110 -0.153900 -0.025000
v 0.246396 -0.151736 -0.025000
v 0.246396 -0.148264 -0.025000
v 0.249110 -0.146100 -0.025000
v 0.252494 -0.146873 -0.025000
v 0.254000 -0.150000 -0.015000
v 0.252494 -0.146873 -0.015000
v 0.249110 -0.146100 -0.015000
v 0.246396 -0.148264 -0.015000
v 0.246396 -0.151736 -0.015000
v 0.249110 -0.153900 -0.015000
v 0.252494 -0.153127 -0.015000
v 0.246396 -0.148264 -0.025000
v 0.246396 -0.148264 -0.015000
v 0.154000 -0.150000 -0.025000
v 0.152494 -0.153127 -0.025000
v 0.149110 -0.153900 -0.025000
v 0.146396 -0.151736 -0.025000
v 0.146396 -0.148264 -0.025000
v 0.149110 -0.146100 -0.025000
v 0.152494 -0.146873 -0.025000
v 0.154000 -0.150000 -0.015000
v 0.152494 -0.146873 -0.015000
v 0.149110 -0.146100 -0.015000
v 0.146396 -0.148264 -0.015000
v 0.146396 -0.151736 -0.015000
v 0.149110 -0.153900 -0.015000
v 0.152494 -0.153127 -0.015000
v 0.146396 -0.148264 -0.025000
v 0.146396 -0.148264 -0.015000
v 0.054000 -0.150000 -0.025000
v 0.052494 -0.153127 -0.025000
v 0.049110 -0.153900 -0.025000
v 0.046396 -0.151736 -0.025000
v 0.046396 -0.148264 -0.025000
v 0.049110 -0.146100 -0.025000
v 0.052494 -0.146873 -0.025000
v 0.054000 -0.150000 -0.015000
v 0.052494 -0.146873 -0.015000
v 0.049110 -0.146100 -0.015000
v 0.046396 -0.148264 -0.015000
v 0.046396 -0.151736 -0.015000
v 0.049110 -0.153900 -0.015000
v 0.052494 -0.153127 -0.015000
v 0.046396 -0.148264 -0.025000
v 0.046396 -0.148264 -0.015000
v -0.046000 -0.150000 -0.025000
v -0.047506 -0.153127 -0.025000
v -0.050890 -0.153900 -0.025000
v -0.053604 -0.151736 -0.025000
v -0.053604 -0.148264 -0.025000
v -0.050890 -0.146100 -0.025000
v -0.047506 -0.146873 -0.025000
v -0.046000 -0.150000 -0.015000
v -0.047506 -0.146873 -0.015000
v -0.050890 -0.146100 -0.015000
v -0.053604 -0.148264 -0.015000
v -0.053604 -0.151736 -0.015000
v -0.050890 -0.153900 -0.015000
v -0.047506 -0.153127 -0.015000
v -0.053604 -0.148264 -0.025000
v -0.053604 -0.148264 -0.015000
v -0.146000 -0.150000 -0.025000
v -0.147506 -0.153127 -0.025000
v -0.150890 -0.153900 -0.025000
v -0.153604 -0.151736 -0.025000
v -0.153604 -0.148264 -0.025000
v -0.150890 -0.146100 -0.025000
v -0.147506 -0.146873 -0.025000
v -0.146000 -0.150000 -0.015000
v -0.147506 -0.146873 -0.015000
v -0.150890 -0.146100 -0.015000
v -0.153604 -0.148264 -0.015000
v -0.153604 -0.151736 -0.015000
v -0.150890 -0.153900 -0.015000
v -0.147506 -0.153127 -0.015000
v -0.153604 -0.148264 -0.025000
v -0.153604 -0.148264 -0.015000
v -0.246000 -0.150000 -0.025000
v -0.247506 -0.153127 -0.025000
v -0.250890 -0.153900 -0.025000
v -0.253604 -0.151736 -0.025000
v -0.253604 -0.148264 -0.025000
v -0.250890 -0.146100 -0.025000
v -0.247506 -0.146873 -0.025000
v -0.246000 -0.150000 -0.015000
v -0.247506 -0.146873 -0.015000
v -0.250890 -0.146100 -0.015000
v -0.253604 -0.148264 -0.015000
v -0.253604 -0.151736 -0.015000
v -0.250890 -0.153900 -0.015000
v -0.247506 -0.153127 -0.015000
v -0.253604 -0.148264 -0.025000
v -0.253604 -0.148264 -0.015000
v -0.346000 -0.150000 -0.025000
v -0.347506 -0.153127 -0.025000
v -0.350890 -0.153900 -0.025000
v -0.353604 -0.151736 -0.025000
v -0.353604 -0.148264 -0.025000
v -0.350890 -0.146100 -0.025000
v -0.347506 -0.146873 -0.025000
v -0.346000 -0.150000 -0.015000
v -0.347506 -0.146873 -0.015000
v -0.350890 -0.146100 -0.015000
v -0.353604 -0.148264 -0.015000
v -0.353604 -0.151736 -0.015000
v -0.350890 -0.153900 -0.015000
v -0.347506 -0.153127 -0.015000
v -0.353604 -0.148264 -0.025000
v -0.353604 -0.148264 -0.015000
v -0.446000 -0.150000 -0.025000
v -0.447506 -0.153127 -0.025000
v -0.450890 -0.153900 -0.025000
v -0.453604 -0.151736 -0.025000
v -0.453604 -0.148264 -0.025000
v -0.450890 -0.146100 -0.025000
v -0.447506 -0.146873 -0.025000
v -0.446000 -0.150000 -0.015000
v -0.447506 -0.146873 -0.015000
v -0.450890 -0.146100 -0.015000
v -0.453604 -0.148264 -0.015000
v -0.453604 -0.151736 -0.015000
v -0.450890 -0.153900 -0.015000
v -0.447506 -0.153127 -0.015000
v -0.453604 -0.148264 -0.025000
v -0.453604 -0.148264 -0.015000
v -0.546000 -0.150000 -0.025000
v -0.547506 -0.153127 -0.025000
v -0.550890 -0.153900 -0.025000
v -0.553604 -0.151736 -0.025000
v -0.553604 -0.148264 -0.025000
v -0.550890 -0.146100 -0.025000
v -0.547506 -0.146873 -0.025000
v -0.546000 -0.150000 -0.015000
v -0.547506 -0.146873 -0.015000
v -0.550890 -0.146100 -0.015000
v -0.553604 -0.148264 -0.015000
v -0.553604 -0.151736 -0.015000
v -0.550890 -0.153900 -0.015000
v -0.547506 -0.153127 -0.015000
v -0.553604 -0.148264 -0.025000
v -0.553604 -0.148264 -0.015000
v -0.646000 -0.150000 -0.025000
v -0.647506 -0.153127 -0.025000
v -0.650890 -0.153900 -0.025000
v -0.653604 -0.151736 -0.025000
v -0.653604 -0.148264 -0.025000
v -0.650890 -0.146100 -0.025000
v -0.647506 -0.146873 -0.025000
v -0.646000 -0.150000 -0.015000
v -0.647506 -0.146873 -0.015000
v -0.650890 -0.146100 -0.015000
v -0.653604 -0.148264 -0.015000
v -0.653604 -0.151736 -0.015000
v -0.650890 -0.153900 -0.015000
v -0.647506 -0.153127 -0.015000
v -0.653604 -0.148264 -0.025000
v -0.653604 -0.148264 -0.015000
v 0.354000 -0.050000 -0.025000
v 0.352494 -0.053127 -0.025000
v 0.349110 -0.053900 -0.025000
v 0.346396 -0.051736 -0.025000
v 0.346396 -0.048264 -0.025000
v 0.349110 -0.046100 -0.025000
v 0.352494 -0.046873 -0.025000
v 0.354000 -0.050000 -0.015000
v 0.352494 -0.046873 -0.015000
v 0.349110 -0.046100 -0.015000
v 0.346396 -0.048264 -0.015000
v 0.346396 -0.051736 -0.015000
v 0.349110 -0.053900 -0.015000
v 0.352494 -0.053127 -0.015000
v 0.346396 -0.048264 -0.025000
v 0.346396 -0.048264 -0.015000
v 0.254000 -0.050000 -0.025000
v 0.252494 -0.053127 -0.025000
v 0.249110 -0.053900 -0.025000
v 0.246396 -0.051736 -0.025000
v 0.246396 -0.048264 -0.025000
v 0.249110 -0.046100 -0.025000
v 0.252494 -0.046873 -0.025000
v 0.254000 -0.050000 -0.015000
v 0.252494 -0.046873 -0.015000
v 0.249110 -0.046100 -0.015000
v 0.246396 -0.048264 -0.015000
v 0.246396 -0.051736 -0.015000
v 0.249110 -0.053900 -0.015000
v 0.252494 -0.053127 -0.015000
v 0.246396 -0.048264 -0.025000
v 0.246396 -0.048264 -0.015000
v 0.154000 -0.050000 -0.025000
v 0.152494 -0.053127 -0.025000
v 0.149110 -0.053900 -0.025000
v 0.146396 -0.051736 -0.025000
v 0.146396 -0.048264 -0.025000
v 0.149110 -0.046100 -0.025000
v 0.152494 -0.046873 -0.025000
v 0.154000 -0.050000 -0.015000
v 0.152494 -0.046873 -0.015000
v 0.149110 -0.046100 -0.015000
v 0.146396 -0.048264 -0.015000
v 0.146396 -0.051736 -0.015000
v 0.149110 -0.053900 -0.015000
v 0.152494 -0.053127 -0.015000
v 0.146396 -0.048264 -0.025000
v 0.146396 -0.048264 -0.015000
v 0.054000 -0.050000 -0.025000
v 0.052494 -0.053127 -0.025000
v 0.049110 -0.053900 -0.025000
v 0.046396 -0.051736 -0.025000
v 0.046396 -0.048264 -0.025000
v 0.049110 -0.046100 -0.025000
v 0.052494 -0.046873 -0.025000
v 0.054000 -0.050000 -0.015000
v 0.052494 -0.046873 -0.015000
v 0.049110 -0.046100 -0.015000
v 0.046396 -0.048264 -0.015000
v 0.046396 -0.051736 -0.015000
v 0.049110 -0.053900 -0.015000
v 0.052494 -0.053127 -0.015000
v 0.046396 -0.048264 -0.025000
v 0.046396 -0.048264 -0.015000
v -0.046000 -0.050000 -0.025000
v -0.047506 -0.053127 -0.025000
v -0.050890 -0.053900 -0.025000
v -0.053604 -0.051736 -0.025000
v -0.053604 -0.048264 -0.025000
v -0.050890 -0.046100 -0.025000
v -0.047506 -0.046873 -0.025000
v -0.046000 -0.050000 -0.015000
v -0.047506 -0.046873 -0.015000
v -0.050890 -0.046100 -0.015000
v -0.053604 -0.048264 -0.015000
v -0.053604 -0.051736 -0.015000
v -0.050890 -0.053900 -0.015000
v -0.047506 -0.053127 -0.015000
v -0.053604 -0.048264 -0.025000
v -0.053604 -0.048264 -0.015000
v -0.146000 -0.050000 -0.025000
v -0.147506 -0.053127 -0.025000
v -0.150890 -0.053900 -0.025000
v -0.153604 -0.051736 -0.025000
v -0.153604 -0.048264 -0.025000
v -0.150890 -0.046100 -0.025000
v -0.147506 -0.046873 -0.025000
v -0.146000 -0.050000 -0.015000
v -0.147506 -0.046873 -0.015000
v -0.150890 -0.046100 -0.015000
v -0.153604 -0.048264 -0.015000
v -0.153604 -0.051736 -0.015000
v -0.150890 -0.053900 -0.015000
v -0.147506 -0.053127 -0.015000
v -0.153604 -0.048264 -0.025000
v -0.153604 -0.048264 -0.015000
v -0.246000 -0.050000 -0.025000
v -0.247506 -0.053127 -0.025000
v -0.250890 -0.053900 -0.025000
v -0.253604 -0.051736 -0.025000
v -0.253604 -0.048264 -0.025000
v -0.250890 -0.046100 -0.025000
v -0.247506 -0.046873 -0.025000
v -0.246000 -0.050000 -0.015000
v -0.247506 -0.046873 -0.015000
v -0.250890 -0.046100 -0.015000
v -0.253604 -0.048264 -0.015000
v -0.253604 -0.051736 -0.015000
v -0.250890 -0.053900 -0.015000
v -0.247506 -0.053127 -0.015000
v -0.253604 -0.048264 -0.025000
v -0.253604 -0.048264 -0.015000
v -0.346000 -0.050000 -0.025000
v -0.347506 -0.053127 -0.025000
v -0.350890 -0.053900 -0.025000
v -0.353604 -0.051736 -0.025000
v -0.353604 -0.048264 -0.025000
v -0.350890 -0.046100 -0.025000
v -0.347506 -0.046873 -0.025000
v -0.346000 -0.050000 -0.015000
v -0.347506 -0.046873 -0.015000
v -0.350890 -0.046100 -0.015000
v -0.353604 -0.048264 -0.015000
v -0.353604 -0.051736 -0.015000
v -0.350890 -0.053900 -0.015000
v -0.347506 -0.053127 -0.015000
v -0.353604 -0.048264 -0.025000
v -0.353604 -0.048264 -0.015000
v -0.446000 -0.050000 -0.025000
v -0.447506 -0.053127 -0.025000
v -0.450890 -0.053900 -0.025000
v -0.453604 -0.051736 -0.025000
v -0.453604 -0.048264 -0.025000
v -0.450890 -0.046100 -0.025000
v -0.447506 -0.046873 -0.025000
v -0.446000 -0.050000 -0.015000
v -0.447506 -0.046873 -0.015000
v -0.450890 -0.046100 -0.015000
v -0.453604 -0.048264 -0.015000
v -0.453604 -0.051736 -0.015000
v -0.450890 -0.053900 -0.015000
v -0.447506 -0.053127 -0.015000
v -0.453604 -0.048264 -0.025000
v -0.453604 -0.048264 -0.015000
v -0.546000 -0.050000 -0.025000
v -0.547506 -0.053127 -0.025000
v -0.550890 -0.053900 -0.025000
v -0.553604 -0.051736 -0.025000
v -0.553604 -0.048264 -0.025000
v -0.550890 -0.046100 -0.025000
v -0.547506 -0.046873 -0.025000
v -0.546000 -0.050000 -0.015000
v -0.547506 -0.046873 -0.015000
v -0.550890 -0.046100 -0.015000
v -0.553604 -0.048264 -0.015000
v -0.553604 -0.051736 -0.015000
v -0.550890 -0.053900 -0.015000
v -0.547506 -0.053127 -0.015000
v -0.553604 -0.048264 -0.025000
v -0.553604 -0.048264 -0.015000
v -0.646000 -0.050000 -0.025000
v -0.647506 -0.053127 -0.025000
v -0.650890 -0.053900 -0.025000
v -0.653604 -0.051736 -0.025000
v -0.653604 -0.048264 -0.025000
v -0.650890 -0.046100 -0.025000
v -0.647506 -0.046873 -0.025000
v -0.646000 -0.050000 -0.015000
v -0.647506 -0.046873 -0.015000
v -0.650890 -0.046100 -0.015000
v -0.653604 -0.048264 -0.015000
v -0.653604 -0.051736 -0.015000
v -0.650890 -0.053900 -0.015000
v -0.647506 -0.053127 -0.015000
v -0.653604 -0.048264 -0.025000
v -0.653604 -0.048264 -0.015000
v 0.354000 0.050000 -0.025000
v 0.352494 0.046873 -0.025000
v 0.349110 0.046100 -0.025000
v 0.346396 0.048264 -0.025000
v 0.346396 0.051736 -0.025000
v 0.349110 0.053900 -0.025000
v 0.352494 0.053127 -0.025000
v 0.354000 0.050000 -0.015000
v 0.352494 0.053127 -0.015000
v 0.349110 0.053900 -0.015000
v 0.346396 0.051736 -0.015000
v 0.346396 0.048264 -0.015000
v 0.349110 0.046100 -0.015000
v 0.352494 0.046873 -0.015000
v 0.346396 0.051736 -0.025000
v 0.346396 0.051736 -0.015000
v 0.254000 0.050000 -0.025000
v 0.252494 0.046873 -0.025000
v 0.249110 0.046100 -0.025000
v 0.246396 0.048264 -0.025000
v 0.246396 0.051736 -0.025000
v 0.249110 0.053900 -0.025000
v 0.252494 0.053127 -0.025000
v 0.254000 0.050000 -0.015000
v 0.252494 0.053127 -0.015000
v 0.249110 0.053900 -0.015000
v 0.246396 0.051736 -0.015000
v 0.246396 0.048264 -0.015000
v 0.249110 0.046100 -0.015000
v 0.252494 0.046873 -0.015000
v 0.246396 0.051736 -0.025000
v 0.246396 0.051736 -0.015000
v 0.154000 0.050000 -0.025000
v 0.152494 0.046873 -0.025000
v 0.149110 0.046100 -0.025000
v 0.146396 0.048264 -0.025000
v 0.146396 0.051736 -0.025000
v 0.149110 0.053900 -0.025000
v 0.152494 0.053127 -0.025000
v 0.154000 0.050000 -0.015000
v 0.152494 0.053127 -0.015000
v 0.149110 0.053900 -0.015000
v 0.146396 0.051736 -0.015000
v 0.146396 0.048264 -0.015000
v 0.149110 0.046100 -0.015000
v 0.152494 0.046873 -0.015000
v 0.146396 0.051736 -0.025000
v 0.146396 0.051736 -0.015000
v 0.054000 0.050000 -0.025000
v 0.052494 0.046873 -0.025000
v 0.049110 0.046100 -0.025000
v 0.046396 0.048264 -0.025000
v 0.046396 0.051736 -0.025000
v 0.049110 0.053900 -0.025000
v 0.052494 0.053127 -0.025000
v 0.054000 0.050000 -0.015000
v 0.052494 0.053127 -0.015000
v 0.049110 0.053900 -0.015000
v 0.046396 0.051736 -0.015000
v 0.046396 0.048264 -0.015000
v 0.049110 0.046100 -0.015000
v 0.052494 0.046873 -0.015000
v 0.046396 0.051736 -0.025000
v 0.046396 0.051736 -0.015000
v -0.046000 0.050000 -0.025000
v -0.047506 0.046873 -0.025000
v -0.050890 0.046100 -0.025000
v -0.053604 0.048264 -0.025000
v -0.053604 0.051736 -0.025000
v -0.050890 0.053900 -0.025000
v -0.047506 0.053127 -0.025000
v -0.046000 0.050000 -0.015000
v -0.047506 0.053127 -0.015000
v -0.050890 0.053900 -0.015000
v -0.053604 0.051736 -0.015000
v -0.053604 0.048264 -0.015000
v -0.050890 0.046100 -0.015000
v -0.047506 0.046873 -0.015000
v -0.053604 0.051736 -0.025000
v -0.053604 0.051736 -0.015000
v -0.146000 0.050000 -0.025000
v -0.147506 0.046873 -0.025000
v -0.150890 0.046100 -0.025000
v -0.153604 0.048264 -0.025000
v -0.153604 0.051736 -0.025000
v -0.150890 0.053900 -0.025000
v -0.147506 0.053127 -0.025000
v -0.146000 0.050000 -0.015000
v -0.147506 0.053127 -0.015000
v -0.150890 0.053900 -0.015000
v -0.153604 0.051736 -0.015000
v -0.153604 0.048264 -0.015000
v -0.150890 0.046100 -0.015000
v -0.147506 0.046873 -0.015000
v -0.153604 0.051736 -0.025000
v -0.153604 0.051736 -0.015000
v -0.246000 0.050000 -0.025000
v -0.247506 0.046873 -0.025000
v -0.250890 0.046100 -0.025000
v -0.253604 0.048264 -0.025000
v -0.253604 0.051736 -0.025000
v -0.250890 0.053900 -0.025000
v -0.247506 0.053127 -0.025000
v -0.246000 0.050000 -0.015000
v -0.247506 0.053127 -0.015000
v -0.250890 0.053900 -0.015000
v -0.253604 0.051736 -0.015000
v -0.253604 0.048264 -0.015000
v -0.250890 0.046100 -0.015000
v -0.247506 0.046873 -0.015000
v -0.253604 0.051736 -0.025000
v -0.253604 0.051736 -0.015000
v -0.346000 0.050000 -0.025000
v -0.347506 0.046873 -0.025000
v -0.350890 0.046100 -0.025000
v -0.353604 0.048264 -0.025000
v -0.353604 0.051736 -0.025000
v -0.350890 0.053900 -0.025000
v -0.347506 0.053127 -0.025000
v -0.346000 0.050000 -0.015000
v -0.347506 0.053127 -0.015000
v -0.350890 0.053900 -0.015000
v -0.353604 0.051736 -0.015000
v -0.353604 0.048264 -0.015000
v -0.350890 0.046100 -0.015000
v -0.347506 0.046873 -0.015000
v -0.353604 0.051736 -0.025000
v -0.353604 0.051736 -0.015000
v -0.446000 0.050000 -0.025000
v -0.447506 0.046873 -0.025000
v -0.450890 0.046100 -0.025000
v -0.453604 0.048264 -0.025000
v -0.453604 0.051736 -0.025000
v -0.450890 0.053900 -0.025000
v -0.447506 0.053127 -0.025000
v -0.446000 0.050000 -0.015000
v -0.447506 0.053127 -0.015000
v -0.450890 0.053900 -0.015000
v -0.453604 0.051736 -0.015000
v -0.453604 0.048264 -0.015000
v -0.450890 0.046100 -0.015000
v -0.447506 0.046873 -0.015000
v -0.453604 0.051736 -0.025000
v -0.453604 0.051736 -0.015000
v -0.546000 0.050000 -0.025000
v -0.547506 0.046873 -0.025000
v -0.550890 0.046100 -0.025000
v -0.553604 0.048264 -0.025000
v -0.553604 0.051736 -0.025000
v -0.550890 0.053900 -0.025000
v -0.547506 0.053127 -0.025000
v -0.546000 0.050000 -0.015000
v -0.547506 0.053127 -0.015000
v -0.550890 0.053900 -0.015000
v -0.553604 0.051736 -0.015000
v -0.553604 0.048264 -0.015000
v -0.550890 0.046100 -0.015000
v -0.547506 0.046873 -0.015000
v -0.553604 0.051736 -0.025000
v -0.553604 0.051736 -0.015000
v -0.646000 0.050000 -0.025000
v -0.647506 0.046873 -0.025000
v -0.650890 0.046100 -0.025000
v -0.653604 0.048264 -0.025000
v -0.653604 0.051736 -0.025000
v -0.650890 0.053900 -0.025000
v -0.647506 0.053127 -0.025000
v -0.646000 0.050000 -0.015000
v -0.647506 0.053127 -0.015000
v -0.650890 0.053900 -0.015000
v -0.653604 0.051736 -0.015000
v -0.653604 0.048264 -0.015000
v -0.650890 0.046100 -0.015000
v -0.647506 0.046873 -0.015000
v -0.653604 0.051736 -0.025000
v -0.653604 0.051736 -0.015000
v 0.354000 0.150000 -0.025000
v 0.352494 0.146873 -0.025000
v 0.349110 0.146100 -0.025000
v 0.346396 0.148264 -0.025000
v 0.346396 0.151736 -0.025000
v 0.349110 0.153900 -0.025000
v 0.352494 0.153127 -0.025000
v 0.354000 0.150000 -0.015000
v 0.352494 0.153127 -0.015000
v 0.349110 0.153900 -0.015000
v 0.346396 0.151736 -0.015000
v 0.346396 0.148264 -0.015000
v 0.349110 0.146100 -0.015000
v 0.352494 0.146873 -0.015000
v 0.346396 0.151736 -0.025000
v 0.346396 0.151736 -0.015000
v 0.254000 0.150000 -0.025000
v 0.252494 0.146873 -0.025000
v 0.249110 0.146100 -0.025000
v 0.246396 0.148264 -0.025000
v 0.246396 0.151736 -0.025000
v 0.249110 0.153900 -0.025000
v 0.252494 0.153127 -0.025000
v 0.254000 0.150000 -0.015000
v 0.252494 0.153127 -0.015000
v 0.249110 0.153900 -0.015000
v 0.246396 0.151736 -0.015000
v 0.246396 0.148264 -0.015000
v 0.249110 0.146100 -0.015000
v 0.252494 0.146873 -0.015000
v 0.246396 0.151736 -0.025000
v 0.246396 0.151736 -0.015000
v 0.154000 0.150000 -0.025000
v 0.152494 0.146873 -0.025000
v 0.149110 0.146100 -0.025000
v 0.146396 0.148264 -0.025000
v 0.146396 0.151736 -0.025000
v 0.149110 0.153900 -0.025000
v 0.152494 0.153127 -0.025000
v 0.154000 0.150000 -0.015000
v 0.152494 0.153127 -0.015000
v 0.149110 0.153900 -0.015000
v 0.146396 0.151736 -0.015000
v 0.146396 0.148264 -0.015000
v 0.149110 0.146100 -0.015000
v 0.152494 0.146873 -0.015000
v 0.146396 0.151736 -0.025000
v 0.146396 0.151736 -0.015000
v 0.054000 0.150000 -0.025000
v 0.052494 0.146873 -0.025000
v 0.049110 0.146100 -0.025000
v 0.046396 0.148264 -0.025000
v 0.046396 0.151736 -0.025000
v 0.049110 0.153900 -0.025000
v 0.052494 0.153127 -0.025000
v 0.054000 0.150000 -0.015000
v 0.052494 0.153127 -0.015000
v 0.049110 0.153900 -0.015000
v 0.046396 0.151736 -0.015000
v 0.046396 0.148264 -0.015000
v 0.049110 0.146100 -0.015000
v 0.052494 0.146873 -0.015000
v 0.046396 0.151736 -0.025000
v 0.046396 0.151736 -0.015000
v -0.046000 0.150000 -0.025000
v -0.047506 0.146873 -0.025000
v -0.050890 0.146100 -0.025000
v -0.053604 0.148264 -0.025000
v -0.053604 0.151736 -0.025000
v -0.050890 0.153900 -0.025000
v -0.047506 0.153127 -0.025000
v -0.046000 0.150000 -0.015000
v -0.047506 0.153127 -0.015000
v -0.050890 0.153900 -0.015000
v -0.053604 0.151736 -0.015000
v -0.053604 0.148264 -0.015000
v -0.050890 0.146100 -0.015000
v -0.047506 0.146873 -0.015000
v -0.053604 0.151736 -0.025000
v -0.053604 0.151736 -0.015000
v -0.146000 0.150000 -0.025000
v -0.147506 0.146873 -0.025000
v -0.150890 0.146100 -0.025000
v -0.153604 0.148264 -0.025000
v -0.153604 0.151736 -0.025000
v -0.150890 0.153900 -0.025000
v -0.147506 0.153127 -0.025000
v -0.146000 0.150000 -0.015000
v -0.147506 0.153127 -0.015000
v -0.150890 0.153900 -0.015000
v -0.153604 0.151736 -0.015000
v -0.153604 0.148264 -0.015000
v -0.150890 0.146100 -0.015000
v -0.147506 0.146873 -0.015000
v -0.153604 0.151736 -0.025000
v -0.153604 0.151736 -0.015000
v -0.246000 0.150000 -0.025000
v -0.247506 0.146873 -0.025000
v -0.250890 0.146100 -0.025000
v -0.253604 0.148264 -0.025000
v -0.253604 0.151736 -0.025000
v -0.250890 0.153900 -0.025000
v -0.247506 0.153127 -0.025000
v -0.246000 0.150000 -0.015000
v -0.247506 0.153127 -0.015000
v -0.250890 0.153900 -0.015000
v -0.253604 0.151736 -0.015000
v -0.253604 0.148264 -0.015000
v -0.250890 0.146100 -0.015000
v -0.247506 0.146873 -0.015000
v -0.253604 0.151736 -0.025000
v -0.253604 0.151736 -0.015000
v -0.346000 0.150000 -0.025000
v -0.347506 0.146873 -0.025000
v -0.350890 0.146100 -0.025000
v -0.353604 0.148264 -0.025000
v -0.353604 0.151736 -0.025000
v -0.350890 0.153900 -0.025000
v -0.347506 0.153127 -0.025000
v -0.346000 0.150000 -0.015000
v -0.347506 0.153127 -0.015000
v -0.350890 0.153900 -0.015000
v -0.353604 0.151736 -0.015000
v -0.353604 0.148264 -0.015000
v -0.350890 0.146100 -0.015000
v -0.347506 0.146873 -0.015000
v -0.353604 0.151736 -0.025000
v -0.353604 0.151736 -0.015000
v -0.446000 0.150000 -0.025000
v -0.447506 0.146873 -0.025000
v -0.450890 0.146100 -0.025000
v -0.453604 0.148264 -0.025000
v -0.453604 0.151736 -0.025000
v -0.450890 0.153900 -0.025000
v -0.447506 0.153127 -0.025000
v -0.446000 0.150000 -0.015000
v -0.447506 0.153127 -0.015000
v -0.450890 0.153900 -0.015000
v -0.453604 0.151736 -0.015000
v -0.453604 0.148264 -0.015000
v -0.450890 0.146100 -0.015000
v -0.447506 0.146873 -0.015000
v -0.453604 0.151736 -0.025000
v -0.453604 0.151736 -0.015000
v -0.546000 0.150000 -0.025000
v -0.547506 0.146873 -0.025000
v -0.550890 0.146100 -0.025000
v -0.553604 0.148264 -0.025000
v -0.553604 0.151736 -0.025000
v -0.550890 0.153900 -0.025000
v -0.547506 0.153127 -0.025000
v -0.546000 0.150000 -0.015000
v -0.547506 0.153127 -0.015000
v -0.550890 0.153900 -0.015000
v -0.553604 0.151736 -0.015000
v -0.553604 0.148264 -0.015000
v -0.550890 0.146100 -0.015000
v -0.547506 0.146873 -0.015000
v -0.553604 0.151736 -0.025000
v -0.553604 0.151736 -0.015000
v -0.646000 0.150000 -0.025000
v -0.647506 0.146873 -0.025000
v -0.650890 0.146100 -0.025000
v -0.653604 0.148264 -0.025000
v -0.653604 0.151736 -0.025000
v -0.650890 0.153900 -0.025000
v -0.647506 0.153127 -0.025000
v -0.646000 0.150000 -0.015000
v -0.647506 0.153127 -0.015000
v -0.650890 0.153900 -0.015000
v -0.653604 0.151736 -0.015000
v -0.653604 0.148264 -0.015000
v -0.650890 0.146100 -0.015000
v -0.647506 0.146873 -0.015000
v -0.653604 0.151736 -0.025000
v -0.653604 0.151736 -0.015000
v 0.354000 0.250000 -0.025000
v 0.352494 0.246873 -0.025000
v 0.349110 0.246100 -0.025000
v 0.346396 0.248264 -0.025000
v 0.346396 0.251736 -0.025000
v 0.349110 0.253900 -0.025000
v 0.352494 0.253127 -0.025000
v 0.354000 0.250000 -0.015000
v 0.352494 0.253127 -0.015000
v 0.349110 0.253900 -0.015000
v 0.346396 0.251736 -0.015000
v 0.346396 0.248264 -0.015000
v 0.349110 0.246100 -0.015000
v 0.352494 0.246873 -0.015000
v 0.346396 0.251736 -0.025000
v 0.346396 0.251736 -0.015000
v 0.254000 0.250000 -0.025000
v 0.252494 0.246873 -0.025000
v 0.249110 0.246100 -0.025000
v 0.246396 0.248264 -0.025000
v 0.246396 0.251736 -0.025000
v 0.249110 0.253900 -0.025000
v 0.252494 0.253127 -0.025000
v 0.254000 0.250000 -0.015000
v 0.252494 0.253127 -0.015000
v 0.249110 0.253900 -0.015000
v 0.246396 0.251736 -0.015000
v 0.246396 0.248264 -0.015000
v 0.249110 0.246100 -0.015000
v 0.252494 0.246873 -0.015000
v 0.246396 0.251736 -0.025000
v 0.246396 0.251736 -0.015000
v 0.154000 0.250000 -0.025000
v 0.152494 0.246873 -0.025000
v 0.149110 0.246100 -0.025000
v 0.146396 0.248264 -0.025000
v 0.146396 0.251736 -0.025000
v 0.149110 0.253900 -0.025000
v 0.152494 0.253127 -0.025000
v 0.154000 0.250000 -0.015000
v 0.152494 0.253127 -0.015000
v 0.149110 0.253900 -0.015000
v 0.146396 0.251736 -0.015000
v 0.146396 0.248264 -0.015000
v 0.149110 0.246100 -0.015000
v 0.152494 0.246873 -0.015000
v 0.146396 0.251736 -0.025000
v 0.146396 0.251736 -0.015000
v 0.054000 0.250000 -0.025000
v 0.052494 0.246873 -0.025000
v 0.049110 0.246100 -0.025000
v 0.046396 0.248264 -0.025000
v 0.046396 0.251736 -0.025000
v 0.049110 0.253900 -0.025000
v 0.052494 0.253127 -0.025000
v 0.054000 0.250000 -0.015000
v 0.052494 0.253127 -0.015000
v 0.049110 0.253900 -0.015000
v 0.046396 0.251736 -0.015000
v 0.046396 0.248264 -0.015000
v 0.049110 0.246100 -0.015000
v 0.052494 0.246873 -0.015000
v 0.046396 0.251736 -0.025000
v 0.046396 0.251736 -0.015000
v -0.046000 0.250000 -0.025000
v -0.047506 0.246873 -0.025000
v -0.050890 0.246100 -0.025000
v -0.053604 0.248264 -0.025000
v -0.053604 0.251736 -0.025000
v -0.050890 0.253900 -0.025000
v -0.047506 0.253127 -0.025000
v -0.046000 0.250000 -0.015000
v -0.047506 0.253127 -0.015000
v -0.050890 0.253900 -0.015000
v -0.053604 0.251736 -0.015000
v -0.053604 0.248264 -0.015000
v -0.050890 0.246100 -0.015000
v -0.047506 0.246873 -0.015000
v -0.053604 0.251736 -0.025000
v -0.053604 0.251736 -0.015000
v -0.146000 0.250000 -0.025000
v -0.147506 0.246873 -0.025000
v -0.150890 0.246100 -0.025000
v -0.153604 0.248264 -0.025000
v -0.153604 0.251736 -0.025000
v -0.150890 0.253900 -0.025000
v -0.147506 0.253127 -0.025000
v -0.146000 0.250000 -0.015000
v -0.147506 0.253127 -0.015000
v -0.150890 0.253900 -0.015000
v -0.153604 0.251736 -0.015000
v -0.153604 0.248264 -0.015000
v -0.150890 0.246100 -0.015000
v -0.147506 0.246873 -0.015000
v -0.153604 0.251736 -0.025000
v -0.153604 0.251736 -0.015000
v -0.246000 0.250000 -0.025000
v -0.247506 0.246873 -0.025000
v -0.250890 0.246100 -0.025000
v -0.253604 0.248264 -0.025000
v -0.253604 0.251736 -0.025000
v -0.250890 0.253900 -0.025000
v -0.247506 0.253127 -0.025000
v -0.246000 0.250000 -0.015000
v -0.247506 0.253127 -0.015000
v -0.250890 0.253900 -0.015000
v -0.253604 0.251736 -0.015000
v -0.253604 0.248264 -0.015000
v -0.250890 0.246100 -0.015000
v -0.247506 0.246873 -0.015000
v -0.253604 0.251736 -0.025000
v -0.253604 0.251736 -0.015000
v -0.346000 0.250000 -0.025000
v -0.347506 0.246873 -0.025000
v -0.350890 0.246100 -0.025000
v -0.353604 0.248264 -0.025000
v -0.353604 0.251736 -0.025000
v -0.350890 0.253900 -0.025000
v -0.347506 0.253127 -0.025000
v -0.346000 0.250000 -0.015000
v -0.347506 0.253127 -0.015000
v -0.350890 0.253900 -0.015000
v -0.353604 0.251736 -0.015000
v -0.353604 0.248264 -0.015000
v -0.350890 0.246100 -0.015000
v -0.347506 0.246873 -0.015000
v -0.353604 0.251736 -0.025000
v -0.353604 0.251736 -0.015000
v -0.446000 0.250000 -0.025000
v -0.447506 0.246873 -0.025000
v -0.450890 0.246100 -0.025000
v -0.453604 0.248264 -0.025000
v -0.453604 0.251736 -0.025000
v -0.450890 0.253900 -0.025000
v -0.447506 0.253127 -0.025000
v -0.446000 0.250000 -0.015000
v -0.447506 0.253127 -0.015000
v -0.450890 0.253900 -0.015000
v -0.453604 0.251736 -0.015000
v -0.453604 0.248264 -0.015000
v -0.450890 0.246100 -0.015000
v -0.447506 0.246873 -0.015000
v -0.453604 0.251736 -0.025000
v -0.453604 0.251736 -0.015000
v -0.546000 0.250000 -0.025000
v -0.547506 0.246873 -0.025000
v -0.550890 0.246100 -0.025000
v -0.553604 0.248264 -0.025000
v -0.553604 0.251736 -0.025000
v -0.550890 0.253900 -0.025000
v -0.547506 0.253127 -0.025000
v -0.546000 0.250000 -0.015000
v -0.547506 0.253127 -0.015000
v -0.550890 0.253900 -0.015000
v -0.553604 0.251736 -0.015000
v -0.553604 0.248264 -0.015000
v -0.550890 0.246100 -0.015000
v -0.547506 0.246873 -0.015000
v -0.553604 0.251736 -0.025000
v -0.553604 0.251736 -0.015000
v -0.646000 0.250000 -0.025000
v -0.647506 0.246873 -0.025000
v -0.650890 0.246100 -0.025000
v -0.653604 0.248264 -0.025000
v -0.653604 0.251736 -0.025000
v -0.650890 0.253900 -0.025000
v -0.647506 0.253127 -0.025000
v -0.646000 0.250000 -0.015000
v -0.647506 0.253127 -0.015000
v -0.650890 0.253900 -0.015000
v -0.653604 0.251736 -0.015000
v -0.653604 0.248264 -0.015000
v -0.650890 0.246100 -0.015000
v -0.647506 0.246873 -0.015000
v -0.653604 0.251736 -0.025000
v -0.653604 0.251736 -0.015000
v 0.354000 0.350000 -0.025000
v 0.352494 0.346873 -0.025000
v 0.349110 0.346100 -0.025000
v 0.346396 0.348264 -0.025000
v 0.346396 0.351736 -0.025000
v 0.349110 0.353900 -0.025000
v 0.352494 0.353127 -0.025000
v 0.354000 0.350000 -0.015000
v 0.352494 0.353127 -0.015000
v 0.349110 0.353900 -0.015000
v 0.346396 0.351736 -0.015000
v 0.346396 0.348264 -0.015000
v 0.349110 0.346100 -0.015000
v 0.352494 0.346873 -0.015000
v 0.346396 0.351736 -0.025000
v 0.346396 0.351736 -0.015000
v 0.254000 0.350000 -0.025000
v 0.252494 0.346873 -0.025000
v 0.249110 0.346100 -0.025000
v 0.246396 0.348264 -0.025000
v 0.246396 0.351736 -0.025000
v 0.249110 0.353900 -0.025000
v 0.252494 0.353127 -0.025000
v 0.254000 0.350000 -0.015000
v 0.252494 0.353127 -0.015000
v 0.249110 0.353900 -0.015000
v 0.246396 0.351736 -0.015000
v 0.246396 0.348264 -0.015000
v 0.249110 0.346100 -0.015000
v 0.252494 0.346873 -0.015000
v 0.246396 0.351736 -0.025000
v 0.246396 0.351736 -0.015000
v 0.154000 0.350000 -0.025000
v 0.152494 0.346873 -0.025000
v 0.149110 0.346100 -0.025000
v 0.146396 0.348264 -0.025000
v 0.146396 0.351736 -0.025000
v 0.149110 0.353900 -0.025000
v 0.152494 0.353127 -0.025000
v 0.154000 0.350000 -0.015000
v 0.152494 0.353127 -0.015000
v 0.149110 0.353900 -0.015000
v 0.146396 0.351736 -0.015000
v 0.146396 0.348264 -0.015000
v 0.149110 0.346100 -0.015000
v 0.152494 0.346873 -0.015000
v 0.146396 0.351736 -0.025000
v 0.146396 0.351736 -0.015000
v 0.054000 0.350000 -0.025000
v 0.052494 0.346873 -0.025000
v 0.049110 0.346100 -0.025000
v 0.046396 0.348264 -0.025000
v 0.046396 0.351736 -0.025000
v 0.049110 0.353900 -0.025000
v 0.052494 0.353127 -0.025000
v 0.054000 0.350000 -0.015000
v 0.052494 0.353127 -0.015000
v 0.049110 0.353900 -0.015000
v 0.046396 0.351736 -0.015000
v 0.046396 0.348264 -0.015000
v 0.049110 0.346100 -0.015000
v 0.052494 0.346873 -0.015000
v 0.046396 0.351736 -0.025000
v 0.046396 0.351736 -0.015000
v -0.046000 0.350000 -0.025000
v -0.047506 0.346873 -0.025000
v -0.050890 0.346100 -0.025000
v -0.053604 0.348264 -0.025000
v -0.053604 0.351736 -0.025000
v -0.050890 0.353900 -0.025000
v -0.047506 0.353127 -0.025000
v -0.046000 0.350000 -0.015000
v -0.047506 0.353127 -0.015000
v -0.050890 0.353900 -0.015000
v -0.053604 0.351736 -0.015000
v -0.053604 0.348264 -0.015000
v -0.050890 0.346100 -0.015000
v -0.047506 0.346873 -0.015000
v -0.053604 0.351736 -0.025000
v -0.053604 0.351736 -0.015000
v -0.146000 0.350000 -0.025000
v -0.147506 0.346873 -0.025000
v -0.150890 0.346100 -0.025000
v -0.153604 0.348264 -0.025000
v -0.153604 0.351736 -0.025000
v -0.150890 0.353900 -0.025000
v -0.147506 0.353127 -0.025000
v -0.146000 0.350000 -0.015000
v -0.147506 0.353127 -0.015000
v -0.150890 0.353900 -0.015000
v -0.153604 0.351736 -0.015000
v -0.153604 0.348264 -0.015000
v -0.150890 0.346100 -0.015000
v -0.147506 0.346873 -0.015000
v -0.153604 0.351736 -0.025000
v -0.153604 0.351736 -0.015000
v -0.246000 0.350000 -0.025000
v -0.247506 0.346873 -0.025000
v -0.250890 0.346100 -0.025000
v -0.253604 0.348264 -0.025000
v -0.253604 0.351736 -0.025000
v -0.250890 0.353900 -0.025000
v -0.247506 0.353127 -0.025000
v -0.246000 0.350000 -0.015000
v -0.247506 0.353127 -0.015000
v -0.250890 0.353900 -0.015000
v -0.253604 0.351736 -0.015000
v -0.253604 0.348264 -0.015000
v -0.250890 0.346100 -0.015000
v -0.247506 0.346873 -0.015000
v -0.253604 0.351736 -0.025000
v -0.253604 0.351736 -0.015000
v -0.346000 0.350000 -0.025000
v -0.347506 0.346873 -0.025000
v -0.350890 0.346100 -0.025000
v -0.353604 0.348264 -0.025000
v -0.353604 0.351736 -0.025000
v -0.350890 0.353900 -0.025000
v -0.347506 0.353127 -0.025000
v -0.346000 0.350000 -0.015000
v -0.347506 0.353127 -0.015000
v -0.350890 0.353900 -0.015000
v -0.353604 0.351736 -0.015000
v -0.353604 0.348264 -0.015000
v -0.350890 0.346100 -0.015000
v -0.347506 0.346873 -0.015000
v -0.353604 0.351736 -0.025000
v -0.353604 0.351736 -0.015000
v -0.446000 0.350000 -0.025000
v -0.447506 0.346873 -0.025000
v -0.450890 0.346100 -0.025000
v -0.453604 0.348264 -0.025000
v -0.453604 0.351736 -0.025000
v -0.450890 0.353900 -0.025000
v -0.447506 0.353127 -0.025000
v -0.446000 0.350000 -0.015000
v -0.447506 0.353127 -0.015000
v -0.450890 0.353900 -0.015000
v -0.453604 0.351736 -0.015000
v -0.453604 0.348264 -0.015000
v -0.450890 0.346100 -0.015000
v -0.447506 0.346873 -0.015000
v -0.453604 0.351736 -0.025000
v -0.453604 0.351736 -0.015000
v -0.546000 0.350000 -0.025000
v -0.547506 0.346873 -0.025000
v -0.550890 0.346100 -0.025000
v -0.553604 0.348264 -0.025000
v -0.553604 0.351736 -0.025000
v -0.550890 0.353900 -0.025000
v -0.547506 0.353127 -0.025000
v -0.546000 0.350000 -0.015000
v -0.547506 0.353127 -0.015000
v -0.550890 0.353900 -0.015000
v -0.553604 0.351736 -0.015000
v -0.553604 0.348264 -0.015000
v -0.550890 0.346100 -0.015000
v -0.547506 0.346873 -0.015000
v -0.553604 0.351736 -0.025000
v -0.553604 0.351736 -0.015000
v -0.646000 0.350000 -0.025000
v -0.647506 0.346873 -0.025000
v -0.650890 0.346100 -0.025000
v -0.653604 0.348264 -0.025000
v -0.653604 0.351736 -0.025000
v -0.650890 0.353900 -0.025000
v -0.647506 0.353127 -0.025000
v -0.646000 0.350000 -0.015000
v -0.647506 0.353127 -0.015000
v -0.650890 0.353900 -0.015000
v -0.653604 0.351736 -0.015000
v -0.653604 0.348264 -0.015000
v -0.650890 0.346100 -0.015000
v -0.647506 0.346873 -0.015000
v -0.653604 0.351736 -0.025000
v -0.653604 0.351736 -0.015000
v 0.450000 0.450000 -0.015000
v 0.450000 -0.450000 -0.015000
v 0.450000 -0.450000 -0.025000
v 0.450000 0.450000 -0.025000
v -0.750000 0.450000 -0.015000
v 0.450000 0.450000 -0.015000
v 0.450000 0.450000 -0.025000
v -0.750000 0.450000 -0.025000
v -0.750000 -0.450000 -0.015000
v -0.750000 0.450000 -0.015000
v -0.750000 0.450000 -0.025000
v -0.750000 -0.450000 -0.025000
v 0.450000 -0.450000 -0.015000
v -0.750000 -0.450000 -0.015000
v -0.750000 -0.450000 -0.025000
v 0.450000 -0.450000 -0.025000
v 0.354000 -0.350000 -0.015000
v 0.352494 -0.353127 -0.015000
v 0.349110 -0.353900 -0.015000
v 0.346396 -0.351736 -0.015000
v 0.346396 -0.348264 -0.015000
v 0.349110 -0.346100 -0.015000
v 0.352494 -0.346873 -0.015000
v 0.254000 -0.350000 -0.015000
v 0.252494 -0.353127 -0.015000
v 0.249110 -0.353900 -0.015000
v 0.246396 -0.351736 -0.015000
v 0.246396 -0.348264 -0.015000
v 0.249110 -0.346100 -0.015000
v 0.252494 -0.346873 -0.015000
v 0.154000 -0.350000 -0.015000
v 0.152494 -0.353127 -0.015000
v 0.149110 -0.353900 -0.015000
v 0.146396 -0.351736 -0.015000
v 0.146396 -0.348264 -0.015000
v 0.149110 -0.346100 -0.015000
v 0.152494 -0.346873 -0.015000
v 0.054000 -0.350000 -0.015000
v 0.052494 -0.353127 -0.015000
v 0.049110 -0.353900 -0.015000
v 0.046396 -0.351736 -0.015000
v 0.046396 -0.348264 -0.015000
v 0.049110 -0.346100 -0.015000
v 0.052494 -0.346873 -0.015000
v -0.046000 -0.350000 -0.015000
v -0.047506 -0.353127 -0.015000
v -0.050890 -0.353900 -0.015000
v -0.053604 -0.351736 -0.015000
v -0.053604 -0.348264 -0.015000
v -0.050890 -0.346100 -0.015000
v -0.047506 -0.346873 -0.015000
v -0.146000 -0.350000 -0.015000
v -0.147506 -0.353127 -0.015000
v -0.150890 -0.353900 -0.015000
v -0.153604 -0.351736 -0.015000
v -0.153604 -0.348264 -0.015000
v -0.150890 -0.346100 -0.015000
v -0.147506 -0.346873 -0.015000
v -0.246000 -0.350000 -0.015000
v -0.247506 -0.353127 -0.015000
v -0.250890 -0.353900 -0.015000
v -0.253604 -0.351736 -0.015000
v -0.253604 -0.348264 -0.015000
v -0.250890 -0.346100 -0.015000
v -0.247506 -0.346873 -0.015000
v -0.346000 -0.350000 -0.015000
v -0.347506 -0.353127 -0.015000
v -0.350890 -0.353900 -0.015000
v -0.353604 -0.351736 -0.015000
v -0.353604 -0.348264 -0.015000
v -0.350890 -0.346100 -0.015000
v -0.347506 -0.346873 -0.015000
v -0.446000 -0.350000 -0.015000
v -0.447506 -0.353127 -0.015000
v -0.450890 -0.353900 -0.015000
v -0.453604 -0.351736 -0.015000
v -0.453604 -0.348264 -0.015000
v -0.450890 -0.346100 -0.015000
v -0.447506 -0.346873 -0.015000
v -0.546000 -0.350000 -0.015000
v -0.547506 -0.353127 -0.015000
v -0.550890 -0.353900 -0.015000
v -0.553604 -0.351736 -0.015000
v -0.553604 -0.348264 -0.015000
v -0.550890 -0.346100 -0.015000
v -0.547506 -0.346873 -0.015000
v -0.646000 -0.350000 -0.015000
v -0.647506 -0.353127 -0.015000
v -0.650890 -0.353900 -0.015000
v -0.653604 -0.351736 -0.015000
v -0.653604 -0.348264 -0.015000
v -0.650890 -0.346100 -0.015000
v -0.647506 -0.346873 -0.015000
v 0.354000 -0.250000 -0.015000
v 0.352494 -0.253127 -0.015000
v 0.349110 -0.253900 -0.015000
v 0.346396 -0.251736 -0.015000
v 0.346396 -0.248264 -0.015000
v 0.349110 -0.246100 -0.015000
v 0.352494 -0.246873 -0.015000
v 0.254000 -0.250000 -0.015000
v 0.252494 -0.253127 -0.015000
v 0.249110 -0.253900 -0.015000
v 0.246396 -0.251736 -0.015000
v 0.246396 -0.248264 -0.015000
v 0.249110 -0.246100 -0.015000
v 0.252494 -0.246873 -0.015000
v 0.154000 -0.250000 -0.015000
v 0.152494 -0.253127 -0.015000
v 0.149110 -0.253900 -0.015000
v 0.146396 -0.251736 -0.015000
v 0.146396 -0.248264 -0.015000
v 0.149110 -0.246100 -0.015000
v 0.152494 -0.246873 -0.015000
v 0.054000 -0.250000 -0.015000
v 0.052494 -0.253127 -0.015000
v 0.049110 -0.253900 -0.015000
v 0.046396 -0.251736 -0.015000
v 0.046396 -0.248264 -0.015000
v 0.049110 -0.246100 -0.015000
v 0.052494 -0.246873 -0.015000
v -0.046000 -0.250000 -0.015000
v -0.047506 -0.253127 -0.015000
v -0.050890 -0.253900 -0.015000
v -0.053604 -0.251736 -0.015000
v -0.053604 -0.248264 -0.015000
v -0.050890 -0.246100 -0.015000
v -0.047506 -0.246873 -0.015000
v -0.146000 -0.250000 -0.015000
v -0.147506 -0.253127 -0.015000
v -0.150890 -0.253900 -0.015000
v -0.153604 -0.251736 -0.015000
v -0.153604 -0.248264 -0.015000
v -0.150890 -0.246100 -0.015000
v -0.147506 -0.246873 -0.015000
v -0.246000 -0.250000 -0.015000
v -0.247506 -0.253127 -0.015000
v -0.250890 -0.253900 -0.015000
v -0.253604 -0.251736 -0.015000
v -0.253604 -0.248264 -0.015000
v -0.250890 -0.246100 -0.015000
v -0.247506 -0.246873 -0.015000
v -0.346000 -0.250000 -0.015000
v -0.347506 -0.253127 -0.015000
v -0.350890 -0.253900 -0.015000
v -0.353604 -0.251736 -0.015000
v -0.353604 -0.248264 -0.015000
v -0.350890 -0.246100 -0.015000
v -0.347506 -0.246873 -0.015000
v -0.446000 -0.250000 -0.015000
v -0.447506 -0.253127 -0.015000
v -0.450890 -0.253900 -0.015000
v -0.453604 -0.251736 -0.015000
v -0.453604 -0.248264 -0.015000
v -0.450890 -0.246100 -0.015000
v -0.447506 -0.246873 -0.015000
v -0.546000 -0.250000 -0.015000
v -0.547506 -0.253127 -0.015000
v -0.550890 -0.253900 -0.015000
v -0.553604 -0.251736 -0.015000
v -0.553604 -0.248264 -0.015000
v -0.550890 -0.246100 -0.015000
v -0.547506 -0.246873 -0.015000
v -0.646000 -0.250000 -0.015000
v -0.647506 -0.253127 -0.015000
v -0.650890 -0.253900 -0.015000
v -0.653604 -0.251736 -0.015000
v -0.653604 -0.248264 -0.015000
v -0.650890 -0.246100 -0.015000
v -0.647506 -0.246873 -0.015000
v 0.354000 -0.150000 -0.015000
v 0.352494 -0.153127 -0.015000
v 0.349110 -0.153900 -0.015000
v 0.346396 -0.151736 -0.015000
v 0.346396 -0.148264 -0.015000
v 0.349110 -0.146100 -0.015000
v 0.352494 -0.146873 -0.015000
v 0.254000 -0.150000 -0.015000
v 0.252494 -0.153127 -0.015000
v 0.249110 -0.153900 -0.015000
v 0.246396 -0.151736 -0.015000
v 0.246396 -0.148264 -0.015000
v 0.249110 -0.146100 -0.015000
v 0.252494 -0.146873 -0.015000
v 0.154000 -0.150000 -0.015000
v 0.152494 -0.153127 -0.015000
v 0.149110 -0.153900 -0.015000
v 0.146396 -0.151736 -0.015000
v 0.146396 -0.148264 -0.015000
v 0.149110 -0.146100 -0.015000
v 0.152494 -0.146873 -0.015000
v 0.054000 -0.150000 -0.015000
v 0.052494 -0.153127 -0.015000
v 0.049110 -0.153900 -0.015000
v 0.046396 -0.151736 -0.015000
v 0.046396 -0.148264 -0.015000
v 0.049110 -0.146100 -0.015000
v 0.052494 -0.146873 -0.015000
v -0.046000 -0.150000 -0.015000
v -0.047506 -0.153127 -0.015000
v -0.050890 -0.153900 -0.015000
v -0.053604 -0.151736 -0.015000
v -0.053604 -0.148264 -0.015000
v -0.050890 -0.146100 -0.015000
v -0.047506 -0.146873 -0.015000
v -0.146000 -0.150000 -0.015000
v -0.147506 -0.153127 -0.015000
v -0.150890 -0.153900 -0.015000
v -0.153604 -0.151736 -0.015000
v -0.153604 -0.148264 -0.015000
v -0.150890 -0.146100 -0.015000
v -0.147506 -0.146873 -0.015000
v -0.246000 -0.150000 -0.015000
v -0.247506 -0.153127 -0.015000
v -0.250890 -0.153900 -0.015000
v -0.253604 -0.151736 -0.015000
v -0.253604 -0.148264 -0.015000
v -0.250890 -0.146100 -0.015000
v -0.247506 -0.146873 -0.015000
v -0.346000 -0.150000 -0.015000
v -0.347506 -0.153127 -0.015000
v -0.350890 -0.153900 -0.015000
v -0.353604 -0.151736 -0.015000
v -0.353604 -0.148264 -0.015000
v -0.350890 -0.146100 -0.015000
v -0.347506 -0.146873 -0.015000
v -0.446000 -0.150000 -0.015000
v -0.447506 -0.153127 -0.015000
v -0.450890 -0.153900 -0.015000
v -0.453604 -0.151736 -0.015000
v -0.453604 -0.148264 -0.015000
v -0.450890 -0.146100 -0.015000
v -0.447506 -0.146873 -0.015000
v -0.546000 -0.150000 -0.015000
v -0.547506 -0.153127 -0.015000
v -0.550890 -0.153900 -0.015000
v -0.553604 -0.151736 -0.015000
v -0.553604 -0.148264 -0.015000
v -0.550890 -0.146100 -0.015000
v -0.547506 -0.146873 -0.015000
v -0.646000 -0.150000 -0.015000
v -0.647506 -0.153127 -0.015000
v -0.650890 -0.153900 -0.015000
v -0.653604 -0.151736 -0.015000
v -0.653604 -0.148264 -0.015000
v -0.650890 -0.146100 -0.015000
v -0.647506 -0.146873 -0.015000
v 0.354000 -0.050000 -0.015000
v 0.352494 -0.053127 -0.015000
v 0.349110 -0.053900 -0.015000
v 0.346396 -0.051736 -0.015000
v 0.346396 -0.048264 -0.015000
v 0.349110 -0.046100 -0.015000
v 0.352494 -0.046873 -0.015000
v 0.254000 -0.050000 -0.015000
v 0.252494 -0.053127 -0.015000
v 0.249110 -0.053900 -0.015000
v 0.246396 -0.051736 -0.015000
v 0.246396 -0.048264 -0.015000
v 0.249110 -0.046100 -0.015000
v 0.252494 -0.046873 -0.015000
v 0.154000 -0.050000 -0.015000
v 0.152494 -0.053127 -0.015000
v 0.149110 -0.053900 -0.015000
v 0.146396 -0.051736 -0.015000
v 0.146396 -0.048264 -0.015000
v 0.149110 -0.046100 -0.015000
v 0.152494 -0.046873 -0.015000
v 0.054000 -0.050000 -0.015000
v 0.052494 -0.053127 -0.015000
v 0.049110 -0.053900 -0.015000
v 0.046396 -0.051736 -0.015000
v 0.046396 -0.048264 -0.015000
v 0.049110 -0.046100 -0.015000
v 0.052494 -0.046873 -0.015000
v -0.046000 -0.050000 -0.015000
v -0.047506 -0.053127 -0.015000
v -0.050890 -0.053900 -0.015000
v -0.053604 -0.051736 -0.015000
v -0.053604 -0.048264 -0.015000
v -0.050890 -0.046100 -0.015000
v -0.047506 -0.046873 -0.015000
v -0.146000 -0.050000 -0.015000
v -0.147506 -0.053127 -0.015000
v -0.150890 -0.053900 -0.015000
v -0.153604 -0.051736 -0.015000
v -0.153604 -0.048264 -0.015000
v -0.150890 -0.046100 -0.015000
v -0.147506 -0.046873 -0.015000
v -0.246000 -0.050000 -0.015000
v -0.247506 -0.053127 -0.015000
v -0.250890 -0.053900 -0.015000
v -0.253604 -0.051736 -0.015000
v -0.253604 -0.048264 -0.015000
v -0.250890 -0.046100 -0.015000
v -0.247506 -0.046873 -0.015000
v -0.346000 -0.050000 -0.015000
v -0.347506 -0.053127 -0.015000
v -0.350890 -0.053900 -0.015000
v -0.353604 -0.051736 -0.015000
v -0.353604 -0.048264 -0.015000
v -0.350890 -0.046100 -0.015000
v -0.347506 -0.046873 -0.015000
v -0.446000 -0.050000 -0.015000
v -0.447506 -0.053127 -0.015000
v -0.450890 -0.053900 -0.015000
v -0.453604 -0.051736 -0.015000
v -0.453604 -0.048264 -0.015000
v -0.450890 -0.046100 -0.015000
v -0.447506 -0.046873 -0.015000
v -0.546000 -0.050000 -0.015000
v -0.547506 -0.053127 -0.015000
v -0.550890 -0.053900 -0.015000
v -0.553604 -0.051736 -0.015000
v -0.553604 -0.048264 -0.015000
v -0.550890 -0.046100 -0.015000
v -0.547506 -0.046873 -0.015000
v -0.646000 -0.050000 -0.015000
v -0.647506 -0.053127 -0.015000
v -0.650890 -0.053900 -0.015000
v -0.653604 -0.051736 -0.015000
v -0.653604 -0.048264 -0.015000
v -0.650890 -0.046100 -0.015000
v -0.647506 -0.046873 -0.015000
v 0.354000 0.050000 -0.015000
v 0.352494 0.046873 -0.015000
v 0.349110 0.046100 -0.015000
v 0.346396 0.048264 -0.015000
v 0.346396 0.051736 -0.015000
v 0.349110 0.053900 -0.015000
v 0.352494 0.053127 -0.015000
v 0.254000 0.050000 -0.015000
v 0.252494 0.046873 -0.015000
v 0.249110 0.046100 -0.015000
v 0.246396 0.048264 -0.015000
v 0.246396 0.051736 -0.015000
v 0.249110 0.053900 -0.015000
v 0.252494 0.053127 -0.015000
v 0.154000 0.050000 -0.015000
v 0.152494 0.046873 -0.015000
v 0.149110 0.046100 -0.015000
v 0.146396 0.048264 -0.015000
v 0.146396 0.051736 -0.015000
v 0.149110 0.053900 -0.015000
v 0.152494 0.053127 -0.015000
v 0.054000 0.050000 -0.015000
v 0.052494 0.046873 -0.015000
v 0.049110 0.046100 -0.015000
v 0.046396 0.048264 -0.015000
v 0.046396 0.051736 -0.015000
v 0.049110 0.053900 -0.015000
v 0.052494 0.053127 -0.015000
v -0.046000 0.050000 -0.015000
v -0.047506 0.046873 -0.015000
v -0.050890 0.046100 -0.015000
v -0.053604 0.048264 -0.015000
v -0.053604 0.051736 -0.015000
v -0.050890 0.053900 -0.015000
v -0.047506 0.053127 -0.015000
v -0.146000 0.050000 -0.015000
v -0.147506 0.046873 -0.015000
v -0.150890 0.046100 -0.015000
v -0.153604 0.048264 -0.015000
v -0.153604 0.051736 -0.015000
v -0.150890 0.053900 -0.015000
v -0.147506 0.053127 -0.015000
v -0.246000 0.050000 -0.015000
v -0.247506 0.046873 -0.015000
v -0.250890 0.046100 -0.015000
v -0.253604 0.048264 -0.015000
v -0.253604 0.051736 -0.015000
v -0.250890 0.053900 -0.015000
v -0.247506 0.053127 -0.015000
v -0.346000 0.050000 -0.015000
v -0.347506 0.046873 -0.015000
v -0.350890 0.046100 -0.015000
v -0.353604 0.048264 -0.015000
v -0.353604 0.051736 -0.015000
v -0.350890 0.053900 -0.015000
v -0.347506 0.053127 -0.015000
v -0.446000 0.050000 -0.015000
v -0.447506 0.046873 -0.015000
v -0.450890 0.046100 -0.015000
v -0.453604 0.048264 -0.015000
v -0.453604 0.051736 -0.015000
v -0.450890 0.053900 -0.015000
v -0.447506 0.053127 -0.015000
v -0.546000 0.050000 -0.015000
v -0.547506 0.046873 -0.015000
v -0.550890 0.046100 -0.015000
v -0.553604 0.048264 -0.015000
v -0.553604 0.051736 -0.015000
v -0.550890 0.053900 -0.015000
v -0.547506 0.053127 -0.015000
v -0.646000 0.050000 -0.015000
v -0.647506 0.046873 -0.015000
v -0.650890 0.046100 -0.015000
v -0.653604 0.048264 -0.015000
v -0.653604 0.051736 -0.015000
v -0.650890 0.053900 -0.015000
v -0.647506 0.053127 -0.015000
v 0.354000 0.150000 -0.015000
v 0.352494 0.146873 -0.015000
v 0.349110 0.146100 -0.015000
v 0.346396 0.148264 -0.015000
v 0.346396 0.151736 -0.015000
v 0.349110 0.153900 -0.015000
v 0.352494 0.153127 -0.015000
v 0.254000 0.150000 -0.015000
v 0.252494 0.146873 -0.015000
v 0.249110 0.146100 -0.015000
v 0.246396 0.148264 -0.015000
v 0.246396 0.151736 -0.015000
v 0.249110 0.153900 -0.015000
v 0.252494 0.153127 -0.015000
v 0.154000 0.150000 -0.015000
v 0.152494 0.146873 -0.015000
v 0.149110 0.146100 -0.015000
v 0.146396 0.148264 -0.015000
v 0.146396 0.151736 -0.015000
v 0.149110 0.153900 -0.015000
v 0.152494 0.153127 -0.015000
v 0.054000 0.150000 -0.015000
v 0.052494 0.146873 -0.015000
v 0.049110 0.146100 -0.015000
v 0.046396 0.148264 -0.015000
v 0.046396 0.151736 -0.015000
v 0.049110 0.153900 -0.015000
v 0.052494 0.153127 -0.015000
v -0.046000 0.150000 -0.015000
v -0.047506 0.146873 -0.015000
v -0.050890 0.146100 -0.015000
v -0.053604 0.148264 -0.015000
v -0.053604 0.151736 -0.015000
v -0.050890 0.153900 -0.015000
v -0.047506 0.153127 -0.015000
v -0.146000 0.150000 -0.015000
v -0.147506 0.146873 -0.015000
v -0.150890 0.146100 -0.015000
v -0.153604 0.148264 -0.015000
v -0.153604 0.151736 -0.015000
v -0.150890 0.153900 -0.015000
v -0.147506 0.153127 -0.015000
v -0.246000 0.150000 -0.015000
v -0.247506 0.146873 -0.015000
v -0.250890 0.146100 -0.015000
v -0.253604 0.148264 -0.015000
v -0.253604 0.151736 -0.015000
v -0.250890 0.153900 -0.015000
v -0.247506 0.153127 -0.015000
v -0.346000 0.150000 -0.015000
v -0.347506 0.146873 -0.015000
v -0.350890 0.146100 -0.015000
v -0.353604 0.148264 -0.015000
v -0.353604 0.151736 -0.015000
v -0.350890 0.153900 -0.015000
v -0.347506 0.153127 -0.015000
v -0.446000 0.150000 -0.015000
v -0.447506 0.146873 -0.015000
v -0.450890 0.146100 -0.015000
v -0.453604 0.148264 -0.015000
v -0.453604 0.151736 -0.015000
v -0.450890 0.153900 -0.015000
v -0.447506 0.153127 -0.015000
v -0.546000 0.150000 -0.015000
v -0.547506 0.146873 -0.015000
v -0.550890 0.146100 -0.015000
v -0.553604 0.148264 -0.015000
v -0.553604 0.151736 -0.015000
v -0.550890 0.153900 -0.015000
v -0.547506 0.153127 -0.015000
v -0.646000 0.150000 -0.015000
v -0.647506 0.146873 -0.015000
v -0.650890 0.146100 -0.015000
v -0.653604 0.148264 -0.015000
v -0.653604 0.151736 -0.015000
v -0.650890 0.153900 -0.015000
v -0.647506 0.153127 -0.015000
v 0.354000 0.250000 -0.015000
v 0.352494 0.246873 -0.015000
v 0.349110 0.246100 -0.015000
v 0.346396 0.248264 -0.015000
v 0.346396 0.251736 -0.015000
v 0.349110 0.253900 -0.015000
v 0.352494 0.253127 -0.015000
v 0.254000 0.250000 -0.015000
v 0.252494 0.246873 -0.015000
v 0.249110 0.246100 -0.015000
v 0.246396 0.248264 -0.015000
v 0.246396 0.251736 -0.015000
v 0.249110 0.253900 -0.015000
v 0.252494 0.253127 -0.015000
v 0.154000 0.250000 -0.015000
v 0.152494 0.246873 -0.015000
v 0.149110 0.246100 -0.015000
v 0.146396 0.248264 -0.015000
v 0.146396 0.251736 -0.015000
v 0.149110 0.253900 -0.015000
v 0.152494 0.253127 -0.015000
v 0.054000 0.250000 -0.015000
v 0.052494 0.246873 -0.015000
v 0.049110 0.246100 -0.015000
v 0.046396 0.248264 -0.015000
v 0.046396 0.251736 -0.015000
v 0.049110 0.253900 -0.015000
v 0.052494 0.253127 -0.015000
v -0.046000 0.250000 -0.015000
v -0.047506 0.246873 -0.015000
v -0.050890 0.246100 -0.015000
v -0.053604 0.248264 -0.015000
v -0.053604 0.251736 -0.015000
v -0.050890 0.253900 -0.015000
v -0.047506 0.253127 -0.015000
v -0.146000 0.250000 -0.015000
v -0.147506 0.246873 -0.015000
v -0.150890 0.246100 -0.015000
v -0.153604 0.248264 -0.015000
v -0.153604 0.251736 -0.015000
v -0.150890 0.253900 -0.015000
v -0.147506 0.253127 -0.015000
v -0.246000 0.250000 -0.015000
v -0.247506 0.246873 -0.015000
v -0.250890 0.246100 -0.015000
v -0.253604 0.248264 -0.015000
v -0.253604 0.251736 -0.015000
v -0.250890 0.253900 -0.015000
v -0.247506 0.253127 -0.015000
v -0.346000 0.250000 -0.015000
v -0.347506 0.246873 -0.015000
v -0.350890 0.246100 -0.015000
v -0.353604 0.248264 -0.015000
v -0.353604 0.251736 -0.015000
v -0.350890 0.253900 -0.015000
v -0.347506 0.253127 -0.015000
v -0.446000 0.250000 -0.015000
v -0.447506 0.246873 -0.015000
v -0.450890 0.246100 -0.015000
v -0.453604 0.248264 -0.015000
v -0.453604 0.251736 -0.015000
v -0.450890 0.253900 -0.015000
v -0.447506 0.253127 -0.015000
v -0.546000 0.250000 -0.015000
v -0.547506 0.246873 -0.015000
v -0.550890 0.246100 -0.015000
v -0.553604 0.248264 -0.015000
v -0.553604 0.251736 -0.015000
v -0.550890 0.253900 -0.015000
v -0.547506 0.253127 -0.015000
v -0.646000 0.250000 -0.015000
v -0.647506 0.246873 -0.015000
v -0.650890 0.246100 -0.015000
v -0.653604 0.248264 -0.015000
v -0.653604 0.251736 -0.015000
v -0.650890 0.253900 -0.015000
v -0.647506 0.253127 -0.015000
v 0.354000 0.350000 -0.015000
v 0.352494 0.346873 -0.015000
v 0.349110 0.346100 -0.015000
v 0.346396 0.348264 -0.015000
v 0.346396 0.351736 -0.015000
v 0.349110 0.353900 -0.015000
v 0.352494 0.353127 -0.015000
v 0.254000 0.350000 -0.015000
v 0.252494 0.346873 -0.015000
v 0.249110 0.346100 -0.015000
v 0.246396 0.348264 -0.015000
v 0.246396 0.351736 -0.015000
v 0.249110 0.353900 -0.015000
v 0.252494 0.353127 -0.015000
v 0.154000 0.350000 -0.015000
v 0.152494 0.346873 -0.015000
v 0.149110 0.346100 -0.015000
v 0.146396 0.348264 -0.015000
v 0.146396 0.351736 -0.015000
v 0.149110 0.353900 -0.015000
v 0.152494 0.353127 -0.015000
v 0.054000 0.350000 -0.015000
v 0.052494 0.346873 -0.015000
v 0.049110 0.346100 -0.015000
v 0.046396 0.348264 -0.015000
v 0.046396 0.351736 -0.015000
v 0.049110 0.353900 -0.015000
v 0.052494 0.353127 -0.015000
v -0.046000 0.350000 -0.015000
v -0.047506 0.346873 -0.015000
v -0.050890 0.346100 -0.015000
v -0.053604 0.348264 -0.015000
v -0.053604 0.351736 -0.015000
v -0.050890 0.353900 -0.015000
v -0.047506 0.353127 -0.015000
v -0.146000 0.350000 -0.015000
v -0.147506 0.346873 -0.015000
v -0.150890 0.346100 -0.015000
v -0.153604 0.348264 -0.015000
v -0.153604 0.351736 -0.015000
v -0.150890 0.353900 -0.015000
v -0.147506 0.353127 -0.015000
v -0.246000 0.350000 -0.015000
v -0.247506 0.346873 -0.015000
v -0.250890 0.346100 -0.015000
v -0.253604 0.348264 -0.015000
v -0.253604 0.351736 -0.015000
v -0.250890 0.353900 -0.015000
v -0.247506 0.353127 -0.015000
v -0.346000 0.350000 -0.015000
v -0.347506 0.346873 -0.015000
v -0.350890 0.346100 -0.015000
v -0.353604 0.348264 -0.015000
v -0.353604 0.351736 -0.015000
v -0.350890 0.353900 -0.015000
v -0.347506 0.353127 -0.015000
v -0.446000 0.350000 -0.015000
v -0.447506 0.346873 -0.015000
v -0.450890 0.346100 -0.015000
v -0.453604 0.348264 -0.015000
v -0.453604 0.351736 -0.015000
v -0.450890 0.353900 -0.015000
v -0.447506 0.353127 -0.015000
v -0.546000 0.350000 -0.015000
v -0.547506 0.346873 -0.015000
v -0.550890 0.346100 -0.015000
v -0.553604 0.348264 -0.015000
v -0.553604 0.351736 -0.015000
v -0.550890 0.353900 -0.015000
v -0.547506 0.353127 -0.015000
v -0.646000 0.350000 -0.015000
v -0.647506 0.346873 -0.015000
v -0.650890 0.346100 -0.015000
v -0.653604 0.348264 -0.015000
v -0.653604 0.351736 -0.015000
v -0.650890 0.353900 -0.015000
v -0.647506 0.353127 -0.015000
v -0.750000 -0.450000 -0.015000
v 0.450000 -0.450000 -0.015000
v 0.450000 0.450000 -0.015000
v -0.750000 0.450000 -0.015000
v 0.354000 -0.350000 -0.025000
v 0.352494 -0.346873 -0.025000
v 0.349110 -0.346100 -0.025000
v 0.346396 -0.348264 -0.025000
v 0.346396 -0.351736 -0.025000
v 0.349110 -0.353900 -0.025000
v 0.352494 -0.353127 -0.025000
v 0.254000 -0.350000 -0.025000
v 0.252494 -0.346873 -0.025000
v 0.249110 -0.346100 -0.025000
v 0.246396 -0.348264 -0.025000
v 0.246396 -0.351736 -0.025000
v 0.249110 -0.353900 -0.025000
v 0.252494 -0.353127 -0.025000
v 0.154000 -0.350000 -0.025000
v 0.152494 -0.346873 -0.025000
v 0.149110 -0.346100 -0.025000
v 0.146396 -0.348264 -0.025000
v 0.146396 -0.351736 -0.025000
v 0.149110 -0.353900 -0.025000
v 0.152494 -0.353127 -0.025000
v 0.054000 -0.350000 -0.025000
v 0.052494 -0.346873 -0.025000
v 0.049110 -0.346100 -0.025000
v 0.046396 -0.348264 -0.025000
v 0.046396 -0.351736 -0.025000
v 0.049110 -0.353900 -0.025000
v 0.052494 -0.353127 -0.025000
v -0.046000 -0.350000 -0.025000
v -0.047506 -0.346873 -0.025000
v -0.050890 -0.346100 -0.025000
v -0.053604 -0.348264 -0.025000
v -0.053604 -0.351736 -0.025000
v -0.050890 -0.353900 -0.025000
v -0.047506 -0.353127 -0.025000
v -0.146000 -0.350000 -0.025000
v -0.147506 -0.346873 -0.025000
v -0.150890 -0.346100 -0.025000
v -0.153604 -0.348264 -0.025000
v -0.153604 -0.351736 -0.025000
v -0.150890 -0.353900 -0.025000
v -0.147506 -0.353127 -0.025000
v -0.246000 -0.350000 -0.025000
v -0.247506 -0.346873 -0.025000
v -0.250890 -0.346100 -0.025000
v -0.253604 -0.348264 -0.025000
v -0.253604 -0.351736 -0.025000
v -0.250890 -0.353900 -0.025000
v -0.247506 -0.353127 -0.025000
v -0.346000 -0.350000 -0.025000
v -0.347506 -0.346873 -0.025000
v -0.350890 -0.346100 -0.025000
v -0.353604 -0.348264 -0.025000
v -0.353604 -0.351736 -0.025000
v -0.350890 -0.353900 -0.025000
v -0.347506 -0.353127 -0.025000
v -0.446000 -0.350000 -0.025000
v -0.447506 -0.346873 -0.025000
v -0.450890 -0.346100 -0.025000
v -0.453604 -0.348264 -0.025000
v -0.453604 -0.351736 -0.025000
v -0.450890 -0.353900 -0.025000
v -0.447506 -0.353127 -0.025000
v -0.546000 -0.350000 -0.025000
v -0.547506 -0.346873 -0.025000
v -0.550890 -0.346100 -0.025000
v -0.553604 -0.348264 -0.025000
v -0.553604 -0.351736 -0.025000
v -0.550890 -0.353900 -0.025000
v -0.547506 -0.353127 -0.025000
v -0.646000 -0.350000 -0.025000
v -0.647506 -0.346873 -0.025000
v -0.650890 -0.346100 -0.025000
v -0.653604 -0.348264 -0.025000
v -0.653604 -0.351736 -0.025000
v -0.650890 -0.353900 -0.025000
v -0.647506 -0.353127 -0.025000
v 0.354000 -0.250000 -0.025000
v 0.352494 -0.246873 -0.025000
v 0.349110 -0.246100 -0.025000
v 0.346396 -0.248264 -0.025000
v 0.346396 -0.251736 -0.025000
v 0.349110 -0.253900 -0.025000
v 0.352494 -0.253127 -0.025000
v 0.254000 -0.250000 -0.025000
v 0.252494 -0.246873 -0.025000
v 0.249110 -0.246100 -0.025000
v 0.246396 -0.248264 -0.025000
v 0.246396 -0.251736 -0.025000
v 0.249110 -0.253900 -0.025000
v 0.252494 -0.253127 -0.025000
v 0.154000 -0.250000 -0.025000
v 0.152494 -0.246873 -0.025000
v 0.149110 -0.246100 -0.025000
v 0.146396 -0.248264 -0.025000
v 0.146396 -0.251736 -0.025000
v 0.149110 -0.253900 -0.025000
v 0.152494 -0.253127 -0.025000
v 0.054000 -0.250000 -0.025000
v 0.052494 -0.246873 -0.025000
v 0.049110 -0.246100 -0.025000
v 0.046396 -0.248264 -0.025000
v 0.046396 -0.251736 -0.025000
v 0.049110 -0.253900 -0.025000
v 0.052494 -0.253127 -0.025000
v -0.046000 -0.250000 -0.025000
v -0.047506 -0.246873 -0.025000
v -0.050890 -0.246100 -0.025000
v -0.053604 -0.248264 -0.025000
v -0.053604 -0.251736 -0.025000
v -0.050890 -0.253900 -0.025000
v -0.047506 -0.253127 -0.025000
v -0.146000 -0.250000 -0.025000
v -0.147506 -0.246873 -0.025000
v -0.150890 -0.246100 -0.025000
v -0.153604 -0.248264 -0.025000
v -0.153604 -0.251736 -0.025000
v -0.150890 -0.253900 -0.025000
v -0.147506 -0.253127 -0.025000
v -0.246000 -0.250000 -0.025000
v -0.247506 -0.246873 -0.025000
v -0.250890 -0.246100 -0.025000
v -0.253604 -0.248264 -0.025000
v -0.253604 -0.251736 -0.025000
v -0.250890 -0.253900 -0.025000
v -0.247506 -0.253127 -0.025000
v -0.346000 -0.250000 -0.025000
v -0.347506 -0.246873 -0.025000
v -0.350890 -0.246100 -0.025000
v -0.353604 -0.248264 -0.025000
v -0.353604 -0.251736 -0.025000
v -0.350890 -0.253900 -0.025000
v -0.347506 -0.253127 -0.025000
v -0.446000 -0.250000 -0.025000
v -0.447506 -0.246873 -0.025000
v -0.450890 -0.246100 -0.025000
v -0.453604 -0.248264 -0.025000
v -0.453604 -0.251736 -0.025000
v -0.450890 -0.253900 -0.025000
v -0.447506 -0.253127 -0.025000
v -0.546000 -0.250000 -0.025000
v -0.547506 -0.246873 -0.025000
v -0.550890 -0.246100 -0.025000
v -0.553604 -0.248264 -0.025000
v -0.553604 -0.251736 -0.025000
v -0.550890 -0.253900 -0.025000
v -0.547506 -0.253127 -0.025000
v -0.646000 -0.250000 -0.025000
v -0.647506 -0.246873 -0.025000
v -0.650890 -0.246100 -0.025000
v -0.653604 -0.248264 -0.025000
v -0.653604 -0.251736 -0.025000
v -0.650890 -0.253900 -0.025000
v -0.647506 -0.253127 -0.025000
v 0.354000 -0.150000 -0.025000
v 0.352494 -0.146873 -0.025000
v 0.349110 -0.146100 -0.025000
v 0.346396 -0.148264 -0.025000
v 0.346396 -0.151736 -0.025000
v 0.349110 -0.153900 -0.025000
v 0.352494 -0.153127 -0.025000
v 0.254000 -0.150000 -0.025000
v 0.252494 -0.146873 -0.025000
v 0.249110 -0.146100 -0.025000
v 0.246396 -0.148264 -0.025000
v 0.246396 -0.151736 -0.025000
v 0.249110 -0.153900 -0.025000
v 0.252494 -0.153127 -0.025000
v 0.154000 -0.150000 -0.025000
v 0.152494 -0.146873 -0.025000
v 0.149110 -0.146100 -0.025000
v 0.146396 -0.148264 -0.025000
v 0.146396 -0.151736 -0.025000
v 0.149110 -0.153900 -0.025000
v 0.152494 -0.153127 -0.025000
v 0.054000 -0.150000 -0.025000
v 0.052494 -0.146873 -0.025000
v 0.049110 -0.146100 -0.025000
v 0.046396 -0.148264 -0.025000
v 0.046396 -0.151736 -0.025000
v 0.049110 -0.153900 -0.025000
v 0.052494 -0.153127 -0.025000
v -0.046000 -0.150000 -0.025000
v -0.047506 -0.146873 -0.025000
v -0.050890 -0.146100 -0.025000
v -0.053604 -0.148264 -0.025000
v -0.053604 -0.151736 -0.025000
v -0.050890 -0.153900 -0.025000
v -0.047506 -0.153127 -0.025000
v -0.146000 -0.150000 -0.025000
v -0.147506 -0.146873 -0.025000
v -0.150890 -0.146100 -0.025000
v -0.153604 -0.148264 -0.025000
v -0.153604 -0.151736 -0.025000
v -0.150890 -0.153900 -0.025000
v -0.147506 -0.153127 -0.025000
v -0.246000 -0.150000 -0.025000
v -0.247506 -0.146873 -0.025000
v -0.250890 -0.146100 -0.025000
v -0.253604 -0.148264 -0.025000
v -0.253604 -0.151736 -0.025000
v -0.250890 -0.153900 -0.025000
v -0.247506 -0.153127 -0.025000
v -0.346000 -0.150000 -0.025000
v -0.347506 -0.146873 -0.025000
v -0.350890 -0.146100 -0.025000
v -0.353604 -0.148264 -0.025000
v -0.353604 -0.151736 -0.025000
v -0.350890 -0.153900 -0.025000
v -0.347506 -0.153127 -0.025000
v -0.446000 -0.150000 -0.025000
v -0.447506 -0.146873 -0.025000
v -0.450890 -0.146100 -0.025000
v -0.453604 -0.148264 -0.025000
v -0.453604 -0.151736 -0.025000
v -0.450890 -0.153900 -0.025000
v -0.447506 -0.153127 -0.025000
v -0.546000 -0.150000 -0.025000
v -0.547506 -0.146873 -0.025000
v -0.550890 -0.146100 -0.025000
v -0.553604 -0.148264 -0.025000
v -0.553604 -0.151736 -0.025000
v -0.550890 -0.153900 -0.025000
v -0.547506 -0.153127 -0.025000
v -0.646000 -0.150000 -0.025000
v -0.647506 -0.146873 -0.025000
v -0.650890 -0.146100 -0.025000
v -0.653604 -0.148264 -0.025000
v -0.653604 -0.151736 -0.025000
v -0.650890 -0.153900 -0.025000
v -0.647506 -0.153127 -0.025000
v 0.354000 -0.050000 -0.025000
v 0.352494 -0.046873 -0.025000
v 0.349110 -0.046100 -0.025000
v 0.346396 -0.048264 -0.025000
v 0.346396 -0.051736 -0.025000
v 0.349110 -0.053900 -0.025000
v 0.352494 -0.053127 -0.025000
v 0.254000 -0.050000 -0.025000
v 0.252494 -0.046873 -0.025000
v 0.249110 -0.046100 -0.025000
v 0.246396 -0.048264 -0.025000
v 0.246396 -0.051736 -0.025000
v 0.249110 -0.053900 -0.025000
v 0.252494 -0.053127 -0.025000
v 0.154000 -0.050000 -0.025000
v 0.152494 -0.046873 -0.025000
v 0.149110 -0.046100 -0.025000
v 0.146396 -0.048264 -0.025000
v 0.146396 -0.051736 -0.025000
v 0.149110 -0.053900 -0.025000
v 0.152494 -0.053127 -0.025000
v 0.054000 -0.050000 -0.025000
v 0.052494 -0.046873 -0.025000
v 0.049110 -0.046100 -0.025000
v 0.046396 -0.048264 -0.025000
v 0.046396 -0.051736 -0.025000
v 0.049110 -0.053900 -0.025000
v 0.052494 -0.053127 -0.025000
v -0.046000 -0.050000 -0.025000
v -0.047506 -0.046873 -0.025000
v -0.050890 -0.046100 -0.025000
v -0.053604 -0.048264 -0.025000
v -0.053604 -0.051736 -0.025000
v -0.050890 -0.053900 -0.025000
v -0.047506 -0.053127 -0.025000
v -0.146000 -0.050000 -0.025000
v -0.147506 -0.046873 -0.025000
v -0.150890 -0.046100 -0.025000
v -0.153604 -0.048264 -0.025000
v -0.153604 -0.051736 -0.025000
v -0.150890 -0.053900 -0.025000
v -0.147506 -0.053127 -0.025000
v -0.246000 -0.050000 -0.025000
v -0.247506 -0.046873 -0.025000
v -0.250890 -0.046100 -0.025000
v -0.253604 -0.048264 -0.025000
v -0.253604 -0.051736 -0.025000
v -0.250890 -0.053900 -0.025000
v -0.247506 -0.053127 -0.025000
v -0.346000 -0.050000 -0.025000
v -0.347506 -0.046873 -0.025000
v -0.350890 -0.046100 -0.025000
v -0.353604 -0.048264 -0.025000
v -0.353604 -0.051736 -0.025000
v -0.350890 -0.053900 -0.025000
v -0.347506 -0.053127 -0.025000
v -0.446000 -0.050000 -0.025000
v -0.447506 -0.046873 -0.025000
v -0.450890 -0.046100 -0.025000
v -0.453604 -0.048264 -0.025000
v -0.453604 -0.051736 -0.025000
v -0.450890 -0.053900 -0.025000
v -0.447506 -0.053127 -0.025000
v -0.546000 -0.050000 -0.025000
v -0.547506 -0.046873 -0.025000
v -0.550890 -0.046100 -0.025000
v -0.553604 -0.048264 -0.025000
v -0.553604 -0.051736 -0.025000
v -0.550890 -0.053900 -0.025000
v -0.547506 -0.053127 -0.025000
v -0.646000 -0.050000 -0.025000
v -0.647506 -0.046873 -0.025000
v -0.650890 -0.046100 -0.025000
v -0.653604 -0.048264 -0.025000
v -0.653604 -0.051736 -0.025000
v -0.650890 -0.053900 -0.025000
v -0.647506 -0.053127 -0.025000
v 0.354000 0.050000 -0.025000
v 0.352494 0.053127 -0.025000
v 0.349110 0.053900 -0.025000
v 0.346396 0.051736 -0.025000
v 0.346396 0.048264 -0.025000
v 0.349110 0.046100 -0.025000
v 0.352494 0.046873 -0.025000
v 0.254000 0.050000 -0.025000
v 0.252494 0.053127 -0.025000
v 0.249110 0.053900 -0.025000
v 0.246396 0.051736 -0.025000
v 0.246396 0.048264 -0.025000
v 0.249110 0.046100 -0.025000
v 0.252494 0.046873 -0.025000
v 0.154000 0.050000 -0.025000
v 0.152494 0.053127 -0.025000
v 0.149110 0.053900 -0.025000
v 0.146396 0.051736 -0.025000
v 0.146396 0.048264 -0.025000
v 0.149110 0.046100 -0.025000
v 0.152494 0.046873 -0.025000
v 0.054000 0.050000 -0.025000
v 0.052494 0.053127 -0.025000
v 0.049110 0.053900 -0.025000
v 0.046396 0.051736 -0.025000
v 0.046396 0.048264 -0.025000
v 0.049110 0.046100 -0.025000
v 0.052494 0.046873 -0.025000
v -0.046000 0.050000 -0.025000
v -0.047506 0.053127 -0.025000
v -0.050890 0.053900 -0.025000
v -0.053604 0.051736 -0.025000
v -0.053604 0.048264 -0.025000
v -0.050890 0.046100 -0.025000
v -0.047506 0.046873 -0.025000
v -0.146000 0.050000 -0.025000
v -0.147506 0.053127 -0.025000
v -0.150890 0.053900 -0.025000
v -0.153604 0.051736 -0.025000
v -0.153604 0.048264 -0.025000
v -0.150890 0.046100 -0.025000
v -0.147506 0.046873 -0.025000
v -0.246000 0.050000 -0.025000
v -0.247506 0.053127 -0.025000
v -0.250890 0.053900 -0.025000
v -0.253604 0.051736 -0.025000
v -0.253604 0.048264 -0.025000
v -0.250890 0.046100 -0.025000
v -0.247506 0.046873 -0.025000
v -0.346000 0.050000 -0.025000
v -0.347506 0.053127 -0.025000
v -0.350890 0.053900 -0.025000
v -0.353604 0.051736 -0.025000
v -0.353604 0.048264 -0.025000
v -0.350890 0.046100 -0.025000
v -0.347506 0.046873 -0.025000
v -0.446000 0.050000 -0.025000
v -0.447506 0.053127 -0.025000
v -0.450890 0.053900 -0.025000
v -0.453604 0.051736 -0.025000
v -0.453604 0.048264 -0.025000
v -0.450890 0.046100 -0.025000
v -0.447506 0.046873 -0.025000
v -0.546000 0.050000 -0.025000
v -0.547506 0.053127 -0.025000
v -0.550890 0.053900 -0.025000
v -0.553604 0.051736 -0.025000
v -0.553604 0.048264 -0.025000
v -0.550890 0.046100 -0.025000
v -0.547506 0.046873 -0.025000
v -0.646000 0.050000 -0.025000
v -0.647506 0.053127 -0.025000
v -0.650890 0.053900 -0.025000
v -0.653604 0.051736 -0.025000
v -0.653604 0.048264 -0.025000
v -0.650890 0.046100 -0.025000
v -0.647506 0.046873 -0.025000
v 0.354000 0.150000 -0.025000
v 0.352494 0.153127 -0.025000
v 0.349110 0.153900 -0.025000
v 0.346396 0.151736 -0.025000
v 0.346396 0.148264 -0.025000
v 0.349110 0.146100 -0.025000
v 0.352494 0.146873 -0.025000
v 0.254000 0.150000 -0.025000
v 0.252494 0.153127 -0.025000
v 0.249110 0.153900 -0.025000
v 0.246396 0.151736 -0.025000
v 0.246396 0.148264 -0.025000
v 0.249110 0.146100 -0.025000
v 0.252494 0.146873 -0.025000
v 0.154000 0.150000 -0.025000
v 0.152494 0.153127 -0.025000
v 0.149110 0.153900 -0.025000
v 0.146396 0.151736 -0.025000
v 0.146396 0.148264 -0.025000
v 0.149110 0.146100 -0.025000
v 0.152494 0.146873 -0.025000
v 0.054000 0.150000 -0.025000
v 0.052494 0.153127 -0.025000
v 0.049110 0.153900 -0.025000
v 0.046396 0.151736 -0.025000
v 0.046396 0.148264 -0.025000
v 0.049110 0.146100 -0.025000
v 0.052494 0.146873 -0.025000
v -0.046000 0.150000 -0.025000
v -0.047506 0.153127 -0.025000
v -0.050890 0.153900 -0.025000
v -0.053604 0.151736 -0.025000
v -0.053604 0.148264 -0.025000
v -0.050890 0.146100 -0.025000
v -0.047506 0.146873 -0.025000
v -0.146000 0.150000 -0.025000
v -0.147506 0.153127 -0.025000
v -0.150890 0.153900 -0.025000
v -0.153604 0.151736 -0.025000
v -0.153604 0.148264 -0.025000
v -0.150890 0.146100 -0.025000
v -0.147506 0.146873 -0.025000
v -0.246000 0.150000 -0.025000
v -0.247506 0.153127 -0.025000
v -0.250890 0.153900 -0.025000
v -0.253604 0.151736 -0.025000
v -0.253604 0.148264 -0.025000
v -0.250890 0.146100 -0.025000
v -0.247506 0.146873 -0.025000
v -0.346000 0.150000 -0.025000
v -0.347506 0.153127 -0.025000
v -0.350890 0.153900 -0.025000
v -0.353604 0.151736 -0.025000
v -0.353604 0.148264 -0.025000
v -0.350890 0.146100 -0.025000
v -0.347506 0.146873 -0.025000
v -0.446000 0.150000 -0.025000
v -0.447506 0.153127 -0.025000
v -0.450890 0.153900 -0.025000
v -0.453604 0.151736 -0.025000
v -0.453604 0.148264 -0.025000
v -0.450890 0.146100 -0.025000
v -0.447506 0.146873 -0.025000
v -0.546000 0.150000 -0.025000
v -0.547506 0.153127 -0.025000
v -0.550890 0.153900 -0.025000
v -0.553604 0.151736 -0.025000
v -0.553604 0.148264 -0.025000
v -0.550890 0.146100 -0.025000
v -0.547506 0.146873 -0.025000
v -0.646000 0.150000 -0.025000
v -0.647506 0.153127 -0.025000
v -0.650890 0.153900 -0.025000
v -0.653604 0.151736 -0.025000
v -0.653604 0.148264 -0.025000
v -0.650890 0.146100 -0.025000
v -0.647506 0.146873 -0.025000
v 0.354000 0.250000 -0.025000
v 0.352494 0.253127 -0.025000
v 0.349110 0.253900 -0.025000
v 0.346396 0.251736 -0.025000
v 0.346396 0.248264 -0.025000
v 0.349110 0.246100 -0.025000
v 0.352494 0.246873 -0.025000
v 0.254000 0.250000 -0.025000
v 0.252494 0.253127 -0.025000
v 0.249110 0.253900 -0.025000
v 0.246396 0.251736 -0.025000
v 0.246396 0.248264 -0.025000
v 0.249110 0.246100 -0.025000
v 0.252494 0.246873 -0.025000
v 0.154000 0.250000 -0.025000
v 0.152494 0.253127 -0.025000
v 0.149110 0.253900 -0.025000
v 0.146396 0.251736 -0.025000
v 0.146396 0.248264 -0.025000
v 0.149110 0.246100 -0.025000
v 0.152494 0.246873 -0.025000
v 0.054000 0.250000 -0.025000
v 0.052494 0.253127 -0.025000
v 0.049110 0.253900 -0.025000
v 0.046396 0.251736 -0.025000
v 0.046396 0.248264 -0.025000
v 0.049110 0.246100 -0.025000
v 0.052494 0.246873 -0.025000
v -0.046000 0.250000 -0.025000
v -0.047506 0.253127 -0.025000
v -0.050890 0.253900 -0.025000
v -0.053604 0.251736 -0.025000
v -0.053604 0.248264 -0.025000
v -0.050890 0.246100 -0.025000
v -0.047506 0.246873 -0.025000
v -0.146000 0.250000 -0.025000
v -0.147506 0.253127 -0.025000
v -0.150890 0.253900 -0.025000
v -0.153604 0.251736 -0.025000
v -0.153604 0.248264 -0.025000
v -0.150890 0.246100 -0.025000
v -0.147506 0.246873 -0.025000
v -0.246000 0.250000 -0.025000
v -0.247506 0.253127 -0.025000
v -0.250890 0.253900 -0.025000
v -0.253604 0.251736 -0.025000
v -0.253604 0.248264 -0.025000
v -0.250890 0.246100 -0.025000
v -0.247506 0.246873 -0.025000
v -0.346000 0.250000 -0.025000
v -0.347506 0.253127 -0.025000
v -0.350890 0.253900 -0.025000
v -0.353604 0.251736 -0.025000
v -0.353604 0.248264 -0.025000
v -0.350890 0.246100 -0.025000
v -0.347506 0.246873 -0.025000
v -0.446000 0.250000 -0.025000
v -0.447506 0.253127 -0.025000
v -0.450890 0.253900 -0.025000
v -0.453604 0.251736 -0.025000
v -0.453604 0.248264 -0.025000
v -0.450890 0.246100 -0.025000
v -0.447506 0.246873 -0.025000
v -0.546000 0.250000 -0.025000
v -0.547506 0.253127 -0.025000
v -0.550890 0.253900 -0.025000
v -0.553604 0.251736 -0.025000
v -0.553604 0.248264 -0.025000
v -0.550890 0.246100 -0.025000
v -0.547506 0.246873 -0.025000
v -0.646000 0.250000 -0.025000
v -0.647506 0.253127 -0.025000
v -0.650890 0.253900 -0.025000
v -0.653604 0.251736 -0.025000
v -0.653604 0.248264 -0.025000
v -0.650890 0.246100 -0.025000
v -0.647506 0.246873 -0.025000
v 0.354000 0.350000 -0.025000
v 0.352494 0.353127 -0.025000
v 0.349110 0.353900 -0.025000
v 0.346396 0.351736 -0.025000
v 0.346396 0.348264 -0.025000
v 0.349110 0.346100 -0.025000
v 0.352494 0.346873 -0.025000
v 0.254000 0.350000 -0.025000
v 0.252494 0.353127 -0.025000
v 0.249110 0.353900 -0.025000
v 0.246396 0.351736 -0.025000
v 0.246396 0.348264 -0.025000
v 0.249110 0.346100 -0.025000
v 0.252494 0.346873 -0.025000
v 0.154000 0.350000 -0.025000
v 0.152494 0.353127 -0.025000
v 0.149110 0.353900 -0.025000
v 0.146396 0.351736 -0.025000
v 0.146396 0.348264 -0.025000
v 0.149110 0.346100 -0.025000
v 0.152494 0.346873 -0.025000
v 0.054000 0.350000 -0.025000
v 0.052494 0.353127 -0.025000
v 0.049110 0.353900 -0.025000
v 0.046396 0.351736 -0.025000
v 0.046396 0.348264 -0.025000
v 0.049110 0.346100 -0.025000
v 0.052494 0.346873 -0.025000
v -0.046000 0.350000 -0.025000
v -0.047506 0.353127 -0.025000
v -0.050890 0.353900 -0.025000
v -0.053604 0.351736 -0.025000
v -0.053604 0.348264 -0.025000
v -0.050890 0.346100 -0.025000
v -0.047506 0.346873 -0.025000
v -0.146000 0.350000 -0.025000
v -0.147506 0.353127 -0.025000
v -0.150890 0.353900 -0.025000
v -0.153604 0.351736 -0.025000
v -0.153604 0.348264 -0.025000
v -0.150890 0.346100 -0.025000
v -0.147506 0.346873 -0.025000
v -0.246000 0.350000 -0.025000
v -0.247506 0.353127 -0.025000
v -0.250890 0.353900 -0.025000
v -0.253604 0.351736 -0.025000
v -0.253604 0.348264 -0.025000
v -0.250890 0.346100 -0.025000
v -0.247506 0.346873 -0.025000
v -0.346000 0.350000 -0.025000
v -0.347506 0.353127 -0.025000
v -0.350890 0.353900 -0.025000
v -0.353604 0.351736 -0.025000
v -0.353604 0.348264 -0.025000
v -0.350890 0.346100 -0.025000
v -0.347506 0.346873 -0.025000
v -0.446000 0.350000 -0.025000
v -0.447506 0.353127 -0.025000
v -0.450890 0.353900 -0.025000
v -0.453604 0.351736 -0.025000
v -0.453604 0.348264 -0.025000
v -0.450890 0.346100 -0.025000
v -0.447506 0.346873 -0.025000
v -0.546000 0.350000 -0.025000
v -0.547506 0.353127 -0.025000
v -0.550890 0.353900 -0.025000
v -0.553604 0.351736 -0.025000
v -0.553604 0.348264 -0.025000
v -0.550890 0.346100 -0.025000
v -0.547506 0.346873 -0.025000
v -0.646000 0.350000 -0.025000
v -0.647506 0.353127 -0.025000
v -0.650890 0.353900 -0.025000
v -0.653604 0.351736 -0.025000
v -0.653604 0.348264 -0.025000
v -0.650890 0.346100 -0.025000
v -0.647506 0.346873 -0.025000
v 0.450000 -0.450000 -0.025000
v -0.750000 -0.450000 -0.025000
v -0.750000 0.450000 -0.025000
v 0.450000 0.450000 -0.025000
f 3194 3200 3193
f 3193 3200 3201
f 3193 3201 3199
f 3199 3201 3202
f 3199 3202 3198
f 3198 3202 3208
f 3198 3208 3197
f 3207 3203 3204
f 3207 3204 3196
f 3196 3204 3205
f 3196 3205 3195
f 3195 3205 3206
f 3195 3206 3194
f 3194 3206 3200
f 3210 3216 3209
f 3209 3216 3217
f 3209 3217 3215
f 3215 3217 3218
f 3215 3218 3214
f 3214 3218 3224
f 3214 3224 3213
f 3223 3219 3220
f 3223 3220 3212
f 3212 3220 3221
f 3212 3221 3211
f 3211 3221 3222
f 3211 3222 3210
f 3210 3222 3216
f 3226 3232 3225
f 3225 3232 3233
f 3225 3233 3231
f 3231 3233 3234
f 3231 3234 3230
f 3230 3234 3240
f 3230 3240 3229
f 3239 3235 3236
f 3239 3236 3228
f 3228 3236 3237
f 3228 3237 3227
f 3227 3237 3238
f 3227 3238 3226
f 3226 3238 3232
f 3242 3248 3241
f 3241 3248 3249
f 3241 3249 3247
f 3247 3249 3250
f 3247 3250 3246
f 3246 3250 3256
f 3246 3256 3245
f 3255 3251 3252
f 3255 3252 3244
f 3244 3252 3253
f 3244 3253 3243
f 3243 3253 3254
f 3243 3254 3242
f 3242 3254 3248
f 3258 3264 3257
f 3257 3264 3265
f 3257 3265 3263
f 3263 3265 3266
f 3263 3266 3262
f 3262 3266 3272
f 3262 3272 3261
f 3271 3267 3268
f 3271 3268 3260
f 3260 3268 3269
f 3260 3269 3259
f 3259 3269 3270
f 3259 3270 3258
f 3258 3270 3264
f 3274 3280 3273
f 3273 3280 3281
f 3273 3281 3279
f 3279 3281 3282
f 3279 3282 3278
f 3278 3282 3288
f 3278 3288 3277
f 3287 3283 3284
f 3287 3284 3276
f 3276 3284 3285
f 3276 3285 3275
f 3275 3285 3286
f 3275 3286 3274
f 3274 3286 3280
f 3290 3296 3289
f 3289 3296 3297
f 3289 3297 3295
f 3295 3297 3298
f 3295 3298 3294
f 3294 3298 3304
f 3294 3304 3293
f 3303 3299 3300
f 3303 3300 3292
f 3292 3300 3301
f 3292 3301 3291
f 3291 3301 3302
f 3291 3302 3290
f 3290 3302 3296
f 3306 3312 3305
f 3305 3312 3313
f 3305 3313 3311
f 3311 3313 3314
f 3311 3314 3310
f 3310 3314 3320
f 3310 3320 3309
f 3319 3315 3316
f 3319 3316 3308
f 3308 3316 3317
f 3308 3317 3307
f 3307 3317 3318
f 3307 3318 3306
f 3306 3318 3312
f 3322 3328 3321
f 3321 3328 3329
f 3321 3329 3327
f 3327 3329 3330
f 3327 3330 3326
f 3326 3330 3336
f 3326 3336 3325
f 3335 3331 3332
f 3335 3332 3324
f 3324 3332 3333
f 3324 3333 3323
f 3323 3333 3334
f 3323 3334 3322
f 3322 3334 3328
f 3338 3344 3337
f 3337 3344 3345
f 3337 3345 3343
f 3343 3345 3346
f 3343 3346 3342
f 3342 3346 3352
f 3342 3352 3341
f 3351 3347 3348
f 3351 3348 3340
f 3340 3348 3349
f 3340 3349 3339
f 3339 3349 3350
f 3339 3350 3338
f 3338 3350 3344
f 3354 3360 3353
f 3353 3360 3361
f 3353 3361 3359
f 3359 3361 3362
f 3359 3362 3358
f 3358 3362 3368
f 3358 3368 3357
f 3367 3363 3364
f 3367 3364 3356
f 3356 3364 3365
f 3356 3365 3355
f 3355 3365 3366
f 3355 3366 3354
f 3354 3366 3360
f 3370 3376 3369
f 3369 3376 3377
f 3369 3377 3375
f 3375 3377 3378
f 3375 3378 3374
f 3374 3378 3384
f 3374 3384 3373
f 3383 3379 3380
f 3383 3380 3372
f 3372 3380 3381
f 3372 3381 3371
f 3371 3381 3382
f 3371 3382 3370
f 3370 3382 3376
f 3386 3392 3385
f 3385 3392 3393
f 3385 3393 3391
f 3391 3393 3394
f 3391 3394 3390
f 3390 3394 3400
f 3390 3400 3389
f 3399 3395 3396
f 3399 3396 3388
f 3388 3396 3397
f 3388 3397 3387
f 3387 3397 3398
f 3387 3398 3386
f 3386 3398 3392
f 3402 3408 3401
f 3401 3408 3409
f 3401 3409 3407
f 3407 3409 3410
f 3407 3410 3406
f 3406 3410 3416
f 3406 3416 3405
f 3415 3411 3412
f 3415 3412 3404
f 3404 3412 3413
f 3404 3413 3403
f 3403 3413 3414
f 3403 3414 3402
f 3402 3414 3408
f 3418 3424 3417
f 3417 3424 3425
f 3417 3425 3423
f 3423 3425 3426
f 3423 3426 3422
f 3422 3426 3432
f 3422 3432 3421
f 3431 3427 3428
f 3431 3428 3420
f 3420 3428 3429
f 3420 3429 3419
f 3419 3429 3430
f 3419 3430 3418
f 3418 3430 3424
f 3434 3440 3433
f 3433 3440 3441
f 3433 3441 3439
f 3439 3441 3442
f 3439 3442 3438
f 3438 3442 3448
f 3438 3448 3437
f 3447 3443 3444
f 3447 3444 3436
f 3436 3444 3445
f 3436 3445 3435
f 3435 3445 3446
f 3435 3446 3434
f 3434 3446 3440
f 3450 3456 3449
f 3449 3456 3457
f 3449 3457 3455
f 3455 3457 3458
f 3455 3458 3454
f 3454 3458 3464
f 3454 3464 3453
f 3463 3459 3460
f 3463 3460 3452
f 3452 3460 3461
f 3452 3461 3451
f 3451 3461 3462
f 3451 3462 3450
f 3450 3462 3456
f 3466 3472 3465
f 3465 3472 3473
f 3465 3473 3471
f 3471 3473 3474
f 3471 3474 3470
f 3470 3474 3480
f 3470 3480 3469
f 3479 3475 3476
f 3479 3476 3468
f 3468 3476 3477
f 3468 3477 3467
f 3467 3477 3478
f 3467 3478 3466
f 3466 3478 3472
f 3482 3488 3481
f 3481 3488 3489
f 3481 3489 3487
f 3487 3489 3490
f 3487 3490 3486
f 3486 3490 3496
f 3486 3496 3485
f 3495 3491 3492
f 3495 3492 3484
f 3484 3492 3493
f 3484 3493 3483
f 3483 3493 3494
f 3483 3494 3482
f 3482 3494 3488
f 3498 3504 3497
f 3497 3504 3505
f 3497 3505 3503
f 3503 3505 3506
f 3503 3506 3502
f 3502 3506 3512
f 3502 3512 3501
f 3511 3507 3508
f 3511 3508 3500
f 3500 3508 3509
f 3500 3509 3499
f 3499 3509 3510
f 3499 3510 3498
f 3498 3510 3504
f 3514 3520 3513
f 3513 3520 3521
f 3513 3521 3519
f 3519 3521 3522
f 3519 3522 3518
f 3518 3522 3528
f 3518 3528 3517
f 3527 3523 3524
f 3527 3524 3516
f 3516 3524 3525
f 3516 3525 3515
f 3515 3525 3526
f 3515 3526 3514
f 3514 3526 3520
f 3530 3536 3529
f 3529 3536 3537
f 3529 3537 3535
f 3535 3537 3538
f 3535 3538 3534
f 3534 3538 3544
f 3534 3544 3533
f 3543 3539 3540
f 3543 3540 3532
f 3532 3540 3541
f 3532 3541 3531
f 3531 3541 3542
f 3531 3542 3530
f 3530 3542 3536
f 3546 3552 3545
f 3545 3552 3553
f 3545 3553 3551
f 3551 3553 3554
f 3551 3554 3550
f 3550 3554 3560
f 3550 3560 3549
f 3559 3555 3556
f 3559 3556 3548
f 3548 3556 3557
f 3548 3557 3547
f 3547 3557 3558
f 3547 3558 3546
f 3546 3558 3552
f 3562 3568 3561
f 3561 3568 3569
f 3561 3569 3567
f 3567 3569 3570
f 3567 3570 3566
f 3566 3570 3576
f 3566 3576 3565
f 3575 3571 3572
f 3575 3572 3564
f 3564 3572 3573
f 3564 3573 3563
f 3563 3573 3574
f 3563 3574 3562
f 3562 3574 3568
f 3578 3584 3577
f 3577 3584 3585
f 3577 3585 3583
f 3583 3585 3586
f 3583 3586 3582
f 3582 3586 3592
f 3582 3592 3581
f 3591 3587 3588
f 3591 3588 3580
f 3580 3588 3589
f 3580 3589 3579
f 3579 3589 3590
f 3579 3590 3578
f 3578 3590 3584
f 3594 3600 3593
f 3593 3600 3601
f 3593 3601 3599
f 3599 3601 3602
f 3599 3602 3598
f 3598 3602 3608
f 3598 3608 3597
f 3607 3603 3604
f 3607 3604 3596
f 3596 3604 3605
f 3596 3605 3595
f 3595 3605 3606
f 3595 3606 3594
f 3594 3606 3600
f 3610 3616 3609
f 3609 3616 3617
f 3609 3617 3615
f 3615 3617 3618
f 3615 3618 3614
f 3614 3618 3624
f 3614 3624 3613
f 3623 3619 3620
f 3623 3620 3612
f 3612 3620 3621
f 3612 3621 3611
f 3611 3621 3622
f 3611 3622 3610
f 3610 3622 3616
f 3626 3632 3625
f 3625 3632 3633
f 3625 3633 3631
f 3631 3633 3634
f 3631 3634 3630
f 3630 3634 3640
f 3630 3640 3629
f 3639 3635 3636
f 3639 3636 3628
f 3628 3636 3637
f 3628 3637 3627
f 3627 3637 3638
f 3627 3638 3626
f 3626 3638 3632
f 3642 3648 3641
f 3641 3648 3649
f 3641 3649 3647
f 3647 3649 3650
f 3647 3650 3646
f 3646 3650 3656
f 3646 3656 3645
f 3655 3651 3652
f 3655 3652 3644
f 3644 3652 3653
f 3644 3653 3643
f 3643 3653 3654
f 3643 3654 3642
f 3642 3654 3648
f 3658 3664 3657
f 3657 3664 3665
f 3657 3665 3663
f 3663 3665 3666
f 3663 3666 3662
f 3662 3666 3672
f 3662 3672 3661
f 3671 3667 3668
f 3671 3668 3660
f 3660 3668 3669
f 3660 3669 3659
f 3659 3669 3670
f 3659 3670 3658
f 3658 3670 3664
f 3674 3680 3673
f 3673 3680 3681
f 3673 3681 3679
f 3679 3681 3682
f 3679 3682 3678
f 3678 3682 3688
f 3678 3688 3677
f 3687 3683 3684
f 3687 3684 3676
f 3676 3684 3685
f 3676 3685 3675
f 3675 3685 3686
f 3675 3686 3674
f 3674 3686 3680
f 3690 3696 3689
f 3689 3696 3697
f 3689 3697 3695
f 3695 3697 3698
f 3695 3698 3694
f 3694 3698 3704
f 3694 3704 3693
f 3703 3699 3700
f 3703 3700 3692
f 3692 3700 3701
f 3692 3701 3691
f 3691 3701 3702
f 3691 3702 3690
f 3690 3702 3696
f 3706 3712 3705
f 3705 3712 3713
f 3705 3713 3711
f 3711 3713 3714
f 3711 3714 3710
f 3710 3714 3720
f 3710 3720 3709
f 3719 3715 3716
f 3719 3716 3708
f 3708 3716 3717
f 3708 3717 3707
f 3707 3717 3718
f 3707 3718 3706
f 3706 3718 3712
f 3722 3728 3721
f 3721 3728 3729
f 3721 3729 3727
f 3727 3729 3730
f 3727 3730 3726
f 3726 3730 3736
f 3726 3736 3725
f 3735 3731 3732
f 3735 3732 3724
f 3724 3732 3733
f 3724 3733 3723
f 3723 3733 3734
f 3723 3734 3722
f 3722 3734 3728
f 3738 3744 3737
f 3737 3744 3745
f 3737 3745 3743
f 3743 3745 3746
f 3743 3746 3742
f 3742 3746 3752
f 3742 3752 3741
f 3751 3747 3748
f 3751 3748 3740
f 3740 3748 3749
f 3740 3749 3739
f 3739 3749 3750
f 3739 3750 3738
f 3738 3750 3744
f 3754 3760 3753
f 3753 3760 3761
f 3753 3761 3759
f 3759 3761 3762
f 3759 3762 3758
f 3758 3762 3768
f 3758 3768 3757
f 3767 3763 3764
f 3767 3764 3756
f 3756 3764 3765
f 3756 3765 3755
f 3755 3765 3766
f 3755 3766 3754
f 3754 3766 3760
f 3770 3776 3769
f 3769 3776 3777
f 3769 3777 3775
f 3775 3777 3778
f 3775 3778 3774
f 3774 3778 3784
f 3774 3784 3773
f 3783 3779 3780
f 3783 3780 3772
f 3772 3780 3781
f 3772 3781 3771
f 3771 3781 3782
f 3771 3782 3770
f 3770 3782 3776
f 3786 3792 3785
f 3785 3792 3793
f 3785 3793 3791
f 3791 3793 3794
f 3791 3794 3790
f 3790 3794 3800
f 3790 3800 3789
f 3799 3795 3796
f 3799 3796 3788
f 3788 3796 3797
f 3788 3797 3787
f 3787 3797 3798
f 3787 3798 3786
f 3786 3798 3792
f 3802 3808 3801
f 3801 3808 3809
f 3801 3809 3807
f 3807 3809 3810
f 3807 3810 3806
f 3806 3810 3816
f 3806 3816 3805
f 3815 3811 3812
f 3815 3812 3804
f 3804 3812 3813
f 3804 3813 3803
f 3803 3813 3814
f 3803 3814 3802
f 3802 3814 3808
f 3818 3824 3817
f 3817 3824 3825
f 3817 3825 3823
f 3823 3825 3826
f 3823 3826 3822
f 3822 3826 3832
f 3822 3832 3821
f 3831 3827 3828
f 3831 3828 3820
f 3820 3828 3829
f 3820 3829 3819
f 3819 3829 3830
f 3819 3830 3818
f 3818 3830 3824
f 3834 3840 3833
f 3833 3840 3841
f 3833 3841 3839
f 3839 3841 3842
f 3839 3842 3838
f 3838 3842 3848
f 3838 3848 3837
f 3847 3843 3844
f 3847 3844 3836
f 3836 3844 3845
f 3836 3845 3835
f 3835 3845 3846
f 3835 3846 3834
f 3834 3846 3840
f 3850 3856 3849
f 3849 3856 3857
f 3849 3857 3855
f 3855 3857 3858
f 3855 3858 3854
f 3854 3858 3864
f 3854 3864 3853
f 3863 3859 3860
f 3863 3860 3852
f 3852 3860 3861
f 3852 3861 3851
f 3851 3861 3862
f 3851 3862 3850
f 3850 3862 3856
f 3866 3872 3865
f 3865 3872 3873
f 3865 3873 3871
f 3871 3873 3874
f 3871 3874 3870
f 3870 3874 3880
f 3870 3880 3869
f 3879 3875 3876
f 3879 3876 3868
f 3868 3876 3877
f 3868 3877 3867
f 3867 3877 3878
f 3867 3878 3866
f 3866 3878 3872
f 3882 3888 3881
f 3881 3888 3889
f 3881 3889 3887
f 3887 3889 3890
f 3887 3890 3886
f 3886 3890 3896
f 3886 3896 3885
f 3895 3891 3892
f 3895 3892 3884
f 3884 3892 3893
f 3884 3893 3883
f 3883 3893 3894
f 3883 3894 3882
f 3882 3894 3888
f 3898 3904 3897
f 3897 3904 3905
f 3897 3905 3903
f 3903 3905 3906
f 3903 3906 3902
f 3902 3906 3912
f 3902 3912 3901
f 3911 3907 3908
f 3911 3908 3900
f 3900 3908 3909
f 3900 3909 3899
f 3899 3909 3910
f 3899 3910 3898
f 3898 3910 3904
f 3914 3920 3913
f 3913 3920 3921
f 3913 3921 3919
f 3919 3921 3922
f 3919 3922 3918
f 3918 3922 3928
f 3918 3928 3917
f 3927 3923 3924
f 3927 3924 3916
f 3916 3924 3925
f 3916 3925 3915
f 3915 3925 3926
f 3915 3926 3914
f 3914 3926 3920
f 3930 3936 3929
f 3929 3936 3937
f 3929 3937 3935
f 3935 3937 3938
f 3935 3938 3934
f 3934 3938 3944
f 3934 3944 3933
f 3943 3939 3940
f 3943 3940 3932
f 3932 3940 3941
f 3932 3941 3931
f 3931 3941 3942
f 3931 3942 3930
f 3930 3942 3936
f 3946 3952 3945
f 3945 3952 3953
f 3945 3953 3951
f 3951 3953 3954
f 3951 3954 3950
f 3950 3954 3960
f 3950 3960 3949
f 3959 3955 3956
f 3959 3956 3948
f 3948 3956 3957
f 3948 3957 3947
f 3947 3957 3958
f 3947 3958 3946
f 3946 3958 3952
f 3962 3968 3961
f 3961 3968 3969
f 3961 3969 3967
f 3967 3969 3970
f 3967 3970 3966
f 3966 3970 3976
f 3966 3976 3965
f 3975 3971 3972
f 3975 3972 3964
f 3964 3972 3973
f 3964 3973 3963
f 3963 3973 3974
f 3963 3974 3962
f 3962 3974 3968
f 3978 3984 3977
f 3977 3984 3985
f 3977 3985 3983
f 3983 3985 3986
f 3983 3986 3982
f 3982 3986 3992
f 3982 3992 3981
f 3991 3987 3988
f 3991 3988 3980
f 3980 3988 3989
f 3980 3989 3979
f 3979 3989 3990
f 3979 3990 3978
f 3978 3990 3984
f 3994 4000 3993
f 3993 4000 4001
f 3993 4001 3999
f 3999 4001 4002
f 3999 4002 3998
f 3998 4002 4008
f 3998 4008 3997
f 4007 4003 4004
f 4007 4004 3996
f 3996 4004 4005
f 3996 4005 3995
f 3995 4005 4006
f 3995 4006 3994
f 3994 4006 4000
f 4010 4016 4009
f 4009 4016 4017
f 4009 4017 4015
f 4015 4017 4018
f 4015 4018 4014
f 4014 4018 4024
f 4014 4024 4013
f 4023 4019 4020
f 4023 4020 4012
f 4012 4020 4021
f 4012 4021 4011
f 4011 4021 4022
f 4011 4022 4010
f 4010 4022 4016
f 4026 4032 4025
f 4025 4032 4033
f 4025 4033 4031
f 4031 4033 4034
f 4031 4034 4030
f 4030 4034 4040
f 4030 4040 4029
f 4039 4035 4036
f 4039 4036 4028
f 4028 4036 4037
f 4028 4037 4027
f 4027 4037 4038
f 4027 4038 4026
f 4026 4038 4032
f 4042 4048 4041
f 4041 4048 4049
f 4041 4049 4047
f 4047 4049 4050
f 4047 4050 4046
f 4046 4050 4056
f 4046 4056 4045
f 4055 4051 4052
f 4055 4052 4044
f 4044 4052 4053
f 4044 4053 4043
f 4043 4053 4054
f 4043 4054 4042
f 4042 4054 4048
f 4058 4064 4057
f 4057 4064 4065
f 4057 4065 4063
f 4063 4065 4066
f 4063 4066 4062
f 4062 4066 4072
f 4062 4072 4061
f 4071 4067 4068
f 4071 4068 4060
f 4060 4068 4069
f 4060 4069 4059
f 4059 4069 4070
f 4059 4070 4058
f 4058 4070 4064
f 4074 4080 4073
f 4073 4080 4081
f 4073 4081 4079
f 4079 4081 4082
f 4079 4082 4078
f 4078 4082 4088
f 4078 4088 4077
f 4087 4083 4084
f 4087 4084 4076
f 4076 4084 4085
f 4076 4085 4075
f 4075 4085 4086
f 4075 4086 4074
f 4074 4086 4080
f 4090 4096 4089
f 4089 4096 4097
f 4089 4097 4095
f 4095 4097 4098
f 4095 4098 4094
f 4094 4098 4104
f 4094 4104 4093
f 4103 4099 4100
f 4103 4100 4092
f 4092 4100 4101
f 4092 4101 4091
f 4091 4101 4102
f 4091 4102 4090
f 4090 4102 4096
f 4106 4112 4105
f 4105 4112 4113
f 4105 4113 4111
f 4111 4113 4114
f 4111 4114 4110
f 4110 4114 4120
f 4110 4120 4109
f 4119 4115 4116
f 4119 4116 4108
f 4108 4116 4117
f 4108 4117 4107
f 4107 4117 4118
f 4107 4118 4106
f 4106 4118 4112
f 4122 4128 4121
f 4121 4128 4129
f 4121 4129 4127
f 4127 4129 4130
f 4127 4130 4126
f 4126 4130 4136
f 4126 4136 4125
f 4135 4131 4132
f 4135 4132 4124
f 4124 4132 4133
f 4124 4133 4123
f 4123 4133 4134
f 4123 4134 4122
f 4122 4134 4128
f 4138 4144 4137
f 4137 4144 4145
f 4137 4145 4143
f 4143 4145 4146
f 4143 4146 4142
f 4142 4146 4152
f 4142 4152 4141
f 4151 4147 4148
f 4151 4148 4140
f 4140 4148 4149
f 4140 4149 4139
f 4139 4149 4150
f 4139 4150 4138
f 4138 4150 4144
f 4154 4160 4153
f 4153 4160 4161
f 4153 4161 4159
f 4159 4161 4162
f 4159 4162 4158
f 4158 4162 4168
f 4158 4168 4157
f 4167 4163 4164
f 4167 4164 4156
f 4156 4164 4165
f 4156 4165 4155
f 4155 4165 4166
f 4155 4166 4154
f 4154 4166 4160
f 4170 4176 4169
f 4169 4176 4177
f 4169 4177 4175
f 4175 4177 4178
f 4175 4178 4174
f 4174 4178 4184
f 4174 4184 4173
f 4183 4179 4180
f 4183 4180 4172
f 4172 4180 4181
f 4172 4181 4171
f 4171 4181 4182
f 4171 4182 4170
f 4170 4182 4176
f 4186 4192 4185
f 4185 4192 4193
f 4185 4193 4191
f 4191 4193 4194
f 4191 4194 4190
f 4190 4194 4200
f 4190 4200 4189
f 4199 4195 4196
f 4199 4196 4188
f 4188 4196 4197
f 4188 4197 4187
f 4187 4197 4198
f 4187 4198 4186
f 4186 4198 4192
f 4202 4208 4201
f 4201 4208 4209
f 4201 4209 4207
f 4207 4209 4210
f 4207 4210 4206
f 4206 4210 4216
f 4206 4216 4205
f 4215 4211 4212
f 4215 4212 4204
f 4204 4212 4213
f 4204 4213 4203
f 4203 4213 4214
f 4203 4214 4202
f 4202 4214 4208
f 4218 4224 4217
f 4217 4224 4225
f 4217 4225 4223
f 4223 4225 4226
f 4223 4226 4222
f 4222 4226 4232
f 4222 4232 4221
f 4231 4227 4228
f 4231 4228 4220
f 4220 4228 4229
f 4220 4229 4219
f 4219 4229 4230
f 4219 4230 4218
f 4218 4230 4224
f 4234 4240 4233
f 4233 4240 4241
f 4233 4241 4239
f 4239 4241 4242
f 4239 4242 4238
f 4238 4242 4248
f 4238 4248 4237
f 4247 4243 4244
f 4247 4244 4236
f 4236 4244 4245
f 4236 4245 4235
f 4235 4245 4246
f 4235 4246 4234
f 4234 4246 4240
f 4250 4256 4249
f 4249 4256 4257
f 4249 4257 4255
f 4255 4257 4258
f 4255 4258 4254
f 4254 4258 4264
f 4254 4264 4253
f 4263 4259 4260
f 4263 4260 4252
f 4252 4260 4261
f 4252 4261 4251
f 4251 4261 4262
f 4251 4262 4250
f 4250 4262 4256
f 4266 4272 4265
f 4265 4272 4273
f 4265 4273 4271
f 4271 4273 4274
f 4271 4274 4270
f 4270 4274 4280
f 4270 4280 4269
f 4279 4275 4276
f 4279 4276 4268
f 4268 4276 4277
f 4268 4277 4267
f 4267 4277 4278
f 4267 4278 4266
f 4266 4278 4272
f 4282 4288 4281
f 4281 4288 4289
f 4281 4289 4287
f 4287 4289 4290
f 4287 4290 4286
f 4286 4290 4296
f 4286 4296 4285
f 4295 4291 4292
f 4295 4292 4284
f 4284 4292 4293
f 4284 4293 4283
f 4283 4293 4294
f 4283 4294 4282
f 4282 4294 4288
f 4298 4304 4297
f 4297 4304 4305
f 4297 4305 4303
f 4303 4305 4306
f 4303 4306 4302
f 4302 4306 4312
f 4302 4312 4301
f 4311 4307 4308
f 4311 4308 4300
f 4300 4308 4309
f 4300 4309 4299
f 4299 4309 4310
f 4299 4310 4298
f 4298 4310 4304
f 4314 4320 4313
f 4313 4320 4321
f 4313 4321 4319
f 4319 4321 4322
f 4319 4322 4318
f 4318 4322 4328
f 4318 4328 4317
f 4327 4323 4324
f 4327 4324 4316
f 4316 4324 4325
f 4316 4325 4315
f 4315 4325 4326
f 4315 4326 4314
f 4314 4326 4320
f 4330 4336 4329
f 4329 4336 4337
f 4329 4337 4335
f 4335 4337 4338
f 4335 4338 4334
f 4334 4338 4344
f 4334 4344 4333
f 4343 4339 4340
f 4343 4340 4332
f 4332 4340 4341
f 4332 4341 4331
f 4331 4341 4342
f 4331 4342 4330
f 4330 4342 4336
f 4346 4352 4345
f 4345 4352 4353
f 4345 4353 4351
f 4351 4353 4354
f 4351 4354 4350
f 4350 4354 4360
f 4350 4360 4349
f 4359 4355 4356
f 4359 4356 4348
f 4348 4356 4357
f 4348 4357 4347
f 4347 4357 4358
f 4347 4358 4346
f 4346 4358 4352
f 4362 4368 4361
f 4361 4368 4369
f 4361 4369 4367
f 4367 4369 4370
f 4367 4370 4366
f 4366 4370 4376
f 4366 4376 4365
f 4375 4371 4372
f 4375 4372 4364
f 4364 4372 4373
f 4364 4373 4363
f 4363 4373 4374
f 4363 4374 4362
f 4362 4374 4368
f 4378 4384 4377
f 4377 4384 4385
f 4377 4385 4383
f 4383 4385 4386
f 4383 4386 4382
f 4382 4386 4392
f 4382 4392 4381
f 4391 4387 4388
f 4391 4388 4380
f 4380 4388 4389
f 4380 4389 4379
f 4379 4389 4390
f 4379 4390 4378
f 4378 4390 4384
f 4394 4400 4393
f 4393 4400 4401
f 4393 4401 4399
f 4399 4401 4402
f 4399 4402 4398
f 4398 4402 4408
f 4398 4408 4397
f 4407 4403 4404
f 4407 4404 4396
f 4396 4404 4405
f 4396 4405 4395
f 4395 4405 4406
f 4395 4406 4394
f 4394 4406 4400
f 4410 4416 4409
f 4409 4416 4417
f 4409 4417 4415
f 4415 4417 4418
f 4415 4418 4414
f 4414 4418 4424
f 4414 4424 4413
f 4423 4419 4420
f 4423 4420 4412
f 4412 4420 4421
f 4412 4421 4411
f 4411 4421 4422
f 4411 4422 4410
f 4410 4422 4416
f 4426 4432 4425
f 4425 4432 4433
f 4425 4433 4431
f 4431 4433 4434
f 4431 4434 4430
f 4430 4434 4440
f 4430 4440 4429
f 4439 4435 4436
f 4439 4436 4428
f 4428 4436 4437
f 4428 4437 4427
f 4427 4437 4438
f 4427 4438 4426
f 4426 4438 4432
f 4442 4448 4441
f 4441 4448 4449
f 4441 4449 4447
f 4447 4449 4450
f 4447 4450 4446
f 4446 4450 4456
f 4446 4456 4445
f 4455 4451 4452
f 4455 4452 4444
f 4444 4452 4453
f 4444 4453 4443
f 4443 4453 4454
f 4443 4454 4442
f 4442 4454 4448
f 4458 4464 4457
f 4457 4464 4465
f 4457 4465 4463
f 4463 4465 4466
f 4463 4466 4462
f 4462 4466 4472
f 4462 4472 4461
f 4471 4467 4468
f 4471 4468 4460
f 4460 4468 4469
f 4460 4469 4459
f 4459 4469 4470
f 4459 4470 4458
f 4458 4470 4464
f 4474 4480 4473
f 4473 4480 4481
f 4473 4481 4479
f 4479 4481 4482
f 4479 4482 4478
f 4478 4482 4488
f 4478 4488 4477
f 4487 4483 4484
f 4487 4484 4476
f 4476 4484 4485
f 4476 4485 4475
f 4475 4485 4486
f 4475 4486 4474
f 4474 4486 4480
f 4490 4496 4489
f 4489 4496 4497
f 4489 4497 4495
f 4495 4497 4498
f 4495 4498 4494
f 4494 4498 4504
f 4494 4504 4493
f 4503 4499 4500
f 4503 4500 4492
f 4492 4500 4501
f 4492 4501 4491
f 4491 4501 4502
f 4491 4502 4490
f 4490 4502 4496
f 4506 4512 4505
f 4505 4512 4513
f 4505 4513 4511
f 4511 4513 4514
f 4511 4514 4510
f 4510 4514 4520
f 4510 4520 4509
f 4519 4515 4516
f 4519 4516 4508
f 4508 4516 4517
f 4508 4517 4507
f 4507 4517 4518
f 4507 4518 4506
f 4506 4518 4512
f 4522 4528 4521
f 4521 4528 4529
f 4521 4529 4527
f 4527 4529 4530
f 4527 4530 4526
f 4526 4530 4536
f 4526 4536 4525
f 4535 4531 4532
f 4535 4532 4524
f 4524 4532 4533
f 4524 4533 4523
f 4523 4533 4534
f 4523 4534 4522
f 4522 4534 4528
f 4538 4544 4537
f 4537 4544 4545
f 4537 4545 4543
f 4543 4545 4546
f 4543 4546 4542
f 4542 4546 4552
f 4542 4552 4541
f 4551 4547 4548
f 4551 4548 4540
f 4540 4548 4549
f 4540 4549 4539
f 4539 4549 4550
f 4539 4550 4538
f 4538 4550 4544
f 4554 4560 4553
f 4553 4560 4561
f 4553 4561 4559
f 4559 4561 4562
f 4559 4562 4558
f 4558 4562 4568
f 4558 4568 4557
f 4567 4563 4564
f 4567 4564 4556
f 4556 4564 4565
f 4556 4565 4555
f 4555 4565 4566
f 4555 4566 4554
f 4554 4566 4560
f 4570 4576 4569
f 4569 4576 4577
f 4569 4577 4575
f 4575 4577 4578
f 4575 4578 4574
f 4574 4578 4584
f 4574 4584 4573
f 4583 4579 4580
f 4583 4580 4572
f 4572 4580 4581
f 4572 4581 4571
f 4571 4581 4582
f 4571 4582 4570
f 4570 4582 4576
f 4586 4592 4585
f 4585 4592 4593
f 4585 4593 4591
f 4591 4593 4594
f 4591 4594 4590
f 4590 4594 4600
f 4590 4600 4589
f 4599 4595 4596
f 4599 4596 4588
f 4588 4596 4597
f 4588 4597 4587
f 4587 4597 4598
f 4587 4598 4586
f 4586 4598 4592
f 4601 4602 4604
f 4604 4602 4603
f 4605 4606 4608
f 4608 4606 4607
f 4609 4610 4612
f 4612 4610 4611
f 4613 4614 4616
f 4616 4614 4615
f 4618 5234 4617
f 4617 5234 4694
f 4617 4694 4623
f 4623 4694 4695
f 4623 4695 4696
f 4618 4619 5234
f 5234 4619 4625
f 5234 4625 4626
f 4619 4620 4625
f 4625 4620 4624
f 4624 4620 4621
f 4624 4621 4630
f 4630 4621 4622
f 4630 4622 4696
f 4696 4622 4623
f 4627 4632 4626
f 4626 4632 4633
f 4626 4633 5234
f 5234 4633 4640
f 5234 4640 4647
f 4647 4640 4646
f 4646 4640 4641
f 4646 4641 4645
f 4645 4641 4642
f 4645 4642 4651
f 4651 4642 4643
f 4651 4643 4717
f 4717 4643 4644
f 4717 4644 4716
f 4716 4644 4710
f 4716 4710 4711
f 4632 4627 4631
f 4631 4627 4628
f 4631 4628 4637
f 4637 4628 4629
f 4637 4629 4703
f 4703 4629 4630
f 4703 4630 4702
f 4702 4630 4696
f 4702 4696 4697
f 4640 4633 4639
f 4639 4633 4634
f 4639 4634 4638
f 4638 4634 4635
f 4638 4635 4644
f 4644 4635 4636
f 4644 4636 4710
f 4710 4636 4637
f 4710 4637 4709
f 4709 4637 4703
f 4709 4703 4704
f 4648 4653 4647
f 4647 4653 4654
f 4647 4654 5234
f 5234 4654 5233
f 5233 4654 4661
f 5233 4661 4668
f 4668 4661 4667
f 4667 4661 4662
f 4667 4662 4666
f 4666 4662 4663
f 4666 4663 4672
f 4672 4663 4664
f 4672 4664 4738
f 4738 4664 4665
f 4738 4665 4737
f 4737 4665 4731
f 4737 4731 4732
f 4653 4648 4652
f 4652 4648 4649
f 4652 4649 4658
f 4658 4649 4650
f 4658 4650 4724
f 4724 4650 4651
f 4724 4651 4723
f 4723 4651 4717
f 4723 4717 4718
f 4661 4654 4660
f 4660 4654 4655
f 4660 4655 4659
f 4659 4655 4656
f 4659 4656 4665
f 4665 4656 4657
f 4665 4657 4731
f 4731 4657 4658
f 4731 4658 4730
f 4730 4658 4724
f 4730 4724 4725
f 4669 4674 4668
f 4668 4674 4675
f 4668 4675 5233
f 5233 4675 4682
f 5233 4682 4688
f 4688 4682 4683
f 4688 4683 4687
f 4687 4683 4684
f 4687 4684 4693
f 4693 4684 4685
f 4693 4685 4759
f 4759 4685 4686
f 4759 4686 4758
f 4758 4686 4752
f 4758 4752 4753
f 4674 4669 4673
f 4673 4669 4670
f 4673 4670 4679
f 4679 4670 4671
f 4679 4671 4745
f 4745 4671 4672
f 4745 4672 4744
f 4744 4672 4738
f 4744 4738 4739
f 4682 4675 4681
f 4681 4675 4676
f 4681 4676 4680
f 4680 4676 4677
f 4680 4677 4686
f 4686 4677 4678
f 4686 4678 4752
f 4752 4678 4679
f 4752 4679 4751
f 4751 4679 4745
f 4751 4745 4746
f 4688 4689 5233
f 5233 4689 4690
f 5233 4690 4691
f 4692 4766 4691
f 4691 4766 4767
f 4691 4767 5233
f 5233 4767 4768
f 5233 4768 4844
f 4844 4768 4843
f 4843 4768 4769
f 4843 4769 4770
f 4692 4693 4766
f 4766 4693 4765
f 4765 4693 4759
f 4765 4759 4760
f 4702 4697 4701
f 4701 4697 4698
f 4701 4698 4707
f 4707 4698 4699
f 4707 4699 4773
f 4773 4699 4700
f 4773 4700 4772
f 4772 4700 4694
f 4772 4694 4771
f 4771 4694 5234
f 4771 5234 4848
f 4848 5234 4925
f 4848 4925 4926
f 4709 4704 4708
f 4708 4704 4705
f 4708 4705 4714
f 4714 4705 4706
f 4714 4706 4780
f 4780 4706 4707
f 4780 4707 4779
f 4779 4707 4773
f 4779 4773 4774
f 4716 4711 4715
f 4715 4711 4712
f 4715 4712 4721
f 4721 4712 4713
f 4721 4713 4787
f 4787 4713 4714
f 4787 4714 4786
f 4786 4714 4780
f 4786 4780 4781
f 4723 4718 4722
f 4722 4718 4719
f 4722 4719 4728
f 4728 4719 4720
f 4728 4720 4794
f 4794 4720 4721
f 4794 4721 4793
f 4793 4721 4787
f 4793 4787 4788
f 4730 4725 4729
f 4729 4725 4726
f 4729 4726 4735
f 4735 4726 4727
f 4735 4727 4801
f 4801 4727 4728
f 4801 4728 4800
f 4800 4728 4794
f 4800 4794 4795
f 4737 4732 4736
f 4736 4732 4733
f 4736 4733 4742
f 4742 4733 4734
f 4742 4734 4808
f 4808 4734 4735
f 4808 4735 4807
f 4807 4735 4801
f 4807 4801 4802
f 4744 4739 4743
f 4743 4739 4740
f 4743 4740 4749
f 4749 4740 4741
f 4749 4741 4815
f 4815 4741 4742
f 4815 4742 4814
f 4814 4742 4808
f 4814 4808 4809
f 4751 4746 4750
f 4750 4746 4747
f 4750 4747 4756
f 4756 4747 4748
f 4756 4748 4822
f 4822 4748 4749
f 4822 4749 4821
f 4821 4749 4815
f 4821 4815 4816
f 4758 4753 4757
f 4757 4753 4754
f 4757 4754 4763
f 4763 4754 4755
f 4763 4755 4829
f 4829 4755 4756
f 4829 4756 4828
f 4828 4756 4822
f 4828 4822 4823
f 4765 4760 4764
f 4764 4760 4761
f 4764 4761 4770
f 4770 4761 4762
f 4770 4762 4836
f 4836 4762 4763
f 4836 4763 4835
f 4835 4763 4829
f 4835 4829 4830
f 4779 4774 4778
f 4778 4774 4775
f 4778 4775 4784
f 4784 4775 4776
f 4784 4776 4850
f 4850 4776 4777
f 4850 4777 4849
f 4849 4777 4771
f 4849 4771 4848
f 4786 4781 4785
f 4785 4781 4782
f 4785 4782 4791
f 4791 4782 4783
f 4791 4783 4857
f 4857 4783 4784
f 4857 4784 4856
f 4856 4784 4850
f 4856 4850 4851
f 4793 4788 4792
f 4792 4788 4789
f 4792 4789 4798
f 4798 4789 4790
f 4798 4790 4864
f 4864 4790 4791
f 4864 4791 4863
f 4863 4791 4857
f 4863 4857 4858
f 4800 4795 4799
f 4799 4795 4796
f 4799 4796 4805
f 4805 4796 4797
f 4805 4797 4871
f 4871 4797 4798
f 4871 4798 4870
f 4870 4798 4864
f 4870 4864 4865
f 4807 4802 4806
f 4806 4802 4803
f 4806 4803 4812
f 4812 4803 4804
f 4812 4804 4878
f 4878 4804 4805
f 4878 4805 4877
f 4877 4805 4871
f 4877 4871 4872
f 4814 4809 4813
f 4813 4809 4810
f 4813 4810 4819
f 4819 4810 4811
f 4819 4811 4885
f 4885 4811 4812
f 4885 4812 4884
f 4884 4812 4878
f 4884 4878 4879
f 4821 4816 4820
f 4820 4816 4817
f 4820 4817 4826
f 4826 4817 4818
f 4826 4818 4892
f 4892 4818 4819
f 4892 4819 4891
f 4891 4819 4885
f 4891 4885 4886
f 4828 4823 4827
f 4827 4823 4824
f 4827 4824 4833
f 4833 4824 4825
f 4833 4825 4899
f 4899 4825 4826
f 4899 4826 4898
f 4898 4826 4892
f 4898 4892 4893
f 4835 4830 4834
f 4834 4830 4831
f 4834 4831 4840
f 4840 4831 4832
f 4840 4832 4906
f 4906 4832 4833
f 4906 4833 4905
f 4905 4833 4899
f 4905 4899 4900
f 4770 4836 4842
f 4842 4836 4837
f 4842 4837 4841
f 4841 4837 4838
f 4841 4838 4847
f 4847 4838 4839
f 4847 4839 4913
f 4913 4839 4840
f 4913 4840 4912
f 4912 4840 4906
f 4912 4906 4907
f 4842 4843 4770
f 4844 4845 5233
f 5233 4845 4921
f 5233 4921 4922
f 4921 4845 4920
f 4920 4845 4846
f 4920 4846 4847
f 4856 4851 4855
f 4855 4851 4852
f 4855 4852 4861
f 4861 4852 4853
f 4861 4853 4927
f 4927 4853 4854
f 4927 4854 4926
f 4926 4854 4848
f 4863 4858 4862
f 4862 4858 4859
f 4862 4859 4868
f 4868 4859 4860
f 4868 4860 4934
f 4934 4860 4861
f 4934 4861 4933
f 4933 4861 4927
f 4933 4927 4928
f 4870 4865 4869
f 4869 4865 4866
f 4869 4866 4875
f 4875 4866 4867
f 4875 4867 4941
f 4941 4867 4868
f 4941 4868 4940
f 4940 4868 4934
f 4940 4934 4935
f 4877 4872 4876
f 4876 4872 4873
f 4876 4873 4882
f 4882 4873 4874
f 4882 4874 4948
f 4948 4874 4875
f 4948 4875 4947
f 4947 4875 4941
f 4947 4941 4942
f 4884 4879 4883
f 4883 4879 4880
f 4883 4880 4889
f 4889 4880 4881
f 4889 4881 4955
f 4955 4881 4882
f 4955 4882 4954
f 4954 4882 4948
f 4954 4948 4949
f 4891 4886 4890
f 4890 4886 4887
f 4890 4887 4896
f 4896 4887 4888
f 4896 4888 4962
f 4962 4888 4889
f 4962 4889 4961
f 4961 4889 4955
f 4961 4955 4956
f 4898 4893 4897
f 4897 4893 4894
f 4897 4894 4903
f 4903 4894 4895
f 4903 4895 4969
f 4969 4895 4896
f 4969 4896 4968
f 4968 4896 4962
f 4968 4962 4963
f 4905 4900 4904
f 4904 4900 4901
f 4904 4901 4910
f 4910 4901 4902
f 4910 4902 4976
f 4976 4902 4903
f 4976 4903 4975
f 4975 4903 4969
f 4975 4969 4970
f 4912 4907 4911
f 4911 4907 4908
f 4911 4908 4917
f 4917 4908 4909
f 4917 4909 4983
f 4983 4909 4910
f 4983 4910 4982
f 4982 4910 4976
f 4982 4976 4977
f 4847 4913 4919
f 4919 4913 4914
f 4919 4914 4918
f 4918 4914 4915
f 4918 4915 4924
f 4924 4915 4916
f 4924 4916 4990
f 4990 4916 4917
f 4990 4917 4989
f 4989 4917 4983
f 4989 4983 4984
f 4919 4920 4847
f 4923 4997 4922
f 4922 4997 4998
f 4922 4998 5233
f 5233 4998 5236
f 5236 4998 4999
f 5236 4999 5075
f 5075 4999 5074
f 5074 4999 5000
f 5074 5000 5001
f 4923 4924 4997
f 4997 4924 4996
f 4996 4924 4990
f 4996 4990 4991
f 4933 4928 4932
f 4932 4928 4929
f 4932 4929 4938
f 4938 4929 4930
f 4938 4930 5004
f 5004 4930 4931
f 5004 4931 5003
f 5003 4931 4925
f 5003 4925 5002
f 5002 4925 5235
f 5002 5235 5079
f 5079 5235 5156
f 5079 5156 5157
f 4940 4935 4939
f 4939 4935 4936
f 4939 4936 4945
f 4945 4936 4937
f 4945 4937 5011
f 5011 4937 4938
f 5011 4938 5010
f 5010 4938 5004
f 5010 5004 5005
f 4947 4942 4946
f 4946 4942 4943
f 4946 4943 4952
f 4952 4943 4944
f 4952 4944 5018
f 5018 4944 4945
f 5018 4945 5017
f 5017 4945 5011
f 5017 5011 5012
f 4954 4949 4953
f 4953 4949 4950
f 4953 4950 4959
f 4959 4950 4951
f 4959 4951 5025
f 5025 4951 4952
f 5025 4952 5024
f 5024 4952 5018
f 5024 5018 5019
f 4961 4956 4960
f 4960 4956 4957
f 4960 4957 4966
f 4966 4957 4958
f 4966 4958 5032
f 5032 4958 4959
f 5032 4959 5031
f 5031 4959 5025
f 5031 5025 5026
f 4968 4963 4967
f 4967 4963 4964
f 4967 4964 4973
f 4973 4964 4965
f 4973 4965 5039
f 5039 4965 4966
f 5039 4966 5038
f 5038 4966 5032
f 5038 5032 5033
f 4975 4970 4974
f 4974 4970 4971
f 4974 4971 4980
f 4980 4971 4972
f 4980 4972 5046
f 5046 4972 4973
f 5046 4973 5045
f 5045 4973 5039
f 5045 5039 5040
f 4982 4977 4981
f 4981 4977 4978
f 4981 4978 4987
f 4987 4978 4979
f 4987 4979 5053
f 5053 4979 4980
f 5053 4980 5052
f 5052 4980 5046
f 5052 5046 5047
f 4989 4984 4988
f 4988 4984 4985
f 4988 4985 4994
f 4994 4985 4986
f 4994 4986 5060
f 5060 4986 4987
f 5060 4987 5059
f 5059 4987 5053
f 5059 5053 5054
f 4996 4991 4995
f 4995 4991 4992
f 4995 4992 5001
f 5001 4992 4993
f 5001 4993 5067
f 5067 4993 4994
f 5067 4994 5066
f 5066 4994 5060
f 5066 5060 5061
f 5010 5005 5009
f 5009 5005 5006
f 5009 5006 5015
f 5015 5006 5007
f 5015 5007 5081
f 5081 5007 5008
f 5081 5008 5080
f 5080 5008 5002
f 5080 5002 5079
f 5017 5012 5016
f 5016 5012 5013
f 5016 5013 5022
f 5022 5013 5014
f 5022 5014 5088
f 5088 5014 5015
f 5088 5015 5087
f 5087 5015 5081
f 5087 5081 5082
f 5024 5019 5023
f 5023 5019 5020
f 5023 5020 5029
f 5029 5020 5021
f 5029 5021 5095
f 5095 5021 5022
f 5095 5022 5094
f 5094 5022 5088
f 5094 5088 5089
f 5031 5026 5030
f 5030 5026 5027
f 5030 5027 5036
f 5036 5027 5028
f 5036 5028 5102
f 5102 5028 5029
f 5102 5029 5101
f 5101 5029 5095
f 5101 5095 5096
f 5038 5033 5037
f 5037 5033 5034
f 5037 5034 5043
f 5043 5034 5035
f 5043 5035 5109
f 5109 5035 5036
f 5109 5036 5108
f 5108 5036 5102
f 5108 5102 5103
f 5045 5040 5044
f 5044 5040 5041
f 5044 5041 5050
f 5050 5041 5042
f 5050 5042 5116
f 5116 5042 5043
f 5116 5043 5115
f 5115 5043 5109
f 5115 5109 5110
f 5052 5047 5051
f 5051 5047 5048
f 5051 5048 5057
f 5057 5048 5049
f 5057 5049 5123
f 5123 5049 5050
f 5123 5050 5122
f 5122 5050 5116
f 5122 5116 5117
f 5059 5054 5058
f 5058 5054 5055
f 5058 5055 5064
f 5064 5055 5056
f 5064 5056 5130
f 5130 5056 5057
f 5130 5057 5129
f 5129 5057 5123
f 5129 5123 5124
f 5066 5061 5065
f 5065 5061 5062
f 5065 5062 5071
f 5071 5062 5063
f 5071 5063 5137
f 5137 5063 5064
f 5137 5064 5136
f 5136 5064 5130
f 5136 5130 5131
f 5001 5067 5073
f 5073 5067 5068
f 5073 5068 5072
f 5072 5068 5069
f 5072 5069 5078
f 5078 5069 5070
f 5078 5070 5144
f 5144 5070 5071
f 5144 5071 5143
f 5143 5071 5137
f 5143 5137 5138
f 5073 5074 5001
f 5075 5076 5236
f 5236 5076 5152
f 5236 5152 5153
f 5152 5076 5151
f 5151 5076 5077
f 5151 5077 5078
f 5087 5082 5086
f 5086 5082 5083
f 5086 5083 5092
f 5092 5083 5084
f 5092 5084 5158
f 5158 5084 5085
f 5158 5085 5157
f 5157 5085 5079
f 5094 5089 5093
f 5093 5089 5090
f 5093 5090 5099
f 5099 5090 5091
f 5099 5091 5165
f 5165 5091 5092
f 5165 5092 5164
f 5164 5092 5158
f 5164 5158 5159
f 5101 5096 5100
f 5100 5096 5097
f 5100 5097 5106
f 5106 5097 5098
f 5106 5098 5172
f 5172 5098 5099
f 5172 5099 5171
f 5171 5099 5165
f 5171 5165 5166
f 5108 5103 5107
f 5107 5103 5104
f 5107 5104 5113
f 5113 5104 5105
f 5113 5105 5179
f 5179 5105 5106
f 5179 5106 5178
f 5178 5106 5172
f 5178 5172 5173
f 5115 5110 5114
f 5114 5110 5111
f 5114 5111 5120
f 5120 5111 5112
f 5120 5112 5186
f 5186 5112 5113
f 5186 5113 5185
f 5185 5113 5179
f 5185 5179 5180
f 5122 5117 5121
f 5121 5117 5118
f 5121 5118 5127
f 5127 5118 5119
f 5127 5119 5193
f 5193 5119 5120
f 5193 5120 5192
f 5192 5120 5186
f 5192 5186 5187
f 5129 5124 5128
f 5128 5124 5125
f 5128 5125 5134
f 5134 5125 5126
f 5134 5126 5200
f 5200 5126 5127
f 5200 5127 5199
f 5199 5127 5193
f 5199 5193 5194
f 5136 5131 5135
f 5135 5131 5132
f 5135 5132 5141
f 5141 5132 5133
f 5141 5133 5207
f 5207 5133 5134
f 5207 5134 5206
f 5206 5134 5200
f 5206 5200 5201
f 5143 5138 5142
f 5142 5138 5139
f 5142 5139 5148
f 5148 5139 5140
f 5148 5140 5214
f 5214 5140 5141
f 5214 5141 5213
f 5213 5141 5207
f 5213 5207 5208
f 5078 5144 5150
f 5150 5144 5145
f 5150 5145 5149
f 5149 5145 5146
f 5149 5146 5155
f 5155 5146 5147
f 5155 5147 5221
f 5221 5147 5148
f 5221 5148 5220
f 5220 5148 5214
f 5220 5214 5215
f 5150 5151 5078
f 5154 5228 5153
f 5153 5228 5229
f 5153 5229 5236
f 5236 5229 5230
f 5236 5230 5231
f 5154 5155 5228
f 5228 5155 5227
f 5227 5155 5221
f 5227 5221 5222
f 5164 5159 5163
f 5163 5159 5160
f 5163 5160 5169
f 5169 5160 5161
f 5169 5161 5235
f 5235 5161 5162
f 5235 5162 5156
f 5171 5166 5170
f 5170 5166 5167
f 5170 5167 5176
f 5176 5167 5168
f 5176 5168 5175
f 5175 5168 5235
f 5175 5235 5182
f 5182 5235 5189
f 5182 5189 5190
f 5168 5169 5235
f 5178 5173 5177
f 5177 5173 5174
f 5177 5174 5183
f 5183 5174 5175
f 5183 5175 5182
f 5185 5180 5184
f 5184 5180 5181
f 5184 5181 5190
f 5190 5181 5182
f 5192 5187 5191
f 5191 5187 5188
f 5191 5188 5197
f 5197 5188 5189
f 5197 5189 5196
f 5196 5189 5235
f 5196 5235 5236
f 5199 5194 5198
f 5198 5194 5195
f 5198 5195 5204
f 5204 5195 5196
f 5204 5196 5203
f 5203 5196 5236
f 5203 5236 5210
f 5210 5236 5217
f 5210 5217 5218
f 5206 5201 5205
f 5205 5201 5202
f 5205 5202 5211
f 5211 5202 5203
f 5211 5203 5210
f 5213 5208 5212
f 5212 5208 5209
f 5212 5209 5218
f 5218 5209 5210
f 5220 5215 5219
f 5219 5215 5216
f 5219 5216 5225
f 5225 5216 5217
f 5225 5217 5224
f 5224 5217 5236
f 5224 5236 5232
f 5232 5236 5231
f 5227 5222 5226
f 5226 5222 5223
f 5226 5223 5232
f 5232 5223 5224
f 5234 5235 4925
f 5238 5314 5237
f 5237 5314 5853
f 5237 5853 5243
f 5243 5853 5242
f 5242 5853 5250
f 5242 5250 5241
f 5241 5250 5244
f 5241 5244 5240
f 5240 5244 5245
f 5240 5245 5239
f 5239 5245 5319
f 5239 5319 5238
f 5238 5319 5320
f 5238 5320 5314
f 5246 5326 5245
f 5245 5326 5327
f 5245 5327 5319
f 5319 5327 5318
f 5318 5327 5321
f 5318 5321 5317
f 5317 5321 5322
f 5317 5322 5316
f 5316 5322 5396
f 5316 5396 5315
f 5315 5396 5397
f 5315 5397 5314
f 5314 5397 5391
f 5314 5391 5853
f 5853 5391 5468
f 5853 5468 5545
f 5545 5468 5551
f 5551 5468 5469
f 5551 5469 5550
f 5550 5469 5470
f 5550 5470 5476
f 5476 5470 5471
f 5476 5471 5475
f 5475 5471 5472
f 5475 5472 5481
f 5481 5472 5473
f 5481 5473 5399
f 5399 5473 5393
f 5399 5393 5394
f 5326 5246 5252
f 5252 5246 5247
f 5252 5247 5251
f 5251 5247 5248
f 5251 5248 5257
f 5257 5248 5249
f 5257 5249 5256
f 5256 5249 5853
f 5256 5853 5263
f 5263 5853 5270
f 5263 5270 5271
f 5249 5250 5853
f 5253 5333 5252
f 5252 5333 5334
f 5252 5334 5326
f 5326 5334 5325
f 5325 5334 5328
f 5325 5328 5324
f 5324 5328 5329
f 5324 5329 5323
f 5323 5329 5403
f 5323 5403 5322
f 5322 5403 5404
f 5322 5404 5396
f 5396 5404 5395
f 5395 5404 5398
f 5395 5398 5394
f 5394 5398 5399
f 5333 5253 5259
f 5259 5253 5254
f 5259 5254 5258
f 5258 5254 5255
f 5258 5255 5264
f 5264 5255 5256
f 5264 5256 5263
f 5260 5340 5259
f 5259 5340 5341
f 5259 5341 5333
f 5333 5341 5332
f 5332 5341 5335
f 5332 5335 5331
f 5331 5335 5336
f 5331 5336 5330
f 5330 5336 5410
f 5330 5410 5329
f 5329 5410 5411
f 5329 5411 5403
f 5403 5411 5402
f 5402 5411 5405
f 5402 5405 5401
f 5401 5405 5406
f 5401 5406 5400
f 5400 5406 5480
f 5400 5480 5399
f 5399 5480 5481
f 5340 5260 5266
f 5266 5260 5261
f 5266 5261 5265
f 5265 5261 5262
f 5265 5262 5271
f 5271 5262 5263
f 5267 5347 5266
f 5266 5347 5348
f 5266 5348 5340
f 5340 5348 5339
f 5339 5348 5342
f 5339 5342 5338
f 5338 5342 5343
f 5338 5343 5337
f 5337 5343 5417
f 5337 5417 5336
f 5336 5417 5418
f 5336 5418 5410
f 5410 5418 5409
f 5409 5418 5412
f 5409 5412 5408
f 5408 5412 5413
f 5408 5413 5407
f 5407 5413 5487
f 5407 5487 5406
f 5406 5487 5488
f 5406 5488 5480
f 5480 5488 5479
f 5479 5488 5482
f 5479 5482 5478
f 5478 5482 5483
f 5478 5483 5477
f 5477 5483 5557
f 5477 5557 5476
f 5476 5557 5558
f 5476 5558 5550
f 5550 5558 5549
f 5549 5558 5552
f 5549 5552 5548
f 5548 5552 5553
f 5548 5553 5547
f 5547 5553 5627
f 5547 5627 5546
f 5546 5627 5628
f 5546 5628 5545
f 5545 5628 5622
f 5545 5622 5856
f 5856 5622 5699
f 5856 5699 5776
f 5776 5699 5782
f 5782 5699 5700
f 5782 5700 5781
f 5781 5700 5701
f 5781 5701 5707
f 5707 5701 5702
f 5707 5702 5706
f 5706 5702 5703
f 5706 5703 5712
f 5712 5703 5704
f 5712 5704 5630
f 5630 5704 5624
f 5630 5624 5625
f 5347 5267 5273
f 5273 5267 5268
f 5273 5268 5272
f 5272 5268 5269
f 5272 5269 5278
f 5278 5269 5270
f 5278 5270 5277
f 5277 5270 5853
f 5277 5853 5854
f 5274 5354 5273
f 5273 5354 5355
f 5273 5355 5347
f 5347 5355 5346
f 5346 5355 5349
f 5346 5349 5345
f 5345 5349 5350
f 5345 5350 5344
f 5344 5350 5424
f 5344 5424 5343
f 5343 5424 5425
f 5343 5425 5417
f 5417 5425 5416
f 5416 5425 5419
f 5416 5419 5415
f 5415 5419 5420
f 5415 5420 5414
f 5414 5420 5494
f 5414 5494 5413
f 5413 5494 5495
f 5413 5495 5487
f 5487 5495 5486
f 5486 5495 5489
f 5486 5489 5485
f 5485 5489 5490
f 5485 5490 5484
f 5484 5490 5564
f 5484 5564 5483
f 5483 5564 5565
f 5483 5565 5557
f 5557 5565 5556
f 5556 5565 5559
f 5556 5559 5555
f 5555 5559 5560
f 5555 5560 5554
f 5554 5560 5634
f 5554 5634 5553
f 5553 5634 5635
f 5553 5635 5627
f 5627 5635 5626
f 5626 5635 5629
f 5626 5629 5625
f 5625 5629 5630
f 5354 5274 5280
f 5280 5274 5275
f 5280 5275 5279
f 5279 5275 5276
f 5279 5276 5285
f 5285 5276 5277
f 5285 5277 5284
f 5284 5277 5854
f 5284 5854 5291
f 5291 5854 5298
f 5291 5298 5299
f 5281 5361 5280
f 5280 5361 5362
f 5280 5362 5354
f 5354 5362 5353
f 5353 5362 5356
f 5353 5356 5352
f 5352 5356 5357
f 5352 5357 5351
f 5351 5357 5431
f 5351 5431 5350
f 5350 5431 5432
f 5350 5432 5424
f 5424 5432 5423
f 5423 5432 5426
f 5423 5426 5422
f 5422 5426 5427
f 5422 5427 5421
f 5421 5427 5501
f 5421 5501 5420
f 5420 5501 5502
f 5420 5502 5494
f 5494 5502 5493
f 5493 5502 5496
f 5493 5496 5492
f 5492 5496 5497
f 5492 5497 5491
f 5491 5497 5571
f 5491 5571 5490
f 5490 5571 5572
f 5490 5572 5564
f 5564 5572 5563
f 5563 5572 5566
f 5563 5566 5562
f 5562 5566 5567
f 5562 5567 5561
f 5561 5567 5641
f 5561 5641 5560
f 5560 5641 5642
f 5560 5642 5634
f 5634 5642 5633
f 5633 5642 5636
f 5633 5636 5632
f 5632 5636 5637
f 5632 5637 5631
f 5631 5637 5711
f 5631 5711 5630
f 5630 5711 5712
f 5361 5281 5287
f 5287 5281 5282
f 5287 5282 5286
f 5286 5282 5283
f 5286 5283 5292
f 5292 5283 5284
f 5292 5284 5291
f 5288 5368 5287
f 5287 5368 5369
f 5287 5369 5361
f 5361 5369 5360
f 5360 5369 5363
f 5360 5363 5359
f 5359 5363 5364
f 5359 5364 5358
f 5358 5364 5438
f 5358 5438 5357
f 5357 5438 5439
f 5357 5439 5431
f 5431 5439 5430
f 5430 5439 5433
f 5430 5433 5429
f 5429 5433 5434
f 5429 5434 5428
f 5428 5434 5508
f 5428 5508 5427
f 5427 5508 5509
f 5427 5509 5501
f 5501 5509 5500
f 5500 5509 5503
f 5500 5503 5499
f 5499 5503 5504
f 5499 5504 5498
f 5498 5504 5578
f 5498 5578 5497
f 5497 5578 5579
f 5497 5579 5571
f 5571 5579 5570
f 5570 5579 5573
f 5570 5573 5569
f 5569 5573 5574
f 5569 5574 5568
f 5568 5574 5648
f 5568 5648 5567
f 5567 5648 5649
f 5567 5649 5641
f 5641 5649 5640
f 5640 5649 5643
f 5640 5643 5639
f 5639 5643 5644
f 5639 5644 5638
f 5638 5644 5718
f 5638 5718 5637
f 5637 5718 5719
f 5637 5719 5711
f 5711 5719 5710
f 5710 5719 5713
f 5710 5713 5709
f 5709 5713 5714
f 5709 5714 5708
f 5708 5714 5788
f 5708 5788 5707
f 5707 5788 5789
f 5707 5789 5781
f 5781 5789 5780
f 5780 5789 5783
f 5780 5783 5779
f 5779 5783 5784
f 5779 5784 5778
f 5778 5784 5856
f 5778 5856 5777
f 5777 5856 5776
f 5368 5288 5294
f 5294 5288 5289
f 5294 5289 5293
f 5293 5289 5290
f 5293 5290 5299
f 5299 5290 5291
f 5295 5375 5294
f 5294 5375 5376
f 5294 5376 5368
f 5368 5376 5367
f 5367 5376 5370
f 5367 5370 5366
f 5366 5370 5371
f 5366 5371 5365
f 5365 5371 5445
f 5365 5445 5364
f 5364 5445 5446
f 5364 5446 5438
f 5438 5446 5437
f 5437 5446 5440
f 5437 5440 5436
f 5436 5440 5441
f 5436 5441 5435
f 5435 5441 5515
f 5435 5515 5434
f 5434 5515 5516
f 5434 5516 5508
f 5508 5516 5507
f 5507 5516 5510
f 5507 5510 5506
f 5506 5510 5511
f 5506 5511 5505
f 5505 5511 5585
f 5505 5585 5504
f 5504 5585 5586
f 5504 5586 5578
f 5578 5586 5577
f 5577 5586 5580
f 5577 5580 5576
f 5576 5580 5581
f 5576 5581 5575
f 5575 5581 5655
f 5575 5655 5574
f 5574 5655 5656
f 5574 5656 5648
f 5648 5656 5647
f 5647 5656 5650
f 5647 5650 5646
f 5646 5650 5651
f 5646 5651 5645
f 5645 5651 5725
f 5645 5725 5644
f 5644 5725 5726
f 5644 5726 5718
f 5718 5726 5717
f 5717 5726 5720
f 5717 5720 5716
f 5716 5720 5721
f 5716 5721 5715
f 5715 5721 5795
f 5715 5795 5714
f 5714 5795 5796
f 5714 5796 5788
f 5788 5796 5787
f 5787 5796 5790
f 5787 5790 5786
f 5786 5790 5791
f 5786 5791 5785
f 5785 5791 5792
f 5785 5792 5856
f 5856 5792 5799
f 5856 5799 5806
f 5806 5799 5805
f 5805 5799 5800
f 5805 5800 5804
f 5804 5800 5801
f 5804 5801 5810
f 5810 5801 5802
f 5810 5802 5728
f 5728 5802 5722
f 5728 5722 5723
f 5375 5295 5301
f 5301 5295 5296
f 5301 5296 5300
f 5300 5296 5297
f 5300 5297 5306
f 5306 5297 5298
f 5306 5298 5305
f 5305 5298 5854
f 5305 5854 5313
f 5313 5854 5312
f 5312 5854 5311
f 5311 5854 5310
f 5310 5854 5388
f 5310 5388 5389
f 5302 5382 5301
f 5301 5382 5383
f 5301 5383 5375
f 5375 5383 5374
f 5374 5383 5377
f 5374 5377 5373
f 5373 5377 5378
f 5373 5378 5372
f 5372 5378 5452
f 5372 5452 5371
f 5371 5452 5453
f 5371 5453 5445
f 5445 5453 5444
f 5444 5453 5447
f 5444 5447 5443
f 5443 5447 5448
f 5443 5448 5442
f 5442 5448 5522
f 5442 5522 5441
f 5441 5522 5523
f 5441 5523 5515
f 5515 5523 5514
f 5514 5523 5517
f 5514 5517 5513
f 5513 5517 5518
f 5513 5518 5512
f 5512 5518 5592
f 5512 5592 5511
f 5511 5592 5593
f 5511 5593 5585
f 5585 5593 5584
f 5584 5593 5587
f 5584 5587 5583
f 5583 5587 5588
f 5583 5588 5582
f 5582 5588 5662
f 5582 5662 5581
f 5581 5662 5663
f 5581 5663 5655
f 5655 5663 5654
f 5654 5663 5657
f 5654 5657 5653
f 5653 5657 5658
f 5653 5658 5652
f 5652 5658 5732
f 5652 5732 5651
f 5651 5732 5733
f 5651 5733 5725
f 5725 5733 5724
f 5724 5733 5727
f 5724 5727 5723
f 5723 5727 5728
f 5382 5302 5308
f 5308 5302 5303
f 5308 5303 5307
f 5307 5303 5304
f 5307 5304 5313
f 5313 5304 5305
f 5309 5389 5308
f 5308 5389 5390
f 5308 5390 5382
f 5382 5390 5381
f 5381 5390 5384
f 5381 5384 5380
f 5380 5384 5385
f 5380 5385 5379
f 5379 5385 5459
f 5379 5459 5378
f 5378 5459 5460
f 5378 5460 5452
f 5452 5460 5451
f 5451 5460 5454
f 5451 5454 5450
f 5450 5454 5455
f 5450 5455 5449
f 5449 5455 5529
f 5449 5529 5448
f 5448 5529 5530
f 5448 5530 5522
f 5522 5530 5521
f 5521 5530 5524
f 5521 5524 5520
f 5520 5524 5525
f 5520 5525 5519
f 5519 5525 5599
f 5519 5599 5518
f 5518 5599 5600
f 5518 5600 5592
f 5592 5600 5591
f 5591 5600 5594
f 5591 5594 5590
f 5590 5594 5595
f 5590 5595 5589
f 5589 5595 5669
f 5589 5669 5588
f 5588 5669 5670
f 5588 5670 5662
f 5662 5670 5661
f 5661 5670 5664
f 5661 5664 5660
f 5660 5664 5665
f 5660 5665 5659
f 5659 5665 5739
f 5659 5739 5658
f 5658 5739 5740
f 5658 5740 5732
f 5732 5740 5731
f 5731 5740 5734
f 5731 5734 5730
f 5730 5734 5735
f 5730 5735 5729
f 5729 5735 5809
f 5729 5809 5728
f 5728 5809 5810
f 5309 5310 5389
f 5386 5466 5385
f 5385 5466 5467
f 5385 5467 5459
f 5459 5467 5458
f 5458 5467 5461
f 5458 5461 5457
f 5457 5461 5462
f 5457 5462 5456
f 5456 5462 5536
f 5456 5536 5455
f 5455 5536 5537
f 5455 5537 5529
f 5529 5537 5528
f 5528 5537 5531
f 5528 5531 5527
f 5527 5531 5532
f 5527 5532 5526
f 5526 5532 5606
f 5526 5606 5525
f 5525 5606 5607
f 5525 5607 5599
f 5599 5607 5598
f 5598 5607 5601
f 5598 5601 5597
f 5597 5601 5602
f 5597 5602 5596
f 5596 5602 5676
f 5596 5676 5595
f 5595 5676 5677
f 5595 5677 5669
f 5669 5677 5668
f 5668 5677 5671
f 5668 5671 5667
f 5667 5671 5672
f 5667 5672 5666
f 5666 5672 5746
f 5666 5746 5665
f 5665 5746 5747
f 5665 5747 5739
f 5739 5747 5738
f 5738 5747 5741
f 5738 5741 5737
f 5737 5741 5742
f 5737 5742 5736
f 5736 5742 5816
f 5736 5816 5735
f 5735 5816 5817
f 5735 5817 5809
f 5809 5817 5808
f 5808 5817 5811
f 5808 5811 5807
f 5807 5811 5812
f 5807 5812 5806
f 5806 5812 5813
f 5806 5813 5856
f 5856 5813 5855
f 5855 5813 5820
f 5855 5820 5827
f 5827 5820 5826
f 5826 5820 5821
f 5826 5821 5825
f 5825 5821 5822
f 5825 5822 5831
f 5831 5822 5823
f 5831 5823 5749
f 5749 5823 5743
f 5749 5743 5744
f 5386 5387 5466
f 5466 5387 5465
f 5465 5387 5854
f 5465 5854 5464
f 5464 5854 5542
f 5464 5542 5543
f 5387 5388 5854
f 5468 5391 5474
f 5474 5391 5392
f 5474 5392 5473
f 5473 5392 5393
f 5463 5543 5462
f 5462 5543 5544
f 5462 5544 5536
f 5536 5544 5535
f 5535 5544 5538
f 5535 5538 5534
f 5534 5538 5539
f 5534 5539 5533
f 5533 5539 5613
f 5533 5613 5532
f 5532 5613 5614
f 5532 5614 5606
f 5606 5614 5605
f 5605 5614 5608
f 5605 5608 5604
f 5604 5608 5609
f 5604 5609 5603
f 5603 5609 5683
f 5603 5683 5602
f 5602 5683 5684
f 5602 5684 5676
f 5676 5684 5675
f 5675 5684 5678
f 5675 5678 5674
f 5674 5678 5679
f 5674 5679 5673
f 5673 5679 5753
f 5673 5753 5672
f 5672 5753 5754
f 5672 5754 5746
f 5746 5754 5745
f 5745 5754 5748
f 5745 5748 5744
f 5744 5748 5749
f 5463 5464 5543
f 5540 5620 5539
f 5539 5620 5621
f 5539 5621 5613
f 5613 5621 5612
f 5612 5621 5615
f 5612 5615 5611
f 5611 5615 5616
f 5611 5616 5610
f 5610 5616 5690
f 5610 5690 5609
f 5609 5690 5691
f 5609 5691 5683
f 5683 5691 5682
f 5682 5691 5685
f 5682 5685 5681
f 5681 5685 5686
f 5681 5686 5680
f 5680 5686 5760
f 5680 5760 5679
f 5679 5760 5761
f 5679 5761 5753
f 5753 5761 5752
f 5752 5761 5755
f 5752 5755 5751
f 5751 5755 5756
f 5751 5756 5750
f 5750 5756 5830
f 5750 5830 5749
f 5749 5830 5831
f 5540 5541 5620
f 5620 5541 5619
f 5619 5541 5854
f 5619 5854 5855
f 5541 5542 5854
f 5617 5697 5616
f 5616 5697 5698
f 5616 5698 5690
f 5690 5698 5689
f 5689 5698 5692
f 5689 5692 5688
f 5688 5692 5693
f 5688 5693 5687
f 5687 5693 5767
f 5687 5767 5686
f 5686 5767 5768
f 5686 5768 5760
f 5760 5768 5759
f 5759 5768 5762
f 5759 5762 5758
f 5758 5762 5763
f 5758 5763 5757
f 5757 5763 5837
f 5757 5837 5756
f 5756 5837 5838
f 5756 5838 5830
f 5830 5838 5829
f 5829 5838 5832
f 5829 5832 5828
f 5828 5832 5833
f 5828 5833 5827
f 5827 5833 5834
f 5827 5834 5855
f 5855 5834 5841
f 5855 5841 5847
f 5847 5841 5842
f 5847 5842 5846
f 5846 5842 5843
f 5846 5843 5852
f 5852 5843 5844
f 5852 5844 5770
f 5770 5844 5764
f 5770 5764 5765
f 5617 5618 5697
f 5697 5618 5696
f 5696 5618 5855
f 5696 5855 5695
f 5695 5855 5773
f 5695 5773 5774
f 5618 5619 5855
f 5699 5622 5705
f 5705 5622 5623
f 5705 5623 5704
f 5704 5623 5624
f 5694 5774 5693
f 5693 5774 5775
f 5693 5775 5767
f 5767 5775 5766
f 5766 5775 5769
f 5766 5769 5765
f 5765 5769 5770
f 5694 5695 5774
f 5722 5802 5721
f 5721 5802 5803
f 5721 5803 5795
f 5795 5803 5794
f 5794 5803 5797
f 5794 5797 5793
f 5793 5797 5798
f 5793 5798 5792
f 5792 5798 5799
f 5743 5823 5742
f 5742 5823 5824
f 5742 5824 5816
f 5816 5824 5815
f 5815 5824 5818
f 5815 5818 5814
f 5814 5818 5819
f 5814 5819 5813
f 5813 5819 5820
f 5764 5844 5763
f 5763 5844 5845
f 5763 5845 5837
f 5837 5845 5836
f 5836 5845 5839
f 5836 5839 5835
f 5835 5839 5840
f 5835 5840 5834
f 5834 5840 5841
f 5852 5770 5851
f 5851 5770 5771
f 5851 5771 5772
f 5773 5855 5772
f 5772 5855 5850
f 5772 5850 5851
f 5784 5785 5856
f 5847 5848 5855
f 5855 5848 5849
f 5855 5849 5850
f 5856 5853 5545
o PaintedMetal_000000
v 0.255000 -0.306000 0.205000
v 0.249710 -0.307719 0.205000
v 0.246440 -0.312219 0.205000
v 0.246440 -0.317781 0.205000
v 0.249710 -0.322281 0.205000
v 0.255000 -0.324000 0.205000
v 0.260290 -0.322281 0.205000
v 0.263560 -0.317781 0.205000
v 0.263560 -0.312219 0.205000
v 0.260290 -0.307719 0.205000
v 0.255000 -0.311000 0.200000
v 0.258127 -0.312506 0.200000
v 0.258900 -0.315890 0.200000
v 0.256736 -0.318604 0.200000
v 0.253264 -0.318604 0.200000
v 0.251100 -0.315890 0.200000
v 0.251873 -0.312506 0.200000
v 0.255000 -0.324000 0.205000
v 0.256736 -0.318604 0.200000
v 0.255000 -0.319000 0.195000
v 0.251873 -0.317494 0.195000
v 0.251100 -0.314110 0.195000
v 0.253264 -0.311396 0.195000
v 0.256736 -0.311396 0.195000
v 0.258900 -0.314110 0.195000
v 0.258127 -0.317494 0.195000
v 0.255000 -0.311000 0.200000
v 0.251873 -0.312506 0.200000
v 0.251100 -0.315890 0.200000
v 0.253264 -0.318604 0.200000
v 0.256736 -0.318604 0.200000
v 0.258900 -0.315890 0.200000
v 0.258127 -0.312506 0.200000
v 0.253264 -0.318604 0.200000
v 0.255000 -0.319000 0.195000
v 0.285000 -0.306000 0.205000
v 0.279710 -0.307719 0.205000
v 0.276440 -0.312219 0.205000
v 0.276440 -0.317781 0.205000
v 0.279710 -0.322281 0.205000
v 0.285000 -0.324000 0.205000
v 0.290290 -0.322281 0.205000
v 0.293560 -0.317781 0.205000
v 0.293560 -0.312219 0.205000
v 0.290290 -0.307719 0.205000
v 0.285000 -0.311000 0.200000
v 0.288127 -0.312506 0.200000
v 0.288900 -0.315890 0.200000
v 0.286736 -0.318604 0.200000
v 0.283264 -0.318604 0.200000
v 0.281100 -0.315890 0.200000
v 0.281873 -0.312506 0.200000
v 0.285000 -0.324000 0.205000
v 0.286736 -0.318604 0.200000
v 0.285000 -0.319000 0.195000
v 0.281873 -0.317494 0.195000
v 0.281100 -0.314110 0.195000
v 0.283264 -0.311396 0.195000
v 0.286736 -0.311396 0.195000
v 0.288900 -0.314110 0.195000
v 0.288127 -0.317494 0.195000
v 0.285000 -0.311000 0.200000
v 0.281873 -0.312506 0.200000
v 0.281100 -0.315890 0.200000
v 0.283264 -0.318604 0.200000
v 0.286736 -0.318604 0.200000
v 0.288900 -0.315890 0.200000
v 0.288127 -0.312506 0.200000
v 0.283264 -0.318604 0.200000
v 0.285000 -0.319000 0.195000
v 0.255000 -0.276000 0.205000
v 0.249710 -0.277719 0.205000
v 0.246440 -0.282219 0.205000
v 0.246440 -0.287781 0.205000
v 0.249710 -0.292281 0.205000
v 0.255000 -0.294000 0.205000
v 0.260290 -0.292281 0.205000
v 0.263560 -0.287781 0.205000
v 0.263560 -0.282219 0.205000
v 0.260290 -0.277719 0.205000
v 0.255000 -0.281000 0.200000
v 0.258127 -0.282506 0.200000
v 0.258900 -0.285890 0.200000
v 0.256736 -0.288604 0.200000
v 0.253264 -0.288604 0.200000
v 0.251100 -0.285890 0.200000
v 0.251873 -0.282506 0.200000
v 0.255000 -0.294000 0.205000
v 0.256736 -0.288604 0.200000
v 0.255000 -0.289000 0.195000
v 0.251873 -0.287494 0.195000
v 0.251100 -0.284110 0.195000
v 0.253264 -0.281396 0.195000
v 0.256736 -0.281396 0.195000
v 0.258900 -0.284110 0.195000
v 0.258127 -0.287494 0.195000
v 0.255000 -0.281000 0.200000
v 0.251873 -0.282506 0.200000
v 0.251100 -0.285890 0.200000
v 0.253264 -0.288604 0.200000
v 0.256736 -0.288604 0.200000
v 0.258900 -0.285890 0.200000
v 0.258127 -0.282506 0.200000
v 0.253264 -0.288604 0.200000
v 0.255000 -0.289000 0.195000
v 0.285000 -0.276000 0.205000
v 0.279710 -0.277719 0.205000
v 0.276440 -0.282219 0.205000
v 0.276440 -0.287781 0.205000
v 0.279710 -0.292281 0.205000
v 0.285000 -0.294000 0.205000
v 0.290290 -0.292281 0.205000
v 0.293560 -0.287781 0.205000
v 0.293560 -0.282219 0.205000
v 0.290290 -0.277719 0.205000
v 0.285000 -0.281000 0.200000
v 0.288127 -0.282506 0.200000
v 0.288900 -0.285890 0.200000
v 0.286736 -0.288604 0.200000
v 0.283264 -0.288604 0.200000
v 0.281100 -0.285890 0.200000
v 0.281873 -0.282506 0.200000
v 0.285000 -0.294000 0.205000
v 0.286736 -0.288604 0.200000
v 0.285000 -0.289000 0.195000
v 0.281873 -0.287494 0.195000
v 0.281100 -0.284110 0.195000
v 0.283264 -0.281396 0.195000
v 0.286736 -0.281396 0.195000
v 0.288900 -0.284110 0.195000
v 0.288127 -0.287494 0.195000
v 0.285000 -0.281000 0.200000
v 0.281873 -0.282506 0.200000
v 0.281100 -0.285890 0.200000
v 0.283264 -0.288604 0.200000
v 0.286736 -0.288604 0.200000
v 0.288900 -0.285890 0.200000
v 0.288127 -0.282506 0.200000
v 0.283264 -0.288604 0.200000
v 0.285000 -0.289000 0.195000
v 0.285000 0.276000 0.205000
v 0.290290 0.277719 0.205000
v 0.293560 0.282219 0.205000
v 0.293560 0.287781 0.205000
v 0.290290 0.292281 0.205000
v 0.285000 0.294000 0.205000
v 0.279710 0.292281 0.205000
v 0.276440 0.287781 0.205000
v 0.276440 0.282219 0.205000
v 0.279710 0.277719 0.205000
v 0.285000 0.281000 0.200000
v 0.281873 0.282506 0.200000
v 0.281100 0.285890 0.200000
v 0.283264 0.288604 0.200000
v 0.286736 0.288604 0.200000
v 0.288900 0.285890 0.200000
v 0.288127 0.282506 0.200000
v 0.285000 0.294000 0.205000
v 0.283264 0.288604 0.200000
v 0.285000 0.289000 0.195000
v 0.288127 0.287494 0.195000
v 0.288900 0.284110 0.195000
v 0.286736 0.281396 0.195000
v 0.283264 0.281396 0.195000
v 0.281100 0.284110 0.195000
v 0.281873 0.287494 0.195000
v 0.285000 0.281000 0.200000
v 0.288127 0.282506 0.200000
v 0.288900 0.285890 0.200000
v 0.286736 0.288604 0.200000
v 0.283264 0.288604 0.200000
v 0.281100 0.285890 0.200000
v 0.281873 0.282506 0.200000
v 0.286736 0.288604 0.200000
v 0.285000 0.289000 0.195000
v 0.255000 0.276000 0.205000
v 0.260290 0.277719 0.205000
v 0.263560 0.282219 0.205000
v 0.263560 0.287781 0.205000
v 0.260290 0.292281 0.205000
v 0.255000 0.294000 0.205000
v 0.249710 0.292281 0.205000
v 0.246440 0.287781 0.205000
v 0.246440 0.282219 0.205000
v 0.249710 0.277719 0.205000
v 0.255000 0.281000 0.200000
v 0.251873 0.282506 0.200000
v 0.251100 0.285890 0.200000
v 0.253264 0.288604 0.200000
v 0.256736 0.288604 0.200000
v 0.258900 0.285890 0.200000
v 0.258127 0.282506 0.200000
v 0.255000 0.294000 0.205000
v 0.253264 0.288604 0.200000
v 0.255000 0.289000 0.195000
v 0.258127 0.287494 0.195000
v 0.258900 0.284110 0.195000
v 0.256736 0.281396 0.195000
v 0.253264 0.281396 0.195000
v 0.251100 0.284110 0.195000
v 0.251873 0.287494 0.195000
v 0.255000 0.281000 0.200000
v 0.258127 0.282506 0.200000
v 0.258900 0.285890 0.200000
v 0.256736 0.288604 0.200000
v 0.253264 0.288604 0.200000
v 0.251100 0.285890 0.200000
v 0.251873 0.282506 0.200000
v 0.256736 0.288604 0.200000
v 0.255000 0.289000 0.195000
v 0.285000 0.306000 0.205000
v 0.290290 0.307719 0.205000
v 0.293560 0.312219 0.205000
v 0.293560 0.317781 0.205000
v 0.290290 0.322281 0.205000
v 0.285000 0.324000 0.205000
v 0.279710 0.322281 0.205000
v 0.276440 0.317781 0.205000
v 0.276440 0.312219 0.205000
v 0.279710 0.307719 0.205000
v 0.285000 0.311000 0.200000
v 0.281873 0.312506 0.200000
v 0.281100 0.315890 0.200000
v 0.283264 0.318604 0.200000
v 0.286736 0.318604 0.200000
v 0.288900 0.315890 0.200000
v 0.288127 0.312506 0.200000
v 0.285000 0.324000 0.205000
v 0.283264 0.318604 0.200000
v 0.285000 0.319000 0.195000
v 0.288127 0.317494 0.195000
v 0.288900 0.314110 0.195000
v 0.286736 0.311396 0.195000
v 0.283264 0.311396 0.195000
v 0.281100 0.314110 0.195000
v 0.281873 0.317494 0.195000
v 0.285000 0.311000 0.200000
v 0.288127 0.312506 0.200000
v 0.288900 0.315890 0.200000
v 0.286736 0.318604 0.200000
v 0.283264 0.318604 0.200000
v 0.281100 0.315890 0.200000
v 0.281873 0.312506 0.200000
v 0.286736 0.318604 0.200000
v 0.285000 0.319000 0.195000
v 0.255000 0.306000 0.205000
v 0.260290 0.307719 0.205000
v 0.263560 0.312219 0.205000
v 0.263560 0.317781 0.205000
v 0.260290 0.322281 0.205000
v 0.255000 0.324000 0.205000
v 0.249710 0.322281 0.205000
v 0.246440 0.317781 0.205000
v 0.246440 0.312219 0.205000
v 0.249710 0.307719 0.205000
v 0.255000 0.311000 0.200000
v 0.251873 0.312506 0.200000
v 0.251100 0.315890 0.200000
v 0.253264 0.318604 0.200000
v 0.256736 0.318604 0.200000
v 0.258900 0.315890 0.200000
v 0.258127 0.312506 0.200000
v 0.255000 0.324000 0.205000
v 0.253264 0.318604 0.200000
v 0.255000 0.319000 0.195000
v 0.258127 0.317494 0.195000
v 0.258900 0.314110 0.195000
v 0.256736 0.311396 0.195000
v 0.253264 0.311396 0.195000
v 0.251100 0.314110 0.195000
v 0.251873 0.317494 0.195000
v 0.255000 0.311000 0.200000
v 0.258127 0.312506 0.200000
v 0.258900 0.315890 0.200000
v 0.256736 0.318604 0.200000
v 0.253264 0.318604 0.200000
v 0.251100 0.315890 0.200000
v 0.251873 0.312506 0.200000
v 0.256736 0.318604 0.200000
v 0.255000 0.319000 0.195000
v 0.470000 0.440000 0.195000
v 0.468660 0.445000 0.195000
v 0.465000 0.448660 0.195000
v 0.460000 0.450000 0.195000
v 0.460000 0.450000 0.205000
v 0.465000 0.448660 0.205000
v 0.468660 0.445000 0.205000
v 0.470000 0.440000 0.205000
v 0.255000 -0.306000 0.205000
v 0.260290 -0.307719 0.205000
v 0.263560 -0.312219 0.205000
v 0.263560 -0.317781 0.205000
v 0.260290 -0.322281 0.205000
v 0.255000 -0.324000 0.205000
v 0.249710 -0.322281 0.205000
v 0.246440 -0.317781 0.205000
v 0.246440 -0.312219 0.205000
v 0.249710 -0.307719 0.205000
v 0.285000 -0.306000 0.205000
v 0.290290 -0.307719 0.205000
v 0.293560 -0.312219 0.205000
v 0.293560 -0.317781 0.205000
v 0.290290 -0.322281 0.205000
v 0.285000 -0.324000 0.205000
v 0.279710 -0.322281 0.205000
v 0.276440 -0.317781 0.205000
v 0.276440 -0.312219 0.205000
v 0.279710 -0.307719 0.205000
v 0.255000 -0.276000 0.205000
v 0.260290 -0.277719 0.205000
v 0.263560 -0.282219 0.205000
v 0.263560 -0.287781 0.205000
v 0.260290 -0.292281 0.205000
v 0.255000 -0.294000 0.205000
v 0.249710 -0.292281 0.205000
v 0.246440 -0.287781 0.205000
v 0.246440 -0.282219 0.205000
v 0.249710 -0.277719 0.205000
v 0.285000 -0.276000 0.205000
v 0.290290 -0.277719 0.205000
v 0.293560 -0.282219 0.205000
v 0.293560 -0.287781 0.205000
v 0.290290 -0.292281 0.205000
v 0.285000 -0.294000 0.205000
v 0.279710 -0.292281 0.205000
v 0.276440 -0.287781 0.205000
v 0.276440 -0.282219 0.205000
v 0.279710 -0.277719 0.205000
v 0.285000 0.276000 0.205000
v 0.279710 0.277719 0.205000
v 0.276440 0.282219 0.205000
v 0.276440 0.287781 0.205000
v 0.279710 0.292281 0.205000
v 0.285000 0.294000 0.205000
v 0.290290 0.292281 0.205000
v 0.293560 0.287781 0.205000
v 0.293560 0.282219 0.205000
v 0.290290 0.277719 0.205000
v 0.255000 0.276000 0.205000
v 0.249710 0.277719 0.205000
v 0.246440 0.282219 0.205000
v 0.246440 0.287781 0.205000
v 0.249710 0.292281 0.205000
v 0.255000 0.294000 0.205000
v 0.260290 0.292281 0.205000
v 0.263560 0.287781 0.205000
v 0.263560 0.282219 0.205000
v 0.260290 0.277719 0.205000
v 0.285000 0.306000 0.205000
v 0.279710 0.307719 0.205000
v 0.276440 0.312219 0.205000
v 0.276440 0.317781 0.205000
v 0.279710 0.322281 0.205000
v 0.285000 0.324000 0.205000
v 0.290290 0.322281 0.205000
v 0.293560 0.317781 0.205000
v 0.293560 0.312219 0.205000
v 0.290290 0.307719 0.205000
v 0.255000 0.306000 0.205000
v 0.249710 0.307719 0.205000
v 0.246440 0.312219 0.205000
v 0.246440 0.317781 0.205000
v 0.249710 0.322281 0.205000
v 0.255000 0.324000 0.205000
v 0.260290 0.322281 0.205000
v 0.263560 0.317781 0.205000
v 0.263560 0.312219 0.205000
v 0.260290 0.307719 0.205000
v 0.150000 -0.024000 0.205000
v 0.144710 -0.022281 0.205000
v 0.141440 -0.017781 0.205000
v 0.141440 -0.012219 0.205000
v 0.144710 -0.007719 0.205000
v 0.150000 -0.006000 0.205000
v 0.155290 -0.007719 0.205000
v 0.158560 -0.012219 0.205000
v 0.158560 -0.017781 0.205000
v 0.155290 -0.022281 0.205000
v 0.120000 -0.024000 0.205000
v 0.114710 -0.022281 0.205000
v 0.111440 -0.017781 0.205000
v 0.111440 -0.012219 0.205000
v 0.114710 -0.007719 0.205000
v 0.120000 -0.006000 0.205000
v 0.125290 -0.007719 0.205000
v 0.128560 -0.012219 0.205000
v 0.128560 -0.017781 0.205000
v 0.125290 -0.022281 0.205000
v 0.150000 0.006000 0.205000
v 0.144710 0.007719 0.205000
v 0.141440 0.012219 0.205000
v 0.141440 0.017781 0.205000
v 0.144710 0.022281 0.205000
v 0.150000 0.024000 0.205000
v 0.155290 0.022281 0.205000
v 0.158560 0.017781 0.205000
v 0.158560 0.012219 0.205000
v 0.155290 0.007719 0.205000
v 0.120000 0.006000 0.205000
v 0.114710 0.007719 0.205000
v 0.111440 0.012219 0.205000
v 0.111440 0.017781 0.205000
v 0.114710 0.022281 0.205000
v 0.120000 0.024000 0.205000
v 0.125290 0.022281 0.205000
v 0.128560 0.017781 0.205000
v 0.128560 0.012219 0.205000
v 0.125290 0.007719 0.205000
v 0.150000 -0.276000 0.205000
v 0.155290 -0.277719 0.205000
v 0.158560 -0.282219 0.205000
v 0.158560 -0.287781 0.205000
v 0.155290 -0.292281 0.205000
v 0.150000 -0.294000 0.205000
v 0.144710 -0.292281 0.205000
v 0.141440 -0.287781 0.205000
v 0.141440 -0.282219 0.205000
v 0.144710 -0.277719 0.205000
v 0.120000 -0.276000 0.205000
v 0.125290 -0.277719 0.205000
v 0.128560 -0.282219 0.205000
v 0.128560 -0.287781 0.205000
v 0.125290 -0.292281 0.205000
v 0.120000 -0.294000 0.205000
v 0.114710 -0.292281 0.205000
v 0.111440 -0.287781 0.205000
v 0.111440 -0.282219 0.205000
v 0.114710 -0.277719 0.205000
v 0.150000 -0.306000 0.205000
v 0.155290 -0.307719 0.205000
v 0.158560 -0.312219 0.205000
v 0.158560 -0.317781 0.205000
v 0.155290 -0.322281 0.205000
v 0.150000 -0.324000 0.205000
v 0.144710 -0.322281 0.205000
v 0.141440 -0.317781 0.205000
v 0.141440 -0.312219 0.205000
v 0.144710 -0.307719 0.205000
v 0.120000 -0.306000 0.205000
v 0.125290 -0.307719 0.205000
v 0.128560 -0.312219 0.205000
v 0.128560 -0.317781 0.205000
v 0.125290 -0.322281 0.205000
v 0.120000 -0.324000 0.205000
v 0.114710 -0.322281 0.205000
v 0.111440 -0.317781 0.205000
v 0.111440 -0.312219 0.205000
v 0.114710 -0.307719 0.205000
v 0.150000 0.276000 0.205000
v 0.144710 0.277719 0.205000
v 0.141440 0.282219 0.205000
v 0.141440 0.287781 0.205000
v 0.144710 0.292281 0.205000
v 0.150000 0.294000 0.205000
v 0.155290 0.292281 0.205000
v 0.158560 0.287781 0.205000
v 0.158560 0.282219 0.205000
v 0.155290 0.277719 0.205000
v 0.120000 0.276000 0.205000
v 0.114710 0.277719 0.205000
v 0.111440 0.282219 0.205000
v 0.111440 0.287781 0.205000
v 0.114710 0.292281 0.205000
v 0.120000 0.294000 0.205000
v 0.125290 0.292281 0.205000
v 0.128560 0.287781 0.205000
v 0.128560 0.282219 0.205000
v 0.125290 0.277719 0.205000
v 0.150000 0.306000 0.205000
v 0.144710 0.307719 0.205000
v 0.141440 0.312219 0.205000
v 0.141440 0.317781 0.205000
v 0.144710 0.322281 0.205000
v 0.150000 0.324000 0.205000
v 0.155290 0.322281 0.205000
v 0.158560 0.317781 0.205000
v 0.158560 0.312219 0.205000
v 0.155290 0.307719 0.205000
v 0.120000 0.306000 0.205000
v 0.114710 0.307719 0.205000
v 0.111440 0.312219 0.205000
v 0.111440 0.317781 0.205000
v 0.114710 0.322281 0.205000
v 0.120000 0.324000 0.205000
v 0.125290 0.322281 0.205000
v 0.128560 0.317781 0.205000
v 0.128560 0.312219 0.205000
v 0.125290 0.307719 0.205000
v 0.470000 0.440000 0.205000
v 0.468660 0.445000 0.205000
v 0.465000 0.448660 0.205000
v 0.460000 0.450000 0.205000
v 0.080000 0.450000 0.205000
v 0.075000 0.448660 0.205000
v 0.071340 0.445000 0.205000
v 0.070000 0.440000 0.205000
v 0.070000 -0.440000 0.205000
v 0.071340 -0.445000 0.205000
v 0.075000 -0.448660 0.205000
v 0.080000 -0.450000 0.205000
v 0.460000 -0.450000 0.205000
v 0.465000 -0.448660 0.205000
v 0.468660 -0.445000 0.205000
v 0.470000 -0.440000 0.205000
v 0.460000 0.450000 0.205000
v 0.460000 0.450000 0.195000
v 0.080000 0.450000 0.195000
v 0.080000 0.450000 0.205000
v 0.080000 0.450000 0.195000
v 0.075000 0.448660 0.195000
v 0.071340 0.445000 0.195000
v 0.070000 0.440000 0.195000
v 0.070000 0.440000 0.205000
v 0.071340 0.445000 0.205000
v 0.075000 0.448660 0.205000
v 0.080000 0.450000 0.205000
v 0.460000 -0.450000 0.195000
v 0.465000 -0.448660 0.195000
v 0.468660 -0.445000 0.195000
v 0.470000 -0.440000 0.195000
v 0.470000 -0.440000 0.205000
v 0.468660 -0.445000 0.205000
v 0.465000 -0.448660 0.205000
v 0.460000 -0.450000 0.205000
v 0.460000 -0.450000 0.195000
v 0.460000 -0.450000 0.205000
v 0.080000 -0.450000 0.205000
v 0.080000 -0.450000 0.195000
v 0.070000 -0.440000 0.195000
v 0.071340 -0.445000 0.195000
v 0.075000 -0.448660 0.195000
v 0.080000 -0.450000 0.195000
v 0.080000 -0.450000 0.205000
v 0.075000 -0.448660 0.205000
v 0.071340 -0.445000 0.205000
v 0.070000 -0.440000 0.205000
v 0.150000 -0.024000 0.205000
v 0.155290 -0.022281 0.205000
v 0.158560 -0.017781 0.205000
v 0.158560 -0.012219 0.205000
v 0.155290 -0.007719 0.205000
v 0.150000 -0.006000 0.205000
v 0.144710 -0.007719 0.205000
v 0.141440 -0.012219 0.205000
v 0.141440 -0.017781 0.205000
v 0.144710 -0.022281 0.205000
v 0.150000 -0.019000 0.200000
v 0.146873 -0.017494 0.200000
v 0.146100 -0.014110 0.200000
v 0.148264 -0.011396 0.200000
v 0.151736 -0.011396 0.200000
v 0.153900 -0.014110 0.200000
v 0.153127 -0.017494 0.200000
v 0.150000 -0.006000 0.205000
v 0.148264 -0.011396 0.200000
v 0.150000 -0.011000 0.195000
v 0.153127 -0.012506 0.195000
v 0.153900 -0.015890 0.195000
v 0.151736 -0.018604 0.195000
v 0.148264 -0.018604 0.195000
v 0.146100 -0.015890 0.195000
v 0.146873 -0.012506 0.195000
v 0.150000 -0.019000 0.200000
v 0.153127 -0.017494 0.200000
v 0.153900 -0.014110 0.200000
v 0.151736 -0.011396 0.200000
v 0.148264 -0.011396 0.200000
v 0.146100 -0.014110 0.200000
v 0.146873 -0.017494 0.200000
v 0.151736 -0.011396 0.200000
v 0.150000 -0.011000 0.195000
v 0.120000 -0.024000 0.205000
v 0.125290 -0.022281 0.205000
v 0.128560 -0.017781 0.205000
v 0.128560 -0.012219 0.205000
v 0.125290 -0.007719 0.205000
v 0.120000 -0.006000 0.205000
v 0.114710 -0.007719 0.205000
v 0.111440 -0.012219 0.205000
v 0.111440 -0.017781 0.205000
v 0.114710 -0.022281 0.205000
v 0.120000 -0.019000 0.200000
v 0.116873 -0.017494 0.200000
v 0.116100 -0.014110 0.200000
v 0.118264 -0.011396 0.200000
v 0.121736 -0.011396 0.200000
v 0.123900 -0.014110 0.200000
v 0.123127 -0.017494 0.200000
v 0.120000 -0.006000 0.205000
v 0.118264 -0.011396 0.200000
v 0.120000 -0.011000 0.195000
v 0.123127 -0.012506 0.195000
v 0.123900 -0.015890 0.195000
v 0.121736 -0.018604 0.195000
v 0.118264 -0.018604 0.195000
v 0.116100 -0.015890 0.195000
v 0.116873 -0.012506 0.195000
v 0.120000 -0.019000 0.200000
v 0.123127 -0.017494 0.200000
v 0.123900 -0.014110 0.200000
v 0.121736 -0.011396 0.200000
v 0.118264 -0.011396 0.200000
v 0.116100 -0.014110 0.200000
v 0.116873 -0.017494 0.200000
v 0.121736 -0.011396 0.200000
v 0.120000 -0.011000 0.195000
v 0.150000 0.006000 0.205000
v 0.155290 0.007719 0.205000
v 0.158560 0.012219 0.205000
v 0.158560 0.017781 0.205000
v 0.155290 0.022281 0.205000
v 0.150000 0.024000 0.205000
v 0.144710 0.022281 0.205000
v 0.141440 0.017781 0.205000
v 0.141440 0.012219 0.205000
v 0.144710 0.007719 0.205000
v 0.150000 0.011000 0.200000
v 0.146873 0.012506 0.200000
v 0.146100 0.015890 0.200000
v 0.148264 0.018604 0.200000
v 0.151736 0.018604 0.200000
v 0.153900 0.015890 0.200000
v 0.153127 0.012506 0.200000
v 0.150000 0.024000 0.205000
v 0.148264 0.018604 0.200000
v 0.150000 0.019000 0.195000
v 0.153127 0.017494 0.195000
v 0.153900 0.014110 0.195000
v 0.151736 0.011396 0.195000
v 0.148264 0.011396 0.195000
v 0.146100 0.014110 0.195000
v 0.146873 0.017494 0.195000
v 0.150000 0.011000 0.200000
v 0.153127 0.012506 0.200000
v 0.153900 0.015890 0.200000
v 0.151736 0.018604 0.200000
v 0.148264 0.018604 0.200000
v 0.146100 0.015890 0.200000
v 0.146873 0.012506 0.200000
v 0.151736 0.018604 0.200000
v 0.150000 0.019000 0.195000
v 0.120000 0.006000 0.205000
v 0.125290 0.007719 0.205000
v 0.128560 0.012219 0.205000
v 0.128560 0.017781 0.205000
v 0.125290 0.022281 0.205000
v 0.120000 0.024000 0.205000
v 0.114710 0.022281 0.205000
v 0.111440 0.017781 0.205000
v 0.111440 0.012219 0.205000
v 0.114710 0.007719 0.205000
v 0.120000 0.011000 0.200000
v 0.116873 0.012506 0.200000
v 0.116100 0.015890 0.200000
v 0.118264 0.018604 0.200000
v 0.121736 0.018604 0.200000
v 0.123900 0.015890 0.200000
v 0.123127 0.012506 0.200000
v 0.120000 0.024000 0.205000
v 0.118264 0.018604 0.200000
v 0.120000 0.019000 0.195000
v 0.123127 0.017494 0.195000
v 0.123900 0.014110 0.195000
v 0.121736 0.011396 0.195000
v 0.118264 0.011396 0.195000
v 0.116100 0.014110 0.195000
v 0.116873 0.017494 0.195000
v 0.120000 0.011000 0.200000
v 0.123127 0.012506 0.200000
v 0.123900 0.015890 0.200000
v 0.121736 0.018604 0.200000
v 0.118264 0.018604 0.200000
v 0.116100 0.015890 0.200000
v 0.116873 0.012506 0.200000
v 0.121736 0.018604 0.200000
v 0.120000 0.019000 0.195000
v 0.150000 -0.276000 0.205000
v 0.144710 -0.277719 0.205000
v 0.141440 -0.282219 0.205000
v 0.141440 -0.287781 0.205000
v 0.144710 -0.292281 0.205000
v 0.150000 -0.294000 0.205000
v 0.155290 -0.292281 0.205000
v 0.158560 -0.287781 0.205000
v 0.158560 -0.282219 0.205000
v 0.155290 -0.277719 0.205000
v 0.150000 -0.281000 0.200000
v 0.153127 -0.282506 0.200000
v 0.153900 -0.285890 0.200000
v 0.151736 -0.288604 0.200000
v 0.148264 -0.288604 0.200000
v 0.146100 -0.285890 0.200000
v 0.146873 -0.282506 0.200000
v 0.150000 -0.294000 0.205000
v 0.151736 -0.288604 0.200000
v 0.150000 -0.289000 0.195000
v 0.146873 -0.287494 0.195000
v 0.146100 -0.284110 0.195000
v 0.148264 -0.281396 0.195000
v 0.151736 -0.281396 0.195000
v 0.153900 -0.284110 0.195000
v 0.153127 -0.287494 0.195000
v 0.150000 -0.281000 0.200000
v 0.146873 -0.282506 0.200000
v 0.146100 -0.285890 0.200000
v 0.148264 -0.288604 0.200000
v 0.151736 -0.288604 0.200000
v 0.153900 -0.285890 0.200000
v 0.153127 -0.282506 0.200000
v 0.148264 -0.288604 0.200000
v 0.150000 -0.289000 0.195000
v 0.120000 -0.276000 0.205000
v 0.114710 -0.277719 0.205000
v 0.111440 -0.282219 0.205000
v 0.111440 -0.287781 0.205000
v 0.114710 -0.292281 0.205000
v 0.120000 -0.294000 0.205000
v 0.125290 -0.292281 0.205000
v 0.128560 -0.287781 0.205000
v 0.128560 -0.282219 0.205000
v 0.125290 -0.277719 0.205000
v 0.120000 -0.281000 0.200000
v 0.123127 -0.282506 0.200000
v 0.123900 -0.285890 0.200000
v 0.121736 -0.288604 0.200000
v 0.118264 -0.288604 0.200000
v 0.116100 -0.285890 0.200000
v 0.116873 -0.282506 0.200000
v 0.120000 -0.294000 0.205000
v 0.121736 -0.288604 0.200000
v 0.120000 -0.289000 0.195000
v 0.116873 -0.287494 0.195000
v 0.116100 -0.284110 0.195000
v 0.118264 -0.281396 0.195000
v 0.121736 -0.281396 0.195000
v 0.123900 -0.284110 0.195000
v 0.123127 -0.287494 0.195000
v 0.120000 -0.281000 0.200000
v 0.116873 -0.282506 0.200000
v 0.116100 -0.285890 0.200000
v 0.118264 -0.288604 0.200000
v 0.121736 -0.288604 0.200000
v 0.123900 -0.285890 0.200000
v 0.123127 -0.282506 0.200000
v 0.118264 -0.288604 0.200000
v 0.120000 -0.289000 0.195000
v 0.150000 -0.306000 0.205000
v 0.144710 -0.307719 0.205000
v 0.141440 -0.312219 0.205000
v 0.141440 -0.317781 0.205000
v 0.144710 -0.322281 0.205000
v 0.150000 -0.324000 0.205000
v 0.155290 -0.322281 0.205000
v 0.158560 -0.317781 0.205000
v 0.158560 -0.312219 0.205000
v 0.155290 -0.307719 0.205000
v 0.150000 -0.311000 0.200000
v 0.153127 -0.312506 0.200000
v 0.153900 -0.315890 0.200000
v 0.151736 -0.318604 0.200000
v 0.148264 -0.318604 0.200000
v 0.146100 -0.315890 0.200000
v 0.146873 -0.312506 0.200000
v 0.150000 -0.324000 0.205000
v 0.151736 -0.318604 0.200000
v 0.150000 -0.319000 0.195000
v 0.146873 -0.317494 0.195000
v 0.146100 -0.314110 0.195000
v 0.148264 -0.311396 0.195000
v 0.151736 -0.311396 0.195000
v 0.153900 -0.314110 0.195000
v 0.153127 -0.317494 0.195000
v 0.150000 -0.311000 0.200000
v 0.146873 -0.312506 0.200000
v 0.146100 -0.315890 0.200000
v 0.148264 -0.318604 0.200000
v 0.151736 -0.318604 0.200000
v 0.153900 -0.315890 0.200000
v 0.153127 -0.312506 0.200000
v 0.148264 -0.318604 0.200000
v 0.150000 -0.319000 0.195000
v 0.120000 -0.306000 0.205000
v 0.114710 -0.307719 0.205000
v 0.111440 -0.312219 0.205000
v 0.111440 -0.317781 0.205000
v 0.114710 -0.322281 0.205000
v 0.120000 -0.324000 0.205000
v 0.125290 -0.322281 0.205000
v 0.128560 -0.317781 0.205000
v 0.128560 -0.312219 0.205000
v 0.125290 -0.307719 0.205000
v 0.120000 -0.311000 0.200000
v 0.123127 -0.312506 0.200000
v 0.123900 -0.315890 0.200000
v 0.121736 -0.318604 0.200000
v 0.118264 -0.318604 0.200000
v 0.116100 -0.315890 0.200000
v 0.116873 -0.312506 0.200000
v 0.120000 -0.324000 0.205000
v 0.121736 -0.318604 0.200000
v 0.120000 -0.319000 0.195000
v 0.116873 -0.317494 0.195000
v 0.116100 -0.314110 0.195000
v 0.118264 -0.311396 0.195000
v 0.121736 -0.311396 0.195000
v 0.123900 -0.314110 0.195000
v 0.123127 -0.317494 0.195000
v 0.120000 -0.311000 0.200000
v 0.116873 -0.312506 0.200000
v 0.116100 -0.315890 0.200000
v 0.118264 -0.318604 0.200000
v 0.121736 -0.318604 0.200000
v 0.123900 -0.315890 0.200000
v 0.123127 -0.312506 0.200000
v 0.118264 -0.318604 0.200000
v 0.120000 -0.319000 0.195000
v 0.150000 0.276000 0.205000
v 0.155290 0.277719 0.205000
v 0.158560 0.282219 0.205000
v 0.158560 0.287781 0.205000
v 0.155290 0.292281 0.205000
v 0.150000 0.294000 0.205000
v 0.144710 0.292281 0.205000
v 0.141440 0.287781 0.205000
v 0.141440 0.282219 0.205000
v 0.144710 0.277719 0.205000
v 0.150000 0.281000 0.200000
v 0.146873 0.282506 0.200000
v 0.146100 0.285890 0.200000
v 0.148264 0.288604 0.200000
v 0.151736 0.288604 0.200000
v 0.153900 0.285890 0.200000
v 0.153127 0.282506 0.200000
v 0.150000 0.294000 0.205000
v 0.148264 0.288604 0.200000
v 0.150000 0.289000 0.195000
v 0.153127 0.287494 0.195000
v 0.153900 0.284110 0.195000
v 0.151736 0.281396 0.195000
v 0.148264 0.281396 0.195000
v 0.146100 0.284110 0.195000
v 0.146873 0.287494 0.195000
v 0.150000 0.281000 0.200000
v 0.153127 0.282506 0.200000
v 0.153900 0.285890 0.200000
v 0.151736 0.288604 0.200000
v 0.148264 0.288604 0.200000
v 0.146100 0.285890 0.200000
v 0.146873 0.282506 0.200000
v 0.151736 0.288604 0.200000
v 0.150000 0.289000 0.195000
v 0.120000 0.276000 0.205000
v 0.125290 0.277719 0.205000
v 0.128560 0.282219 0.205000
v 0.128560 0.287781 0.205000
v 0.125290 0.292281 0.205000
v 0.120000 0.294000 0.205000
v 0.114710 0.292281 0.205000
v 0.111440 0.287781 0.205000
v 0.111440 0.282219 0.205000
v 0.114710 0.277719 0.205000
v 0.120000 0.281000 0.200000
v 0.116873 0.282506 0.200000
v 0.116100 0.285890 0.200000
v 0.118264 0.288604 0.200000
v 0.121736 0.288604 0.200000
v 0.123900 0.285890 0.200000
v 0.123127 0.282506 0.200000
v 0.120000 0.294000 0.205000
v 0.118264 0.288604 0.200000
v 0.120000 0.289000 0.195000
v 0.123127 0.287494 0.195000
v 0.123900 0.284110 0.195000
v 0.121736 0.281396 0.195000
v 0.118264 0.281396 0.195000
v 0.116100 0.284110 0.195000
v 0.116873 0.287494 0.195000
v 0.120000 0.281000 0.200000
v 0.123127 0.282506 0.200000
v 0.123900 0.285890 0.200000
v 0.121736 0.288604 0.200000
v 0.118264 0.288604 0.200000
v 0.116100 0.285890 0.200000
v 0.116873 0.282506 0.200000
v 0.121736 0.288604 0.200000
v 0.120000 0.289000 0.195000
v 0.150000 0.306000 0.205000
v 0.155290 0.307719 0.205000
v 0.158560 0.312219 0.205000
v 0.158560 0.317781 0.205000
v 0.155290 0.322281 0.205000
v 0.150000 0.324000 0.205000
v 0.144710 0.322281 0.205000
v 0.141440 0.317781 0.205000
v 0.141440 0.312219 0.205000
v 0.144710 0.307719 0.205000
v 0.150000 0.311000 0.200000
v 0.146873 0.312506 0.200000
v 0.146100 0.315890 0.200000
v 0.148264 0.318604 0.200000
v 0.151736 0.318604 0.200000
v 0.153900 0.315890 0.200000
v 0.153127 0.312506 0.200000
v 0.150000 0.324000 0.205000
v 0.148264 0.318604 0.200000
v 0.150000 0.319000 0.195000
v 0.153127 0.317494 0.195000
v 0.153900 0.314110 0.195000
v 0.151736 0.311396 0.195000
v 0.148264 0.311396 0.195000
v 0.146100 0.314110 0.195000
v 0.146873 0.317494 0.195000
v 0.150000 0.311000 0.200000
v 0.153127 0.312506 0.200000
v 0.153900 0.315890 0.200000
v 0.151736 0.318604 0.200000
v 0.148264 0.318604 0.200000
v 0.146100 0.315890 0.200000
v 0.146873 0.312506 0.200000
v 0.151736 0.318604 0.200000
v 0.150000 0.319000 0.195000
v 0.120000 0.306000 0.205000
v 0.125290 0.307719 0.205000
v 0.128560 0.312219 0.205000
v 0.128560 0.317781 0.205000
v 0.125290 0.322281 0.205000
v 0.120000 0.324000 0.205000
v 0.114710 0.322281 0.205000
v 0.111440 0.317781 0.205000
v 0.111440 0.312219 0.205000
v 0.114710 0.307719 0.205000
v 0.120000 0.311000 0.200000
v 0.116873 0.312506 0.200000
v 0.116100 0.315890 0.200000
v 0.118264 0.318604 0.200000
v 0.121736 0.318604 0.200000
v 0.123900 0.315890 0.200000
v 0.123127 0.312506 0.200000
v 0.120000 0.324000 0.205000
v 0.118264 0.318604 0.200000
v 0.120000 0.319000 0.195000
v 0.123127 0.317494 0.195000
v 0.123900 0.314110 0.195000
v 0.121736 0.311396 0.195000
v 0.118264 0.311396 0.195000
v 0.116100 0.314110 0.195000
v 0.116873 0.317494 0.195000
v 0.120000 0.311000 0.200000
v 0.123127 0.312506 0.200000
v 0.123900 0.315890 0.200000
v 0.121736 0.318604 0.200000
v 0.118264 0.318604 0.200000
v 0.116100 0.315890 0.200000
v 0.116873 0.312506 0.200000
v 0.121736 0.318604 0.200000
v 0.120000 0.319000 0.195000
v 0.070000 0.440000 0.205000
v 0.070000 0.440000 0.195000
v 0.070000 -0.440000 0.195000
v 0.070000 -0.440000 0.205000
v 0.470000 0.440000 0.195000
v 0.470000 0.440000 0.205000
v 0.470000 -0.440000 0.205000
v 0.470000 -0.440000 0.195000
v 0.255000 -0.319000 0.195000
v 0.258127 -0.317494 0.195000
v 0.258900 -0.314110 0.195000
v 0.256736 -0.311396 0.195000
v 0.253264 -0.311396 0.195000
v 0.251100 -0.314110 0.195000
v 0.251873 -0.317494 0.195000
v 0.285000 -0.319000 0.195000
v 0.288127 -0.317494 0.195000
v 0.288900 -0.314110 0.195000
v 0.286736 -0.311396 0.195000
v 0.283264 -0.311396 0.195000
v 0.281100 -0.314110 0.195000
v 0.281873 -0.317494 0.195000
v 0.255000 -0.289000 0.195000
v 0.258127 -0.287494 0.195000
v 0.258900 -0.284110 0.195000
v 0.256736 -0.281396 0.195000
v 0.253264 -0.281396 0.195000
v 0.251100 -0.284110 0.195000
v 0.251873 -0.287494 0.195000
v 0.285000 -0.289000 0.195000
v 0.288127 -0.287494 0.195000
v 0.288900 -0.284110 0.195000
v 0.286736 -0.281396 0.195000
v 0.283264 -0.281396 0.195000
v 0.281100 -0.284110 0.195000
v 0.281873 -0.287494 0.195000
v 0.285000 0.289000 0.195000
v 0.281873 0.287494 0.195000
v 0.281100 0.284110 0.195000
v 0.283264 0.281396 0.195000
v 0.286736 0.281396 0.195000
v 0.288900 0.284110 0.195000
v 0.288127 0.287494 0.195000
v 0.255000 0.289000 0.195000
v 0.251873 0.287494 0.195000
v 0.251100 0.284110 0.195000
v 0.253264 0.281396 0.195000
v 0.256736 0.281396 0.195000
v 0.258900 0.284110 0.195000
v 0.258127 0.287494 0.195000
v 0.285000 0.319000 0.195000
v 0.281873 0.317494 0.195000
v 0.281100 0.314110 0.195000
v 0.283264 0.311396 0.195000
v 0.286736 0.311396 0.195000
v 0.288900 0.314110 0.195000
v 0.288127 0.317494 0.195000
v 0.255000 0.319000 0.195000
v 0.251873 0.317494 0.195000
v 0.251100 0.314110 0.195000
v 0.253264 0.311396 0.195000
v 0.256736 0.311396 0.195000
v 0.258900 0.314110 0.195000
v 0.258127 0.317494 0.195000
v 0.460000 0.450000 0.195000
v 0.465000 0.448660 0.195000
v 0.468660 0.445000 0.195000
v 0.470000 0.440000 0.195000
v 0.470000 -0.440000 0.195000
v 0.468660 -0.445000 0.195000
v 0.465000 -0.448660 0.195000
v 0.460000 -0.450000 0.195000
v 0.080000 -0.450000 0.195000
v 0.075000 -0.448660 0.195000
v 0.071340 -0.445000 0.195000
v 0.070000 -0.440000 0.195000
v 0.070000 0.440000 0.195000
v 0.071340 0.445000 0.195000
v 0.075000 0.448660 0.195000
v 0.080000 0.450000 0.195000
v 0.150000 -0.011000 0.195000
v 0.146873 -0.012506 0.195000
v 0.146100 -0.015890 0.195000
v 0.148264 -0.018604 0.195000
v 0.151736 -0.018604 0.195000
v 0.153900 -0.015890 0.195000
v 0.153127 -0.012506 0.195000
v 0.120000 -0.011000 0.195000
v 0.116873 -0.012506 0.195000
v 0.116100 -0.015890 0.195000
v 0.118264 -0.018604 0.195000
v 0.121736 -0.018604 0.195000
v 0.123900 -0.015890 0.195000
v 0.123127 -0.012506 0.195000
v 0.150000 0.019000 0.195000
v 0.146873 0.017494 0.195000
v 0.146100 0.014110 0.195000
v 0.148264 0.011396 0.195000
v 0.151736 0.011396 0.195000
v 0.153900 0.014110 0.195000
v 0.153127 0.017494 0.195000
v 0.120000 0.019000 0.195000
v 0.116873 0.017494 0.195000
v 0.116100 0.014110 0.195000
v 0.118264 0.011396 0.195000
v 0.121736 0.011396 0.195000
v 0.123900 0.014110 0.195000
v 0.123127 0.017494 0.195000
v 0.150000 -0.289000 0.195000
v 0.153127 -0.287494 0.195000
v 0.153900 -0.284110 0.195000
v 0.151736 -0.281396 0.195000
v 0.148264 -0.281396 0.195000
v 0.146100 -0.284110 0.195000
v 0.146873 -0.287494 0.195000
v 0.120000 -0.289000 0.195000
v 0.123127 -0.287494 0.195000
v 0.123900 -0.284110 0.195000
v 0.121736 -0.281396 0.195000
v 0.118264 -0.281396 0.195000
v 0.116100 -0.284110 0.195000
v 0.116873 -0.287494 0.195000
v 0.150000 -0.319000 0.195000
v 0.153127 -0.317494 0.195000
v 0.153900 -0.314110 0.195000
v 0.151736 -0.311396 0.195000
v 0.148264 -0.311396 0.195000
v 0.146100 -0.314110 0.195000
v 0.146873 -0.317494 0.195000
v 0.120000 -0.319000 0.195000
v 0.123127 -0.317494 0.195000
v 0.123900 -0.314110 0.195000
v 0.121736 -0.311396 0.195000
v 0.118264 -0.311396 0.195000
v 0.116100 -0.314110 0.195000
v 0.116873 -0.317494 0.195000
v 0.150000 0.289000 0.195000
v 0.146873 0.287494 0.195000
v 0.146100 0.284110 0.195000
v 0.148264 0.281396 0.195000
v 0.151736 0.281396 0.195000
v 0.153900 0.284110 0.195000
v 0.153127 0.287494 0.195000
v 0.120000 0.289000 0.195000
v 0.116873 0.287494 0.195000
v 0.116100 0.284110 0.195000
v 0.118264 0.281396 0.195000
v 0.121736 0.281396 0.195000
v 0.123900 0.284110 0.195000
v 0.123127 0.287494 0.195000
v 0.150000 0.319000 0.195000
v 0.146873 0.317494 0.195000
v 0.146100 0.314110 0.195000
v 0.148264 0.311396 0.195000
v 0.151736 0.311396 0.195000
v 0.153900 0.314110 0.195000
v 0.153127 0.317494 0.195000
v 0.120000 0.319000 0.195000
v 0.116873 0.317494 0.195000
v 0.116100 0.314110 0.195000
v 0.118264 0.311396 0.195000
v 0.121736 0.311396 0.195000
v 0.123900 0.314110 0.195000
v 0.123127 0.317494 0.195000
f 5866 5857 5867
f 5867 5857 5858
f 5867 5858 5873
f 5873 5858 5859
f 5873 5859 5872
f 5872 5859 5860
f 5872 5860 5861
f 5872 5861 5871
f 5871 5861 5874
f 5871 5874 5870
f 5875 5862 5863
f 5875 5863 5869
f 5869 5863 5864
f 5869 5864 5865
f 5869 5865 5868
f 5868 5865 5866
f 5868 5866 5867
f 5877 5890 5876
f 5891 5886 5887
f 5891 5887 5882
f 5882 5887 5888
f 5882 5888 5881
f 5881 5888 5889
f 5881 5889 5880
f 5880 5889 5883
f 5880 5883 5879
f 5879 5883 5884
f 5879 5884 5878
f 5878 5884 5885
f 5878 5885 5877
f 5877 5885 5890
f 5901 5892 5902
f 5902 5892 5893
f 5902 5893 5908
f 5908 5893 5894
f 5908 5894 5907
f 5907 5894 5895
f 5907 5895 5896
f 5907 5896 5906
f 5906 5896 5909
f 5906 5909 5905
f 5910 5897 5898
f 5910 5898 5904
f 5904 5898 5899
f 5904 5899 5900
f 5904 5900 5903
f 5903 5900 5901
f 5903 5901 5902
f 5912 5925 5911
f 5926 5921 5922
f 5926 5922 5917
f 5917 5922 5923
f 5917 5923 5916
f 5916 5923 5924
f 5916 5924 5915
f 5915 5924 5918
f 5915 5918 5914
f 5914 5918 5919
f 5914 5919 5913
f 5913 5919 5920
f 5913 5920 5912
f 5912 5920 5925
f 5936 5927 5937
f 5937 5927 5928
f 5937 5928 5943
f 5943 5928 5929
f 5943 5929 5942
f 5942 5929 5930
f 5942 5930 5931
f 5942 5931 5941
f 5941 5931 5944
f 5941 5944 5940
f 5945 5932 5933
f 5945 5933 5939
f 5939 5933 5934
f 5939 5934 5935
f 5939 5935 5938
f 5938 5935 5936
f 5938 5936 5937
f 5947 5960 5946
f 5961 5956 5957
f 5961 5957 5952
f 5952 5957 5958
f 5952 5958 5951
f 5951 5958 5959
f 5951 5959 5950
f 5950 5959 5953
f 5950 5953 5949
f 5949 5953 5954
f 5949 5954 5948
f 5948 5954 5955
f 5948 5955 5947
f 5947 5955 5960
f 5971 5962 5972
f 5972 5962 5963
f 5972 5963 5978
f 5978 5963 5964
f 5978 5964 5977
f 5977 5964 5965
f 5977 5965 5966
f 5977 5966 5976
f 5976 5966 5979
f 5976 5979 5975
f 5980 5967 5968
f 5980 5968 5974
f 5974 5968 5969
f 5974 5969 5970
f 5974 5970 5973
f 5973 5970 5971
f 5973 5971 5972
f 5982 5995 5981
f 5996 5991 5992
f 5996 5992 5987
f 5987 5992 5993
f 5987 5993 5986
f 5986 5993 5994
f 5986 5994 5985
f 5985 5994 5988
f 5985 5988 5984
f 5984 5988 5989
f 5984 5989 5983
f 5983 5989 5990
f 5983 5990 5982
f 5982 5990 5995
f 6006 5997 6007
f 6007 5997 5998
f 6007 5998 6013
f 6013 5998 5999
f 6013 5999 6012
f 6012 5999 6000
f 6012 6000 6001
f 6012 6001 6011
f 6011 6001 6014
f 6011 6014 6010
f 6015 6002 6003
f 6015 6003 6009
f 6009 6003 6004
f 6009 6004 6005
f 6009 6005 6008
f 6008 6005 6006
f 6008 6006 6007
f 6017 6030 6016
f 6031 6026 6027
f 6031 6027 6022
f 6022 6027 6028
f 6022 6028 6021
f 6021 6028 6029
f 6021 6029 6020
f 6020 6029 6023
f 6020 6023 6019
f 6019 6023 6024
f 6019 6024 6018
f 6018 6024 6025
f 6018 6025 6017
f 6017 6025 6030
f 6041 6032 6042
f 6042 6032 6033
f 6042 6033 6048
f 6048 6033 6034
f 6048 6034 6047
f 6047 6034 6035
f 6047 6035 6036
f 6047 6036 6046
f 6046 6036 6049
f 6046 6049 6045
f 6050 6037 6038
f 6050 6038 6044
f 6044 6038 6039
f 6044 6039 6040
f 6044 6040 6043
f 6043 6040 6041
f 6043 6041 6042
f 6052 6065 6051
f 6066 6061 6062
f 6066 6062 6057
f 6057 6062 6063
f 6057 6063 6056
f 6056 6063 6064
f 6056 6064 6055
f 6055 6064 6058
f 6055 6058 6054
f 6054 6058 6059
f 6054 6059 6053
f 6053 6059 6060
f 6053 6060 6052
f 6052 6060 6065
f 6076 6067 6077
f 6077 6067 6068
f 6077 6068 6083
f 6083 6068 6069
f 6083 6069 6082
f 6082 6069 6070
f 6082 6070 6071
f 6082 6071 6081
f 6081 6071 6084
f 6081 6084 6080
f 6085 6072 6073
f 6085 6073 6079
f 6079 6073 6074
f 6079 6074 6075
f 6079 6075 6078
f 6078 6075 6076
f 6078 6076 6077
f 6087 6100 6086
f 6101 6096 6097
f 6101 6097 6092
f 6092 6097 6098
f 6092 6098 6091
f 6091 6098 6099
f 6091 6099 6090
f 6090 6099 6093
f 6090 6093 6089
f 6089 6093 6094
f 6089 6094 6088
f 6088 6094 6095
f 6088 6095 6087
f 6087 6095 6100
f 6111 6102 6112
f 6112 6102 6103
f 6112 6103 6118
f 6118 6103 6104
f 6118 6104 6117
f 6117 6104 6105
f 6117 6105 6106
f 6117 6106 6116
f 6116 6106 6119
f 6116 6119 6115
f 6120 6107 6108
f 6120 6108 6114
f 6114 6108 6109
f 6114 6109 6110
f 6114 6110 6113
f 6113 6110 6111
f 6113 6111 6112
f 6122 6135 6121
f 6136 6131 6132
f 6136 6132 6127
f 6127 6132 6133
f 6127 6133 6126
f 6126 6133 6134
f 6126 6134 6125
f 6125 6134 6128
f 6125 6128 6124
f 6124 6128 6129
f 6124 6129 6123
f 6123 6129 6130
f 6123 6130 6122
f 6122 6130 6135
f 6144 6137 6143
f 6143 6137 6138
f 6143 6138 6142
f 6142 6138 6139
f 6142 6139 6141
f 6141 6139 6140
f 6146 6169 6145
f 6145 6169 6170
f 6145 6170 6154
f 6154 6170 6171
f 6154 6171 6153
f 6153 6171 6172
f 6153 6172 6287
f 6287 6172 6268
f 6287 6268 6286
f 6286 6268 6269
f 6286 6269 6285
f 6285 6269 6270
f 6285 6270 6294
f 6294 6270 6271
f 6294 6271 6293
f 6293 6271 6272
f 6293 6272 6297
f 6297 6272 6278
f 6297 6278 6296
f 6296 6278 6279
f 6296 6279 6295
f 6295 6279 6280
f 6295 6280 6304
f 6304 6280 6281
f 6304 6281 6303
f 6303 6281 6282
f 6303 6282 6353
f 6353 6282 6283
f 6353 6283 6237
f 6237 6283 6236
f 6236 6283 6284
f 6236 6284 6235
f 6235 6284 6275
f 6235 6275 6244
f 6244 6275 6276
f 6244 6276 6226
f 6226 6276 6274
f 6226 6274 6225
f 6225 6274 6265
f 6225 6265 6234
f 6234 6265 6266
f 6234 6266 6233
f 6233 6266 6267
f 6233 6267 6173
f 6173 6267 6268
f 6173 6268 6172
f 6169 6146 6168
f 6168 6146 6147
f 6168 6147 6182
f 6182 6147 6163
f 6182 6163 6181
f 6181 6163 6164
f 6181 6164 6180
f 6180 6164 6155
f 6180 6155 6179
f 6179 6155 6156
f 6179 6156 6178
f 6178 6156 6157
f 6178 6157 6357
f 6357 6157 6158
f 6357 6158 6159
f 6147 6148 6163
f 6163 6148 6162
f 6162 6148 6161
f 6161 6148 6149
f 6161 6149 6150
f 6151 6356 6150
f 6150 6356 6357
f 6150 6357 6160
f 6160 6357 6159
f 6152 6288 6151
f 6151 6288 6289
f 6151 6289 6356
f 6356 6289 6290
f 6356 6290 6291
f 6152 6153 6288
f 6288 6153 6287
f 6160 6161 6150
f 6166 6175 6165
f 6165 6175 6233
f 6165 6233 6174
f 6174 6233 6173
f 6175 6166 6184
f 6184 6166 6167
f 6184 6167 6183
f 6183 6167 6168
f 6183 6168 6182
f 6176 6194 6175
f 6175 6194 6185
f 6175 6185 6232
f 6232 6185 6253
f 6232 6253 6231
f 6231 6253 6254
f 6231 6254 6230
f 6230 6254 6245
f 6230 6245 6229
f 6229 6245 6246
f 6229 6246 6228
f 6228 6246 6247
f 6228 6247 6242
f 6242 6247 6263
f 6242 6263 6241
f 6241 6263 6264
f 6241 6264 6240
f 6240 6264 6255
f 6240 6255 6239
f 6239 6255 6256
f 6239 6256 6238
f 6238 6256 6257
f 6238 6257 6353
f 6353 6257 6352
f 6352 6257 6258
f 6352 6258 6317
f 6317 6258 6316
f 6316 6258 6259
f 6316 6259 6315
f 6315 6259 6260
f 6315 6260 6324
f 6324 6260 6261
f 6324 6261 6306
f 6306 6261 6249
f 6306 6249 6305
f 6305 6249 6250
f 6305 6250 6314
f 6314 6250 6251
f 6314 6251 6313
f 6313 6251 6252
f 6313 6252 6197
f 6197 6252 6196
f 6196 6252 6195
f 6195 6252 6185
f 6195 6185 6186
f 6194 6176 6193
f 6193 6176 6177
f 6193 6177 6345
f 6345 6177 6360
f 6360 6177 6357
f 6360 6357 6358
f 6177 6178 6357
f 6187 6203 6186
f 6186 6203 6204
f 6186 6204 6195
f 6187 6188 6203
f 6203 6188 6202
f 6202 6188 6207
f 6202 6207 6223
f 6223 6207 6208
f 6223 6208 6222
f 6222 6208 6209
f 6222 6209 6221
f 6221 6209 6220
f 6220 6209 6210
f 6220 6210 6348
f 6348 6210 6211
f 6348 6211 6212
f 6207 6188 6206
f 6206 6188 6189
f 6206 6189 6205
f 6205 6189 6190
f 6205 6190 6214
f 6214 6190 6191
f 6214 6191 6213
f 6213 6191 6192
f 6213 6192 6348
f 6348 6192 6193
f 6348 6193 6345
f 6197 6198 6313
f 6313 6198 6312
f 6312 6198 6217
f 6312 6217 6333
f 6333 6217 6218
f 6333 6218 6332
f 6332 6218 6219
f 6332 6219 6331
f 6331 6219 6349
f 6331 6349 6330
f 6330 6349 6329
f 6329 6349 6341
f 6329 6341 6342
f 6217 6198 6216
f 6216 6198 6199
f 6216 6199 6215
f 6215 6199 6200
f 6215 6200 6224
f 6224 6200 6201
f 6224 6201 6223
f 6223 6201 6202
f 6212 6213 6348
f 6219 6220 6349
f 6349 6220 6348
f 6244 6226 6243
f 6243 6226 6227
f 6243 6227 6228
f 6232 6233 6175
f 6237 6238 6353
f 6242 6243 6228
f 6247 6248 6263
f 6263 6248 6262
f 6262 6248 6249
f 6262 6249 6261
f 6252 6253 6185
f 6272 6273 6278
f 6278 6273 6277
f 6277 6273 6274
f 6277 6274 6276
f 6292 6298 6291
f 6291 6298 6299
f 6291 6299 6356
f 6356 6299 6300
f 6356 6300 6301
f 6292 6293 6298
f 6298 6293 6297
f 6301 6302 6356
f 6356 6302 6353
f 6356 6353 6355
f 6355 6353 6354
f 6302 6303 6353
f 6324 6306 6323
f 6323 6306 6307
f 6323 6307 6308
f 6309 6326 6308
f 6308 6326 6327
f 6308 6327 6322
f 6322 6327 6343
f 6322 6343 6321
f 6321 6343 6344
f 6321 6344 6320
f 6320 6344 6335
f 6320 6335 6319
f 6319 6335 6336
f 6319 6336 6318
f 6318 6336 6337
f 6318 6337 6352
f 6352 6337 6338
f 6352 6338 6349
f 6349 6338 6339
f 6349 6339 6340
f 6326 6309 6325
f 6325 6309 6310
f 6325 6310 6334
f 6334 6310 6311
f 6334 6311 6333
f 6333 6311 6312
f 6317 6318 6352
f 6322 6323 6308
f 6327 6328 6343
f 6343 6328 6342
f 6342 6328 6329
f 6340 6341 6349
f 6346 6347 6345
f 6345 6347 6348
f 6349 6350 6352
f 6352 6350 6351
f 6358 6359 6360
f 6362 6363 6361
f 6361 6363 6364
f 6372 6365 6371
f 6371 6365 6366
f 6371 6366 6370
f 6370 6366 6367
f 6370 6367 6369
f 6369 6367 6368
f 6380 6373 6379
f 6379 6373 6374
f 6379 6374 6378
f 6378 6374 6375
f 6378 6375 6377
f 6377 6375 6376
f 6382 6383 6381
f 6381 6383 6384
f 6392 6385 6391
f 6391 6385 6386
f 6391 6386 6390
f 6390 6386 6387
f 6390 6387 6389
f 6389 6387 6388
f 6402 6393 6403
f 6403 6393 6394
f 6403 6394 6409
f 6409 6394 6395
f 6409 6395 6408
f 6408 6395 6396
f 6408 6396 6397
f 6408 6397 6407
f 6407 6397 6410
f 6407 6410 6406
f 6411 6398 6399
f 6411 6399 6405
f 6405 6399 6400
f 6405 6400 6401
f 6405 6401 6404
f 6404 6401 6402
f 6404 6402 6403
f 6413 6426 6412
f 6427 6422 6423
f 6427 6423 6418
f 6418 6423 6424
f 6418 6424 6417
f 6417 6424 6425
f 6417 6425 6416
f 6416 6425 6419
f 6416 6419 6415
f 6415 6419 6420
f 6415 6420 6414
f 6414 6420 6421
f 6414 6421 6413
f 6413 6421 6426
f 6437 6428 6438
f 6438 6428 6429
f 6438 6429 6444
f 6444 6429 6430
f 6444 6430 6443
f 6443 6430 6431
f 6443 6431 6432
f 6443 6432 6442
f 6442 6432 6445
f 6442 6445 6441
f 6446 6433 6434
f 6446 6434 6440
f 6440 6434 6435
f 6440 6435 6436
f 6440 6436 6439
f 6439 6436 6437
f 6439 6437 6438
f 6448 6461 6447
f 6462 6457 6458
f 6462 6458 6453
f 6453 6458 6459
f 6453 6459 6452
f 6452 6459 6460
f 6452 6460 6451
f 6451 6460 6454
f 6451 6454 6450
f 6450 6454 6455
f 6450 6455 6449
f 6449 6455 6456
f 6449 6456 6448
f 6448 6456 6461
f 6472 6463 6473
f 6473 6463 6464
f 6473 6464 6479
f 6479 6464 6465
f 6479 6465 6478
f 6478 6465 6466
f 6478 6466 6467
f 6478 6467 6477
f 6477 6467 6480
f 6477 6480 6476
f 6481 6468 6469
f 6481 6469 6475
f 6475 6469 6470
f 6475 6470 6471
f 6475 6471 6474
f 6474 6471 6472
f 6474 6472 6473
f 6483 6496 6482
f 6497 6492 6493
f 6497 6493 6488
f 6488 6493 6494
f 6488 6494 6487
f 6487 6494 6495
f 6487 6495 6486
f 6486 6495 6489
f 6486 6489 6485
f 6485 6489 6490
f 6485 6490 6484
f 6484 6490 6491
f 6484 6491 6483
f 6483 6491 6496
f 6507 6498 6508
f 6508 6498 6499
f 6508 6499 6514
f 6514 6499 6500
f 6514 6500 6513
f 6513 6500 6501
f 6513 6501 6502
f 6513 6502 6512
f 6512 6502 6515
f 6512 6515 6511
f 6516 6503 6504
f 6516 6504 6510
f 6510 6504 6505
f 6510 6505 6506
f 6510 6506 6509
f 6509 6506 6507
f 6509 6507 6508
f 6518 6531 6517
f 6532 6527 6528
f 6532 6528 6523
f 6523 6528 6529
f 6523 6529 6522
f 6522 6529 6530
f 6522 6530 6521
f 6521 6530 6524
f 6521 6524 6520
f 6520 6524 6525
f 6520 6525 6519
f 6519 6525 6526
f 6519 6526 6518
f 6518 6526 6531
f 6542 6533 6543
f 6543 6533 6534
f 6543 6534 6549
f 6549 6534 6535
f 6549 6535 6548
f 6548 6535 6536
f 6548 6536 6537
f 6548 6537 6547
f 6547 6537 6550
f 6547 6550 6546
f 6551 6538 6539
f 6551 6539 6545
f 6545 6539 6540
f 6545 6540 6541
f 6545 6541 6544
f 6544 6541 6542
f 6544 6542 6543
f 6553 6566 6552
f 6567 6562 6563
f 6567 6563 6558
f 6558 6563 6564
f 6558 6564 6557
f 6557 6564 6565
f 6557 6565 6556
f 6556 6565 6559
f 6556 6559 6555
f 6555 6559 6560
f 6555 6560 6554
f 6554 6560 6561
f 6554 6561 6553
f 6553 6561 6566
f 6577 6568 6578
f 6578 6568 6569
f 6578 6569 6584
f 6584 6569 6570
f 6584 6570 6583
f 6583 6570 6571
f 6583 6571 6572
f 6583 6572 6582
f 6582 6572 6585
f 6582 6585 6581
f 6586 6573 6574
f 6586 6574 6580
f 6580 6574 6575
f 6580 6575 6576
f 6580 6576 6579
f 6579 6576 6577
f 6579 6577 6578
f 6588 6601 6587
f 6602 6597 6598
f 6602 6598 6593
f 6593 6598 6599
f 6593 6599 6592
f 6592 6599 6600
f 6592 6600 6591
f 6591 6600 6594
f 6591 6594 6590
f 6590 6594 6595
f 6590 6595 6589
f 6589 6595 6596
f 6589 6596 6588
f 6588 6596 6601
f 6612 6603 6613
f 6613 6603 6604
f 6613 6604 6619
f 6619 6604 6605
f 6619 6605 6618
f 6618 6605 6606
f 6618 6606 6607
f 6618 6607 6617
f 6617 6607 6620
f 6617 6620 6616
f 6621 6608 6609
f 6621 6609 6615
f 6615 6609 6610
f 6615 6610 6611
f 6615 6611 6614
f 6614 6611 6612
f 6614 6612 6613
f 6623 6636 6622
f 6637 6632 6633
f 6637 6633 6628
f 6628 6633 6634
f 6628 6634 6627
f 6627 6634 6635
f 6627 6635 6626
f 6626 6635 6629
f 6626 6629 6625
f 6625 6629 6630
f 6625 6630 6624
f 6624 6630 6631
f 6624 6631 6623
f 6623 6631 6636
f 6647 6638 6648
f 6648 6638 6639
f 6648 6639 6654
f 6654 6639 6640
f 6654 6640 6653
f 6653 6640 6641
f 6653 6641 6642
f 6653 6642 6652
f 6652 6642 6655
f 6652 6655 6651
f 6656 6643 6644
f 6656 6644 6650
f 6650 6644 6645
f 6650 6645 6646
f 6650 6646 6649
f 6649 6646 6647
f 6649 6647 6648
f 6658 6671 6657
f 6672 6667 6668
f 6672 6668 6663
f 6663 6668 6669
f 6663 6669 6662
f 6662 6669 6670
f 6662 6670 6661
f 6661 6670 6664
f 6661 6664 6660
f 6660 6664 6665
f 6660 6665 6659
f 6659 6665 6666
f 6659 6666 6658
f 6658 6666 6671
f 6682 6673 6683
f 6683 6673 6674
f 6683 6674 6689
f 6689 6674 6675
f 6689 6675 6688
f 6688 6675 6676
f 6688 6676 6677
f 6688 6677 6687
f 6687 6677 6690
f 6687 6690 6686
f 6691 6678 6679
f 6691 6679 6685
f 6685 6679 6680
f 6685 6680 6681
f 6685 6681 6684
f 6684 6681 6682
f 6684 6682 6683
f 6693 6706 6692
f 6707 6702 6703
f 6707 6703 6698
f 6698 6703 6704
f 6698 6704 6697
f 6697 6704 6705
f 6697 6705 6696
f 6696 6705 6699
f 6696 6699 6695
f 6695 6699 6700
f 6695 6700 6694
f 6694 6700 6701
f 6694 6701 6693
f 6693 6701 6706
f 6717 6708 6718
f 6718 6708 6709
f 6718 6709 6724
f 6724 6709 6710
f 6724 6710 6723
f 6723 6710 6711
f 6723 6711 6712
f 6723 6712 6722
f 6722 6712 6725
f 6722 6725 6721
f 6726 6713 6714
f 6726 6714 6720
f 6720 6714 6715
f 6720 6715 6716
f 6720 6716 6719
f 6719 6716 6717
f 6719 6717 6718
f 6728 6741 6727
f 6742 6737 6738
f 6742 6738 6733
f 6733 6738 6739
f 6733 6739 6732
f 6732 6739 6740
f 6732 6740 6731
f 6731 6740 6734
f 6731 6734 6730
f 6730 6734 6735
f 6730 6735 6729
f 6729 6735 6736
f 6729 6736 6728
f 6728 6736 6741
f 6752 6743 6753
f 6753 6743 6744
f 6753 6744 6759
f 6759 6744 6745
f 6759 6745 6758
f 6758 6745 6746
f 6758 6746 6747
f 6758 6747 6757
f 6757 6747 6760
f 6757 6760 6756
f 6761 6748 6749
f 6761 6749 6755
f 6755 6749 6750
f 6755 6750 6751
f 6755 6751 6754
f 6754 6751 6752
f 6754 6752 6753
f 6763 6776 6762
f 6777 6772 6773
f 6777 6773 6768
f 6768 6773 6774
f 6768 6774 6767
f 6767 6774 6775
f 6767 6775 6766
f 6766 6775 6769
f 6766 6769 6765
f 6765 6769 6770
f 6765 6770 6764
f 6764 6770 6771
f 6764 6771 6763
f 6763 6771 6776
f 6787 6778 6788
f 6788 6778 6779
f 6788 6779 6794
f 6794 6779 6780
f 6794 6780 6793
f 6793 6780 6781
f 6793 6781 6782
f 6793 6782 6792
f 6792 6782 6795
f 6792 6795 6791
f 6796 6783 6784
f 6796 6784 6790
f 6790 6784 6785
f 6790 6785 6786
f 6790 6786 6789
f 6789 6786 6787
f 6789 6787 6788
f 6798 6811 6797
f 6812 6807 6808
f 6812 6808 6803
f 6803 6808 6809
f 6803 6809 6802
f 6802 6809 6810
f 6802 6810 6801
f 6801 6810 6804
f 6801 6804 6800
f 6800 6804 6805
f 6800 6805 6799
f 6799 6805 6806
f 6799 6806 6798
f 6798 6806 6811
f 6814 6815 6813
f 6813 6815 6816
f 6818 6819 6817
f 6817 6819 6820
f 6822 6834 6821
f 6821 6834 6828
f 6821 6828 6884
f 6884 6828 6829
f 6884 6829 6830
f 6822 6823 6834
f 6834 6823 6833
f 6833 6823 6836
f 6833 6836 6837
f 6823 6824 6836
f 6836 6824 6835
f 6835 6824 6825
f 6835 6825 6841
f 6841 6825 6826
f 6841 6826 6840
f 6840 6826 6923
f 6840 6923 6898
f 6898 6923 6897
f 6897 6923 6924
f 6897 6924 6896
f 6896 6924 6925
f 6896 6925 6904
f 6904 6925 6931
f 6904 6931 6903
f 6903 6931 6932
f 6903 6932 6902
f 6902 6932 6933
f 6902 6933 6888
f 6888 6933 6947
f 6888 6947 6948
f 6923 6826 6937
f 6937 6826 6827
f 6937 6827 6936
f 6936 6827 6885
f 6936 6885 6935
f 6935 6885 6941
f 6941 6885 6943
f 6941 6943 6944
f 6827 6821 6885
f 6885 6821 6884
f 6831 6843 6830
f 6830 6843 6844
f 6830 6844 6884
f 6884 6844 6881
f 6884 6881 6883
f 6883 6881 6882
f 6843 6831 6842
f 6842 6831 6832
f 6842 6832 6848
f 6848 6832 6833
f 6848 6833 6837
f 6838 6846 6837
f 6837 6846 6847
f 6837 6847 6848
f 6846 6838 6898
f 6898 6838 6839
f 6898 6839 6840
f 6845 6853 6844
f 6844 6853 6854
f 6844 6854 6881
f 6881 6854 6880
f 6880 6854 6877
f 6880 6877 6878
f 6853 6845 6852
f 6852 6845 6846
f 6852 6846 6912
f 6912 6846 6898
f 6912 6898 6899
f 6850 6866 6849
f 6849 6866 6867
f 6849 6867 6855
f 6855 6867 6868
f 6855 6868 6854
f 6854 6868 6877
f 6851 6875 6850
f 6850 6875 6865
f 6850 6865 6866
f 6852 6861 6851
f 6851 6861 6862
f 6851 6862 6875
f 6875 6862 6874
f 6874 6862 6856
f 6874 6856 6873
f 6873 6856 6857
f 6873 6857 6872
f 6872 6857 6858
f 6872 6858 6968
f 6968 6858 6954
f 6968 6954 6955
f 6954 6858 6913
f 6913 6858 6859
f 6913 6859 6912
f 6912 6859 6860
f 6912 6860 6852
f 6852 6860 6861
f 6864 6870 6863
f 6863 6870 6877
f 6863 6877 6869
f 6869 6877 6868
f 6865 6875 6864
f 6864 6875 6876
f 6864 6876 6870
f 6877 6870 6892
f 6892 6870 6871
f 6892 6871 6969
f 6969 6871 6968
f 6968 6871 6872
f 6878 6879 6880
f 6886 6888 6885
f 6885 6888 6948
f 6885 6948 6942
f 6886 6887 6888
f 6902 6888 6916
f 6916 6888 6889
f 6916 6889 6958
f 6958 6889 6972
f 6958 6972 6957
f 6957 6972 6973
f 6957 6973 6956
f 6956 6973 6974
f 6956 6974 6962
f 6962 6974 6975
f 6962 6975 6951
f 6951 6975 6950
f 6950 6975 6965
f 6950 6965 6966
f 6890 6891 6889
f 6889 6891 6892
f 6889 6892 6971
f 6971 6892 6970
f 6970 6892 6976
f 6976 6892 6964
f 6976 6964 6975
f 6975 6964 6965
f 6894 6910 6893
f 6893 6910 6911
f 6893 6911 6899
f 6899 6911 6912
f 6895 6919 6894
f 6894 6919 6909
f 6894 6909 6910
f 6896 6905 6895
f 6895 6905 6906
f 6895 6906 6919
f 6919 6906 6918
f 6918 6906 6900
f 6918 6900 6917
f 6917 6900 6901
f 6917 6901 6916
f 6916 6901 6902
f 6904 6905 6896
f 6908 6952 6907
f 6907 6952 6953
f 6907 6953 6913
f 6913 6953 6954
f 6909 6919 6908
f 6908 6919 6920
f 6908 6920 6960
f 6960 6920 6914
f 6960 6914 6959
f 6959 6914 6915
f 6959 6915 6958
f 6958 6915 6916
f 6922 6938 6921
f 6921 6938 6939
f 6921 6939 6927
f 6927 6939 6940
f 6927 6940 6930
f 6930 6940 6929
f 6929 6940 6944
f 6929 6944 6945
f 6938 6922 6937
f 6937 6922 6923
f 6931 6925 6930
f 6930 6925 6926
f 6930 6926 6927
f 6929 6945 6928
f 6928 6945 6946
f 6928 6946 6934
f 6934 6946 6947
f 6934 6947 6933
f 6940 6941 6944
f 6942 6943 6885
f 6950 6966 6949
f 6949 6966 6967
f 6949 6967 6955
f 6955 6967 6968
f 6962 6951 6961
f 6961 6951 6952
f 6961 6952 6960
f 6960 6952 6908
f 6969 6963 6892
f 6892 6963 6964
f 6971 6972 6889
o Plastic_050505
v -0.012000 -0.055000 -0.008000
v -0.013500 -0.057598 -0.008000
v -0.016500 -0.057598 -0.008000
v -0.018000 -0.055000 -0.008000
v -0.016500 -0.052402 -0.008000
v -0.013500 -0.052402 -0.008000
v -0.012000 -0.055000 -0.000000
v -0.013500 -0.052402 -0.000000
v -0.016500 -0.052402 -0.000000
v -0.018000 -0.055000 -0.000000
v -0.016500 -0.057598 -0.000000
v -0.013500 -0.057598 -0.000000
v -0.018000 -0.055000 -0.000000
v -0.018000 -0.055000 -0.008000
v -0.012000 -0.055000 -0.008000
v -0.013500 -0.052402 -0.008000
v -0.016500 -0.052402 -0.008000
v -0.018000 -0.055000 -0.008000
v -0.016500 -0.057598 -0.008000
v -0.013500 -0.057598 -0.008000
v 0.018000 -0.075000 -0.008000
v 0.016500 -0.077598 -0.008000
v 0.013500 -0.077598 -0.008000
v 0.012000 -0.075000 -0.008000
v 0.013500 -0.072402 -0.008000
v 0.016500 -0.072402 -0.008000
v 0.018000 -0.075000 -0.000000
v 0.016500 -0.072402 -0.000000
v 0.013500 -0.072402 -0.000000
v 0.012000 -0.075000 -0.000000
v 0.013500 -0.077598 -0.000000
v 0.016500 -0.077598 -0.000000
v 0.012000 -0.075000 -0.000000
v 0.012000 -0.075000 -0.008000
v 0.018000 -0.075000 -0.008000
v 0.016500 -0.072402 -0.008000
v 0.013500 -0.072402 -0.008000
v 0.012000 -0.075000 -0.008000
v 0.013500 -0.077598 -0.008000
v 0.016500 -0.077598 -0.008000
v -0.012000 -0.075000 -0.008000
v -0.013500 -0.077598 -0.008000
v -0.016500 -0.077598 -0.008000
v -0.018000 -0.075000 -0.008000
v -0.016500 -0.072402 -0.008000
v -0.013500 -0.072402 -0.008000
v -0.012000 -0.075000 -0.000000
v -0.013500 -0.072402 -0.000000
v -0.016500 -0.072402 -0.000000
v -0.018000 -0.075000 -0.000000
v -0.016500 -0.077598 -0.000000
v -0.013500 -0.077598 -0.000000
v -0.018000 -0.075000 -0.000000
v -0.018000 -0.075000 -0.008000
v -0.012000 -0.075000 -0.008000
v -0.013500 -0.072402 -0.008000
v -0.016500 -0.072402 -0.008000
v -0.018000 -0.075000 -0.008000
v -0.016500 -0.077598 -0.008000
v -0.013500 -0.077598 -0.008000
v 0.018000 -0.055000 -0.008000
v 0.016500 -0.057598 -0.008000
v 0.013500 -0.057598 -0.008000
v 0.012000 -0.055000 -0.008000
v 0.013500 -0.052402 -0.008000
v 0.016500 -0.052402 -0.008000
v 0.018000 -0.055000 -0.000000
v 0.016500 -0.052402 -0.000000
v 0.013500 -0.052402 -0.000000
v 0.012000 -0.055000 -0.000000
v 0.013500 -0.057598 -0.000000
v 0.016500 -0.057598 -0.000000
v 0.012000 -0.055000 -0.000000
v 0.012000 -0.055000 -0.008000
v 0.018000 -0.055000 -0.008000
v 0.016500 -0.052402 -0.008000
v 0.013500 -0.052402 -0.008000
v 0.012000 -0.055000 -0.008000
v 0.013500 -0.057598 -0.008000
v 0.016500 -0.057598 -0.008000
v -0.012000 0.055000 -0.008000
v -0.013500 0.052402 -0.008000
v -0.016500 0.052402 -0.008000
v -0.018000 0.055000 -0.008000
v -0.016500 0.057598 -0.008000
v -0.013500 0.057598 -0.008000
v -0.012000 0.055000 0.000000
v -0.013500 0.057598 0.000000
v -0.016500 0.057598 0.000000
v -0.018000 0.055000 0.000000
v -0.016500 0.052402 0.000000
v -0.013500 0.052402 0.000000
v -0.018000 0.055000 -0.008000
v -0.018000 0.055000 0.000000
v -0.012000 0.055000 -0.008000
v -0.013500 0.057598 -0.008000
v -0.016500 0.057598 -0.008000
v -0.018000 0.055000 -0.008000
v -0.016500 0.052402 -0.008000
v -0.013500 0.052402 -0.008000
v 0.018000 0.075000 -0.008000
v 0.016500 0.072402 -0.008000
v 0.013500 0.072402 -0.008000
v 0.012000 0.075000 -0.008000
v 0.013500 0.077598 -0.008000
v 0.016500 0.077598 -0.008000
v 0.018000 0.075000 0.000000
v 0.016500 0.077598 0.000000
v 0.013500 0.077598 0.000000
v 0.012000 0.075000 0.000000
v 0.013500 0.072402 0.000000
v 0.016500 0.072402 0.000000
v 0.012000 0.075000 -0.008000
v 0.012000 0.075000 0.000000
v 0.018000 0.075000 -0.008000
v 0.016500 0.077598 -0.008000
v 0.013500 0.077598 -0.008000
v 0.012000 0.075000 -0.008000
v 0.013500 0.072402 -0.008000
v 0.016500 0.072402 -0.008000
v -0.012000 0.075000 -0.008000
v -0.013500 0.072402 -0.008000
v -0.016500 0.072402 -0.008000
v -0.018000 0.075000 -0.008000
v -0.016500 0.077598 -0.008000
v -0.013500 0.077598 -0.008000
v -0.012000 0.075000 0.000000
v -0.013500 0.077598 0.000000
v -0.016500 0.077598 0.000000
v -0.018000 0.075000 0.000000
v -0.016500 0.072402 0.000000
v -0.013500 0.072402 0.000000
v -0.018000 0.075000 -0.008000
v -0.018000 0.075000 0.000000
v -0.012000 0.075000 -0.008000
v -0.013500 0.077598 -0.008000
v -0.016500 0.077598 -0.008000
v -0.018000 0.075000 -0.008000
v -0.016500 0.072402 -0.008000
v -0.013500 0.072402 -0.008000
v 0.018000 0.055000 -0.008000
v 0.016500 0.052402 -0.008000
v 0.013500 0.052402 -0.008000
v 0.012000 0.055000 -0.008000
v 0.013500 0.057598 -0.008000
v 0.016500 0.057598 -0.008000
v 0.018000 0.055000 0.000000
v 0.016500 0.057598 0.000000
v 0.013500 0.057598 0.000000
v 0.012000 0.055000 0.000000
v 0.013500 0.052402 0.000000
v 0.016500 0.052402 0.000000
v 0.012000 0.055000 -0.008000
v 0.012000 0.055000 0.000000
v 0.018000 0.055000 -0.008000
v 0.016500 0.057598 -0.008000
v 0.013500 0.057598 -0.008000
v 0.012000 0.055000 -0.008000
v 0.013500 0.052402 -0.008000
v 0.016500 0.052402 -0.008000
v -0.112000 -0.055000 -0.008000
v -0.113500 -0.057598 -0.008000
v -0.116500 -0.057598 -0.008000
v -0.118000 -0.055000 -0.008000
v -0.116500 -0.052402 -0.008000
v -0.113500 -0.052402 -0.008000
v -0.112000 -0.055000 0.000000
v -0.113500 -0.052402 0.000000
v -0.116500 -0.052402 0.000000
v -0.118000 -0.055000 0.000000
v -0.116500 -0.057598 0.000000
v -0.113500 -0.057598 0.000000
v -0.118000 -0.055000 0.000000
v -0.118000 -0.055000 -0.008000
v -0.112000 -0.055000 -0.008000
v -0.113500 -0.052402 -0.008000
v -0.116500 -0.052402 -0.008000
v -0.118000 -0.055000 -0.008000
v -0.116500 -0.057598 -0.008000
v -0.113500 -0.057598 -0.008000
v -0.082000 -0.075000 -0.008000
v -0.083500 -0.077598 -0.008000
v -0.086500 -0.077598 -0.008000
v -0.088000 -0.075000 -0.008000
v -0.086500 -0.072402 -0.008000
v -0.083500 -0.072402 -0.008000
v -0.082000 -0.075000 -0.000000
v -0.083500 -0.072402 -0.000000
v -0.086500 -0.072402 0.000000
v -0.088000 -0.075000 -0.000000
v -0.086500 -0.077598 -0.000000
v -0.083500 -0.077598 -0.000000
v -0.088000 -0.075000 -0.000000
v -0.088000 -0.075000 -0.008000
v -0.082000 -0.075000 -0.008000
v -0.083500 -0.072402 -0.008000
v -0.086500 -0.072402 -0.008000
v -0.088000 -0.075000 -0.008000
v -0.086500 -0.077598 -0.008000
v -0.083500 -0.077598 -0.008000
v -0.112000 -0.075000 -0.008000
v -0.113500 -0.077598 -0.008000
v -0.116500 -0.077598 -0.008000
v -0.118000 -0.075000 -0.008000
v -0.116500 -0.072402 -0.008000
v -0.113500 -0.072402 -0.008000
v -0.112000 -0.075000 0.000000
v -0.113500 -0.072402 0.000000
v -0.116500 -0.072402 0.000000
v -0.118000 -0.075000 0.000000
v -0.116500 -0.077598 0.000000
v -0.113500 -0.077598 0.000000
v -0.118000 -0.075000 0.000000
v -0.118000 -0.075000 -0.008000
v -0.112000 -0.075000 -0.008000
v -0.113500 -0.072402 -0.008000
v -0.116500 -0.072402 -0.008000
v -0.118000 -0.075000 -0.008000
v -0.116500 -0.077598 -0.008000
v -0.113500 -0.077598 -0.008000
v -0.082000 -0.055000 -0.008000
v -0.083500 -0.057598 -0.008000
v -0.086500 -0.057598 -0.008000
v -0.088000 -0.055000 -0.008000
v -0.086500 -0.052402 -0.008000
v -0.083500 -0.052402 -0.008000
v -0.082000 -0.055000 0.000000
v -0.083500 -0.052402 0.000000
v -0.086500 -0.052402 0.000000
v -0.088000 -0.055000 0.000000
v -0.086500 -0.057598 0.000000
v -0.083500 -0.057598 0.000000
v -0.088000 -0.055000 0.000000
v -0.088000 -0.055000 -0.008000
v -0.082000 -0.055000 -0.008000
v -0.083500 -0.052402 -0.008000
v -0.086500 -0.052402 -0.008000
v -0.088000 -0.055000 -0.008000
v -0.086500 -0.057598 -0.008000
v -0.083500 -0.057598 -0.008000
v 0.035000 0.170000 -0.015000
v 0.034330 0.172500 -0.015000
v 0.032500 0.174330 -0.015000
v 0.030000 0.175000 -0.015000
v 0.030000 0.175000 0.000000
v 0.032500 0.174330 0.000000
v 0.034330 0.172500 0.000000
v 0.035000 0.170000 0.000000
v 0.035000 0.170000 -0.015000
v 0.035000 0.170000 0.000000
v 0.035000 -0.170000 -0.000000
v 0.035000 -0.170000 -0.015000
v -0.012000 -0.055000 -0.000000
v -0.013500 -0.057598 -0.000000
v -0.016500 -0.057598 -0.000000
v -0.018000 -0.055000 -0.000000
v -0.016500 -0.052402 -0.000000
v -0.013500 -0.052402 -0.000000
v 0.018000 -0.075000 -0.000000
v 0.016500 -0.077598 -0.000000
v 0.013500 -0.077598 -0.000000
v 0.012000 -0.075000 -0.000000
v 0.013500 -0.072402 -0.000000
v 0.016500 -0.072402 -0.000000
v -0.012000 -0.075000 -0.000000
v -0.013500 -0.077598 -0.000000
v -0.016500 -0.077598 -0.000000
v -0.018000 -0.075000 -0.000000
v -0.016500 -0.072402 -0.000000
v -0.013500 -0.072402 -0.000000
v 0.018000 -0.055000 -0.000000
v 0.016500 -0.057598 -0.000000
v 0.013500 -0.057598 -0.000000
v 0.012000 -0.055000 -0.000000
v 0.013500 -0.052402 -0.000000
v 0.016500 -0.052402 -0.000000
v -0.012000 0.055000 0.000000
v -0.013500 0.052402 0.000000
v -0.016500 0.052402 0.000000
v -0.018000 0.055000 0.000000
v -0.016500 0.057598 0.000000
v -0.013500 0.057598 0.000000
v 0.018000 0.075000 0.000000
v 0.016500 0.072402 0.000000
v 0.013500 0.072402 0.000000
v 0.012000 0.075000 0.000000
v 0.013500 0.077598 0.000000
v 0.016500 0.077598 0.000000
v -0.012000 0.075000 0.000000
v -0.013500 0.072402 0.000000
v -0.016500 0.072402 0.000000
v -0.018000 0.075000 0.000000
v -0.016500 0.077598 0.000000
v -0.013500 0.077598 0.000000
v 0.018000 0.055000 0.000000
v 0.016500 0.052402 0.000000
v 0.013500 0.052402 0.000000
v 0.012000 0.055000 0.000000
v 0.013500 0.057598 0.000000
v 0.016500 0.057598 0.000000
v -0.112000 -0.055000 0.000000
v -0.113500 -0.057598 0.000000
v -0.116500 -0.057598 0.000000
v -0.118000 -0.055000 0.000000
v -0.116500 -0.052402 0.000000
v -0.113500 -0.052402 0.000000
v -0.082000 -0.075000 -0.000000
v -0.083500 -0.077598 -0.000000
v -0.086500 -0.077598 -0.000000
v -0.088000 -0.075000 -0.000000
v -0.086500 -0.072402 0.000000
v -0.083500 -0.072402 -0.000000
v -0.112000 -0.075000 0.000000
v -0.113500 -0.077598 0.000000
v -0.116500 -0.077598 0.000000
v -0.118000 -0.075000 0.000000
v -0.116500 -0.072402 0.000000
v -0.113500 -0.072402 0.000000
v -0.082000 -0.055000 0.000000
v -0.083500 -0.057598 0.000000
v -0.086500 -0.057598 0.000000
v -0.088000 -0.055000 0.000000
v -0.086500 -0.052402 0.000000
v -0.083500 -0.052402 0.000000
v -0.142500 0.150000 0.000000
v -0.144255 0.145179 0.000000
v -0.148698 0.142614 0.000000
v -0.153750 0.143505 0.000000
v -0.157048 0.147435 0.000000
v -0.157048 0.152565 0.000000
v -0.153750 0.156495 0.000000
v -0.148698 0.157386 0.000000
v -0.144255 0.154821 0.000000
v -0.042500 0.150000 0.000000
v -0.044255 0.145179 0.000000
v -0.048698 0.142614 0.000000
v -0.053750 0.143505 0.000000
v -0.057048 0.147435 0.000000
v -0.057048 0.152565 0.000000
v -0.053750 0.156495 0.000000
v -0.048698 0.157386 0.000000
v -0.044255 0.154821 0.000000
v -0.142500 0.050000 0.000000
v -0.144255 0.045179 0.000000
v -0.148698 0.042614 0.000000
v -0.153750 0.043505 0.000000
v -0.157048 0.047435 0.000000
v -0.157048 0.052565 0.000000
v -0.153750 0.056495 0.000000
v -0.148698 0.057386 0.000000
v -0.144255 0.054821 0.000000
v -0.042500 0.050000 0.000000
v -0.044255 0.045179 0.000000
v -0.048698 0.042614 0.000000
v -0.053750 0.043505 0.000000
v -0.057048 0.047435 0.000000
v -0.057048 0.052565 0.000000
v -0.053750 0.056495 0.000000
v -0.048698 0.057386 0.000000
v -0.044255 0.054821 0.000000
v -0.142500 -0.050000 0.000000
v -0.144255 -0.054821 0.000000
v -0.148698 -0.057386 0.000000
v -0.153750 -0.056495 0.000000
v -0.157048 -0.052565 0.000000
v -0.157048 -0.047435 0.000000
v -0.153750 -0.043505 0.000000
v -0.148698 -0.042614 0.000000
v -0.144255 -0.045179 0.000000
v -0.042500 -0.050000 -0.000000
v -0.044255 -0.054821 -0.000000
v -0.048698 -0.057386 -0.000000
v -0.053750 -0.056495 -0.000000
v -0.057048 -0.052565 -0.000000
v -0.057048 -0.047435 0.000000
v -0.053750 -0.043505 0.000000
v -0.048698 -0.042614 -0.000000
v -0.044255 -0.045179 -0.000000
v -0.142500 -0.150000 -0.000000
v -0.144255 -0.154821 -0.000000
v -0.148698 -0.157386 -0.000000
v -0.153750 -0.156495 -0.000000
v -0.157048 -0.152565 -0.000000
v -0.157048 -0.147435 -0.000000
v -0.153750 -0.143505 -0.000000
v -0.148698 -0.142614 -0.000000
v -0.144255 -0.145179 -0.000000
v 0.035000 0.170000 0.000000
v 0.034330 0.172500 0.000000
v 0.032500 0.174330 0.000000
v 0.030000 0.175000 0.000000
v -0.170000 0.175000 0.000000
v -0.172500 0.174330 0.000000
v -0.174330 0.172500 0.000000
v -0.175000 0.170000 0.000000
v -0.175000 -0.170000 -0.000000
v -0.174330 -0.172500 -0.000000
v -0.172500 -0.174330 -0.000000
v -0.170000 -0.175000 -0.000000
v 0.030000 -0.175000 -0.000000
v 0.032500 -0.174330 -0.000000
v 0.034330 -0.172500 -0.000000
v 0.035000 -0.170000 -0.000000
v -0.082000 0.055000 0.000000
v -0.083500 0.052402 0.000000
v -0.086500 0.052402 0.000000
v -0.088000 0.055000 0.000000
v -0.086500 0.057598 0.000000
v -0.083500 0.057598 0.000000
v -0.112000 0.075000 0.000000
v -0.113500 0.072402 0.000000
v -0.116500 0.072402 0.000000
v -0.118000 0.075000 0.000000
v -0.116500 0.077598 0.000000
v -0.113500 0.077598 0.000000
v -0.082000 0.075000 0.000000
v -0.083500 0.072402 0.000000
v -0.086500 0.072402 0.000000
v -0.088000 0.075000 0.000000
v -0.086500 0.077598 0.000000
v -0.083500 0.077598 0.000000
v -0.112000 0.055000 0.000000
v -0.113500 0.052402 0.000000
v -0.116500 0.052402 0.000000
v -0.118000 0.055000 0.000000
v -0.116500 0.057598 0.000000
v -0.113500 0.057598 0.000000
v -0.042500 -0.150000 -0.000000
v -0.044255 -0.154821 -0.000000
v -0.048698 -0.157386 -0.000000
v -0.053750 -0.156495 -0.000000
v -0.057048 -0.152565 -0.000000
v -0.057048 -0.147435 -0.000000
v -0.053750 -0.143505 -0.000000
v -0.048698 -0.142614 -0.000000
v -0.044255 -0.145179 -0.000000
v 0.030000 -0.175000 -0.015000
v 0.032500 -0.174330 -0.015000
v 0.034330 -0.172500 -0.015000
v 0.035000 -0.170000 -0.015000
v 0.035000 -0.170000 -0.000000
v 0.034330 -0.172500 -0.000000
v 0.032500 -0.174330 -0.000000
v 0.030000 -0.175000 -0.000000
v 0.030000 -0.175000 -0.015000
v 0.030000 -0.175000 -0.000000
v -0.170000 -0.175000 -0.000000
v -0.170000 -0.175000 -0.015000
v -0.170000 0.175000 -0.015000
v -0.172500 0.174330 -0.015000
v -0.174330 0.172500 -0.015000
v -0.175000 0.170000 -0.015000
v -0.175000 0.170000 0.000000
v -0.174330 0.172500 0.000000
v -0.172500 0.174330 0.000000
v -0.170000 0.175000 0.000000
v -0.175000 0.170000 0.000000
v -0.175000 0.170000 -0.015000
v -0.175000 -0.170000 -0.015000
v -0.175000 -0.170000 -0.000000
v -0.175000 -0.170000 -0.015000
v -0.174330 -0.172500 -0.015000
v -0.172500 -0.174330 -0.015000
v -0.170000 -0.175000 -0.015000
v -0.170000 -0.175000 -0.000000
v -0.172500 -0.174330 -0.000000
v -0.174330 -0.172500 -0.000000
v -0.175000 -0.170000 -0.000000
v -0.146000 0.150000 -0.015000
v -0.147506 0.146873 -0.015000
v -0.150890 0.146100 -0.015000
v -0.153604 0.148264 -0.015000
v -0.153604 0.151736 -0.015000
v -0.150890 0.153900 -0.015000
v -0.147506 0.153127 -0.015000
v -0.146000 0.150000 -0.010000
v -0.147506 0.153127 -0.010000
v -0.150890 0.153900 -0.010000
v -0.153604 0.151736 -0.010000
v -0.153604 0.148264 -0.010000
v -0.150890 0.146100 -0.010000
v -0.147506 0.146873 -0.010000
v -0.153604 0.151736 -0.015000
v -0.153604 0.151736 -0.010000
v -0.142500 0.150000 -0.010000
v -0.144255 0.145179 -0.010000
v -0.148698 0.142614 -0.010000
v -0.153750 0.143505 -0.010000
v -0.157048 0.147435 -0.010000
v -0.157048 0.152565 -0.010000
v -0.153750 0.156495 -0.010000
v -0.148698 0.157386 -0.010000
v -0.144255 0.154821 -0.010000
v -0.142500 0.150000 0.000000
v -0.144255 0.154821 0.000000
v -0.148698 0.157386 0.000000
v -0.153750 0.156495 0.000000
v -0.157048 0.152565 0.000000
v -0.157048 0.147435 0.000000
v -0.153750 0.143505 0.000000
v -0.148698 0.142614 0.000000
v -0.144255 0.145179 0.000000
v -0.157048 0.152565 -0.010000
v -0.157048 0.152565 0.000000
v -0.142500 0.150000 -0.010000
v -0.144255 0.154821 -0.010000
v -0.148698 0.157386 -0.010000
v -0.153750 0.156495 -0.010000
v -0.157048 0.152565 -0.010000
v -0.157048 0.147435 -0.010000
v -0.153750 0.143505 -0.010000
v -0.148698 0.142614 -0.010000
v -0.144255 0.145179 -0.010000
v -0.146000 0.150000 -0.010000
v -0.147506 0.146873 -0.010000
v -0.150890 0.146100 -0.010000
v -0.153604 0.148264 -0.010000
v -0.153604 0.151736 -0.010000
v -0.150890 0.153900 -0.010000
v -0.147506 0.153127 -0.010000
v -0.046000 0.150000 -0.015000
v -0.047506 0.146873 -0.015000
v -0.050890 0.146100 -0.015000
v -0.053604 0.148264 -0.015000
v -0.053604 0.151736 -0.015000
v -0.050890 0.153900 -0.015000
v -0.047506 0.153127 -0.015000
v -0.046000 0.150000 -0.010000
v -0.047506 0.153127 -0.010000
v -0.050890 0.153900 -0.010000
v -0.053604 0.151736 -0.010000
v -0.053604 0.148264 -0.010000
v -0.050890 0.146100 -0.010000
v -0.047506 0.146873 -0.010000
v -0.053604 0.151736 -0.015000
v -0.053604 0.151736 -0.010000
v -0.042500 0.150000 -0.010000
v -0.044255 0.145179 -0.010000
v -0.048698 0.142614 -0.010000
v -0.053750 0.143505 -0.010000
v -0.057048 0.147435 -0.010000
v -0.057048 0.152565 -0.010000
v -0.053750 0.156495 -0.010000
v -0.048698 0.157386 -0.010000
v -0.044255 0.154821 -0.010000
v -0.042500 0.150000 0.000000
v -0.044255 0.154821 0.000000
v -0.048698 0.157386 0.000000
v -0.053750 0.156495 0.000000
v -0.057048 0.152565 0.000000
v -0.057048 0.147435 0.000000
v -0.053750 0.143505 0.000000
v -0.048698 0.142614 0.000000
v -0.044255 0.145179 0.000000
v -0.057048 0.152565 -0.010000
v -0.057048 0.152565 0.000000
v -0.042500 0.150000 -0.010000
v -0.044255 0.154821 -0.010000
v -0.048698 0.157386 -0.010000
v -0.053750 0.156495 -0.010000
v -0.057048 0.152565 -0.010000
v -0.057048 0.147435 -0.010000
v -0.053750 0.143505 -0.010000
v -0.048698 0.142614 -0.010000
v -0.044255 0.145179 -0.010000
v -0.046000 0.150000 -0.010000
v -0.047506 0.146873 -0.010000
v -0.050890 0.146100 -0.010000
v -0.053604 0.148264 -0.010000
v -0.053604 0.151736 -0.010000
v -0.050890 0.153900 -0.010000
v -0.047506 0.153127 -0.010000
v -0.146000 0.050000 -0.015000
v -0.147506 0.046873 -0.015000
v -0.150890 0.046100 -0.015000
v -0.153604 0.048264 -0.015000
v -0.153604 0.051736 -0.015000
v -0.150890 0.053900 -0.015000
v -0.147506 0.053127 -0.015000
v -0.146000 0.050000 -0.010000
v -0.147506 0.053127 -0.010000
v -0.150890 0.053900 -0.010000
v -0.153604 0.051736 -0.010000
v -0.153604 0.048264 -0.010000
v -0.150890 0.046100 -0.010000
v -0.147506 0.046873 -0.010000
v -0.153604 0.051736 -0.015000
v -0.153604 0.051736 -0.010000
v -0.142500 0.050000 -0.010000
v -0.144255 0.045179 -0.010000
v -0.148698 0.042614 -0.010000
v -0.153750 0.043505 -0.010000
v -0.157048 0.047435 -0.010000
v -0.157048 0.052565 -0.010000
v -0.153750 0.056495 -0.010000
v -0.148698 0.057386 -0.010000
v -0.144255 0.054821 -0.010000
v -0.142500 0.050000 0.000000
v -0.144255 0.054821 0.000000
v -0.148698 0.057386 0.000000
v -0.153750 0.056495 0.000000
v -0.157048 0.052565 0.000000
v -0.157048 0.047435 0.000000
v -0.153750 0.043505 0.000000
v -0.148698 0.042614 0.000000
v -0.144255 0.045179 0.000000
v -0.157048 0.052565 -0.010000
v -0.157048 0.052565 0.000000
v -0.142500 0.050000 -0.010000
v -0.144255 0.054821 -0.010000
v -0.148698 0.057386 -0.010000
v -0.153750 0.056495 -0.010000
v -0.157048 0.052565 -0.010000
v -0.157048 0.047435 -0.010000
v -0.153750 0.043505 -0.010000
v -0.148698 0.042614 -0.010000
v -0.144255 0.045179 -0.010000
v -0.146000 0.050000 -0.010000
v -0.147506 0.046873 -0.010000
v -0.150890 0.046100 -0.010000
v -0.153604 0.048264 -0.010000
v -0.153604 0.051736 -0.010000
v -0.150890 0.053900 -0.010000
v -0.147506 0.053127 -0.010000
v -0.046000 0.050000 -0.015000
v -0.047506 0.046873 -0.015000
v -0.050890 0.046100 -0.015000
v -0.053604 0.048264 -0.015000
v -0.053604 0.051736 -0.015000
v -0.050890 0.053900 -0.015000
v -0.047506 0.053127 -0.015000
v -0.046000 0.050000 -0.010000
v -0.047506 0.053127 -0.010000
v -0.050890 0.053900 -0.010000
v -0.053604 0.051736 -0.010000
v -0.053604 0.048264 -0.010000
v -0.050890 0.046100 -0.010000
v -0.047506 0.046873 -0.010000
v -0.053604 0.051736 -0.015000
v -0.053604 0.051736 -0.010000
v -0.042500 0.050000 -0.010000
v -0.044255 0.045179 -0.010000
v -0.048698 0.042614 -0.010000
v -0.053750 0.043505 -0.010000
v -0.057048 0.047435 -0.010000
v -0.057048 0.052565 -0.010000
v -0.053750 0.056495 -0.010000
v -0.048698 0.057386 -0.010000
v -0.044255 0.054821 -0.010000
v -0.042500 0.050000 0.000000
v -0.044255 0.054821 0.000000
v -0.048698 0.057386 0.000000
v -0.053750 0.056495 0.000000
v -0.057048 0.052565 0.000000
v -0.057048 0.047435 0.000000
v -0.053750 0.043505 0.000000
v -0.048698 0.042614 0.000000
v -0.044255 0.045179 0.000000
v -0.057048 0.052565 -0.010000
v -0.057048 0.052565 0.000000
v -0.042500 0.050000 -0.010000
v -0.044255 0.054821 -0.010000
v -0.048698 0.057386 -0.010000
v -0.053750 0.056495 -0.010000
v -0.057048 0.052565 -0.010000
v -0.057048 0.047435 -0.010000
v -0.053750 0.043505 -0.010000
v -0.048698 0.042614 -0.010000
v -0.044255 0.045179 -0.010000
v -0.046000 0.050000 -0.010000
v -0.047506 0.046873 -0.010000
v -0.050890 0.046100 -0.010000
v -0.053604 0.048264 -0.010000
v -0.053604 0.051736 -0.010000
v -0.050890 0.053900 -0.010000
v -0.047506 0.053127 -0.010000
v -0.146000 -0.050000 -0.015000
v -0.147506 -0.053127 -0.015000
v -0.150890 -0.053900 -0.015000
v -0.153604 -0.051736 -0.015000
v -0.153604 -0.048264 -0.015000
v -0.150890 -0.046100 -0.015000
v -0.147506 -0.046873 -0.015000
v -0.146000 -0.050000 -0.010000
v -0.147506 -0.046873 -0.010000
v -0.150890 -0.046100 -0.010000
v -0.153604 -0.048264 -0.010000
v -0.153604 -0.051736 -0.010000
v -0.150890 -0.053900 -0.010000
v -0.147506 -0.053127 -0.010000
v -0.153604 -0.048264 -0.015000
v -0.153604 -0.048264 -0.010000
v -0.142500 -0.050000 -0.010000
v -0.144255 -0.054821 -0.010000
v -0.148698 -0.057386 -0.010000
v -0.153750 -0.056495 -0.010000
v -0.157048 -0.052565 -0.010000
v -0.157048 -0.047435 -0.010000
v -0.153750 -0.043505 -0.010000
v -0.148698 -0.042614 -0.010000
v -0.144255 -0.045179 -0.010000
v -0.142500 -0.050000 0.000000
v -0.144255 -0.045179 0.000000
v -0.148698 -0.042614 0.000000
v -0.153750 -0.043505 0.000000
v -0.157048 -0.047435 0.000000
v -0.157048 -0.052565 0.000000
v -0.153750 -0.056495 0.000000
v -0.148698 -0.057386 0.000000
v -0.144255 -0.054821 0.000000
v -0.157048 -0.047435 -0.010000
v -0.157048 -0.047435 0.000000
v -0.142500 -0.050000 -0.010000
v -0.144255 -0.045179 -0.010000
v -0.148698 -0.042614 -0.010000
v -0.153750 -0.043505 -0.010000
v -0.157048 -0.047435 -0.010000
v -0.157048 -0.052565 -0.010000
v -0.153750 -0.056495 -0.010000
v -0.148698 -0.057386 -0.010000
v -0.144255 -0.054821 -0.010000
v -0.146000 -0.050000 -0.010000
v -0.147506 -0.053127 -0.010000
v -0.150890 -0.053900 -0.010000
v -0.153604 -0.051736 -0.010000
v -0.153604 -0.048264 -0.010000
v -0.150890 -0.046100 -0.010000
v -0.147506 -0.046873 -0.010000
v -0.046000 -0.050000 -0.015000
v -0.047506 -0.053127 -0.015000
v -0.050890 -0.053900 -0.015000
v -0.053604 -0.051736 -0.015000
v -0.053604 -0.048264 -0.015000
v -0.050890 -0.046100 -0.015000
v -0.047506 -0.046873 -0.015000
v -0.046000 -0.050000 -0.010000
v -0.047506 -0.046873 -0.010000
v -0.050890 -0.046100 -0.010000
v -0.053604 -0.048264 -0.010000
v -0.053604 -0.051736 -0.010000
v -0.050890 -0.053900 -0.010000
v -0.047506 -0.053127 -0.010000
v -0.053604 -0.048264 -0.015000
v -0.053604 -0.048264 -0.010000
v -0.042500 -0.050000 -0.010000
v -0.044255 -0.054821 -0.010000
v -0.048698 -0.057386 -0.010000
v -0.053750 -0.056495 -0.010000
v -0.057048 -0.052565 -0.010000
v -0.057048 -0.047435 -0.010000
v -0.053750 -0.043505 -0.010000
v -0.048698 -0.042614 -0.010000
v -0.044255 -0.045179 -0.010000
v -0.042500 -0.050000 -0.000000
v -0.044255 -0.045179 -0.000000
v -0.048698 -0.042614 -0.000000
v -0.053750 -0.043505 0.000000
v -0.057048 -0.047435 0.000000
v -0.057048 -0.052565 -0.000000
v -0.053750 -0.056495 -0.000000
v -0.048698 -0.057386 -0.000000
v -0.044255 -0.054821 -0.000000
v -0.057048 -0.047435 -0.010000
v -0.057048 -0.047435 0.000000
v -0.042500 -0.050000 -0.010000
v -0.044255 -0.045179 -0.010000
v -0.048698 -0.042614 -0.010000
v -0.053750 -0.043505 -0.010000
v -0.057048 -0.047435 -0.010000
v -0.057048 -0.052565 -0.010000
v -0.053750 -0.056495 -0.010000
v -0.048698 -0.057386 -0.010000
v -0.044255 -0.054821 -0.010000
v -0.046000 -0.050000 -0.010000
v -0.047506 -0.053127 -0.010000
v -0.050890 -0.053900 -0.010000
v -0.053604 -0.051736 -0.010000
v -0.053604 -0.048264 -0.010000
v -0.050890 -0.046100 -0.010000
v -0.047506 -0.046873 -0.010000
v -0.146000 -0.150000 -0.015000
v -0.147506 -0.153127 -0.015000
v -0.150890 -0.153900 -0.015000
v -0.153604 -0.151736 -0.015000
v -0.153604 -0.148264 -0.015000
v -0.150890 -0.146100 -0.015000
v -0.147506 -0.146873 -0.015000
v -0.146000 -0.150000 -0.010000
v -0.147506 -0.146873 -0.010000
v -0.150890 -0.146100 -0.010000
v -0.153604 -0.148264 -0.010000
v -0.153604 -0.151736 -0.010000
v -0.150890 -0.153900 -0.010000
v -0.147506 -0.153127 -0.010000
v -0.153604 -0.148264 -0.015000
v -0.153604 -0.148264 -0.010000
v -0.142500 -0.150000 -0.010000
v -0.144255 -0.154821 -0.010000
v -0.148698 -0.157386 -0.010000
v -0.153750 -0.156495 -0.010000
v -0.157048 -0.152565 -0.010000
v -0.157048 -0.147435 -0.010000
v -0.153750 -0.143505 -0.010000
v -0.148698 -0.142614 -0.010000
v -0.144255 -0.145179 -0.010000
v -0.142500 -0.150000 -0.000000
v -0.144255 -0.145179 -0.000000
v -0.148698 -0.142614 -0.000000
v -0.153750 -0.143505 -0.000000
v -0.157048 -0.147435 -0.000000
v -0.157048 -0.152565 -0.000000
v -0.153750 -0.156495 -0.000000
v -0.148698 -0.157386 -0.000000
v -0.144255 -0.154821 -0.000000
v -0.157048 -0.147435 -0.010000
v -0.157048 -0.147435 -0.000000
v -0.142500 -0.150000 -0.010000
v -0.144255 -0.145179 -0.010000
v -0.148698 -0.142614 -0.010000
v -0.153750 -0.143505 -0.010000
v -0.157048 -0.147435 -0.010000
v -0.157048 -0.152565 -0.010000
v -0.153750 -0.156495 -0.010000
v -0.148698 -0.157386 -0.010000
v -0.144255 -0.154821 -0.010000
v -0.146000 -0.150000 -0.010000
v -0.147506 -0.153127 -0.010000
v -0.150890 -0.153900 -0.010000
v -0.153604 -0.151736 -0.010000
v -0.153604 -0.148264 -0.010000
v -0.150890 -0.146100 -0.010000
v -0.147506 -0.146873 -0.010000
v -0.046000 -0.150000 -0.010000
v -0.047506 -0.146873 -0.010000
v -0.050890 -0.146100 -0.010000
v -0.053604 -0.148264 -0.010000
v -0.053604 -0.151736 -0.010000
v -0.050890 -0.153900 -0.010000
v -0.047506 -0.153127 -0.010000
v -0.046000 -0.150000 -0.015000
v -0.047506 -0.153127 -0.015000
v -0.050890 -0.153900 -0.015000
v -0.053604 -0.151736 -0.015000
v -0.053604 -0.148264 -0.015000
v -0.050890 -0.146100 -0.015000
v -0.047506 -0.146873 -0.015000
v -0.053604 -0.151736 -0.010000
v -0.053604 -0.151736 -0.015000
v -0.042500 -0.150000 -0.010000
v -0.044255 -0.154821 -0.010000
v -0.048698 -0.157386 -0.010000
v -0.053750 -0.156495 -0.010000
v -0.057048 -0.152565 -0.010000
v -0.057048 -0.147435 -0.010000
v -0.053750 -0.143505 -0.010000
v -0.048698 -0.142614 -0.010000
v -0.044255 -0.145179 -0.010000
v -0.042500 -0.150000 -0.000000
v -0.044255 -0.145179 -0.000000
v -0.048698 -0.142614 -0.000000
v -0.053750 -0.143505 -0.000000
v -0.057048 -0.147435 -0.000000
v -0.057048 -0.152565 -0.000000
v -0.053750 -0.156495 -0.000000
v -0.048698 -0.157386 -0.000000
v -0.044255 -0.154821 -0.000000
v -0.057048 -0.147435 -0.010000
v -0.057048 -0.147435 -0.000000
v -0.042500 -0.150000 -0.010000
v -0.044255 -0.145179 -0.010000
v -0.048698 -0.142614 -0.010000
v -0.053750 -0.143505 -0.010000
v -0.057048 -0.147435 -0.010000
v -0.057048 -0.152565 -0.010000
v -0.053750 -0.156495 -0.010000
v -0.048698 -0.157386 -0.010000
v -0.044255 -0.154821 -0.010000
v -0.046000 -0.150000 -0.010000
v -0.047506 -0.153127 -0.010000
v -0.050890 -0.153900 -0.010000
v -0.053604 -0.151736 -0.010000
v -0.053604 -0.148264 -0.010000
v -0.050890 -0.146100 -0.010000
v -0.047506 -0.146873 -0.010000
v -0.112000 0.055000 -0.008000
v -0.113500 0.052402 -0.008000
v -0.116500 0.052402 -0.008000
v -0.118000 0.055000 -0.008000
v -0.116500 0.057598 -0.008000
v -0.113500 0.057598 -0.008000
v -0.112000 0.055000 0.000000
v -0.113500 0.057598 0.000000
v -0.116500 0.057598 0.000000
v -0.118000 0.055000 0.000000
v -0.116500 0.052402 0.000000
v -0.113500 0.052402 0.000000
v -0.118000 0.055000 -0.008000
v -0.118000 0.055000 0.000000
v -0.112000 0.055000 -0.008000
v -0.113500 0.057598 -0.008000
v -0.116500 0.057598 -0.008000
v -0.118000 0.055000 -0.008000
v -0.116500 0.052402 -0.008000
v -0.113500 0.052402 -0.008000
v -0.082000 0.075000 -0.008000
v -0.083500 0.072402 -0.008000
v -0.086500 0.072402 -0.008000
v -0.088000 0.075000 -0.008000
v -0.086500 0.077598 -0.008000
v -0.083500 0.077598 -0.008000
v -0.082000 0.075000 0.000000
v -0.083500 0.077598 0.000000
v -0.086500 0.077598 0.000000
v -0.088000 0.075000 0.000000
v -0.086500 0.072402 0.000000
v -0.083500 0.072402 0.000000
v -0.088000 0.075000 -0.008000
v -0.088000 0.075000 0.000000
v -0.082000 0.075000 -0.008000
v -0.083500 0.077598 -0.008000
v -0.086500 0.077598 -0.008000
v -0.088000 0.075000 -0.008000
v -0.086500 0.072402 -0.008000
v -0.083500 0.072402 -0.008000
v -0.112000 0.075000 -0.008000
v -0.113500 0.072402 -0.008000
v -0.116500 0.072402 -0.008000
v -0.118000 0.075000 -0.008000
v -0.116500 0.077598 -0.008000
v -0.113500 0.077598 -0.008000
v -0.112000 0.075000 0.000000
v -0.113500 0.077598 0.000000
v -0.116500 0.077598 0.000000
v -0.118000 0.075000 0.000000
v -0.116500 0.072402 0.000000
v -0.113500 0.072402 0.000000
v -0.118000 0.075000 -0.008000
v -0.118000 0.075000 0.000000
v -0.112000 0.075000 -0.008000
v -0.113500 0.077598 -0.008000
v -0.116500 0.077598 -0.008000
v -0.118000 0.075000 -0.008000
v -0.116500 0.072402 -0.008000
v -0.113500 0.072402 -0.008000
v -0.082000 0.055000 -0.008000
v -0.083500 0.052402 -0.008000
v -0.086500 0.052402 -0.008000
v -0.088000 0.055000 -0.008000
v -0.086500 0.057598 -0.008000
v -0.083500 0.057598 -0.008000
v -0.082000 0.055000 0.000000
v -0.083500 0.057598 0.000000
v -0.086500 0.057598 0.000000
v -0.088000 0.055000 0.000000
v -0.086500 0.052402 0.000000
v -0.083500 0.052402 0.000000
v -0.088000 0.055000 -0.008000
v -0.088000 0.055000 0.000000
v -0.082000 0.055000 -0.008000
v -0.083500 0.057598 -0.008000
v -0.086500 0.057598 -0.008000
v -0.088000 0.055000 -0.008000
v -0.086500 0.052402 -0.008000
v -0.083500 0.052402 -0.008000
v 0.030000 0.175000 0.000000
v 0.030000 0.175000 -0.015000
v -0.170000 0.175000 -0.015000
v -0.170000 0.175000 0.000000
v 0.030000 0.175000 -0.015000
v 0.032500 0.174330 -0.015000
v 0.034330 0.172500 -0.015000
v 0.035000 0.170000 -0.015000
v 0.035000 -0.170000 -0.015000
v 0.034330 -0.172500 -0.015000
v 0.032500 -0.174330 -0.015000
v 0.030000 -0.175000 -0.015000
v -0.170000 -0.175000 -0.015000
v -0.172500 -0.174330 -0.015000
v -0.174330 -0.172500 -0.015000
v -0.175000 -0.170000 -0.015000
v -0.175000 0.170000 -0.015000
v -0.174330 0.172500 -0.015000
v -0.172500 0.174330 -0.015000
v -0.170000 0.175000 -0.015000
v -0.146000 0.150000 -0.015000
v -0.147506 0.153127 -0.015000
v -0.150890 0.153900 -0.015000
v -0.153604 0.151736 -0.015000
v -0.153604 0.148264 -0.015000
v -0.150890 0.146100 -0.015000
v -0.147506 0.146873 -0.015000
v -0.046000 0.150000 -0.015000
v -0.047506 0.153127 -0.015000
v -0.050890 0.153900 -0.015000
v -0.053604 0.151736 -0.015000
v -0.053604 0.148264 -0.015000
v -0.050890 0.146100 -0.015000
v -0.047506 0.146873 -0.015000
v -0.146000 0.050000 -0.015000
v -0.147506 0.053127 -0.015000
v -0.150890 0.053900 -0.015000
v -0.153604 0.051736 -0.015000
v -0.153604 0.048264 -0.015000
v -0.150890 0.046100 -0.015000
v -0.147506 0.046873 -0.015000
v -0.046000 0.050000 -0.015000
v -0.047506 0.053127 -0.015000
v -0.050890 0.053900 -0.015000
v -0.053604 0.051736 -0.015000
v -0.053604 0.048264 -0.015000
v -0.050890 0.046100 -0.015000
v -0.047506 0.046873 -0.015000
v -0.146000 -0.050000 -0.015000
v -0.147506 -0.046873 -0.015000
v -0.150890 -0.046100 -0.015000
v -0.153604 -0.048264 -0.015000
v -0.153604 -0.051736 -0.015000
v -0.150890 -0.053900 -0.015000
v -0.147506 -0.053127 -0.015000
v -0.046000 -0.050000 -0.015000
v -0.047506 -0.046873 -0.015000
v -0.050890 -0.046100 -0.015000
v -0.053604 -0.048264 -0.015000
v -0.053604 -0.051736 -0.015000
v -0.050890 -0.053900 -0.015000
v -0.047506 -0.053127 -0.015000
v -0.146000 -0.150000 -0.015000
v -0.147506 -0.146873 -0.015000
v -0.150890 -0.146100 -0.015000
v -0.153604 -0.148264 -0.015000
v -0.153604 -0.151736 -0.015000
v -0.150890 -0.153900 -0.015000
v -0.147506 -0.153127 -0.015000
v -0.046000 -0.150000 -0.015000
v -0.047506 -0.146873 -0.015000
v -0.050890 -0.146100 -0.015000
v -0.053604 -0.148264 -0.015000
v -0.053604 -0.151736 -0.015000
v -0.050890 -0.153900 -0.015000
v -0.047506 -0.153127 -0.015000
v 0.160000 0.062500 -0.000000
v 0.165000 0.061160 -0.000000
v 0.168660 0.057500 -0.000000
v 0.170000 0.052500 -0.000000
v 0.170000 0.052500 -0.015000
v 0.168660 0.057500 -0.015000
v 0.165000 0.061160 -0.015000
v 0.160000 0.062500 -0.015000
v 0.160000 0.062500 -0.015000
v 0.165000 0.061160 -0.015000
v 0.168660 0.057500 -0.015000
v 0.170000 0.052500 -0.015000
v 0.170000 -0.052500 -0.015000
v 0.168660 -0.057500 -0.015000
v 0.165000 -0.061160 -0.015000
v 0.160000 -0.062500 -0.015000
v 0.047500 -0.062500 -0.015000
v 0.042500 -0.061160 -0.015000
v 0.038840 -0.057500 -0.015000
v 0.037500 -0.052500 -0.015000
v 0.037500 0.052500 -0.015000
v 0.038840 0.057500 -0.015000
v 0.042500 0.061160 -0.015000
v 0.047500 0.062500 -0.015000
v 0.061000 -0.015000 -0.015000
v 0.062500 -0.017598 -0.015000
v 0.065500 -0.017598 -0.015000
v 0.067000 -0.015000 -0.015000
v 0.065500 -0.012402 -0.015000
v 0.062500 -0.012402 -0.015000
v 0.061000 0.015000 -0.015000
v 0.062500 0.012402 -0.015000
v 0.065500 0.012402 -0.015000
v 0.067000 0.015000 -0.015000
v 0.065500 0.017598 -0.015000
v 0.062500 0.017598 -0.015000
v 0.112500 -0.015000 -0.015000
v 0.114255 -0.019821 -0.015000
v 0.118698 -0.022386 -0.015000
v 0.123750 -0.021495 -0.015000
v 0.127048 -0.017565 -0.015000
v 0.127048 -0.012435 -0.015000
v 0.123750 -0.008505 -0.015000
v 0.118698 -0.007614 -0.015000
v 0.114255 -0.010179 -0.015000
v 0.142500 -0.015000 -0.015000
v 0.144255 -0.019821 -0.015000
v 0.148698 -0.022386 -0.015000
v 0.153750 -0.021495 -0.015000
v 0.157048 -0.017565 -0.015000
v 0.157048 -0.012435 -0.015000
v 0.153750 -0.008505 -0.015000
v 0.148698 -0.007614 -0.015000
v 0.144255 -0.010179 -0.015000
v 0.112500 0.015000 -0.015000
v 0.114255 0.010179 -0.015000
v 0.118698 0.007614 -0.015000
v 0.123750 0.008505 -0.015000
v 0.127048 0.012435 -0.015000
v 0.127048 0.017565 -0.015000
v 0.123750 0.021495 -0.015000
v 0.118698 0.022386 -0.015000
v 0.114255 0.019821 -0.015000
v 0.142500 0.015000 -0.015000
v 0.144255 0.010179 -0.015000
v 0.148698 0.007614 -0.015000
v 0.153750 0.008505 -0.015000
v 0.157048 0.012435 -0.015000
v 0.157048 0.017565 -0.015000
v 0.153750 0.021495 -0.015000
v 0.148698 0.022386 -0.015000
v 0.144255 0.019821 -0.015000
v 0.054000 -0.050000 -0.015000
v 0.052494 -0.046873 -0.015000
v 0.049110 -0.046100 -0.015000
v 0.046396 -0.048264 -0.015000
v 0.046396 -0.051736 -0.015000
v 0.049110 -0.053900 -0.015000
v 0.052494 -0.053127 -0.015000
v 0.154000 -0.050000 -0.015000
v 0.152494 -0.046873 -0.015000
v 0.149110 -0.046100 -0.015000
v 0.146396 -0.048264 -0.015000
v 0.146396 -0.051736 -0.015000
v 0.149110 -0.053900 -0.015000
v 0.152494 -0.053127 -0.015000
v 0.154000 0.050000 -0.015000
v 0.152494 0.053127 -0.015000
v 0.149110 0.053900 -0.015000
v 0.146396 0.051736 -0.015000
v 0.146396 0.048264 -0.015000
v 0.149110 0.046100 -0.015000
v 0.152494 0.046873 -0.015000
v 0.054000 0.050000 -0.015000
v 0.052494 0.053127 -0.015000
v 0.049110 0.053900 -0.015000
v 0.046396 0.051736 -0.015000
v 0.046396 0.048264 -0.015000
v 0.049110 0.046100 -0.015000
v 0.052494 0.046873 -0.015000
v 0.170000 0.052500 -0.015000
v 0.170000 0.052500 -0.000000
v 0.170000 -0.052500 -0.000000
v 0.170000 -0.052500 -0.015000
v 0.160000 -0.062500 -0.015000
v 0.165000 -0.061160 -0.015000
v 0.168660 -0.057500 -0.015000
v 0.170000 -0.052500 -0.015000
v 0.170000 -0.052500 -0.000000
v 0.168660 -0.057500 -0.000000
v 0.165000 -0.061160 -0.000000
v 0.160000 -0.062500 -0.000000
v 0.047500 0.062500 -0.015000
v 0.042500 0.061160 -0.015000
v 0.038840 0.057500 -0.015000
v 0.037500 0.052500 -0.015000
v 0.037500 0.052500 -0.000000
v 0.038840 0.057500 -0.000000
v 0.042500 0.061160 -0.000000
v 0.047500 0.062500 -0.000000
v 0.037500 0.052500 -0.000000
v 0.037500 0.052500 -0.015000
v 0.037500 -0.052500 -0.015000
v 0.037500 -0.052500 -0.000000
v 0.037500 -0.052500 -0.015000
v 0.038840 -0.057500 -0.015000
v 0.042500 -0.061160 -0.015000
v 0.047500 -0.062500 -0.015000
v 0.047500 -0.062500 -0.000000
v 0.042500 -0.061160 -0.000000
v 0.038840 -0.057500 -0.000000
v 0.037500 -0.052500 -0.000000
v 0.160000 -0.062500 -0.015000
v 0.160000 -0.062500 -0.000000
v 0.047500 -0.062500 -0.000000
v 0.047500 -0.062500 -0.015000
v 0.160000 0.062500 -0.000000
v 0.160000 0.062500 -0.015000
v 0.047500 0.062500 -0.015000
v 0.047500 0.062500 -0.000000
v 0.170000 0.052500 -0.000000
v 0.168660 0.057500 -0.000000
v 0.165000 0.061160 -0.000000
v 0.160000 0.062500 -0.000000
v 0.047500 0.062500 -0.000000
v 0.042500 0.061160 -0.000000
v 0.038840 0.057500 -0.000000
v 0.037500 0.052500 -0.000000
v 0.037500 -0.052500 -0.000000
v 0.038840 -0.057500 -0.000000
v 0.042500 -0.061160 -0.000000
v 0.047500 -0.062500 -0.000000
v 0.160000 -0.062500 -0.000000
v 0.165000 -0.061160 -0.000000
v 0.168660 -0.057500 -0.000000
v 0.170000 -0.052500 -0.000000
v 0.157500 0.050000 -0.000000
v 0.155745 0.045179 -0.000000
v 0.151302 0.042614 -0.000000
v 0.146250 0.043505 -0.000000
v 0.142952 0.047435 -0.000000
v 0.142952 0.052565 -0.000000
v 0.146250 0.056495 -0.000000
v 0.151302 0.057386 -0.000000
v 0.155745 0.054821 -0.000000
v 0.057500 0.050000 -0.000000
v 0.055745 0.045179 -0.000000
v 0.051302 0.042614 -0.000000
v 0.046250 0.043505 -0.000000
v 0.042952 0.047435 -0.000000
v 0.042952 0.052565 -0.000000
v 0.046250 0.056495 -0.000000
v 0.051302 0.057386 -0.000000
v 0.055745 0.054821 -0.000000
v 0.157500 -0.050000 -0.000000
v 0.155745 -0.054821 -0.000000
v 0.151302 -0.057386 -0.000000
v 0.146250 -0.056495 -0.000000
v 0.142952 -0.052565 -0.000000
v 0.142952 -0.047435 -0.000000
v 0.146250 -0.043505 -0.000000
v 0.151302 -0.042614 -0.000000
v 0.155745 -0.045179 -0.000000
v 0.057500 -0.050000 -0.000000
v 0.055745 -0.054821 -0.000000
v 0.051302 -0.057386 -0.000000
v 0.046250 -0.056495 -0.000000
v 0.042952 -0.052565 -0.000000
v 0.042952 -0.047435 -0.000000
v 0.046250 -0.043505 -0.000000
v 0.051302 -0.042614 -0.000000
v 0.055745 -0.045179 -0.000000
v 0.154000 0.015000 -0.000000
v 0.152494 0.011873 -0.000000
v 0.149110 0.011100 -0.000000
v 0.146396 0.013264 -0.000000
v 0.146396 0.016736 -0.000000
v 0.149110 0.018900 -0.000000
v 0.152494 0.018127 -0.000000
v 0.154000 -0.015000 -0.000000
v 0.152494 -0.018127 -0.000000
v 0.149110 -0.018900 -0.000000
v 0.146396 -0.016736 -0.000000
v 0.146396 -0.013264 -0.000000
v 0.149110 -0.011100 -0.000000
v 0.152494 -0.011873 -0.000000
v 0.124000 0.015000 -0.000000
v 0.122494 0.011873 -0.000000
v 0.119110 0.011100 -0.000000
v 0.116396 0.013264 -0.000000
v 0.116396 0.016736 -0.000000
v 0.119110 0.018900 -0.000000
v 0.122494 0.018127 -0.000000
v 0.124000 -0.015000 -0.000000
v 0.122494 -0.018127 -0.000000
v 0.119110 -0.018900 -0.000000
v 0.116396 -0.016736 -0.000000
v 0.116396 -0.013264 -0.000000
v 0.119110 -0.011100 -0.000000
v 0.122494 -0.011873 -0.000000
v 0.067000 0.015000 -0.000000
v 0.065500 0.012402 -0.000000
v 0.062500 0.012402 -0.000000
v 0.061000 0.015000 -0.000000
v 0.062500 0.017598 -0.000000
v 0.065500 0.017598 -0.000000
v 0.067000 -0.015000 -0.000000
v 0.065500 -0.017598 -0.000000
v 0.062500 -0.017598 -0.000000
v 0.061000 -0.015000 -0.000000
v 0.062500 -0.012402 -0.000000
v 0.065500 -0.012402 -0.000000
v 0.061000 -0.015000 -0.015000
v 0.062500 -0.012402 -0.015000
v 0.065500 -0.012402 -0.015000
v 0.067000 -0.015000 -0.015000
v 0.065500 -0.017598 -0.015000
v 0.062500 -0.017598 -0.015000
v 0.067000 -0.015000 -0.000000
v 0.065500 -0.012402 -0.000000
v 0.062500 -0.012402 -0.000000
v 0.061000 -0.015000 -0.000000
v 0.062500 -0.017598 -0.000000
v 0.065500 -0.017598 -0.000000
v 0.061000 -0.015000 -0.015000
v 0.061000 -0.015000 -0.000000
v 0.061000 0.015000 -0.015000
v 0.062500 0.017598 -0.015000
v 0.065500 0.017598 -0.015000
v 0.067000 0.015000 -0.015000
v 0.065500 0.012402 -0.015000
v 0.062500 0.012402 -0.015000
v 0.067000 0.015000 -0.000000
v 0.065500 0.017598 -0.000000
v 0.062500 0.017598 -0.000000
v 0.061000 0.015000 -0.000000
v 0.062500 0.012402 -0.000000
v 0.065500 0.012402 -0.000000
v 0.061000 0.015000 -0.015000
v 0.061000 0.015000 -0.000000
v 0.112500 -0.015000 -0.005000
v 0.114255 -0.019821 -0.005000
v 0.118698 -0.022386 -0.005000
v 0.123750 -0.021495 -0.005000
v 0.127048 -0.017565 -0.005000
v 0.127048 -0.012435 -0.005000
v 0.123750 -0.008505 -0.005000
v 0.118698 -0.007614 -0.005000
v 0.114255 -0.010179 -0.005000
v 0.112500 -0.015000 -0.015000
v 0.114255 -0.010179 -0.015000
v 0.118698 -0.007614 -0.015000
v 0.123750 -0.008505 -0.015000
v 0.127048 -0.012435 -0.015000
v 0.127048 -0.017565 -0.015000
v 0.123750 -0.021495 -0.015000
v 0.118698 -0.022386 -0.015000
v 0.114255 -0.019821 -0.015000
v 0.127048 -0.012435 -0.005000
v 0.127048 -0.012435 -0.015000
v 0.112500 -0.015000 -0.005000
v 0.114255 -0.010179 -0.005000
v 0.118698 -0.007614 -0.005000
v 0.123750 -0.008505 -0.005000
v 0.127048 -0.012435 -0.005000
v 0.127048 -0.017565 -0.005000
v 0.123750 -0.021495 -0.005000
v 0.118698 -0.022386 -0.005000
v 0.114255 -0.019821 -0.005000
v 0.116000 -0.015000 -0.005000
v 0.117506 -0.018127 -0.005000
v 0.120890 -0.018900 -0.005000
v 0.123604 -0.016736 -0.005000
v 0.123604 -0.013264 -0.005000
v 0.120890 -0.011100 -0.005000
v 0.117506 -0.011873 -0.005000
v 0.142500 -0.015000 -0.005000
v 0.144255 -0.019821 -0.005000
v 0.148698 -0.022386 -0.005000
v 0.153750 -0.021495 -0.005000
v 0.157048 -0.017565 -0.005000
v 0.157048 -0.012435 -0.005000
v 0.153750 -0.008505 -0.005000
v 0.148698 -0.007614 -0.005000
v 0.144255 -0.010179 -0.005000
v 0.142500 -0.015000 -0.015000
v 0.144255 -0.010179 -0.015000
v 0.148698 -0.007614 -0.015000
v 0.153750 -0.008505 -0.015000
v 0.157048 -0.012435 -0.015000
v 0.157048 -0.017565 -0.015000
v 0.153750 -0.021495 -0.015000
v 0.148698 -0.022386 -0.015000
v 0.144255 -0.019821 -0.015000
v 0.157048 -0.012435 -0.005000
v 0.157048 -0.012435 -0.015000
v 0.142500 -0.015000 -0.005000
v 0.144255 -0.010179 -0.005000
v 0.148698 -0.007614 -0.005000
v 0.153750 -0.008505 -0.005000
v 0.157048 -0.012435 -0.005000
v 0.157048 -0.017565 -0.005000
v 0.153750 -0.021495 -0.005000
v 0.148698 -0.022386 -0.005000
v 0.144255 -0.019821 -0.005000
v 0.146000 -0.015000 -0.005000
v 0.147506 -0.018127 -0.005000
v 0.150890 -0.018900 -0.005000
v 0.153604 -0.016736 -0.005000
v 0.153604 -0.013264 -0.005000
v 0.150890 -0.011100 -0.005000
v 0.147506 -0.011873 -0.005000
v 0.112500 0.015000 -0.005000
v 0.114255 0.010179 -0.005000
v 0.118698 0.007614 -0.005000
v 0.123750 0.008505 -0.005000
v 0.127048 0.012435 -0.005000
v 0.127048 0.017565 -0.005000
v 0.123750 0.021495 -0.005000
v 0.118698 0.022386 -0.005000
v 0.114255 0.019821 -0.005000
v 0.112500 0.015000 -0.015000
v 0.114255 0.019821 -0.015000
v 0.118698 0.022386 -0.015000
v 0.123750 0.021495 -0.015000
v 0.127048 0.017565 -0.015000
v 0.127048 0.012435 -0.015000
v 0.123750 0.008505 -0.015000
v 0.118698 0.007614 -0.015000
v 0.114255 0.010179 -0.015000
v 0.127048 0.017565 -0.005000
v 0.127048 0.017565 -0.015000
v 0.112500 0.015000 -0.005000
v 0.114255 0.019821 -0.005000
v 0.118698 0.022386 -0.005000
v 0.123750 0.021495 -0.005000
v 0.127048 0.017565 -0.005000
v 0.127048 0.012435 -0.005000
v 0.123750 0.008505 -0.005000
v 0.118698 0.007614 -0.005000
v 0.114255 0.010179 -0.005000
v 0.116000 0.015000 -0.005000
v 0.117506 0.011873 -0.005000
v 0.120890 0.011100 -0.005000
v 0.123604 0.013264 -0.005000
v 0.123604 0.016736 -0.005000
v 0.120890 0.018900 -0.005000
v 0.117506 0.018127 -0.005000
v 0.142500 0.015000 -0.005000
v 0.144255 0.010179 -0.005000
v 0.148698 0.007614 -0.005000
v 0.153750 0.008505 -0.005000
v 0.157048 0.012435 -0.005000
v 0.157048 0.017565 -0.005000
v 0.153750 0.021495 -0.005000
v 0.148698 0.022386 -0.005000
v 0.144255 0.019821 -0.005000
v 0.142500 0.015000 -0.015000
v 0.144255 0.019821 -0.015000
v 0.148698 0.022386 -0.015000
v 0.153750 0.021495 -0.015000
v 0.157048 0.017565 -0.015000
v 0.157048 0.012435 -0.015000
v 0.153750 0.008505 -0.015000
v 0.148698 0.007614 -0.015000
v 0.144255 0.010179 -0.015000
v 0.157048 0.017565 -0.005000
v 0.157048 0.017565 -0.015000
v 0.142500 0.015000 -0.005000
v 0.144255 0.019821 -0.005000
v 0.148698 0.022386 -0.005000
v 0.153750 0.021495 -0.005000
v 0.157048 0.017565 -0.005000
v 0.157048 0.012435 -0.005000
v 0.153750 0.008505 -0.005000
v 0.148698 0.007614 -0.005000
v 0.144255 0.010179 -0.005000
v 0.146000 0.015000 -0.005000
v 0.147506 0.011873 -0.005000
v 0.150890 0.011100 -0.005000
v 0.153604 0.013264 -0.005000
v 0.153604 0.016736 -0.005000
v 0.150890 0.018900 -0.005000
v 0.147506 0.018127 -0.005000
v 0.116000 -0.015000 -0.005000
v 0.117506 -0.011873 -0.005000
v 0.120890 -0.011100 -0.005000
v 0.123604 -0.013264 -0.005000
v 0.123604 -0.016736 -0.005000
v 0.120890 -0.018900 -0.005000
v 0.117506 -0.018127 -0.005000
v 0.124000 -0.015000 -0.000000
v 0.122494 -0.011873 -0.000000
v 0.119110 -0.011100 -0.000000
v 0.116396 -0.013264 -0.000000
v 0.116396 -0.016736 -0.000000
v 0.119110 -0.018900 -0.000000
v 0.122494 -0.018127 -0.000000
v 0.123604 -0.013264 -0.005000
v 0.124000 -0.015000 -0.000000
v 0.116000 0.015000 -0.005000
v 0.117506 0.018127 -0.005000
v 0.120890 0.018900 -0.005000
v 0.123604 0.016736 -0.005000
v 0.123604 0.013264 -0.005000
v 0.120890 0.011100 -0.005000
v 0.117506 0.011873 -0.005000
v 0.124000 0.015000 -0.000000
v 0.122494 0.018127 -0.000000
v 0.119110 0.018900 -0.000000
v 0.116396 0.016736 -0.000000
v 0.116396 0.013264 -0.000000
v 0.119110 0.011100 -0.000000
v 0.122494 0.011873 -0.000000
v 0.123604 0.016736 -0.005000
v 0.124000 0.015000 -0.000000
v 0.146000 -0.015000 -0.005000
v 0.147506 -0.011873 -0.005000
v 0.150890 -0.011100 -0.005000
v 0.153604 -0.013264 -0.005000
v 0.153604 -0.016736 -0.005000
v 0.150890 -0.018900 -0.005000
v 0.147506 -0.018127 -0.005000
v 0.154000 -0.015000 -0.000000
v 0.152494 -0.011873 -0.000000
v 0.149110 -0.011100 -0.000000
v 0.146396 -0.013264 -0.000000
v 0.146396 -0.016736 -0.000000
v 0.149110 -0.018900 -0.000000
v 0.152494 -0.018127 -0.000000
v 0.153604 -0.013264 -0.005000
v 0.154000 -0.015000 -0.000000
v 0.146000 0.015000 -0.005000
v 0.147506 0.018127 -0.005000
v 0.150890 0.018900 -0.005000
v 0.153604 0.016736 -0.005000
v 0.153604 0.013264 -0.005000
v 0.150890 0.011100 -0.005000
v 0.147506 0.011873 -0.005000
v 0.154000 0.015000 -0.000000
v 0.152494 0.018127 -0.000000
v 0.149110 0.018900 -0.000000
v 0.146396 0.016736 -0.000000
v 0.146396 0.013264 -0.000000
v 0.149110 0.011100 -0.000000
v 0.152494 0.011873 -0.000000
v 0.153604 0.016736 -0.005000
v 0.154000 0.015000 -0.000000
v 0.057500 -0.050000 -0.010000
v 0.055745 -0.054821 -0.010000
v 0.051302 -0.057386 -0.010000
v 0.046250 -0.056495 -0.010000
v 0.042952 -0.052565 -0.010000
v 0.042952 -0.047435 -0.010000
v 0.046250 -0.043505 -0.010000
v 0.051302 -0.042614 -0.010000
v 0.055745 -0.045179 -0.010000
v 0.057500 -0.050000 -0.000000
v 0.055745 -0.045179 -0.000000
v 0.051302 -0.042614 -0.000000
v 0.046250 -0.043505 -0.000000
v 0.042952 -0.047435 -0.000000
v 0.042952 -0.052565 -0.000000
v 0.046250 -0.056495 -0.000000
v 0.051302 -0.057386 -0.000000
v 0.055745 -0.054821 -0.000000
v 0.042952 -0.047435 -0.010000
v 0.042952 -0.047435 -0.000000
v 0.057500 -0.050000 -0.010000
v 0.055745 -0.045179 -0.010000
v 0.051302 -0.042614 -0.010000
v 0.046250 -0.043505 -0.010000
v 0.042952 -0.047435 -0.010000
v 0.042952 -0.052565 -0.010000
v 0.046250 -0.056495 -0.010000
v 0.051302 -0.057386 -0.010000
v 0.055745 -0.054821 -0.010000
v 0.054000 -0.050000 -0.010000
v 0.052494 -0.053127 -0.010000
v 0.049110 -0.053900 -0.010000
v 0.046396 -0.051736 -0.010000
v 0.046396 -0.048264 -0.010000
v 0.049110 -0.046100 -0.010000
v 0.052494 -0.046873 -0.010000
v 0.157500 -0.050000 -0.010000
v 0.155745 -0.054821 -0.010000
v 0.151302 -0.057386 -0.010000
v 0.146250 -0.056495 -0.010000
v 0.142952 -0.052565 -0.010000
v 0.142952 -0.047435 -0.010000
v 0.146250 -0.043505 -0.010000
v 0.151302 -0.042614 -0.010000
v 0.155745 -0.045179 -0.010000
v 0.157500 -0.050000 -0.000000
v 0.155745 -0.045179 -0.000000
v 0.151302 -0.042614 -0.000000
v 0.146250 -0.043505 -0.000000
v 0.142952 -0.047435 -0.000000
v 0.142952 -0.052565 -0.000000
v 0.146250 -0.056495 -0.000000
v 0.151302 -0.057386 -0.000000
v 0.155745 -0.054821 -0.000000
v 0.142952 -0.047435 -0.010000
v 0.142952 -0.047435 -0.000000
v 0.157500 -0.050000 -0.010000
v 0.155745 -0.045179 -0.010000
v 0.151302 -0.042614 -0.010000
v 0.146250 -0.043505 -0.010000
v 0.142952 -0.047435 -0.010000
v 0.142952 -0.052565 -0.010000
v 0.146250 -0.056495 -0.010000
v 0.151302 -0.057386 -0.010000
v 0.155745 -0.054821 -0.010000
v 0.154000 -0.050000 -0.010000
v 0.152494 -0.053127 -0.010000
v 0.149110 -0.053900 -0.010000
v 0.146396 -0.051736 -0.010000
v 0.146396 -0.048264 -0.010000
v 0.149110 -0.046100 -0.010000
v 0.152494 -0.046873 -0.010000
v 0.057500 0.050000 -0.010000
v 0.055745 0.045179 -0.010000
v 0.051302 0.042614 -0.010000
v 0.046250 0.043505 -0.010000
v 0.042952 0.047435 -0.010000
v 0.042952 0.052565 -0.010000
v 0.046250 0.056495 -0.010000
v 0.051302 0.057386 -0.010000
v 0.055745 0.054821 -0.010000
v 0.057500 0.050000 -0.000000
v 0.055745 0.054821 -0.000000
v 0.051302 0.057386 -0.000000
v 0.046250 0.056495 -0.000000
v 0.042952 0.052565 -0.000000
v 0.042952 0.047435 -0.000000
v 0.046250 0.043505 -0.000000
v 0.051302 0.042614 -0.000000
v 0.055745 0.045179 -0.000000
v 0.042952 0.052565 -0.010000
v 0.042952 0.052565 -0.000000
v 0.057500 0.050000 -0.010000
v 0.055745 0.054821 -0.010000
v 0.051302 0.057386 -0.010000
v 0.046250 0.056495 -0.010000
v 0.042952 0.052565 -0.010000
v 0.042952 0.047435 -0.010000
v 0.046250 0.043505 -0.010000
v 0.051302 0.042614 -0.010000
v 0.055745 0.045179 -0.010000
v 0.054000 0.050000 -0.010000
v 0.052494 0.046873 -0.010000
v 0.049110 0.046100 -0.010000
v 0.046396 0.048264 -0.010000
v 0.046396 0.051736 -0.010000
v 0.049110 0.053900 -0.010000
v 0.052494 0.053127 -0.010000
v 0.157500 0.050000 -0.010000
v 0.155745 0.045179 -0.010000
v 0.151302 0.042614 -0.010000
v 0.146250 0.043505 -0.010000
v 0.142952 0.047435 -0.010000
v 0.142952 0.052565 -0.010000
v 0.146250 0.056495 -0.010000
v 0.151302 0.057386 -0.010000
v 0.155745 0.054821 -0.010000
v 0.157500 0.050000 -0.000000
v 0.155745 0.054821 -0.000000
v 0.151302 0.057386 -0.000000
v 0.146250 0.056495 -0.000000
v 0.142952 0.052565 -0.000000
v 0.142952 0.047435 -0.000000
v 0.146250 0.043505 -0.000000
v 0.151302 0.042614 -0.000000
v 0.155745 0.045179 -0.000000
v 0.142952 0.052565 -0.010000
v 0.142952 0.052565 -0.000000
v 0.157500 0.050000 -0.010000
v 0.155745 0.054821 -0.010000
v 0.151302 0.057386 -0.010000
v 0.146250 0.056495 -0.010000
v 0.142952 0.052565 -0.010000
v 0.142952 0.047435 -0.010000
v 0.146250 0.043505 -0.010000
v 0.151302 0.042614 -0.010000
v 0.155745 0.045179 -0.010000
v 0.154000 0.050000 -0.010000
v 0.152494 0.046873 -0.010000
v 0.149110 0.046100 -0.010000
v 0.146396 0.048264 -0.010000
v 0.146396 0.051736 -0.010000
v 0.149110 0.053900 -0.010000
v 0.152494 0.053127 -0.010000
v 0.054000 0.050000 -0.010000
v 0.052494 0.053127 -0.010000
v 0.049110 0.053900 -0.010000
v 0.046396 0.051736 -0.010000
v 0.046396 0.048264 -0.010000
v 0.049110 0.046100 -0.010000
v 0.052494 0.046873 -0.010000
v 0.054000 0.050000 -0.015000
v 0.052494 0.046873 -0.015000
v 0.049110 0.046100 -0.015000
v 0.046396 0.048264 -0.015000
v 0.046396 0.051736 -0.015000
v 0.049110 0.053900 -0.015000
v 0.052494 0.053127 -0.015000
v 0.054000 0.050000 -0.010000
v 0.054000 0.050000 -0.015000
v 0.154000 0.050000 -0.010000
v 0.152494 0.053127 -0.010000
v 0.149110 0.053900 -0.010000
v 0.146396 0.051736 -0.010000
v 0.146396 0.048264 -0.010000
v 0.149110 0.046100 -0.010000
v 0.152494 0.046873 -0.010000
v 0.154000 0.050000 -0.015000
v 0.152494 0.046873 -0.015000
v 0.149110 0.046100 -0.015000
v 0.146396 0.048264 -0.015000
v 0.146396 0.051736 -0.015000
v 0.149110 0.053900 -0.015000
v 0.152494 0.053127 -0.015000
v 0.154000 0.050000 -0.010000
v 0.154000 0.050000 -0.015000
v 0.154000 -0.050000 -0.010000
v 0.152494 -0.046873 -0.010000
v 0.149110 -0.046100 -0.010000
v 0.146396 -0.048264 -0.010000
v 0.146396 -0.051736 -0.010000
v 0.149110 -0.053900 -0.010000
v 0.152494 -0.053127 -0.010000
v 0.154000 -0.050000 -0.015000
v 0.152494 -0.053127 -0.015000
v 0.149110 -0.053900 -0.015000
v 0.146396 -0.051736 -0.015000
v 0.146396 -0.048264 -0.015000
v 0.149110 -0.046100 -0.015000
v 0.152494 -0.046873 -0.015000
v 0.154000 -0.050000 -0.010000
v 0.154000 -0.050000 -0.015000
v 0.054000 -0.050000 -0.010000
v 0.052494 -0.046873 -0.010000
v 0.049110 -0.046100 -0.010000
v 0.046396 -0.048264 -0.010000
v 0.046396 -0.051736 -0.010000
v 0.049110 -0.053900 -0.010000
v 0.052494 -0.053127 -0.010000
v 0.054000 -0.050000 -0.015000
v 0.052494 -0.053127 -0.015000
v 0.049110 -0.053900 -0.015000
v 0.046396 -0.051736 -0.015000
v 0.046396 -0.048264 -0.015000
v 0.049110 -0.046100 -0.015000
v 0.052494 -0.046873 -0.015000
v 0.054000 -0.050000 -0.010000
v 0.054000 -0.050000 -0.015000
v 0.160000 -0.237500 -0.000000
v 0.165000 -0.238840 -0.000000
v 0.168660 -0.242500 -0.000000
v 0.170000 -0.247500 -0.000000
v 0.170000 -0.247500 -0.015000
v 0.168660 -0.242500 -0.015000
v 0.165000 -0.238840 -0.015000
v 0.160000 -0.237500 -0.015000
v 0.160000 -0.237500 -0.015000
v 0.165000 -0.238840 -0.015000
v 0.168660 -0.242500 -0.015000
v 0.170000 -0.247500 -0.015000
v 0.170000 -0.352500 -0.015000
v 0.168660 -0.357500 -0.015000
v 0.165000 -0.361160 -0.015000
v 0.160000 -0.362500 -0.015000
v 0.047500 -0.362500 -0.015000
v 0.042500 -0.361160 -0.015000
v 0.038840 -0.357500 -0.015000
v 0.037500 -0.352500 -0.015000
v 0.037500 -0.247500 -0.015000
v 0.038840 -0.242500 -0.015000
v 0.042500 -0.238840 -0.015000
v 0.047500 -0.237500 -0.015000
v 0.061000 -0.315000 -0.015000
v 0.062500 -0.317598 -0.015000
v 0.065500 -0.317598 -0.015000
v 0.067000 -0.315000 -0.015000
v 0.065500 -0.312402 -0.015000
v 0.062500 -0.312402 -0.015000
v 0.061000 -0.285000 -0.015000
v 0.062500 -0.287598 -0.015000
v 0.065500 -0.287598 -0.015000
v 0.067000 -0.285000 -0.015000
v 0.065500 -0.282402 -0.015000
v 0.062500 -0.282402 -0.015000
v 0.112500 -0.315000 -0.015000
v 0.114255 -0.319821 -0.015000
v 0.118698 -0.322386 -0.015000
v 0.123750 -0.321495 -0.015000
v 0.127048 -0.317565 -0.015000
v 0.127048 -0.312435 -0.015000
v 0.123750 -0.308505 -0.015000
v 0.118698 -0.307614 -0.015000
v 0.114255 -0.310179 -0.015000
v 0.142500 -0.315000 -0.015000
v 0.144255 -0.319821 -0.015000
v 0.148698 -0.322386 -0.015000
v 0.153750 -0.321495 -0.015000
v 0.157048 -0.317565 -0.015000
v 0.157048 -0.312435 -0.015000
v 0.153750 -0.308505 -0.015000
v 0.148698 -0.307614 -0.015000
v 0.144255 -0.310179 -0.015000
v 0.112500 -0.285000 -0.015000
v 0.114255 -0.289821 -0.015000
v 0.118698 -0.292386 -0.015000
v 0.123750 -0.291495 -0.015000
v 0.127048 -0.287565 -0.015000
v 0.127048 -0.282435 -0.015000
v 0.123750 -0.278505 -0.015000
v 0.118698 -0.277614 -0.015000
v 0.114255 -0.280179 -0.015000
v 0.142500 -0.285000 -0.015000
v 0.144255 -0.289821 -0.015000
v 0.148698 -0.292386 -0.015000
v 0.153750 -0.291495 -0.015000
v 0.157048 -0.287565 -0.015000
v 0.157048 -0.282435 -0.015000
v 0.153750 -0.278505 -0.015000
v 0.148698 -0.277614 -0.015000
v 0.144255 -0.280179 -0.015000
v 0.054000 -0.350000 -0.015000
v 0.052494 -0.346873 -0.015000
v 0.049110 -0.346100 -0.015000
v 0.046396 -0.348264 -0.015000
v 0.046396 -0.351736 -0.015000
v 0.049110 -0.353900 -0.015000
v 0.052494 -0.353127 -0.015000
v 0.154000 -0.350000 -0.015000
v 0.152494 -0.346873 -0.015000
v 0.149110 -0.346100 -0.015000
v 0.146396 -0.348264 -0.015000
v 0.146396 -0.351736 -0.015000
v 0.149110 -0.353900 -0.015000
v 0.152494 -0.353127 -0.015000
v 0.154000 -0.250000 -0.015000
v 0.152494 -0.246873 -0.015000
v 0.149110 -0.246100 -0.015000
v 0.146396 -0.248264 -0.015000
v 0.146396 -0.251736 -0.015000
v 0.149110 -0.253900 -0.015000
v 0.152494 -0.253127 -0.015000
v 0.054000 -0.250000 -0.015000
v 0.052494 -0.246873 -0.015000
v 0.049110 -0.246100 -0.015000
v 0.046396 -0.248264 -0.015000
v 0.046396 -0.251736 -0.015000
v 0.049110 -0.253900 -0.015000
v 0.052494 -0.253127 -0.015000
v 0.170000 -0.247500 -0.015000
v 0.170000 -0.247500 -0.000000
v 0.170000 -0.352500 -0.000000
v 0.170000 -0.352500 -0.015000
v 0.160000 -0.362500 -0.015000
v 0.165000 -0.361160 -0.015000
v 0.168660 -0.357500 -0.015000
v 0.170000 -0.352500 -0.015000
v 0.170000 -0.352500 -0.000000
v 0.168660 -0.357500 -0.000000
v 0.165000 -0.361160 -0.000000
v 0.160000 -0.362500 -0.000000
v 0.047500 -0.237500 -0.015000
v 0.042500 -0.238840 -0.015000
v 0.038840 -0.242500 -0.015000
v 0.037500 -0.247500 -0.015000
v 0.037500 -0.247500 -0.000000
v 0.038840 -0.242500 -0.000000
v 0.042500 -0.238840 -0.000000
v 0.047500 -0.237500 -0.000000
v 0.037500 -0.247500 -0.000000
v 0.037500 -0.247500 -0.015000
v 0.037500 -0.352500 -0.015000
v 0.037500 -0.352500 -0.000000
v 0.037500 -0.352500 -0.015000
v 0.038840 -0.357500 -0.015000
v 0.042500 -0.361160 -0.015000
v 0.047500 -0.362500 -0.015000
v 0.047500 -0.362500 -0.000000
v 0.042500 -0.361160 -0.000000
v 0.038840 -0.357500 -0.000000
v 0.037500 -0.352500 -0.000000
v 0.160000 -0.362500 -0.015000
v 0.160000 -0.362500 -0.000000
v 0.047500 -0.362500 -0.000000
v 0.047500 -0.362500 -0.015000
v 0.160000 -0.237500 -0.000000
v 0.160000 -0.237500 -0.015000
v 0.047500 -0.237500 -0.015000
v 0.047500 -0.237500 -0.000000
v 0.170000 -0.247500 -0.000000
v 0.168660 -0.242500 -0.000000
v 0.165000 -0.238840 -0.000000
v 0.160000 -0.237500 -0.000000
v 0.047500 -0.237500 -0.000000
v 0.042500 -0.238840 -0.000000
v 0.038840 -0.242500 -0.000000
v 0.037500 -0.247500 -0.000000
v 0.037500 -0.352500 -0.000000
v 0.038840 -0.357500 -0.000000
v 0.042500 -0.361160 -0.000000
v 0.047500 -0.362500 -0.000000
v 0.160000 -0.362500 -0.000000
v 0.165000 -0.361160 -0.000000
v 0.168660 -0.357500 -0.000000
v 0.170000 -0.352500 -0.000000
v 0.157500 -0.250000 -0.000000
v 0.155745 -0.254821 -0.000000
v 0.151302 -0.257386 -0.000000
v 0.146250 -0.256495 -0.000000
v 0.142952 -0.252565 -0.000000
v 0.142952 -0.247435 -0.000000
v 0.146250 -0.243505 -0.000000
v 0.151302 -0.242614 -0.000000
v 0.155745 -0.245179 -0.000000
v 0.057500 -0.250000 -0.000000
v 0.055745 -0.254821 -0.000000
v 0.051302 -0.257386 -0.000000
v 0.046250 -0.256495 -0.000000
v 0.042952 -0.252565 -0.000000
v 0.042952 -0.247435 -0.000000
v 0.046250 -0.243505 -0.000000
v 0.051302 -0.242614 -0.000000
v 0.055745 -0.245179 -0.000000
v 0.157500 -0.350000 -0.000000
v 0.155745 -0.354821 -0.000000
v 0.151302 -0.357386 -0.000000
v 0.146250 -0.356495 -0.000000
v 0.142952 -0.352565 -0.000000
v 0.142952 -0.347435 -0.000000
v 0.146250 -0.343505 -0.000000
v 0.151302 -0.342614 -0.000000
v 0.155745 -0.345179 -0.000000
v 0.057500 -0.350000 -0.000000
v 0.055745 -0.354821 -0.000000
v 0.051302 -0.357386 -0.000000
v 0.046250 -0.356495 -0.000000
v 0.042952 -0.352565 -0.000000
v 0.042952 -0.347435 -0.000000
v 0.046250 -0.343505 -0.000000
v 0.051302 -0.342614 -0.000000
v 0.055745 -0.345179 -0.000000
v 0.154000 -0.285000 -0.000000
v 0.152494 -0.288127 -0.000000
v 0.149110 -0.288900 -0.000000
v 0.146396 -0.286736 -0.000000
v 0.146396 -0.283264 -0.000000
v 0.149110 -0.281100 -0.000000
v 0.152494 -0.281873 -0.000000
v 0.154000 -0.315000 -0.000000
v 0.152494 -0.318127 -0.000000
v 0.149110 -0.318900 -0.000000
v 0.146396 -0.316736 -0.000000
v 0.146396 -0.313264 -0.000000
v 0.149110 -0.311100 -0.000000
v 0.152494 -0.311873 -0.000000
v 0.124000 -0.285000 -0.000000
v 0.122494 -0.288127 -0.000000
v 0.119110 -0.288900 -0.000000
v 0.116396 -0.286736 -0.000000
v 0.116396 -0.283264 -0.000000
v 0.119110 -0.281100 -0.000000
v 0.122494 -0.281873 -0.000000
v 0.124000 -0.315000 -0.000000
v 0.122494 -0.318127 -0.000000
v 0.119110 -0.318900 -0.000000
v 0.116396 -0.316736 -0.000000
v 0.116396 -0.313264 -0.000000
v 0.119110 -0.311100 -0.000000
v 0.122494 -0.311873 -0.000000
v 0.067000 -0.285000 -0.000000
v 0.065500 -0.287598 -0.000000
v 0.062500 -0.287598 -0.000000
v 0.061000 -0.285000 -0.000000
v 0.062500 -0.282402 -0.000000
v 0.065500 -0.282402 -0.000000
v 0.067000 -0.315000 -0.000000
v 0.065500 -0.317598 -0.000000
v 0.062500 -0.317598 -0.000000
v 0.061000 -0.315000 -0.000000
v 0.062500 -0.312402 -0.000000
v 0.065500 -0.312402 -0.000000
v 0.061000 -0.315000 -0.015000
v 0.062500 -0.312402 -0.015000
v 0.065500 -0.312402 -0.015000
v 0.067000 -0.315000 -0.015000
v 0.065500 -0.317598 -0.015000
v 0.062500 -0.317598 -0.015000
v 0.067000 -0.315000 -0.000000
v 0.065500 -0.312402 -0.000000
v 0.062500 -0.312402 -0.000000
v 0.061000 -0.315000 -0.000000
v 0.062500 -0.317598 -0.000000
v 0.065500 -0.317598 -0.000000
v 0.061000 -0.315000 -0.015000
v 0.061000 -0.315000 -0.000000
v 0.061000 -0.285000 -0.015000
v 0.062500 -0.282402 -0.015000
v 0.065500 -0.282402 -0.015000
v 0.067000 -0.285000 -0.015000
v 0.065500 -0.287598 -0.015000
v 0.062500 -0.287598 -0.015000
v 0.067000 -0.285000 -0.000000
v 0.065500 -0.282402 -0.000000
v 0.062500 -0.282402 -0.000000
v 0.061000 -0.285000 -0.000000
v 0.062500 -0.287598 -0.000000
v 0.065500 -0.287598 -0.000000
v 0.061000 -0.285000 -0.015000
v 0.061000 -0.285000 -0.000000
v 0.112500 -0.315000 -0.005000
v 0.114255 -0.319821 -0.005000
v 0.118698 -0.322386 -0.005000
v 0.123750 -0.321495 -0.005000
v 0.127048 -0.317565 -0.005000
v 0.127048 -0.312435 -0.005000
v 0.123750 -0.308505 -0.005000
v 0.118698 -0.307614 -0.005000
v 0.114255 -0.310179 -0.005000
v 0.112500 -0.315000 -0.015000
v 0.114255 -0.310179 -0.015000
v 0.118698 -0.307614 -0.015000
v 0.123750 -0.308505 -0.015000
v 0.127048 -0.312435 -0.015000
v 0.127048 -0.317565 -0.015000
v 0.123750 -0.321495 -0.015000
v 0.118698 -0.322386 -0.015000
v 0.114255 -0.319821 -0.015000
v 0.127048 -0.312435 -0.005000
v 0.127048 -0.312435 -0.015000
v 0.112500 -0.315000 -0.005000
v 0.114255 -0.310179 -0.005000
v 0.118698 -0.307614 -0.005000
v 0.123750 -0.308505 -0.005000
v 0.127048 -0.312435 -0.005000
v 0.127048 -0.317565 -0.005000
v 0.123750 -0.321495 -0.005000
v 0.118698 -0.322386 -0.005000
v 0.114255 -0.319821 -0.005000
v 0.116000 -0.315000 -0.005000
v 0.117506 -0.318127 -0.005000
v 0.120890 -0.318900 -0.005000
v 0.123604 -0.316736 -0.005000
v 0.123604 -0.313264 -0.005000
v 0.120890 -0.311100 -0.005000
v 0.117506 -0.311873 -0.005000
v 0.142500 -0.315000 -0.005000
v 0.144255 -0.319821 -0.005000
v 0.148698 -0.322386 -0.005000
v 0.153750 -0.321495 -0.005000
v 0.157048 -0.317565 -0.005000
v 0.157048 -0.312435 -0.005000
v 0.153750 -0.308505 -0.005000
v 0.148698 -0.307614 -0.005000
v 0.144255 -0.310179 -0.005000
v 0.142500 -0.315000 -0.015000
v 0.144255 -0.310179 -0.015000
v 0.148698 -0.307614 -0.015000
v 0.153750 -0.308505 -0.015000
v 0.157048 -0.312435 -0.015000
v 0.157048 -0.317565 -0.015000
v 0.153750 -0.321495 -0.015000
v 0.148698 -0.322386 -0.015000
v 0.144255 -0.319821 -0.015000
v 0.157048 -0.312435 -0.005000
v 0.157048 -0.312435 -0.015000
v 0.142500 -0.315000 -0.005000
v 0.144255 -0.310179 -0.005000
v 0.148698 -0.307614 -0.005000
v 0.153750 -0.308505 -0.005000
v 0.157048 -0.312435 -0.005000
v 0.157048 -0.317565 -0.005000
v 0.153750 -0.321495 -0.005000
v 0.148698 -0.322386 -0.005000
v 0.144255 -0.319821 -0.005000
v 0.146000 -0.315000 -0.005000
v 0.147506 -0.318127 -0.005000
v 0.150890 -0.318900 -0.005000
v 0.153604 -0.316736 -0.005000
v 0.153604 -0.313264 -0.005000
v 0.150890 -0.311100 -0.005000
v 0.147506 -0.311873 -0.005000
v 0.112500 -0.285000 -0.005000
v 0.114255 -0.289821 -0.005000
v 0.118698 -0.292386 -0.005000
v 0.123750 -0.291495 -0.005000
v 0.127048 -0.287565 -0.005000
v 0.127048 -0.282435 -0.005000
v 0.123750 -0.278505 -0.005000
v 0.118698 -0.277614 -0.005000
v 0.114255 -0.280179 -0.005000
v 0.112500 -0.285000 -0.015000
v 0.114255 -0.280179 -0.015000
v 0.118698 -0.277614 -0.015000
v 0.123750 -0.278505 -0.015000
v 0.127048 -0.282435 -0.015000
v 0.127048 -0.287565 -0.015000
v 0.123750 -0.291495 -0.015000
v 0.118698 -0.292386 -0.015000
v 0.114255 -0.289821 -0.015000
v 0.127048 -0.282435 -0.005000
v 0.127048 -0.282435 -0.015000
v 0.112500 -0.285000 -0.005000
v 0.114255 -0.280179 -0.005000
v 0.118698 -0.277614 -0.005000
v 0.123750 -0.278505 -0.005000
v 0.127048 -0.282435 -0.005000
v 0.127048 -0.287565 -0.005000
v 0.123750 -0.291495 -0.005000
v 0.118698 -0.292386 -0.005000
v 0.114255 -0.289821 -0.005000
v 0.116000 -0.285000 -0.005000
v 0.117506 -0.288127 -0.005000
v 0.120890 -0.288900 -0.005000
v 0.123604 -0.286736 -0.005000
v 0.123604 -0.283264 -0.005000
v 0.120890 -0.281100 -0.005000
v 0.117506 -0.281873 -0.005000
v 0.142500 -0.285000 -0.005000
v 0.144255 -0.289821 -0.005000
v 0.148698 -0.292386 -0.005000
v 0.153750 -0.291495 -0.005000
v 0.157048 -0.287565 -0.005000
v 0.157048 -0.282435 -0.005000
v 0.153750 -0.278505 -0.005000
v 0.148698 -0.277614 -0.005000
v 0.144255 -0.280179 -0.005000
v 0.142500 -0.285000 -0.015000
v 0.144255 -0.280179 -0.015000
v 0.148698 -0.277614 -0.015000
v 0.153750 -0.278505 -0.015000
v 0.157048 -0.282435 -0.015000
v 0.157048 -0.287565 -0.015000
v 0.153750 -0.291495 -0.015000
v 0.148698 -0.292386 -0.015000
v 0.144255 -0.289821 -0.015000
v 0.157048 -0.282435 -0.005000
v 0.157048 -0.282435 -0.015000
v 0.142500 -0.285000 -0.005000
v 0.144255 -0.280179 -0.005000
v 0.148698 -0.277614 -0.005000
v 0.153750 -0.278505 -0.005000
v 0.157048 -0.282435 -0.005000
v 0.157048 -0.287565 -0.005000
v 0.153750 -0.291495 -0.005000
v 0.148698 -0.292386 -0.005000
v 0.144255 -0.289821 -0.005000
v 0.146000 -0.285000 -0.005000
v 0.147506 -0.288127 -0.005000
v 0.150890 -0.288900 -0.005000
v 0.153604 -0.286736 -0.005000
v 0.153604 -0.283264 -0.005000
v 0.150890 -0.281100 -0.005000
v 0.147506 -0.281873 -0.005000
v 0.116000 -0.315000 -0.005000
v 0.117506 -0.311873 -0.005000
v 0.120890 -0.311100 -0.005000
v 0.123604 -0.313264 -0.005000
v 0.123604 -0.316736 -0.005000
v 0.120890 -0.318900 -0.005000
v 0.117506 -0.318127 -0.005000
v 0.124000 -0.315000 -0.000000
v 0.122494 -0.311873 -0.000000
v 0.119110 -0.311100 -0.000000
v 0.116396 -0.313264 -0.000000
v 0.116396 -0.316736 -0.000000
v 0.119110 -0.318900 -0.000000
v 0.122494 -0.318127 -0.000000
v 0.123604 -0.313264 -0.005000
v 0.124000 -0.315000 -0.000000
v 0.116000 -0.285000 -0.005000
v 0.117506 -0.281873 -0.005000
v 0.120890 -0.281100 -0.005000
v 0.123604 -0.283264 -0.005000
v 0.123604 -0.286736 -0.005000
v 0.120890 -0.288900 -0.005000
v 0.117506 -0.288127 -0.005000
v 0.124000 -0.285000 -0.000000
v 0.122494 -0.281873 -0.000000
v 0.119110 -0.281100 -0.000000
v 0.116396 -0.283264 -0.000000
v 0.116396 -0.286736 -0.000000
v 0.119110 -0.288900 -0.000000
v 0.122494 -0.288127 -0.000000
v 0.123604 -0.283264 -0.005000
v 0.124000 -0.285000 -0.000000
v 0.146000 -0.315000 -0.005000
v 0.147506 -0.311873 -0.005000
v 0.150890 -0.311100 -0.005000
v 0.153604 -0.313264 -0.005000
v 0.153604 -0.316736 -0.005000
v 0.150890 -0.318900 -0.005000
v 0.147506 -0.318127 -0.005000
v 0.154000 -0.315000 -0.000000
v 0.152494 -0.311873 -0.000000
v 0.149110 -0.311100 -0.000000
v 0.146396 -0.313264 -0.000000
v 0.146396 -0.316736 -0.000000
v 0.149110 -0.318900 -0.000000
v 0.152494 -0.318127 -0.000000
v 0.153604 -0.313264 -0.005000
v 0.154000 -0.315000 -0.000000
v 0.146000 -0.285000 -0.005000
v 0.147506 -0.281873 -0.005000
v 0.150890 -0.281100 -0.005000
v 0.153604 -0.283264 -0.005000
v 0.153604 -0.286736 -0.005000
v 0.150890 -0.288900 -0.005000
v 0.147506 -0.288127 -0.005000
v 0.154000 -0.285000 -0.000000
v 0.152494 -0.281873 -0.000000
v 0.149110 -0.281100 -0.000000
v 0.146396 -0.283264 -0.000000
v 0.146396 -0.286736 -0.000000
v 0.149110 -0.288900 -0.000000
v 0.152494 -0.288127 -0.000000
v 0.153604 -0.283264 -0.005000
v 0.154000 -0.285000 -0.000000
v 0.057500 -0.350000 -0.010000
v 0.055745 -0.354821 -0.010000
v 0.051302 -0.357386 -0.010000
v 0.046250 -0.356495 -0.010000
v 0.042952 -0.352565 -0.010000
v 0.042952 -0.347435 -0.010000
v 0.046250 -0.343505 -0.010000
v 0.051302 -0.342614 -0.010000
v 0.055745 -0.345179 -0.010000
v 0.057500 -0.350000 -0.000000
v 0.055745 -0.345179 -0.000000
v 0.051302 -0.342614 -0.000000
v 0.046250 -0.343505 -0.000000
v 0.042952 -0.347435 -0.000000
v 0.042952 -0.352565 -0.000000
v 0.046250 -0.356495 -0.000000
v 0.051302 -0.357386 -0.000000
v 0.055745 -0.354821 -0.000000
v 0.042952 -0.347435 -0.010000
v 0.042952 -0.347435 -0.000000
v 0.057500 -0.350000 -0.010000
v 0.055745 -0.345179 -0.010000
v 0.051302 -0.342614 -0.010000
v 0.046250 -0.343505 -0.010000
v 0.042952 -0.347435 -0.010000
v 0.042952 -0.352565 -0.010000
v 0.046250 -0.356495 -0.010000
v 0.051302 -0.357386 -0.010000
v 0.055745 -0.354821 -0.010000
v 0.054000 -0.350000 -0.010000
v 0.052494 -0.353127 -0.010000
v 0.049110 -0.353900 -0.010000
v 0.046396 -0.351736 -0.010000
v 0.046396 -0.348264 -0.010000
v 0.049110 -0.346100 -0.010000
v 0.052494 -0.346873 -0.010000
v 0.157500 -0.350000 -0.010000
v 0.155745 -0.354821 -0.010000
v 0.151302 -0.357386 -0.010000
v 0.146250 -0.356495 -0.010000
v 0.142952 -0.352565 -0.010000
v 0.142952 -0.347435 -0.010000
v 0.146250 -0.343505 -0.010000
v 0.151302 -0.342614 -0.010000
v 0.155745 -0.345179 -0.010000
v 0.157500 -0.350000 -0.000000
v 0.155745 -0.345179 -0.000000
v 0.151302 -0.342614 -0.000000
v 0.146250 -0.343505 -0.000000
v 0.142952 -0.347435 -0.000000
v 0.142952 -0.352565 -0.000000
v 0.146250 -0.356495 -0.000000
v 0.151302 -0.357386 -0.000000
v 0.155745 -0.354821 -0.000000
v 0.142952 -0.347435 -0.010000
v 0.142952 -0.347435 -0.000000
v 0.157500 -0.350000 -0.010000
v 0.155745 -0.345179 -0.010000
v 0.151302 -0.342614 -0.010000
v 0.146250 -0.343505 -0.010000
v 0.142952 -0.347435 -0.010000
v 0.142952 -0.352565 -0.010000
v 0.146250 -0.356495 -0.010000
v 0.151302 -0.357386 -0.010000
v 0.155745 -0.354821 -0.010000
v 0.154000 -0.350000 -0.010000
v 0.152494 -0.353127 -0.010000
v 0.149110 -0.353900 -0.010000
v 0.146396 -0.351736 -0.010000
v 0.146396 -0.348264 -0.010000
v 0.149110 -0.346100 -0.010000
v 0.152494 -0.346873 -0.010000
v 0.057500 -0.250000 -0.010000
v 0.055745 -0.254821 -0.010000
v 0.051302 -0.257386 -0.010000
v 0.046250 -0.256495 -0.010000
v 0.042952 -0.252565 -0.010000
v 0.042952 -0.247435 -0.010000
v 0.046250 -0.243505 -0.010000
v 0.051302 -0.242614 -0.010000
v 0.055745 -0.245179 -0.010000
v 0.057500 -0.250000 -0.000000
v 0.055745 -0.245179 -0.000000
v 0.051302 -0.242614 -0.000000
v 0.046250 -0.243505 -0.000000
v 0.042952 -0.247435 -0.000000
v 0.042952 -0.252565 -0.000000
v 0.046250 -0.256495 -0.000000
v 0.051302 -0.257386 -0.000000
v 0.055745 -0.254821 -0.000000
v 0.042952 -0.247435 -0.010000
v 0.042952 -0.247435 -0.000000
v 0.057500 -0.250000 -0.010000
v 0.055745 -0.245179 -0.010000
v 0.051302 -0.242614 -0.010000
v 0.046250 -0.243505 -0.010000
v 0.042952 -0.247435 -0.010000
v 0.042952 -0.252565 -0.010000
v 0.046250 -0.256495 -0.010000
v 0.051302 -0.257386 -0.010000
v 0.055745 -0.254821 -0.010000
v 0.054000 -0.250000 -0.010000
v 0.052494 -0.253127 -0.010000
v 0.049110 -0.253900 -0.010000
v 0.046396 -0.251736 -0.010000
v 0.046396 -0.248264 -0.010000
v 0.049110 -0.246100 -0.010000
v 0.052494 -0.246873 -0.010000
v 0.157500 -0.250000 -0.010000
v 0.155745 -0.254821 -0.010000
v 0.151302 -0.257386 -0.010000
v 0.146250 -0.256495 -0.010000
v 0.142952 -0.252565 -0.010000
v 0.142952 -0.247435 -0.010000
v 0.146250 -0.243505 -0.010000
v 0.151302 -0.242614 -0.010000
v 0.155745 -0.245179 -0.010000
v 0.157500 -0.250000 -0.000000
v 0.155745 -0.245179 -0.000000
v 0.151302 -0.242614 -0.000000
v 0.146250 -0.243505 -0.000000
v 0.142952 -0.247435 -0.000000
v 0.142952 -0.252565 -0.000000
v 0.146250 -0.256495 -0.000000
v 0.151302 -0.257386 -0.000000
v 0.155745 -0.254821 -0.000000
v 0.142952 -0.247435 -0.010000
v 0.142952 -0.247435 -0.000000
v 0.157500 -0.250000 -0.010000
v 0.155745 -0.245179 -0.010000
v 0.151302 -0.242614 -0.010000
v 0.146250 -0.243505 -0.010000
v 0.142952 -0.247435 -0.010000
v 0.142952 -0.252565 -0.010000
v 0.146250 -0.256495 -0.010000
v 0.151302 -0.257386 -0.010000
v 0.155745 -0.254821 -0.010000
v 0.154000 -0.250000 -0.010000
v 0.152494 -0.253127 -0.010000
v 0.149110 -0.253900 -0.010000
v 0.146396 -0.251736 -0.010000
v 0.146396 -0.248264 -0.010000
v 0.149110 -0.246100 -0.010000
v 0.152494 -0.246873 -0.010000
v 0.054000 -0.250000 -0.010000
v 0.052494 -0.246873 -0.010000
v 0.049110 -0.246100 -0.010000
v 0.046396 -0.248264 -0.010000
v 0.046396 -0.251736 -0.010000
v 0.049110 -0.253900 -0.010000
v 0.052494 -0.253127 -0.010000
v 0.054000 -0.250000 -0.015000
v 0.052494 -0.253127 -0.015000
v 0.049110 -0.253900 -0.015000
v 0.046396 -0.251736 -0.015000
v 0.046396 -0.248264 -0.015000
v 0.049110 -0.246100 -0.015000
v 0.052494 -0.246873 -0.015000
v 0.054000 -0.250000 -0.010000
v 0.054000 -0.250000 -0.015000
v 0.154000 -0.250000 -0.010000
v 0.152494 -0.246873 -0.010000
v 0.149110 -0.246100 -0.010000
v 0.146396 -0.248264 -0.010000
v 0.146396 -0.251736 -0.010000
v 0.149110 -0.253900 -0.010000
v 0.152494 -0.253127 -0.010000
v 0.154000 -0.250000 -0.015000
v 0.152494 -0.253127 -0.015000
v 0.149110 -0.253900 -0.015000
v 0.146396 -0.251736 -0.015000
v 0.146396 -0.248264 -0.015000
v 0.149110 -0.246100 -0.015000
v 0.152494 -0.246873 -0.015000
v 0.154000 -0.250000 -0.010000
v 0.154000 -0.250000 -0.015000
v 0.154000 -0.350000 -0.010000
v 0.152494 -0.346873 -0.010000
v 0.149110 -0.346100 -0.010000
v 0.146396 -0.348264 -0.010000
v 0.146396 -0.351736 -0.010000
v 0.149110 -0.353900 -0.010000
v 0.152494 -0.353127 -0.010000
v 0.154000 -0.350000 -0.015000
v 0.152494 -0.353127 -0.015000
v 0.149110 -0.353900 -0.015000
v 0.146396 -0.351736 -0.015000
v 0.146396 -0.348264 -0.015000
v 0.149110 -0.346100 -0.015000
v 0.152494 -0.346873 -0.015000
v 0.154000 -0.350000 -0.010000
v 0.154000 -0.350000 -0.015000
v 0.054000 -0.350000 -0.010000
v 0.052494 -0.346873 -0.010000
v 0.049110 -0.346100 -0.010000
v 0.046396 -0.348264 -0.010000
v 0.046396 -0.351736 -0.010000
v 0.049110 -0.353900 -0.010000
v 0.052494 -0.353127 -0.010000
v 0.054000 -0.350000 -0.015000
v 0.052494 -0.353127 -0.015000
v 0.049110 -0.353900 -0.015000
v 0.046396 -0.351736 -0.015000
v 0.046396 -0.348264 -0.015000
v 0.049110 -0.346100 -0.015000
v 0.052494 -0.346873 -0.015000
v 0.054000 -0.350000 -0.010000
v 0.054000 -0.350000 -0.015000
v 0.160000 0.362500 0.000000
v 0.165000 0.361160 0.000000
v 0.168660 0.357500 0.000000
v 0.170000 0.352500 0.000000
v 0.170000 0.352500 -0.015000
v 0.168660 0.357500 -0.015000
v 0.165000 0.361160 -0.015000
v 0.160000 0.362500 -0.015000
v 0.160000 0.362500 -0.015000
v 0.165000 0.361160 -0.015000
v 0.168660 0.357500 -0.015000
v 0.170000 0.352500 -0.015000
v 0.170000 0.247500 -0.015000
v 0.168660 0.242500 -0.015000
v 0.165000 0.238840 -0.015000
v 0.160000 0.237500 -0.015000
v 0.047500 0.237500 -0.015000
v 0.042500 0.238840 -0.015000
v 0.038840 0.242500 -0.015000
v 0.037500 0.247500 -0.015000
v 0.037500 0.352500 -0.015000
v 0.038840 0.357500 -0.015000
v 0.042500 0.361160 -0.015000
v 0.047500 0.362500 -0.015000
v 0.061000 0.285000 -0.015000
v 0.062500 0.282402 -0.015000
v 0.065500 0.282402 -0.015000
v 0.067000 0.285000 -0.015000
v 0.065500 0.287598 -0.015000
v 0.062500 0.287598 -0.015000
v 0.061000 0.315000 -0.015000
v 0.062500 0.312402 -0.015000
v 0.065500 0.312402 -0.015000
v 0.067000 0.315000 -0.015000
v 0.065500 0.317598 -0.015000
v 0.062500 0.317598 -0.015000
v 0.112500 0.285000 -0.015000
v 0.114255 0.280179 -0.015000
v 0.118698 0.277614 -0.015000
v 0.123750 0.278505 -0.015000
v 0.127048 0.282435 -0.015000
v 0.127048 0.287565 -0.015000
v 0.123750 0.291495 -0.015000
v 0.118698 0.292386 -0.015000
v 0.114255 0.289821 -0.015000
v 0.142500 0.285000 -0.015000
v 0.144255 0.280179 -0.015000
v 0.148698 0.277614 -0.015000
v 0.153750 0.278505 -0.015000
v 0.157048 0.282435 -0.015000
v 0.157048 0.287565 -0.015000
v 0.153750 0.291495 -0.015000
v 0.148698 0.292386 -0.015000
v 0.144255 0.289821 -0.015000
v 0.112500 0.315000 -0.015000
v 0.114255 0.310179 -0.015000
v 0.118698 0.307614 -0.015000
v 0.123750 0.308505 -0.015000
v 0.127048 0.312435 -0.015000
v 0.127048 0.317565 -0.015000
v 0.123750 0.321495 -0.015000
v 0.118698 0.322386 -0.015000
v 0.114255 0.319821 -0.015000
v 0.142500 0.315000 -0.015000
v 0.144255 0.310179 -0.015000
v 0.148698 0.307614 -0.015000
v 0.153750 0.308505 -0.015000
v 0.157048 0.312435 -0.015000
v 0.157048 0.317565 -0.015000
v 0.153750 0.321495 -0.015000
v 0.148698 0.322386 -0.015000
v 0.144255 0.319821 -0.015000
v 0.054000 0.250000 -0.015000
v 0.052494 0.253127 -0.015000
v 0.049110 0.253900 -0.015000
v 0.046396 0.251736 -0.015000
v 0.046396 0.248264 -0.015000
v 0.049110 0.246100 -0.015000
v 0.052494 0.246873 -0.015000
v 0.154000 0.250000 -0.015000
v 0.152494 0.253127 -0.015000
v 0.149110 0.253900 -0.015000
v 0.146396 0.251736 -0.015000
v 0.146396 0.248264 -0.015000
v 0.149110 0.246100 -0.015000
v 0.152494 0.246873 -0.015000
v 0.154000 0.350000 -0.015000
v 0.152494 0.353127 -0.015000
v 0.149110 0.353900 -0.015000
v 0.146396 0.351736 -0.015000
v 0.146396 0.348264 -0.015000
v 0.149110 0.346100 -0.015000
v 0.152494 0.346873 -0.015000
v 0.054000 0.350000 -0.015000
v 0.052494 0.353127 -0.015000
v 0.049110 0.353900 -0.015000
v 0.046396 0.351736 -0.015000
v 0.046396 0.348264 -0.015000
v 0.049110 0.346100 -0.015000
v 0.052494 0.346873 -0.015000
v 0.170000 0.352500 -0.015000
v 0.170000 0.352500 0.000000
v 0.170000 0.247500 -0.000000
v 0.170000 0.247500 -0.015000
v 0.160000 0.237500 -0.015000
v 0.165000 0.238840 -0.015000
v 0.168660 0.242500 -0.015000
v 0.170000 0.247500 -0.015000
v 0.170000 0.247500 -0.000000
v 0.168660 0.242500 -0.000000
v 0.165000 0.238840 -0.000000
v 0.160000 0.237500 -0.000000
v 0.047500 0.362500 -0.015000
v 0.042500 0.361160 -0.015000
v 0.038840 0.357500 -0.015000
v 0.037500 0.352500 -0.015000
v 0.037500 0.352500 0.000000
v 0.038840 0.357500 0.000000
v 0.042500 0.361160 0.000000
v 0.047500 0.362500 0.000000
v 0.037500 0.352500 0.000000
v 0.037500 0.352500 -0.015000
v 0.037500 0.247500 -0.015000
v 0.037500 0.247500 -0.000000
v 0.037500 0.247500 -0.015000
v 0.038840 0.242500 -0.015000
v 0.042500 0.238840 -0.015000
v 0.047500 0.237500 -0.015000
v 0.047500 0.237500 -0.000000
v 0.042500 0.238840 -0.000000
v 0.038840 0.242500 -0.000000
v 0.037500 0.247500 -0.000000
v 0.160000 0.237500 -0.015000
v 0.160000 0.237500 -0.000000
v 0.047500 0.237500 -0.000000
v 0.047500 0.237500 -0.015000
v 0.160000 0.362500 0.000000
v 0.160000 0.362500 -0.015000
v 0.047500 0.362500 -0.015000
v 0.047500 0.362500 0.000000
v 0.170000 0.352500 0.000000
v 0.168660 0.357500 0.000000
v 0.165000 0.361160 0.000000
v 0.160000 0.362500 0.000000
v 0.047500 0.362500 0.000000
v 0.042500 0.361160 0.000000
v 0.038840 0.357500 0.000000
v 0.037500 0.352500 0.000000
v 0.037500 0.247500 -0.000000
v 0.038840 0.242500 -0.000000
v 0.042500 0.238840 -0.000000
v 0.047500 0.237500 -0.000000
v 0.160000 0.237500 -0.000000
v 0.165000 0.238840 -0.000000
v 0.168660 0.242500 -0.000000
v 0.170000 0.247500 -0.000000
v 0.157500 0.350000 0.000000
v 0.155745 0.345179 0.000000
v 0.151302 0.342614 0.000000
v 0.146250 0.343505 0.000000
v 0.142952 0.347435 0.000000
v 0.142952 0.352565 0.000000
v 0.146250 0.356495 0.000000
v 0.151302 0.357386 0.000000
v 0.155745 0.354821 0.000000
v 0.057500 0.350000 0.000000
v 0.055745 0.345179 0.000000
v 0.051302 0.342614 0.000000
v 0.046250 0.343505 0.000000
v 0.042952 0.347435 0.000000
v 0.042952 0.352565 0.000000
v 0.046250 0.356495 0.000000
v 0.051302 0.357386 0.000000
v 0.055745 0.354821 0.000000
v 0.157500 0.250000 -0.000000
v 0.155745 0.245179 -0.000000
v 0.151302 0.242614 -0.000000
v 0.146250 0.243505 -0.000000
v 0.142952 0.247435 -0.000000
v 0.142952 0.252565 -0.000000
v 0.146250 0.256495 -0.000000
v 0.151302 0.257386 -0.000000
v 0.155745 0.254821 -0.000000
v 0.057500 0.250000 -0.000000
v 0.055745 0.245179 -0.000000
v 0.051302 0.242614 -0.000000
v 0.046250 0.243505 -0.000000
v 0.042952 0.247435 -0.000000
v 0.042952 0.252565 -0.000000
v 0.046250 0.256495 -0.000000
v 0.051302 0.257386 -0.000000
v 0.055745 0.254821 -0.000000
v 0.154000 0.315000 -0.000000
v 0.152494 0.311873 -0.000000
v 0.149110 0.311100 -0.000000
v 0.146396 0.313264 -0.000000
v 0.146396 0.316736 -0.000000
v 0.149110 0.318900 -0.000000
v 0.152494 0.318127 -0.000000
v 0.154000 0.285000 -0.000000
v 0.152494 0.281873 -0.000000
v 0.149110 0.281100 -0.000000
v 0.146396 0.283264 -0.000000
v 0.146396 0.286736 -0.000000
v 0.149110 0.288900 -0.000000
v 0.152494 0.288127 -0.000000
v 0.124000 0.315000 -0.000000
v 0.122494 0.311873 -0.000000
v 0.119110 0.311100 -0.000000
v 0.116396 0.313264 -0.000000
v 0.116396 0.316736 -0.000000
v 0.119110 0.318900 -0.000000
v 0.122494 0.318127 -0.000000
v 0.124000 0.285000 -0.000000
v 0.122494 0.281873 -0.000000
v 0.119110 0.281100 -0.000000
v 0.116396 0.283264 -0.000000
v 0.116396 0.286736 -0.000000
v 0.119110 0.288900 -0.000000
v 0.122494 0.288127 -0.000000
v 0.067000 0.315000 -0.000000
v 0.065500 0.312402 -0.000000
v 0.062500 0.312402 -0.000000
v 0.061000 0.315000 -0.000000
v 0.062500 0.317598 -0.000000
v 0.065500 0.317598 -0.000000
v 0.067000 0.285000 -0.000000
v 0.065500 0.282402 -0.000000
v 0.062500 0.282402 -0.000000
v 0.061000 0.285000 -0.000000
v 0.062500 0.287598 -0.000000
v 0.065500 0.287598 -0.000000
v 0.061000 0.285000 -0.015000
v 0.062500 0.287598 -0.015000
v 0.065500 0.287598 -0.015000
v 0.067000 0.285000 -0.015000
v 0.065500 0.282402 -0.015000
v 0.062500 0.282402 -0.015000
v 0.067000 0.285000 -0.000000
v 0.065500 0.287598 -0.000000
v 0.062500 0.287598 -0.000000
v 0.061000 0.285000 -0.000000
v 0.062500 0.282402 -0.000000
v 0.065500 0.282402 -0.000000
v 0.061000 0.285000 -0.015000
v 0.061000 0.285000 -0.000000
v 0.061000 0.315000 -0.015000
v 0.062500 0.317598 -0.015000
v 0.065500 0.317598 -0.015000
v 0.067000 0.315000 -0.015000
v 0.065500 0.312402 -0.015000
v 0.062500 0.312402 -0.015000
v 0.067000 0.315000 -0.000000
v 0.065500 0.317598 -0.000000
v 0.062500 0.317598 -0.000000
v 0.061000 0.315000 -0.000000
v 0.062500 0.312402 -0.000000
v 0.065500 0.312402 -0.000000
v 0.061000 0.315000 -0.015000
v 0.061000 0.315000 -0.000000
v 0.112500 0.285000 -0.005000
v 0.114255 0.280179 -0.005000
v 0.118698 0.277614 -0.005000
v 0.123750 0.278505 -0.005000
v 0.127048 0.282435 -0.005000
v 0.127048 0.287565 -0.005000
v 0.123750 0.291495 -0.005000
v 0.118698 0.292386 -0.005000
v 0.114255 0.289821 -0.005000
v 0.112500 0.285000 -0.015000
v 0.114255 0.289821 -0.015000
v 0.118698 0.292386 -0.015000
v 0.123750 0.291495 -0.015000
v 0.127048 0.287565 -0.015000
v 0.127048 0.282435 -0.015000
v 0.123750 0.278505 -0.015000
v 0.118698 0.277614 -0.015000
v 0.114255 0.280179 -0.015000
v 0.127048 0.287565 -0.005000
v 0.127048 0.287565 -0.015000
v 0.112500 0.285000 -0.005000
v 0.114255 0.289821 -0.005000
v 0.118698 0.292386 -0.005000
v 0.123750 0.291495 -0.005000
v 0.127048 0.287565 -0.005000
v 0.127048 0.282435 -0.005000
v 0.123750 0.278505 -0.005000
v 0.118698 0.277614 -0.005000
v 0.114255 0.280179 -0.005000
v 0.116000 0.285000 -0.005000
v 0.117506 0.281873 -0.005000
v 0.120890 0.281100 -0.005000
v 0.123604 0.283264 -0.005000
v 0.123604 0.286736 -0.005000
v 0.120890 0.288900 -0.005000
v 0.117506 0.288127 -0.005000
v 0.142500 0.285000 -0.005000
v 0.144255 0.280179 -0.005000
v 0.148698 0.277614 -0.005000
v 0.153750 0.278505 -0.005000
v 0.157048 0.282435 -0.005000
v 0.157048 0.287565 -0.005000
v 0.153750 0.291495 -0.005000
v 0.148698 0.292386 -0.005000
v 0.144255 0.289821 -0.005000
v 0.142500 0.285000 -0.015000
v 0.144255 0.289821 -0.015000
v 0.148698 0.292386 -0.015000
v 0.153750 0.291495 -0.015000
v 0.157048 0.287565 -0.015000
v 0.157048 0.282435 -0.015000
v 0.153750 0.278505 -0.015000
v 0.148698 0.277614 -0.015000
v 0.144255 0.280179 -0.015000
v 0.157048 0.287565 -0.005000
v 0.157048 0.287565 -0.015000
v 0.142500 0.285000 -0.005000
v 0.144255 0.289821 -0.005000
v 0.148698 0.292386 -0.005000
v 0.153750 0.291495 -0.005000
v 0.157048 0.287565 -0.005000
v 0.157048 0.282435 -0.005000
v 0.153750 0.278505 -0.005000
v 0.148698 0.277614 -0.005000
v 0.144255 0.280179 -0.005000
v 0.146000 0.285000 -0.005000
v 0.147506 0.281873 -0.005000
v 0.150890 0.281100 -0.005000
v 0.153604 0.283264 -0.005000
v 0.153604 0.286736 -0.005000
v 0.150890 0.288900 -0.005000
v 0.147506 0.288127 -0.005000
v 0.112500 0.315000 -0.005000
v 0.114255 0.310179 -0.005000
v 0.118698 0.307614 -0.005000
v 0.123750 0.308505 -0.005000
v 0.127048 0.312435 -0.005000
v 0.127048 0.317565 -0.005000
v 0.123750 0.321495 -0.005000
v 0.118698 0.322386 -0.005000
v 0.114255 0.319821 -0.005000
v 0.112500 0.315000 -0.015000
v 0.114255 0.319821 -0.015000
v 0.118698 0.322386 -0.015000
v 0.123750 0.321495 -0.015000
v 0.127048 0.317565 -0.015000
v 0.127048 0.312435 -0.015000
v 0.123750 0.308505 -0.015000
v 0.118698 0.307614 -0.015000
v 0.114255 0.310179 -0.015000
v 0.127048 0.317565 -0.005000
v 0.127048 0.317565 -0.015000
v 0.112500 0.315000 -0.005000
v 0.114255 0.319821 -0.005000
v 0.118698 0.322386 -0.005000
v 0.123750 0.321495 -0.005000
v 0.127048 0.317565 -0.005000
v 0.127048 0.312435 -0.005000
v 0.123750 0.308505 -0.005000
v 0.118698 0.307614 -0.005000
v 0.114255 0.310179 -0.005000
v 0.116000 0.315000 -0.005000
v 0.117506 0.311873 -0.005000
v 0.120890 0.311100 -0.005000
v 0.123604 0.313264 -0.005000
v 0.123604 0.316736 -0.005000
v 0.120890 0.318900 -0.005000
v 0.117506 0.318127 -0.005000
v 0.142500 0.315000 -0.005000
v 0.144255 0.310179 -0.005000
v 0.148698 0.307614 -0.005000
v 0.153750 0.308505 -0.005000
v 0.157048 0.312435 -0.005000
v 0.157048 0.317565 -0.005000
v 0.153750 0.321495 -0.005000
v 0.148698 0.322386 -0.005000
v 0.144255 0.319821 -0.005000
v 0.142500 0.315000 -0.015000
v 0.144255 0.319821 -0.015000
v 0.148698 0.322386 -0.015000
v 0.153750 0.321495 -0.015000
v 0.157048 0.317565 -0.015000
v 0.157048 0.312435 -0.015000
v 0.153750 0.308505 -0.015000
v 0.148698 0.307614 -0.015000
v 0.144255 0.310179 -0.015000
v 0.157048 0.317565 -0.005000
v 0.157048 0.317565 -0.015000
v 0.142500 0.315000 -0.005000
v 0.144255 0.319821 -0.005000
v 0.148698 0.322386 -0.005000
v 0.153750 0.321495 -0.005000
v 0.157048 0.317565 -0.005000
v 0.157048 0.312435 -0.005000
v 0.153750 0.308505 -0.005000
v 0.148698 0.307614 -0.005000
v 0.144255 0.310179 -0.005000
v 0.146000 0.315000 -0.005000
v 0.147506 0.311873 -0.005000
v 0.150890 0.311100 -0.005000
v 0.153604 0.313264 -0.005000
v 0.153604 0.316736 -0.005000
v 0.150890 0.318900 -0.005000
v 0.147506 0.318127 -0.005000
v 0.116000 0.285000 -0.005000
v 0.117506 0.288127 -0.005000
v 0.120890 0.288900 -0.005000
v 0.123604 0.286736 -0.005000
v 0.123604 0.283264 -0.005000
v 0.120890 0.281100 -0.005000
v 0.117506 0.281873 -0.005000
v 0.124000 0.285000 -0.000000
v 0.122494 0.288127 -0.000000
v 0.119110 0.288900 -0.000000
v 0.116396 0.286736 -0.000000
v 0.116396 0.283264 -0.000000
v 0.119110 0.281100 -0.000000
v 0.122494 0.281873 -0.000000
v 0.123604 0.286736 -0.005000
v 0.124000 0.285000 -0.000000
v 0.116000 0.315000 -0.005000
v 0.117506 0.318127 -0.005000
v 0.120890 0.318900 -0.005000
v 0.123604 0.316736 -0.005000
v 0.123604 0.313264 -0.005000
v 0.120890 0.311100 -0.005000
v 0.117506 0.311873 -0.005000
v 0.124000 0.315000 -0.000000
v 0.122494 0.318127 -0.000000
v 0.119110 0.318900 -0.000000
v 0.116396 0.316736 -0.000000
v 0.116396 0.313264 -0.000000
v 0.119110 0.311100 -0.000000
v 0.122494 0.311873 -0.000000
v 0.123604 0.316736 -0.005000
v 0.124000 0.315000 -0.000000
v 0.146000 0.285000 -0.005000
v 0.147506 0.288127 -0.005000
v 0.150890 0.288900 -0.005000
v 0.153604 0.286736 -0.005000
v 0.153604 0.283264 -0.005000
v 0.150890 0.281100 -0.005000
v 0.147506 0.281873 -0.005000
v 0.154000 0.285000 -0.000000
v 0.152494 0.288127 -0.000000
v 0.149110 0.288900 -0.000000
v 0.146396 0.286736 -0.000000
v 0.146396 0.283264 -0.000000
v 0.149110 0.281100 -0.000000
v 0.152494 0.281873 -0.000000
v 0.153604 0.286736 -0.005000
v 0.154000 0.285000 -0.000000
v 0.146000 0.315000 -0.005000
v 0.147506 0.318127 -0.005000
v 0.150890 0.318900 -0.005000
v 0.153604 0.316736 -0.005000
v 0.153604 0.313264 -0.005000
v 0.150890 0.311100 -0.005000
v 0.147506 0.311873 -0.005000
v 0.154000 0.315000 -0.000000
v 0.152494 0.318127 -0.000000
v 0.149110 0.318900 -0.000000
v 0.146396 0.316736 -0.000000
v 0.146396 0.313264 -0.000000
v 0.149110 0.311100 -0.000000
v 0.152494 0.311873 -0.000000
v 0.153604 0.316736 -0.005000
v 0.154000 0.315000 -0.000000
v 0.057500 0.250000 -0.010000
v 0.055745 0.245179 -0.010000
v 0.051302 0.242614 -0.010000
v 0.046250 0.243505 -0.010000
v 0.042952 0.247435 -0.010000
v 0.042952 0.252565 -0.010000
v 0.046250 0.256495 -0.010000
v 0.051302 0.257386 -0.010000
v 0.055745 0.254821 -0.010000
v 0.057500 0.250000 -0.000000
v 0.055745 0.254821 -0.000000
v 0.051302 0.257386 -0.000000
v 0.046250 0.256495 -0.000000
v 0.042952 0.252565 -0.000000
v 0.042952 0.247435 -0.000000
v 0.046250 0.243505 -0.000000
v 0.051302 0.242614 -0.000000
v 0.055745 0.245179 -0.000000
v 0.042952 0.252565 -0.010000
v 0.042952 0.252565 -0.000000
v 0.057500 0.250000 -0.010000
v 0.055745 0.254821 -0.010000
v 0.051302 0.257386 -0.010000
v 0.046250 0.256495 -0.010000
v 0.042952 0.252565 -0.010000
v 0.042952 0.247435 -0.010000
v 0.046250 0.243505 -0.010000
v 0.051302 0.242614 -0.010000
v 0.055745 0.245179 -0.010000
v 0.054000 0.250000 -0.010000
v 0.052494 0.246873 -0.010000
v 0.049110 0.246100 -0.010000
v 0.046396 0.248264 -0.010000
v 0.046396 0.251736 -0.010000
v 0.049110 0.253900 -0.010000
v 0.052494 0.253127 -0.010000
v 0.157500 0.250000 -0.010000
v 0.155745 0.245179 -0.010000
v 0.151302 0.242614 -0.010000
v 0.146250 0.243505 -0.010000
v 0.142952 0.247435 -0.010000
v 0.142952 0.252565 -0.010000
v 0.146250 0.256495 -0.010000
v 0.151302 0.257386 -0.010000
v 0.155745 0.254821 -0.010000
v 0.157500 0.250000 -0.000000
v 0.155745 0.254821 -0.000000
v 0.151302 0.257386 -0.000000
v 0.146250 0.256495 -0.000000
v 0.142952 0.252565 -0.000000
v 0.142952 0.247435 -0.000000
v 0.146250 0.243505 -0.000000
v 0.151302 0.242614 -0.000000
v 0.155745 0.245179 -0.000000
v 0.142952 0.252565 -0.010000
v 0.142952 0.252565 -0.000000
v 0.157500 0.250000 -0.010000
v 0.155745 0.254821 -0.010000
v 0.151302 0.257386 -0.010000
v 0.146250 0.256495 -0.010000
v 0.142952 0.252565 -0.010000
v 0.142952 0.247435 -0.010000
v 0.146250 0.243505 -0.010000
v 0.151302 0.242614 -0.010000
v 0.155745 0.245179 -0.010000
v 0.154000 0.250000 -0.010000
v 0.152494 0.246873 -0.010000
v 0.149110 0.246100 -0.010000
v 0.146396 0.248264 -0.010000
v 0.146396 0.251736 -0.010000
v 0.149110 0.253900 -0.010000
v 0.152494 0.253127 -0.010000
v 0.057500 0.350000 -0.010000
v 0.055745 0.345179 -0.010000
v 0.051302 0.342614 -0.010000
v 0.046250 0.343505 -0.010000
v 0.042952 0.347435 -0.010000
v 0.042952 0.352565 -0.010000
v 0.046250 0.356495 -0.010000
v 0.051302 0.357386 -0.010000
v 0.055745 0.354821 -0.010000
v 0.057500 0.350000 0.000000
v 0.055745 0.354821 0.000000
v 0.051302 0.357386 0.000000
v 0.046250 0.356495 0.000000
v 0.042952 0.352565 0.000000
v 0.042952 0.347435 0.000000
v 0.046250 0.343505 0.000000
v 0.051302 0.342614 0.000000
v 0.055745 0.345179 0.000000
v 0.042952 0.352565 -0.010000
v 0.042952 0.352565 0.000000
v 0.057500 0.350000 -0.010000
v 0.055745 0.354821 -0.010000
v 0.051302 0.357386 -0.010000
v 0.046250 0.356495 -0.010000
v 0.042952 0.352565 -0.010000
v 0.042952 0.347435 -0.010000
v 0.046250 0.343505 -0.010000
v 0.051302 0.342614 -0.010000
v 0.055745 0.345179 -0.010000
v 0.054000 0.350000 -0.010000
v 0.052494 0.346873 -0.010000
v 0.049110 0.346100 -0.010000
v 0.046396 0.348264 -0.010000
v 0.046396 0.351736 -0.010000
v 0.049110 0.353900 -0.010000
v 0.052494 0.353127 -0.010000
v 0.157500 0.350000 -0.010000
v 0.155745 0.345179 -0.010000
v 0.151302 0.342614 -0.010000
v 0.146250 0.343505 -0.010000
v 0.142952 0.347435 -0.010000
v 0.142952 0.352565 -0.010000
v 0.146250 0.356495 -0.010000
v 0.151302 0.357386 -0.010000
v 0.155745 0.354821 -0.010000
v 0.157500 0.350000 0.000000
v 0.155745 0.354821 0.000000
v 0.151302 0.357386 0.000000
v 0.146250 0.356495 0.000000
v 0.142952 0.352565 0.000000
v 0.142952 0.347435 0.000000
v 0.146250 0.343505 0.000000
v 0.151302 0.342614 0.000000
v 0.155745 0.345179 0.000000
v 0.142952 0.352565 -0.010000
v 0.142952 0.352565 0.000000
v 0.157500 0.350000 -0.010000
v 0.155745 0.354821 -0.010000
v 0.151302 0.357386 -0.010000
v 0.146250 0.356495 -0.010000
v 0.142952 0.352565 -0.010000
v 0.142952 0.347435 -0.010000
v 0.146250 0.343505 -0.010000
v 0.151302 0.342614 -0.010000
v 0.155745 0.345179 -0.010000
v 0.154000 0.350000 -0.010000
v 0.152494 0.346873 -0.010000
v 0.149110 0.346100 -0.010000
v 0.146396 0.348264 -0.010000
v 0.146396 0.351736 -0.010000
v 0.149110 0.353900 -0.010000
v 0.152494 0.353127 -0.010000
v 0.054000 0.350000 -0.010000
v 0.052494 0.353127 -0.010000
v 0.049110 0.353900 -0.010000
v 0.046396 0.351736 -0.010000
v 0.046396 0.348264 -0.010000
v 0.049110 0.346100 -0.010000
v 0.052494 0.346873 -0.010000
v 0.054000 0.350000 -0.015000
v 0.052494 0.346873 -0.015000
v 0.049110 0.346100 -0.015000
v 0.046396 0.348264 -0.015000
v 0.046396 0.351736 -0.015000
v 0.049110 0.353900 -0.015000
v 0.052494 0.353127 -0.015000
v 0.054000 0.350000 -0.010000
v 0.054000 0.350000 -0.015000
v 0.154000 0.350000 -0.010000
v 0.152494 0.353127 -0.010000
v 0.149110 0.353900 -0.010000
v 0.146396 0.351736 -0.010000
v 0.146396 0.348264 -0.010000
v 0.149110 0.346100 -0.010000
v 0.152494 0.346873 -0.010000
v 0.154000 0.350000 -0.015000
v 0.152494 0.346873 -0.015000
v 0.149110 0.346100 -0.015000
v 0.146396 0.348264 -0.015000
v 0.146396 0.351736 -0.015000
v 0.149110 0.353900 -0.015000
v 0.152494 0.353127 -0.015000
v 0.154000 0.350000 -0.010000
v 0.154000 0.350000 -0.015000
v 0.154000 0.250000 -0.010000
v 0.152494 0.253127 -0.010000
v 0.149110 0.253900 -0.010000
v 0.146396 0.251736 -0.010000
v 0.146396 0.248264 -0.010000
v 0.149110 0.246100 -0.010000
v 0.152494 0.246873 -0.010000
v 0.154000 0.250000 -0.015000
v 0.152494 0.246873 -0.015000
v 0.149110 0.246100 -0.015000
v 0.146396 0.248264 -0.015000
v 0.146396 0.251736 -0.015000
v 0.149110 0.253900 -0.015000
v 0.152494 0.253127 -0.015000
v 0.154000 0.250000 -0.010000
v 0.154000 0.250000 -0.015000
v 0.054000 0.250000 -0.010000
v 0.052494 0.253127 -0.010000
v 0.049110 0.253900 -0.010000
v 0.046396 0.251736 -0.010000
v 0.046396 0.248264 -0.010000
v 0.049110 0.246100 -0.010000
v 0.052494 0.246873 -0.010000
v 0.054000 0.250000 -0.015000
v 0.052494 0.246873 -0.015000
v 0.049110 0.246100 -0.015000
v 0.046396 0.248264 -0.015000
v 0.046396 0.251736 -0.015000
v 0.049110 0.253900 -0.015000
v 0.052494 0.253127 -0.015000
v 0.054000 0.250000 -0.010000
v 0.054000 0.250000 -0.015000
f 6978 6988 6977
f 6977 6988 6983
f 6977 6983 6982
f 6982 6983 6984
f 6982 6984 6981
f 6981 6984 6985
f 6981 6985 6980
f 6980 6985 6989
f 6990 6986 6979
f 6979 6986 6987
f 6979 6987 6978
f 6978 6987 6988
f 6992 6993 6991
f 6991 6993 6994
f 6991 6994 6996
f 6996 6994 6995
f 6998 7008 6997
f 6997 7008 7003
f 6997 7003 7002
f 7002 7003 7004
f 7002 7004 7001
f 7001 7004 7005
f 7001 7005 7000
f 7000 7005 7009
f 7010 7006 6999
f 6999 7006 7007
f 6999 7007 6998
f 6998 7007 7008
f 7012 7013 7011
f 7011 7013 7014
f 7011 7014 7016
f 7016 7014 7015
f 7018 7028 7017
f 7017 7028 7023
f 7017 7023 7022
f 7022 7023 7024
f 7022 7024 7021
f 7021 7024 7025
f 7021 7025 7020
f 7020 7025 7029
f 7030 7026 7019
f 7019 7026 7027
f 7019 7027 7018
f 7018 7027 7028
f 7032 7033 7031
f 7031 7033 7034
f 7031 7034 7036
f 7036 7034 7035
f 7038 7048 7037
f 7037 7048 7043
f 7037 7043 7042
f 7042 7043 7044
f 7042 7044 7041
f 7041 7044 7045
f 7041 7045 7040
f 7040 7045 7049
f 7050 7046 7039
f 7039 7046 7047
f 7039 7047 7038
f 7038 7047 7048
f 7052 7053 7051
f 7051 7053 7054
f 7051 7054 7056
f 7056 7054 7055
f 7058 7068 7057
f 7057 7068 7063
f 7057 7063 7062
f 7062 7063 7064
f 7062 7064 7061
f 7061 7064 7065
f 7061 7065 7060
f 7060 7065 7070
f 7069 7066 7059
f 7059 7066 7067
f 7059 7067 7058
f 7058 7067 7068
f 7072 7073 7071
f 7071 7073 7074
f 7071 7074 7076
f 7076 7074 7075
f 7078 7088 7077
f 7077 7088 7083
f 7077 7083 7082
f 7082 7083 7084
f 7082 7084 7081
f 7081 7084 7085
f 7081 7085 7080
f 7080 7085 7090
f 7089 7086 7079
f 7079 7086 7087
f 7079 7087 7078
f 7078 7087 7088
f 7092 7093 7091
f 7091 7093 7094
f 7091 7094 7096
f 7096 7094 7095
f 7098 7108 7097
f 7097 7108 7103
f 7097 7103 7102
f 7102 7103 7104
f 7102 7104 7101
f 7101 7104 7105
f 7101 7105 7100
f 7100 7105 7110
f 7109 7106 7099
f 7099 7106 7107
f 7099 7107 7098
f 7098 7107 7108
f 7112 7113 7111
f 7111 7113 7114
f 7111 7114 7116
f 7116 7114 7115
f 7118 7128 7117
f 7117 7128 7123
f 7117 7123 7122
f 7122 7123 7124
f 7122 7124 7121
f 7121 7124 7125
f 7121 7125 7120
f 7120 7125 7130
f 7129 7126 7119
f 7119 7126 7127
f 7119 7127 7118
f 7118 7127 7128
f 7132 7133 7131
f 7131 7133 7134
f 7131 7134 7136
f 7136 7134 7135
f 7138 7148 7137
f 7137 7148 7143
f 7137 7143 7142
f 7142 7143 7144
f 7142 7144 7141
f 7141 7144 7145
f 7141 7145 7140
f 7140 7145 7149
f 7150 7146 7139
f 7139 7146 7147
f 7139 7147 7138
f 7138 7147 7148
f 7152 7153 7151
f 7151 7153 7154
f 7151 7154 7156
f 7156 7154 7155
f 7158 7168 7157
f 7157 7168 7163
f 7157 7163 7162
f 7162 7163 7164
f 7162 7164 7161
f 7161 7164 7165
f 7161 7165 7160
f 7160 7165 7169
f 7170 7166 7159
f 7159 7166 7167
f 7159 7167 7158
f 7158 7167 7168
f 7172 7173 7171
f 7171 7173 7174
f 7171 7174 7176
f 7176 7174 7175
f 7178 7188 7177
f 7177 7188 7183
f 7177 7183 7182
f 7182 7183 7184
f 7182 7184 7181
f 7181 7184 7185
f 7181 7185 7180
f 7180 7185 7189
f 7190 7186 7179
f 7179 7186 7187
f 7179 7187 7178
f 7178 7187 7188
f 7192 7193 7191
f 7191 7193 7194
f 7191 7194 7196
f 7196 7194 7195
f 7198 7208 7197
f 7197 7208 7203
f 7197 7203 7202
f 7202 7203 7204
f 7202 7204 7201
f 7201 7204 7205
f 7201 7205 7200
f 7200 7205 7209
f 7210 7206 7199
f 7199 7206 7207
f 7199 7207 7198
f 7198 7207 7208
f 7212 7213 7211
f 7211 7213 7214
f 7211 7214 7216
f 7216 7214 7215
f 7224 7217 7223
f 7223 7217 7218
f 7223 7218 7219
f 7220 7221 7219
f 7219 7221 7222
f 7219 7222 7223
f 7226 7227 7225
f 7225 7227 7228
f 7230 7241 7229
f 7229 7241 7238
f 7229 7238 7250
f 7250 7238 7249
f 7249 7238 7239
f 7249 7239 7240
f 7241 7230 7246
f 7246 7230 7231
f 7246 7231 7245
f 7245 7231 7244
f 7244 7231 7232
f 7244 7232 7347
f 7347 7232 7346
f 7346 7232 7233
f 7346 7233 7354
f 7354 7233 7329
f 7354 7329 7353
f 7353 7329 7330
f 7353 7330 7352
f 7352 7330 7331
f 7352 7331 7300
f 7300 7331 7381
f 7300 7381 7299
f 7299 7381 7382
f 7299 7382 7399
f 7399 7382 7398
f 7398 7382 7383
f 7398 7383 7386
f 7386 7383 7395
f 7386 7395 7391
f 7391 7395 7396
f 7391 7396 7301
f 7301 7396 7314
f 7301 7314 7315
f 7329 7233 7255
f 7255 7233 7234
f 7255 7234 7254
f 7254 7234 7251
f 7254 7251 7273
f 7273 7251 7252
f 7273 7252 7272
f 7272 7252 7247
f 7272 7247 7271
f 7271 7247 7379
f 7271 7379 7364
f 7251 7234 7250
f 7250 7234 7229
f 7236 7379 7235
f 7235 7379 7247
f 7235 7247 7248
f 7379 7236 7376
f 7376 7236 7237
f 7376 7237 7242
f 7242 7237 7241
f 7241 7237 7238
f 7249 7240 7248
f 7248 7240 7235
f 7376 7242 7404
f 7404 7242 7243
f 7404 7243 7412
f 7412 7243 7244
f 7412 7244 7411
f 7411 7244 7348
f 7411 7348 7349
f 7254 7273 7253
f 7253 7273 7274
f 7253 7274 7265
f 7265 7274 7262
f 7265 7262 7270
f 7270 7262 7263
f 7270 7263 7367
f 7367 7263 7264
f 7367 7264 7364
f 7364 7264 7259
f 7364 7259 7271
f 7271 7259 7260
f 7271 7260 7276
f 7276 7260 7261
f 7276 7261 7275
f 7275 7261 7274
f 7274 7261 7262
f 7329 7255 7328
f 7328 7255 7256
f 7328 7256 7336
f 7336 7256 7268
f 7336 7268 7335
f 7335 7268 7312
f 7335 7312 7313
f 7268 7256 7267
f 7267 7256 7257
f 7267 7257 7258
f 7267 7258 7266
f 7266 7258 7253
f 7266 7253 7265
f 7312 7268 7311
f 7311 7268 7269
f 7311 7269 7310
f 7310 7269 7270
f 7310 7270 7367
f 7278 7289 7277
f 7277 7289 7286
f 7277 7286 7298
f 7298 7286 7297
f 7297 7286 7287
f 7297 7287 7288
f 7289 7278 7294
f 7294 7278 7279
f 7294 7279 7293
f 7293 7279 7292
f 7292 7279 7280
f 7292 7280 7338
f 7338 7280 7337
f 7337 7280 7281
f 7337 7281 7345
f 7345 7281 7320
f 7345 7320 7321
f 7320 7281 7400
f 7400 7281 7282
f 7400 7282 7399
f 7399 7282 7299
f 7299 7282 7298
f 7298 7282 7277
f 7284 7410 7283
f 7283 7410 7349
f 7283 7349 7350
f 7410 7284 7409
f 7409 7284 7285
f 7409 7285 7355
f 7355 7285 7290
f 7355 7290 7291
f 7290 7285 7289
f 7289 7285 7286
f 7297 7288 7296
f 7296 7288 7283
f 7296 7283 7295
f 7295 7283 7350
f 7295 7350 7351
f 7355 7291 7363
f 7363 7291 7292
f 7363 7292 7362
f 7362 7292 7339
f 7362 7339 7361
f 7361 7339 7340
f 7361 7340 7360
f 7360 7340 7341
f 7360 7341 7372
f 7372 7341 7342
f 7372 7342 7323
f 7323 7342 7322
f 7322 7342 7343
f 7322 7343 7321
f 7321 7343 7344
f 7321 7344 7345
f 7352 7300 7351
f 7351 7300 7295
f 7391 7301 7390
f 7390 7301 7302
f 7390 7302 7389
f 7389 7302 7303
f 7389 7303 7326
f 7326 7303 7325
f 7325 7303 7304
f 7325 7304 7324
f 7324 7304 7305
f 7324 7305 7371
f 7371 7305 7306
f 7371 7306 7368
f 7368 7306 7307
f 7368 7307 7308
f 7308 7309 7368
f 7368 7309 7316
f 7368 7316 7317
f 7316 7309 7315
f 7315 7309 7301
f 7314 7397 7313
f 7313 7397 7392
f 7313 7392 7334
f 7334 7392 7333
f 7333 7392 7380
f 7333 7380 7332
f 7332 7380 7381
f 7332 7381 7331
f 7368 7317 7367
f 7367 7317 7318
f 7367 7318 7310
f 7320 7400 7319
f 7319 7400 7401
f 7319 7401 7327
f 7327 7401 7389
f 7327 7389 7326
f 7372 7323 7371
f 7371 7323 7324
f 7334 7335 7313
f 7338 7339 7292
f 7347 7348 7244
f 7409 7355 7408
f 7408 7355 7356
f 7408 7356 7407
f 7407 7356 7375
f 7407 7375 7406
f 7406 7375 7376
f 7406 7376 7405
f 7405 7376 7404
f 7356 7357 7375
f 7375 7357 7358
f 7375 7358 7359
f 7375 7359 7372
f 7372 7359 7360
f 7365 7366 7364
f 7364 7366 7367
f 7368 7369 7371
f 7371 7369 7370
f 7373 7374 7372
f 7372 7374 7375
f 7376 7377 7379
f 7379 7377 7378
f 7395 7383 7394
f 7394 7383 7384
f 7394 7384 7385
f 7394 7385 7393
f 7393 7385 7380
f 7393 7380 7392
f 7386 7387 7398
f 7398 7387 7403
f 7403 7387 7388
f 7403 7388 7402
f 7402 7388 7389
f 7402 7389 7401
f 7396 7397 7314
f 7410 7411 7349
f 7420 7413 7419
f 7419 7413 7414
f 7419 7414 7415
f 7416 7417 7415
f 7415 7417 7418
f 7415 7418 7419
f 7422 7423 7421
f 7421 7423 7424
f 7432 7425 7431
f 7431 7425 7426
f 7431 7426 7427
f 7428 7429 7427
f 7427 7429 7430
f 7427 7430 7431
f 7434 7435 7433
f 7433 7435 7436
f 7444 7437 7443
f 7443 7437 7438
f 7443 7438 7439
f 7440 7441 7439
f 7439 7441 7442
f 7439 7442 7443
f 7446 7452 7445
f 7445 7452 7453
f 7445 7453 7451
f 7451 7453 7454
f 7451 7454 7450
f 7450 7454 7460
f 7450 7460 7449
f 7459 7455 7456
f 7459 7456 7448
f 7448 7456 7457
f 7448 7457 7447
f 7447 7457 7458
f 7447 7458 7446
f 7446 7458 7452
f 7462 7470 7461
f 7461 7470 7471
f 7461 7471 7469
f 7469 7471 7472
f 7469 7472 7468
f 7468 7472 7473
f 7468 7473 7467
f 7467 7473 7480
f 7467 7480 7466
f 7479 7474 7475
f 7479 7475 7465
f 7465 7475 7476
f 7465 7476 7464
f 7464 7476 7477
f 7464 7477 7463
f 7463 7477 7478
f 7463 7478 7462
f 7462 7478 7470
f 7489 7481 7490
f 7490 7481 7482
f 7490 7482 7496
f 7496 7482 7483
f 7496 7483 7495
f 7495 7483 7484
f 7495 7484 7494
f 7494 7484 7485
f 7494 7485 7486
f 7494 7486 7493
f 7493 7486 7487
f 7493 7487 7492
f 7492 7487 7488
f 7492 7488 7491
f 7491 7488 7489
f 7491 7489 7490
f 7498 7504 7497
f 7497 7504 7505
f 7497 7505 7503
f 7503 7505 7506
f 7503 7506 7502
f 7502 7506 7512
f 7502 7512 7501
f 7511 7507 7508
f 7511 7508 7500
f 7500 7508 7509
f 7500 7509 7499
f 7499 7509 7510
f 7499 7510 7498
f 7498 7510 7504
f 7514 7522 7513
f 7513 7522 7523
f 7513 7523 7521
f 7521 7523 7524
f 7521 7524 7520
f 7520 7524 7525
f 7520 7525 7519
f 7519 7525 7532
f 7519 7532 7518
f 7531 7526 7527
f 7531 7527 7517
f 7517 7527 7528
f 7517 7528 7516
f 7516 7528 7529
f 7516 7529 7515
f 7515 7529 7530
f 7515 7530 7514
f 7514 7530 7522
f 7541 7533 7542
f 7542 7533 7534
f 7542 7534 7548
f 7548 7534 7535
f 7548 7535 7547
f 7547 7535 7536
f 7547 7536 7546
f 7546 7536 7537
f 7546 7537 7538
f 7546 7538 7545
f 7545 7538 7539
f 7545 7539 7544
f 7544 7539 7540
f 7544 7540 7543
f 7543 7540 7541
f 7543 7541 7542
f 7550 7556 7549
f 7549 7556 7557
f 7549 7557 7555
f 7555 7557 7558
f 7555 7558 7554
f 7554 7558 7564
f 7554 7564 7553
f 7563 7559 7560
f 7563 7560 7552
f 7552 7560 7561
f 7552 7561 7551
f 7551 7561 7562
f 7551 7562 7550
f 7550 7562 7556
f 7566 7574 7565
f 7565 7574 7575
f 7565 7575 7573
f 7573 7575 7576
f 7573 7576 7572
f 7572 7576 7577
f 7572 7577 7571
f 7571 7577 7584
f 7571 7584 7570
f 7583 7578 7579
f 7583 7579 7569
f 7569 7579 7580
f 7569 7580 7568
f 7568 7580 7581
f 7568 7581 7567
f 7567 7581 7582
f 7567 7582 7566
f 7566 7582 7574
f 7593 7585 7594
f 7594 7585 7586
f 7594 7586 7600
f 7600 7586 7587
f 7600 7587 7599
f 7599 7587 7588
f 7599 7588 7598
f 7598 7588 7589
f 7598 7589 7590
f 7598 7590 7597
f 7597 7590 7591
f 7597 7591 7596
f 7596 7591 7592
f 7596 7592 7595
f 7595 7592 7593
f 7595 7593 7594
f 7602 7608 7601
f 7601 7608 7609
f 7601 7609 7607
f 7607 7609 7610
f 7607 7610 7606
f 7606 7610 7616
f 7606 7616 7605
f 7615 7611 7612
f 7615 7612 7604
f 7604 7612 7613
f 7604 7613 7603
f 7603 7613 7614
f 7603 7614 7602
f 7602 7614 7608
f 7618 7626 7617
f 7617 7626 7627
f 7617 7627 7625
f 7625 7627 7628
f 7625 7628 7624
f 7624 7628 7629
f 7624 7629 7623
f 7623 7629 7636
f 7623 7636 7622
f 7635 7630 7631
f 7635 7631 7621
f 7621 7631 7632
f 7621 7632 7620
f 7620 7632 7633
f 7620 7633 7619
f 7619 7633 7634
f 7619 7634 7618
f 7618 7634 7626
f 7645 7637 7646
f 7646 7637 7638
f 7646 7638 7652
f 7652 7638 7639
f 7652 7639 7651
f 7651 7639 7640
f 7651 7640 7650
f 7650 7640 7641
f 7650 7641 7642
f 7650 7642 7649
f 7649 7642 7643
f 7649 7643 7648
f 7648 7643 7644
f 7648 7644 7647
f 7647 7644 7645
f 7647 7645 7646
f 7654 7660 7653
f 7653 7660 7661
f 7653 7661 7659
f 7659 7661 7662
f 7659 7662 7658
f 7658 7662 7668
f 7658 7668 7657
f 7667 7663 7664
f 7667 7664 7656
f 7656 7664 7665
f 7656 7665 7655
f 7655 7665 7666
f 7655 7666 7654
f 7654 7666 7660
f 7670 7678 7669
f 7669 7678 7679
f 7669 7679 7677
f 7677 7679 7680
f 7677 7680 7676
f 7676 7680 7681
f 7676 7681 7675
f 7675 7681 7688
f 7675 7688 7674
f 7687 7682 7683
f 7687 7683 7673
f 7673 7683 7684
f 7673 7684 7672
f 7672 7684 7685
f 7672 7685 7671
f 7671 7685 7686
f 7671 7686 7670
f 7670 7686 7678
f 7697 7689 7698
f 7698 7689 7690
f 7698 7690 7704
f 7704 7690 7691
f 7704 7691 7703
f 7703 7691 7692
f 7703 7692 7702
f 7702 7692 7693
f 7702 7693 7694
f 7702 7694 7701
f 7701 7694 7695
f 7701 7695 7700
f 7700 7695 7696
f 7700 7696 7699
f 7699 7696 7697
f 7699 7697 7698
f 7706 7712 7705
f 7705 7712 7713
f 7705 7713 7711
f 7711 7713 7714
f 7711 7714 7710
f 7710 7714 7720
f 7710 7720 7709
f 7719 7715 7716
f 7719 7716 7708
f 7708 7716 7717
f 7708 7717 7707
f 7707 7717 7718
f 7707 7718 7706
f 7706 7718 7712
f 7722 7730 7721
f 7721 7730 7731
f 7721 7731 7729
f 7729 7731 7732
f 7729 7732 7728
f 7728 7732 7733
f 7728 7733 7727
f 7727 7733 7740
f 7727 7740 7726
f 7739 7734 7735
f 7739 7735 7725
f 7725 7735 7736
f 7725 7736 7724
f 7724 7736 7737
f 7724 7737 7723
f 7723 7737 7738
f 7723 7738 7722
f 7722 7738 7730
f 7749 7741 7750
f 7750 7741 7742
f 7750 7742 7756
f 7756 7742 7743
f 7756 7743 7755
f 7755 7743 7744
f 7755 7744 7754
f 7754 7744 7745
f 7754 7745 7746
f 7754 7746 7753
f 7753 7746 7747
f 7753 7747 7752
f 7752 7747 7748
f 7752 7748 7751
f 7751 7748 7749
f 7751 7749 7750
f 7758 7764 7757
f 7757 7764 7765
f 7757 7765 7763
f 7763 7765 7766
f 7763 7766 7762
f 7762 7766 7772
f 7762 7772 7761
f 7771 7767 7768
f 7771 7768 7760
f 7760 7768 7769
f 7760 7769 7759
f 7759 7769 7770
f 7759 7770 7758
f 7758 7770 7764
f 7774 7782 7773
f 7773 7782 7783
f 7773 7783 7781
f 7781 7783 7784
f 7781 7784 7780
f 7780 7784 7785
f 7780 7785 7779
f 7779 7785 7792
f 7779 7792 7778
f 7791 7786 7787
f 7791 7787 7777
f 7777 7787 7788
f 7777 7788 7776
f 7776 7788 7789
f 7776 7789 7775
f 7775 7789 7790
f 7775 7790 7774
f 7774 7790 7782
f 7801 7793 7802
f 7802 7793 7794
f 7802 7794 7808
f 7808 7794 7795
f 7808 7795 7807
f 7807 7795 7796
f 7807 7796 7806
f 7806 7796 7797
f 7806 7797 7798
f 7806 7798 7805
f 7805 7798 7799
f 7805 7799 7804
f 7804 7799 7800
f 7804 7800 7803
f 7803 7800 7801
f 7803 7801 7802
f 7810 7816 7809
f 7809 7816 7817
f 7809 7817 7815
f 7815 7817 7818
f 7815 7818 7814
f 7814 7818 7824
f 7814 7824 7813
f 7823 7819 7820
f 7823 7820 7812
f 7812 7820 7821
f 7812 7821 7811
f 7811 7821 7822
f 7811 7822 7810
f 7810 7822 7816
f 7826 7834 7825
f 7825 7834 7835
f 7825 7835 7833
f 7833 7835 7836
f 7833 7836 7832
f 7832 7836 7837
f 7832 7837 7831
f 7831 7837 7844
f 7831 7844 7830
f 7843 7838 7839
f 7843 7839 7829
f 7829 7839 7840
f 7829 7840 7828
f 7828 7840 7841
f 7828 7841 7827
f 7827 7841 7842
f 7827 7842 7826
f 7826 7842 7834
f 7853 7845 7854
f 7854 7845 7846
f 7854 7846 7860
f 7860 7846 7847
f 7860 7847 7859
f 7859 7847 7848
f 7859 7848 7858
f 7858 7848 7849
f 7858 7849 7850
f 7858 7850 7857
f 7857 7850 7851
f 7857 7851 7856
f 7856 7851 7852
f 7856 7852 7855
f 7855 7852 7853
f 7855 7853 7854
f 7862 7872 7861
f 7861 7872 7867
f 7861 7867 7866
f 7866 7867 7868
f 7866 7868 7865
f 7865 7868 7869
f 7865 7869 7864
f 7864 7869 7874
f 7873 7870 7863
f 7863 7870 7871
f 7863 7871 7862
f 7862 7871 7872
f 7876 7877 7875
f 7875 7877 7878
f 7875 7878 7880
f 7880 7878 7879
f 7882 7892 7881
f 7881 7892 7887
f 7881 7887 7886
f 7886 7887 7888
f 7886 7888 7885
f 7885 7888 7889
f 7885 7889 7884
f 7884 7889 7894
f 7893 7890 7883
f 7883 7890 7891
f 7883 7891 7882
f 7882 7891 7892
f 7896 7897 7895
f 7895 7897 7898
f 7895 7898 7900
f 7900 7898 7899
f 7902 7912 7901
f 7901 7912 7907
f 7901 7907 7906
f 7906 7907 7908
f 7906 7908 7905
f 7905 7908 7909
f 7905 7909 7904
f 7904 7909 7914
f 7913 7910 7903
f 7903 7910 7911
f 7903 7911 7902
f 7902 7911 7912
f 7916 7917 7915
f 7915 7917 7918
f 7915 7918 7920
f 7920 7918 7919
f 7922 7932 7921
f 7921 7932 7927
f 7921 7927 7926
f 7926 7927 7928
f 7926 7928 7925
f 7925 7928 7929
f 7925 7929 7924
f 7924 7929 7934
f 7933 7930 7923
f 7923 7930 7931
f 7923 7931 7922
f 7922 7931 7932
f 7936 7937 7935
f 7935 7937 7938
f 7935 7938 7940
f 7940 7938 7939
f 7942 7943 7941
f 7941 7943 7944
f 7946 7948 7945
f 7945 7948 7982
f 7945 7982 7968
f 7968 7982 7974
f 7974 7982 7983
f 7974 7983 7973
f 7973 7983 7984
f 7973 7984 7985
f 7946 7947 7948
f 7948 7949 7982
f 7982 7949 7996
f 7982 7996 7997
f 7950 7951 7949
f 7949 7951 7952
f 7949 7952 7996
f 7996 7952 8010
f 7996 8010 8011
f 7953 8015 7952
f 7952 8015 8016
f 7952 8016 8010
f 7954 7956 7953
f 7953 7956 8007
f 7953 8007 8008
f 7954 7955 7956
f 7957 7979 7956
f 7956 7979 7992
f 7956 7992 7993
f 7958 7959 7957
f 7957 7959 7960
f 7957 7960 7964
f 7964 7960 7963
f 7963 7960 7962
f 7962 7960 7970
f 7962 7970 7971
f 7960 7945 7970
f 7970 7945 7969
f 7969 7945 7968
f 7962 7971 7961
f 7961 7971 7972
f 7961 7972 7985
f 7985 7972 7973
f 7964 7965 7957
f 7957 7965 7978
f 7957 7978 7979
f 7965 7966 7978
f 7978 7966 7977
f 7977 7966 7976
f 7976 7966 7967
f 7976 7967 7975
f 7975 7967 7961
f 7975 7961 7985
f 7979 7980 7992
f 7992 7980 7991
f 7991 7980 7990
f 7990 7980 7981
f 7990 7981 7989
f 7989 7981 7975
f 7989 7975 7999
f 7999 7975 7986
f 7999 7986 7987
f 7985 7986 7975
f 7988 7997 7987
f 7987 7997 7998
f 7987 7998 7999
f 7988 7982 7997
f 7956 7993 8006
f 8006 7993 7994
f 8006 7994 8005
f 8005 7994 8004
f 8004 7994 7995
f 8004 7995 8003
f 8003 7995 7989
f 8003 7989 8013
f 8013 7989 8000
f 8013 8000 8001
f 7999 8000 7989
f 8002 8011 8001
f 8001 8011 8012
f 8001 8012 8013
f 8002 7996 8011
f 8006 8007 7956
f 8008 8009 7953
f 7953 8009 8015
f 8015 8009 8014
f 8014 8009 8003
f 8014 8003 8013
f 8024 8017 8023
f 8023 8017 8018
f 8023 8018 8022
f 8022 8018 8019
f 8022 8019 8021
f 8021 8019 8020
f 8026 8104 8025
f 8025 8104 8105
f 8025 8105 8040
f 8040 8105 8106
f 8040 8106 8111
f 8111 8106 8110
f 8110 8106 8078
f 8110 8078 8079
f 8104 8026 8103
f 8103 8026 8027
f 8103 8027 8028
f 8029 8084 8028
f 8028 8084 8085
f 8028 8085 8086
f 8030 8096 8029
f 8029 8096 8097
f 8029 8097 8065
f 8065 8097 8098
f 8065 8098 8064
f 8064 8098 8063
f 8063 8098 8099
f 8063 8099 8056
f 8056 8099 8055
f 8055 8099 8100
f 8055 8100 8089
f 8089 8100 8095
f 8095 8100 8033
f 8095 8033 8094
f 8094 8033 8034
f 8094 8034 8093
f 8093 8034 8035
f 8093 8035 8036
f 8030 8031 8096
f 8096 8031 8102
f 8102 8031 8032
f 8102 8032 8101
f 8101 8032 8033
f 8101 8033 8100
f 8037 8047 8036
f 8036 8047 8041
f 8036 8041 8091
f 8091 8041 8042
f 8091 8042 8090
f 8090 8042 8043
f 8090 8043 8089
f 8089 8043 8054
f 8089 8054 8055
f 8038 8113 8037
f 8037 8113 8114
f 8037 8114 8115
f 8038 8039 8113
f 8113 8039 8112
f 8112 8039 8040
f 8112 8040 8111
f 8043 8044 8054
f 8054 8044 8053
f 8053 8044 8061
f 8061 8044 8045
f 8061 8045 8049
f 8049 8045 8046
f 8049 8046 8048
f 8048 8046 8047
f 8047 8046 8041
f 8061 8049 8072
f 8072 8049 8050
f 8072 8050 8071
f 8071 8050 8079
f 8079 8050 8051
f 8079 8051 8110
f 8110 8051 8116
f 8116 8051 8052
f 8116 8052 8115
f 8115 8052 8047
f 8115 8047 8037
f 8056 8057 8063
f 8063 8057 8062
f 8062 8057 8058
f 8062 8058 8070
f 8070 8058 8059
f 8070 8059 8081
f 8081 8059 8074
f 8081 8074 8075
f 8074 8059 8073
f 8073 8059 8060
f 8073 8060 8072
f 8072 8060 8061
f 8065 8066 8029
f 8029 8066 8067
f 8029 8067 8084
f 8084 8067 8083
f 8083 8067 8068
f 8083 8068 8082
f 8082 8068 8069
f 8082 8069 8070
f 8081 8075 8080
f 8080 8075 8076
f 8080 8076 8088
f 8088 8076 8077
f 8088 8077 8107
f 8107 8077 8078
f 8107 8078 8106
f 8081 8082 8070
f 8087 8108 8086
f 8086 8108 8109
f 8086 8109 8028
f 8028 8109 8103
f 8087 8088 8108
f 8108 8088 8107
f 8091 8092 8036
f 8036 8092 8093
f 8118 8119 8117
f 8117 8119 8120
f 8128 8121 8127
f 8127 8121 8122
f 8127 8122 8126
f 8126 8122 8123
f 8126 8123 8125
f 8125 8123 8124
f 8136 8129 8135
f 8135 8129 8130
f 8135 8130 8134
f 8134 8130 8131
f 8134 8131 8133
f 8133 8131 8132
f 8138 8139 8137
f 8137 8139 8140
f 8148 8141 8147
f 8147 8141 8142
f 8147 8142 8146
f 8146 8142 8143
f 8146 8143 8145
f 8145 8143 8144
f 8150 8151 8149
f 8149 8151 8152
f 8154 8155 8153
f 8153 8155 8156
f 8158 8173 8157
f 8157 8173 8174
f 8157 8174 8215
f 8215 8174 8175
f 8215 8175 8214
f 8214 8175 8176
f 8214 8176 8213
f 8213 8176 8229
f 8213 8229 8223
f 8173 8158 8181
f 8181 8158 8159
f 8181 8159 8160
f 8161 8179 8160
f 8160 8179 8180
f 8160 8180 8181
f 8162 8188 8161
f 8161 8188 8189
f 8161 8189 8190
f 8162 8163 8188
f 8188 8163 8187
f 8187 8163 8164
f 8187 8164 8186
f 8186 8164 8185
f 8185 8164 8165
f 8185 8165 8206
f 8206 8165 8205
f 8205 8165 8204
f 8204 8165 8166
f 8204 8166 8203
f 8203 8166 8167
f 8203 8167 8168
f 8169 8194 8168
f 8168 8194 8201
f 8168 8201 8202
f 8170 8192 8169
f 8169 8192 8193
f 8169 8193 8194
f 8170 8171 8192
f 8192 8171 8191
f 8191 8171 8172
f 8191 8172 8199
f 8199 8172 8217
f 8199 8217 8198
f 8198 8217 8218
f 8198 8218 8197
f 8197 8218 8219
f 8197 8219 8231
f 8231 8219 8230
f 8230 8219 8220
f 8230 8220 8236
f 8236 8220 8212
f 8236 8212 8224
f 8224 8212 8223
f 8223 8212 8213
f 8157 8209 8172
f 8172 8209 8216
f 8172 8216 8217
f 8176 8177 8229
f 8229 8177 8228
f 8228 8177 8178
f 8228 8178 8182
f 8182 8178 8190
f 8190 8178 8179
f 8190 8179 8161
f 8183 8242 8182
f 8182 8242 8227
f 8182 8227 8228
f 8242 8183 8241
f 8241 8183 8184
f 8241 8184 8185
f 8194 8195 8201
f 8201 8195 8200
f 8200 8195 8232
f 8200 8232 8233
f 8195 8196 8232
f 8232 8196 8231
f 8231 8196 8197
f 8202 8203 8168
f 8207 8245 8206
f 8206 8245 8246
f 8206 8246 8240
f 8240 8246 8247
f 8240 8247 8239
f 8239 8247 8248
f 8239 8248 8238
f 8238 8248 8234
f 8238 8234 8226
f 8226 8234 8225
f 8225 8234 8235
f 8225 8235 8236
f 8207 8208 8245
f 8245 8208 8244
f 8244 8208 8200
f 8244 8200 8233
f 8209 8210 8216
f 8216 8210 8222
f 8222 8210 8211
f 8222 8211 8221
f 8221 8211 8220
f 8220 8211 8212
f 8215 8209 8157
f 8224 8225 8236
f 8238 8226 8237
f 8237 8226 8227
f 8237 8227 8242
f 8244 8233 8243
f 8243 8233 8234
f 8243 8234 8248
f 8206 8240 8185
f 8185 8240 8241
f 8250 8257 8249
f 8249 8257 8262
f 8261 8258 8254
f 8254 8258 8259
f 8254 8259 8253
f 8253 8259 8260
f 8253 8260 8252
f 8252 8260 8255
f 8252 8255 8251
f 8251 8255 8256
f 8251 8256 8250
f 8250 8256 8257
f 8264 8271 8263
f 8263 8271 8276
f 8275 8272 8268
f 8268 8272 8273
f 8268 8273 8267
f 8267 8273 8274
f 8267 8274 8266
f 8266 8274 8269
f 8266 8269 8265
f 8265 8269 8270
f 8265 8270 8264
f 8264 8270 8271
f 8278 8286 8277
f 8277 8286 8287
f 8277 8287 8285
f 8285 8287 8288
f 8285 8288 8284
f 8284 8288 8289
f 8284 8289 8283
f 8283 8289 8296
f 8283 8296 8282
f 8295 8290 8291
f 8295 8291 8281
f 8281 8291 8292
f 8281 8292 8280
f 8280 8292 8293
f 8280 8293 8279
f 8279 8293 8294
f 8279 8294 8278
f 8278 8294 8286
f 8305 8297 8306
f 8306 8297 8298
f 8306 8298 8312
f 8312 8298 8299
f 8312 8299 8311
f 8311 8299 8300
f 8311 8300 8310
f 8310 8300 8301
f 8310 8301 8302
f 8310 8302 8309
f 8309 8302 8303
f 8309 8303 8308
f 8308 8303 8304
f 8308 8304 8307
f 8307 8304 8305
f 8307 8305 8306
f 8314 8322 8313
f 8313 8322 8323
f 8313 8323 8321
f 8321 8323 8324
f 8321 8324 8320
f 8320 8324 8325
f 8320 8325 8319
f 8319 8325 8332
f 8319 8332 8318
f 8331 8326 8327
f 8331 8327 8317
f 8317 8327 8328
f 8317 8328 8316
f 8316 8328 8329
f 8316 8329 8315
f 8315 8329 8330
f 8315 8330 8314
f 8314 8330 8322
f 8341 8333 8342
f 8342 8333 8334
f 8342 8334 8348
f 8348 8334 8335
f 8348 8335 8347
f 8347 8335 8336
f 8347 8336 8346
f 8346 8336 8337
f 8346 8337 8338
f 8346 8338 8345
f 8345 8338 8339
f 8345 8339 8344
f 8344 8339 8340
f 8344 8340 8343
f 8343 8340 8341
f 8343 8341 8342
f 8350 8358 8349
f 8349 8358 8359
f 8349 8359 8357
f 8357 8359 8360
f 8357 8360 8356
f 8356 8360 8361
f 8356 8361 8355
f 8355 8361 8368
f 8355 8368 8354
f 8367 8362 8363
f 8367 8363 8353
f 8353 8363 8364
f 8353 8364 8352
f 8352 8364 8365
f 8352 8365 8351
f 8351 8365 8366
f 8351 8366 8350
f 8350 8366 8358
f 8377 8369 8378
f 8378 8369 8370
f 8378 8370 8384
f 8384 8370 8371
f 8384 8371 8383
f 8383 8371 8372
f 8383 8372 8382
f 8382 8372 8373
f 8382 8373 8374
f 8382 8374 8381
f 8381 8374 8375
f 8381 8375 8380
f 8380 8375 8376
f 8380 8376 8379
f 8379 8376 8377
f 8379 8377 8378
f 8386 8394 8385
f 8385 8394 8395
f 8385 8395 8393
f 8393 8395 8396
f 8393 8396 8392
f 8392 8396 8397
f 8392 8397 8391
f 8391 8397 8404
f 8391 8404 8390
f 8403 8398 8399
f 8403 8399 8389
f 8389 8399 8400
f 8389 8400 8388
f 8388 8400 8401
f 8388 8401 8387
f 8387 8401 8402
f 8387 8402 8386
f 8386 8402 8394
f 8413 8405 8414
f 8414 8405 8406
f 8414 8406 8420
f 8420 8406 8407
f 8420 8407 8419
f 8419 8407 8408
f 8419 8408 8418
f 8418 8408 8409
f 8418 8409 8410
f 8418 8410 8417
f 8417 8410 8411
f 8417 8411 8416
f 8416 8411 8412
f 8416 8412 8415
f 8415 8412 8413
f 8415 8413 8414
f 8422 8431 8421
f 8421 8431 8432
f 8421 8432 8427
f 8427 8432 8433
f 8427 8433 8426
f 8426 8433 8434
f 8426 8434 8425
f 8425 8434 8436
f 8425 8436 8424
f 8435 8428 8429
f 8435 8429 8423
f 8423 8429 8430
f 8423 8430 8422
f 8422 8430 8431
f 8438 8447 8437
f 8437 8447 8448
f 8437 8448 8443
f 8443 8448 8449
f 8443 8449 8442
f 8442 8449 8450
f 8442 8450 8441
f 8441 8450 8452
f 8441 8452 8440
f 8451 8444 8445
f 8451 8445 8439
f 8439 8445 8446
f 8439 8446 8438
f 8438 8446 8447
f 8454 8463 8453
f 8453 8463 8464
f 8453 8464 8459
f 8459 8464 8465
f 8459 8465 8458
f 8458 8465 8466
f 8458 8466 8457
f 8457 8466 8468
f 8457 8468 8456
f 8467 8460 8461
f 8467 8461 8455
f 8455 8461 8462
f 8455 8462 8454
f 8454 8462 8463
f 8470 8479 8469
f 8469 8479 8480
f 8469 8480 8475
f 8475 8480 8481
f 8475 8481 8474
f 8474 8481 8482
f 8474 8482 8473
f 8473 8482 8484
f 8473 8484 8472
f 8483 8476 8477
f 8483 8477 8471
f 8471 8477 8478
f 8471 8478 8470
f 8470 8478 8479
f 8486 8494 8485
f 8485 8494 8495
f 8485 8495 8493
f 8493 8495 8496
f 8493 8496 8492
f 8492 8496 8497
f 8492 8497 8491
f 8491 8497 8504
f 8491 8504 8490
f 8503 8498 8499
f 8503 8499 8489
f 8489 8499 8500
f 8489 8500 8488
f 8488 8500 8501
f 8488 8501 8487
f 8487 8501 8502
f 8487 8502 8486
f 8486 8502 8494
f 8513 8505 8514
f 8514 8505 8506
f 8514 8506 8520
f 8520 8506 8507
f 8520 8507 8519
f 8519 8507 8508
f 8519 8508 8518
f 8518 8508 8509
f 8518 8509 8510
f 8518 8510 8517
f 8517 8510 8511
f 8517 8511 8516
f 8516 8511 8512
f 8516 8512 8515
f 8515 8512 8513
f 8515 8513 8514
f 8522 8530 8521
f 8521 8530 8531
f 8521 8531 8529
f 8529 8531 8532
f 8529 8532 8528
f 8528 8532 8533
f 8528 8533 8527
f 8527 8533 8540
f 8527 8540 8526
f 8539 8534 8535
f 8539 8535 8525
f 8525 8535 8536
f 8525 8536 8524
f 8524 8536 8537
f 8524 8537 8523
f 8523 8537 8538
f 8523 8538 8522
f 8522 8538 8530
f 8549 8541 8550
f 8550 8541 8542
f 8550 8542 8556
f 8556 8542 8543
f 8556 8543 8555
f 8555 8543 8544
f 8555 8544 8554
f 8554 8544 8545
f 8554 8545 8546
f 8554 8546 8553
f 8553 8546 8547
f 8553 8547 8552
f 8552 8547 8548
f 8552 8548 8551
f 8551 8548 8549
f 8551 8549 8550
f 8558 8566 8557
f 8557 8566 8567
f 8557 8567 8565
f 8565 8567 8568
f 8565 8568 8564
f 8564 8568 8569
f 8564 8569 8563
f 8563 8569 8576
f 8563 8576 8562
f 8575 8570 8571
f 8575 8571 8561
f 8561 8571 8572
f 8561 8572 8560
f 8560 8572 8573
f 8560 8573 8559
f 8559 8573 8574
f 8559 8574 8558
f 8558 8574 8566
f 8585 8577 8586
f 8586 8577 8578
f 8586 8578 8592
f 8592 8578 8579
f 8592 8579 8591
f 8591 8579 8580
f 8591 8580 8590
f 8590 8580 8581
f 8590 8581 8582
f 8590 8582 8589
f 8589 8582 8583
f 8589 8583 8588
f 8588 8583 8584
f 8588 8584 8587
f 8587 8584 8585
f 8587 8585 8586
f 8594 8602 8593
f 8593 8602 8603
f 8593 8603 8601
f 8601 8603 8604
f 8601 8604 8600
f 8600 8604 8605
f 8600 8605 8599
f 8599 8605 8612
f 8599 8612 8598
f 8611 8606 8607
f 8611 8607 8597
f 8597 8607 8608
f 8597 8608 8596
f 8596 8608 8609
f 8596 8609 8595
f 8595 8609 8610
f 8595 8610 8594
f 8594 8610 8602
f 8621 8613 8622
f 8622 8613 8614
f 8622 8614 8628
f 8628 8614 8615
f 8628 8615 8627
f 8627 8615 8616
f 8627 8616 8626
f 8626 8616 8617
f 8626 8617 8618
f 8626 8618 8625
f 8625 8618 8619
f 8625 8619 8624
f 8624 8619 8620
f 8624 8620 8623
f 8623 8620 8621
f 8623 8621 8622
f 8630 8642 8629
f 8629 8642 8644
f 8643 8636 8635
f 8635 8636 8637
f 8635 8637 8634
f 8634 8637 8638
f 8634 8638 8633
f 8633 8638 8639
f 8633 8639 8632
f 8632 8639 8640
f 8632 8640 8631
f 8631 8640 8641
f 8631 8641 8630
f 8630 8641 8642
f 8646 8658 8645
f 8645 8658 8660
f 8659 8652 8651
f 8651 8652 8653
f 8651 8653 8650
f 8650 8653 8654
f 8650 8654 8649
f 8649 8654 8655
f 8649 8655 8648
f 8648 8655 8656
f 8648 8656 8647
f 8647 8656 8657
f 8647 8657 8646
f 8646 8657 8658
f 8662 8674 8661
f 8661 8674 8676
f 8675 8668 8667
f 8667 8668 8669
f 8667 8669 8666
f 8666 8669 8670
f 8666 8670 8665
f 8665 8670 8671
f 8665 8671 8664
f 8664 8671 8672
f 8664 8672 8663
f 8663 8672 8673
f 8663 8673 8662
f 8662 8673 8674
f 8678 8690 8677
f 8677 8690 8692
f 8691 8684 8683
f 8683 8684 8685
f 8683 8685 8682
f 8682 8685 8686
f 8682 8686 8681
f 8681 8686 8687
f 8681 8687 8680
f 8680 8687 8688
f 8680 8688 8679
f 8679 8688 8689
f 8679 8689 8678
f 8678 8689 8690
f 8700 8693 8699
f 8699 8693 8694
f 8699 8694 8698
f 8698 8694 8695
f 8698 8695 8697
f 8697 8695 8696
f 8702 8780 8701
f 8701 8780 8781
f 8701 8781 8716
f 8716 8781 8782
f 8716 8782 8787
f 8787 8782 8786
f 8786 8782 8754
f 8786 8754 8755
f 8780 8702 8779
f 8779 8702 8703
f 8779 8703 8704
f 8705 8760 8704
f 8704 8760 8761
f 8704 8761 8762
f 8706 8772 8705
f 8705 8772 8773
f 8705 8773 8741
f 8741 8773 8774
f 8741 8774 8740
f 8740 8774 8739
f 8739 8774 8775
f 8739 8775 8732
f 8732 8775 8731
f 8731 8775 8776
f 8731 8776 8765
f 8765 8776 8771
f 8771 8776 8709
f 8771 8709 8770
f 8770 8709 8710
f 8770 8710 8769
f 8769 8710 8711
f 8769 8711 8712
f 8706 8707 8772
f 8772 8707 8778
f 8778 8707 8708
f 8778 8708 8777
f 8777 8708 8709
f 8777 8709 8776
f 8713 8723 8712
f 8712 8723 8717
f 8712 8717 8767
f 8767 8717 8718
f 8767 8718 8766
f 8766 8718 8719
f 8766 8719 8765
f 8765 8719 8730
f 8765 8730 8731
f 8714 8789 8713
f 8713 8789 8790
f 8713 8790 8791
f 8714 8715 8789
f 8789 8715 8788
f 8788 8715 8716
f 8788 8716 8787
f 8719 8720 8730
f 8730 8720 8729
f 8729 8720 8737
f 8737 8720 8721
f 8737 8721 8725
f 8725 8721 8722
f 8725 8722 8724
f 8724 8722 8723
f 8723 8722 8717
f 8737 8725 8748
f 8748 8725 8726
f 8748 8726 8747
f 8747 8726 8755
f 8755 8726 8727
f 8755 8727 8786
f 8786 8727 8792
f 8792 8727 8728
f 8792 8728 8791
f 8791 8728 8723
f 8791 8723 8713
f 8732 8733 8739
f 8739 8733 8738
f 8738 8733 8734
f 8738 8734 8746
f 8746 8734 8735
f 8746 8735 8757
f 8757 8735 8750
f 8757 8750 8751
f 8750 8735 8749
f 8749 8735 8736
f 8749 8736 8748
f 8748 8736 8737
f 8741 8742 8705
f 8705 8742 8743
f 8705 8743 8760
f 8760 8743 8759
f 8759 8743 8744
f 8759 8744 8758
f 8758 8744 8745
f 8758 8745 8746
f 8757 8751 8756
f 8756 8751 8752
f 8756 8752 8764
f 8764 8752 8753
f 8764 8753 8783
f 8783 8753 8754
f 8783 8754 8782
f 8757 8758 8746
f 8763 8784 8762
f 8762 8784 8785
f 8762 8785 8704
f 8704 8785 8779
f 8763 8764 8784
f 8784 8764 8783
f 8767 8768 8712
f 8712 8768 8769
f 8794 8795 8793
f 8793 8795 8796
f 8804 8797 8803
f 8803 8797 8798
f 8803 8798 8802
f 8802 8798 8799
f 8802 8799 8801
f 8801 8799 8800
f 8812 8805 8811
f 8811 8805 8806
f 8811 8806 8810
f 8810 8806 8807
f 8810 8807 8809
f 8809 8807 8808
f 8814 8815 8813
f 8813 8815 8816
f 8824 8817 8823
f 8823 8817 8818
f 8823 8818 8822
f 8822 8818 8819
f 8822 8819 8821
f 8821 8819 8820
f 8826 8827 8825
f 8825 8827 8828
f 8830 8831 8829
f 8829 8831 8832
f 8834 8849 8833
f 8833 8849 8850
f 8833 8850 8891
f 8891 8850 8851
f 8891 8851 8890
f 8890 8851 8852
f 8890 8852 8889
f 8889 8852 8905
f 8889 8905 8899
f 8849 8834 8857
f 8857 8834 8835
f 8857 8835 8836
f 8837 8855 8836
f 8836 8855 8856
f 8836 8856 8857
f 8838 8864 8837
f 8837 8864 8865
f 8837 8865 8866
f 8838 8839 8864
f 8864 8839 8863
f 8863 8839 8840
f 8863 8840 8862
f 8862 8840 8861
f 8861 8840 8841
f 8861 8841 8882
f 8882 8841 8881
f 8881 8841 8880
f 8880 8841 8842
f 8880 8842 8879
f 8879 8842 8843
f 8879 8843 8844
f 8845 8870 8844
f 8844 8870 8877
f 8844 8877 8878
f 8846 8868 8845
f 8845 8868 8869
f 8845 8869 8870
f 8846 8847 8868
f 8868 8847 8867
f 8867 8847 8848
f 8867 8848 8875
f 8875 8848 8893
f 8875 8893 8874
f 8874 8893 8894
f 8874 8894 8873
f 8873 8894 8895
f 8873 8895 8907
f 8907 8895 8906
f 8906 8895 8896
f 8906 8896 8912
f 8912 8896 8888
f 8912 8888 8900
f 8900 8888 8899
f 8899 8888 8889
f 8833 8885 8848
f 8848 8885 8892
f 8848 8892 8893
f 8852 8853 8905
f 8905 8853 8904
f 8904 8853 8854
f 8904 8854 8858
f 8858 8854 8866
f 8866 8854 8855
f 8866 8855 8837
f 8859 8918 8858
f 8858 8918 8903
f 8858 8903 8904
f 8918 8859 8917
f 8917 8859 8860
f 8917 8860 8861
f 8870 8871 8877
f 8877 8871 8876
f 8876 8871 8908
f 8876 8908 8909
f 8871 8872 8908
f 8908 8872 8907
f 8907 8872 8873
f 8878 8879 8844
f 8883 8921 8882
f 8882 8921 8922
f 8882 8922 8916
f 8916 8922 8923
f 8916 8923 8915
f 8915 8923 8924
f 8915 8924 8914
f 8914 8924 8910
f 8914 8910 8902
f 8902 8910 8901
f 8901 8910 8911
f 8901 8911 8912
f 8883 8884 8921
f 8921 8884 8920
f 8920 8884 8876
f 8920 8876 8909
f 8885 8886 8892
f 8892 8886 8898
f 8898 8886 8887
f 8898 8887 8897
f 8897 8887 8896
f 8896 8887 8888
f 8891 8885 8833
f 8900 8901 8912
f 8914 8902 8913
f 8913 8902 8903
f 8913 8903 8918
f 8920 8909 8919
f 8919 8909 8910
f 8919 8910 8924
f 8882 8916 8861
f 8861 8916 8917
f 8926 8933 8925
f 8925 8933 8938
f 8937 8934 8930
f 8930 8934 8935
f 8930 8935 8929
f 8929 8935 8936
f 8929 8936 8928
f 8928 8936 8931
f 8928 8931 8927
f 8927 8931 8932
f 8927 8932 8926
f 8926 8932 8933
f 8940 8947 8939
f 8939 8947 8952
f 8951 8948 8944
f 8944 8948 8949
f 8944 8949 8943
f 8943 8949 8950
f 8943 8950 8942
f 8942 8950 8945
f 8942 8945 8941
f 8941 8945 8946
f 8941 8946 8940
f 8940 8946 8947
f 8954 8962 8953
f 8953 8962 8963
f 8953 8963 8961
f 8961 8963 8964
f 8961 8964 8960
f 8960 8964 8965
f 8960 8965 8959
f 8959 8965 8972
f 8959 8972 8958
f 8971 8966 8967
f 8971 8967 8957
f 8957 8967 8968
f 8957 8968 8956
f 8956 8968 8969
f 8956 8969 8955
f 8955 8969 8970
f 8955 8970 8954
f 8954 8970 8962
f 8981 8973 8982
f 8982 8973 8974
f 8982 8974 8988
f 8988 8974 8975
f 8988 8975 8987
f 8987 8975 8976
f 8987 8976 8986
f 8986 8976 8977
f 8986 8977 8978
f 8986 8978 8985
f 8985 8978 8979
f 8985 8979 8984
f 8984 8979 8980
f 8984 8980 8983
f 8983 8980 8981
f 8983 8981 8982
f 8990 8998 8989
f 8989 8998 8999
f 8989 8999 8997
f 8997 8999 9000
f 8997 9000 8996
f 8996 9000 9001
f 8996 9001 8995
f 8995 9001 9008
f 8995 9008 8994
f 9007 9002 9003
f 9007 9003 8993
f 8993 9003 9004
f 8993 9004 8992
f 8992 9004 9005
f 8992 9005 8991
f 8991 9005 9006
f 8991 9006 8990
f 8990 9006 8998
f 9017 9009 9018
f 9018 9009 9010
f 9018 9010 9024
f 9024 9010 9011
f 9024 9011 9023
f 9023 9011 9012
f 9023 9012 9022
f 9022 9012 9013
f 9022 9013 9014
f 9022 9014 9021
f 9021 9014 9015
f 9021 9015 9020
f 9020 9015 9016
f 9020 9016 9019
f 9019 9016 9017
f 9019 9017 9018
f 9026 9034 9025
f 9025 9034 9035
f 9025 9035 9033
f 9033 9035 9036
f 9033 9036 9032
f 9032 9036 9037
f 9032 9037 9031
f 9031 9037 9044
f 9031 9044 9030
f 9043 9038 9039
f 9043 9039 9029
f 9029 9039 9040
f 9029 9040 9028
f 9028 9040 9041
f 9028 9041 9027
f 9027 9041 9042
f 9027 9042 9026
f 9026 9042 9034
f 9053 9045 9054
f 9054 9045 9046
f 9054 9046 9060
f 9060 9046 9047
f 9060 9047 9059
f 9059 9047 9048
f 9059 9048 9058
f 9058 9048 9049
f 9058 9049 9050
f 9058 9050 9057
f 9057 9050 9051
f 9057 9051 9056
f 9056 9051 9052
f 9056 9052 9055
f 9055 9052 9053
f 9055 9053 9054
f 9062 9070 9061
f 9061 9070 9071
f 9061 9071 9069
f 9069 9071 9072
f 9069 9072 9068
f 9068 9072 9073
f 9068 9073 9067
f 9067 9073 9080
f 9067 9080 9066
f 9079 9074 9075
f 9079 9075 9065
f 9065 9075 9076
f 9065 9076 9064
f 9064 9076 9077
f 9064 9077 9063
f 9063 9077 9078
f 9063 9078 9062
f 9062 9078 9070
f 9089 9081 9090
f 9090 9081 9082
f 9090 9082 9096
f 9096 9082 9083
f 9096 9083 9095
f 9095 9083 9084
f 9095 9084 9094
f 9094 9084 9085
f 9094 9085 9086
f 9094 9086 9093
f 9093 9086 9087
f 9093 9087 9092
f 9092 9087 9088
f 9092 9088 9091
f 9091 9088 9089
f 9091 9089 9090
f 9098 9107 9097
f 9097 9107 9108
f 9097 9108 9103
f 9103 9108 9109
f 9103 9109 9102
f 9102 9109 9110
f 9102 9110 9101
f 9101 9110 9112
f 9101 9112 9100
f 9111 9104 9105
f 9111 9105 9099
f 9099 9105 9106
f 9099 9106 9098
f 9098 9106 9107
f 9114 9123 9113
f 9113 9123 9124
f 9113 9124 9119
f 9119 9124 9125
f 9119 9125 9118
f 9118 9125 9126
f 9118 9126 9117
f 9117 9126 9128
f 9117 9128 9116
f 9127 9120 9121
f 9127 9121 9115
f 9115 9121 9122
f 9115 9122 9114
f 9114 9122 9123
f 9130 9139 9129
f 9129 9139 9140
f 9129 9140 9135
f 9135 9140 9141
f 9135 9141 9134
f 9134 9141 9142
f 9134 9142 9133
f 9133 9142 9144
f 9133 9144 9132
f 9143 9136 9137
f 9143 9137 9131
f 9131 9137 9138
f 9131 9138 9130
f 9130 9138 9139
f 9146 9155 9145
f 9145 9155 9156
f 9145 9156 9151
f 9151 9156 9157
f 9151 9157 9150
f 9150 9157 9158
f 9150 9158 9149
f 9149 9158 9160
f 9149 9160 9148
f 9159 9152 9153
f 9159 9153 9147
f 9147 9153 9154
f 9147 9154 9146
f 9146 9154 9155
f 9162 9170 9161
f 9161 9170 9171
f 9161 9171 9169
f 9169 9171 9172
f 9169 9172 9168
f 9168 9172 9173
f 9168 9173 9167
f 9167 9173 9180
f 9167 9180 9166
f 9179 9174 9175
f 9179 9175 9165
f 9165 9175 9176
f 9165 9176 9164
f 9164 9176 9177
f 9164 9177 9163
f 9163 9177 9178
f 9163 9178 9162
f 9162 9178 9170
f 9189 9181 9190
f 9190 9181 9182
f 9190 9182 9196
f 9196 9182 9183
f 9196 9183 9195
f 9195 9183 9184
f 9195 9184 9194
f 9194 9184 9185
f 9194 9185 9186
f 9194 9186 9193
f 9193 9186 9187
f 9193 9187 9192
f 9192 9187 9188
f 9192 9188 9191
f 9191 9188 9189
f 9191 9189 9190
f 9198 9206 9197
f 9197 9206 9207
f 9197 9207 9205
f 9205 9207 9208
f 9205 9208 9204
f 9204 9208 9209
f 9204 9209 9203
f 9203 9209 9216
f 9203 9216 9202
f 9215 9210 9211
f 9215 9211 9201
f 9201 9211 9212
f 9201 9212 9200
f 9200 9212 9213
f 9200 9213 9199
f 9199 9213 9214
f 9199 9214 9198
f 9198 9214 9206
f 9225 9217 9226
f 9226 9217 9218
f 9226 9218 9232
f 9232 9218 9219
f 9232 9219 9231
f 9231 9219 9220
f 9231 9220 9230
f 9230 9220 9221
f 9230 9221 9222
f 9230 9222 9229
f 9229 9222 9223
f 9229 9223 9228
f 9228 9223 9224
f 9228 9224 9227
f 9227 9224 9225
f 9227 9225 9226
f 9234 9242 9233
f 9233 9242 9243
f 9233 9243 9241
f 9241 9243 9244
f 9241 9244 9240
f 9240 9244 9245
f 9240 9245 9239
f 9239 9245 9252
f 9239 9252 9238
f 9251 9246 9247
f 9251 9247 9237
f 9237 9247 9248
f 9237 9248 9236
f 9236 9248 9249
f 9236 9249 9235
f 9235 9249 9250
f 9235 9250 9234
f 9234 9250 9242
f 9261 9253 9262
f 9262 9253 9254
f 9262 9254 9268
f 9268 9254 9255
f 9268 9255 9267
f 9267 9255 9256
f 9267 9256 9266
f 9266 9256 9257
f 9266 9257 9258
f 9266 9258 9265
f 9265 9258 9259
f 9265 9259 9264
f 9264 9259 9260
f 9264 9260 9263
f 9263 9260 9261
f 9263 9261 9262
f 9270 9278 9269
f 9269 9278 9279
f 9269 9279 9277
f 9277 9279 9280
f 9277 9280 9276
f 9276 9280 9281
f 9276 9281 9275
f 9275 9281 9288
f 9275 9288 9274
f 9287 9282 9283
f 9287 9283 9273
f 9273 9283 9284
f 9273 9284 9272
f 9272 9284 9285
f 9272 9285 9271
f 9271 9285 9286
f 9271 9286 9270
f 9270 9286 9278
f 9297 9289 9298
f 9298 9289 9290
f 9298 9290 9304
f 9304 9290 9291
f 9304 9291 9303
f 9303 9291 9292
f 9303 9292 9302
f 9302 9292 9293
f 9302 9293 9294
f 9302 9294 9301
f 9301 9294 9295
f 9301 9295 9300
f 9300 9295 9296
f 9300 9296 9299
f 9299 9296 9297
f 9299 9297 9298
f 9306 9318 9305
f 9305 9318 9320
f 9319 9312 9311
f 9311 9312 9313
f 9311 9313 9310
f 9310 9313 9314
f 9310 9314 9309
f 9309 9314 9315
f 9309 9315 9308
f 9308 9315 9316
f 9308 9316 9307
f 9307 9316 9317
f 9307 9317 9306
f 9306 9317 9318
f 9322 9334 9321
f 9321 9334 9336
f 9335 9328 9327
f 9327 9328 9329
f 9327 9329 9326
f 9326 9329 9330
f 9326 9330 9325
f 9325 9330 9331
f 9325 9331 9324
f 9324 9331 9332
f 9324 9332 9323
f 9323 9332 9333
f 9323 9333 9322
f 9322 9333 9334
f 9338 9350 9337
f 9337 9350 9352
f 9351 9344 9343
f 9343 9344 9345
f 9343 9345 9342
f 9342 9345 9346
f 9342 9346 9341
f 9341 9346 9347
f 9341 9347 9340
f 9340 9347 9348
f 9340 9348 9339
f 9339 9348 9349
f 9339 9349 9338
f 9338 9349 9350
f 9354 9366 9353
f 9353 9366 9368
f 9367 9360 9359
f 9359 9360 9361
f 9359 9361 9358
f 9358 9361 9362
f 9358 9362 9357
f 9357 9362 9363
f 9357 9363 9356
f 9356 9363 9364
f 9356 9364 9355
f 9355 9364 9365
f 9355 9365 9354
f 9354 9365 9366
f 9376 9369 9375
f 9375 9369 9370
f 9375 9370 9374
f 9374 9370 9371
f 9374 9371 9373
f 9373 9371 9372
f 9378 9456 9377
f 9377 9456 9457
f 9377 9457 9392
f 9392 9457 9458
f 9392 9458 9463
f 9463 9458 9462
f 9462 9458 9430
f 9462 9430 9431
f 9456 9378 9455
f 9455 9378 9379
f 9455 9379 9380
f 9381 9436 9380
f 9380 9436 9437
f 9380 9437 9438
f 9382 9448 9381
f 9381 9448 9449
f 9381 9449 9417
f 9417 9449 9450
f 9417 9450 9416
f 9416 9450 9415
f 9415 9450 9451
f 9415 9451 9408
f 9408 9451 9407
f 9407 9451 9452
f 9407 9452 9441
f 9441 9452 9447
f 9447 9452 9385
f 9447 9385 9446
f 9446 9385 9386
f 9446 9386 9445
f 9445 9386 9387
f 9445 9387 9388
f 9382 9383 9448
f 9448 9383 9454
f 9454 9383 9384
f 9454 9384 9453
f 9453 9384 9385
f 9453 9385 9452
f 9389 9399 9388
f 9388 9399 9393
f 9388 9393 9443
f 9443 9393 9394
f 9443 9394 9442
f 9442 9394 9395
f 9442 9395 9441
f 9441 9395 9406
f 9441 9406 9407
f 9390 9465 9389
f 9389 9465 9466
f 9389 9466 9467
f 9390 9391 9465
f 9465 9391 9464
f 9464 9391 9392
f 9464 9392 9463
f 9395 9396 9406
f 9406 9396 9405
f 9405 9396 9413
f 9413 9396 9397
f 9413 9397 9401
f 9401 9397 9398
f 9401 9398 9400
f 9400 9398 9399
f 9399 9398 9393
f 9413 9401 9424
f 9424 9401 9402
f 9424 9402 9423
f 9423 9402 9431
f 9431 9402 9403
f 9431 9403 9462
f 9462 9403 9468
f 9468 9403 9404
f 9468 9404 9467
f 9467 9404 9399
f 9467 9399 9389
f 9408 9409 9415
f 9415 9409 9414
f 9414 9409 9410
f 9414 9410 9422
f 9422 9410 9411
f 9422 9411 9433
f 9433 9411 9426
f 9433 9426 9427
f 9426 9411 9425
f 9425 9411 9412
f 9425 9412 9424
f 9424 9412 9413
f 9417 9418 9381
f 9381 9418 9419
f 9381 9419 9436
f 9436 9419 9435
f 9435 9419 9420
f 9435 9420 9434
f 9434 9420 9421
f 9434 9421 9422
f 9433 9427 9432
f 9432 9427 9428
f 9432 9428 9440
f 9440 9428 9429
f 9440 9429 9459
f 9459 9429 9430
f 9459 9430 9458
f 9433 9434 9422
f 9439 9460 9438
f 9438 9460 9461
f 9438 9461 9380
f 9380 9461 9455
f 9439 9440 9460
f 9460 9440 9459
f 9443 9444 9388
f 9388 9444 9445
f 9470 9471 9469
f 9469 9471 9472
f 9480 9473 9479
f 9479 9473 9474
f 9479 9474 9478
f 9478 9474 9475
f 9478 9475 9477
f 9477 9475 9476
f 9488 9481 9487
f 9487 9481 9482
f 9487 9482 9486
f 9486 9482 9483
f 9486 9483 9485
f 9485 9483 9484
f 9490 9491 9489
f 9489 9491 9492
f 9500 9493 9499
f 9499 9493 9494
f 9499 9494 9498
f 9498 9494 9495
f 9498 9495 9497
f 9497 9495 9496
f 9502 9503 9501
f 9501 9503 9504
f 9506 9507 9505
f 9505 9507 9508
f 9510 9525 9509
f 9509 9525 9526
f 9509 9526 9567
f 9567 9526 9527
f 9567 9527 9566
f 9566 9527 9528
f 9566 9528 9565
f 9565 9528 9581
f 9565 9581 9575
f 9525 9510 9533
f 9533 9510 9511
f 9533 9511 9512
f 9513 9531 9512
f 9512 9531 9532
f 9512 9532 9533
f 9514 9540 9513
f 9513 9540 9541
f 9513 9541 9542
f 9514 9515 9540
f 9540 9515 9539
f 9539 9515 9516
f 9539 9516 9538
f 9538 9516 9537
f 9537 9516 9517
f 9537 9517 9558
f 9558 9517 9557
f 9557 9517 9556
f 9556 9517 9518
f 9556 9518 9555
f 9555 9518 9519
f 9555 9519 9520
f 9521 9546 9520
f 9520 9546 9553
f 9520 9553 9554
f 9522 9544 9521
f 9521 9544 9545
f 9521 9545 9546
f 9522 9523 9544
f 9544 9523 9543
f 9543 9523 9524
f 9543 9524 9551
f 9551 9524 9569
f 9551 9569 9550
f 9550 9569 9570
f 9550 9570 9549
f 9549 9570 9571
f 9549 9571 9583
f 9583 9571 9582
f 9582 9571 9572
f 9582 9572 9588
f 9588 9572 9564
f 9588 9564 9576
f 9576 9564 9575
f 9575 9564 9565
f 9509 9561 9524
f 9524 9561 9568
f 9524 9568 9569
f 9528 9529 9581
f 9581 9529 9580
f 9580 9529 9530
f 9580 9530 9534
f 9534 9530 9542
f 9542 9530 9531
f 9542 9531 9513
f 9535 9594 9534
f 9534 9594 9579
f 9534 9579 9580
f 9594 9535 9593
f 9593 9535 9536
f 9593 9536 9537
f 9546 9547 9553
f 9553 9547 9552
f 9552 9547 9584
f 9552 9584 9585
f 9547 9548 9584
f 9584 9548 9583
f 9583 9548 9549
f 9554 9555 9520
f 9559 9597 9558
f 9558 9597 9598
f 9558 9598 9592
f 9592 9598 9599
f 9592 9599 9591
f 9591 9599 9600
f 9591 9600 9590
f 9590 9600 9586
f 9590 9586 9578
f 9578 9586 9577
f 9577 9586 9587
f 9577 9587 9588
f 9559 9560 9597
f 9597 9560 9596
f 9596 9560 9552
f 9596 9552 9585
f 9561 9562 9568
f 9568 9562 9574
f 9574 9562 9563
f 9574 9563 9573
f 9573 9563 9572
f 9572 9563 9564
f 9567 9561 9509
f 9576 9577 9588
f 9590 9578 9589
f 9589 9578 9579
f 9589 9579 9594
f 9596 9585 9595
f 9595 9585 9586
f 9595 9586 9600
f 9558 9592 9537
f 9537 9592 9593
f 9602 9609 9601
f 9601 9609 9614
f 9613 9610 9606
f 9606 9610 9611
f 9606 9611 9605
f 9605 9611 9612
f 9605 9612 9604
f 9604 9612 9607
f 9604 9607 9603
f 9603 9607 9608
f 9603 9608 9602
f 9602 9608 9609
f 9616 9623 9615
f 9615 9623 9628
f 9627 9624 9620
f 9620 9624 9625
f 9620 9625 9619
f 9619 9625 9626
f 9619 9626 9618
f 9618 9626 9621
f 9618 9621 9617
f 9617 9621 9622
f 9617 9622 9616
f 9616 9622 9623
f 9630 9638 9629
f 9629 9638 9639
f 9629 9639 9637
f 9637 9639 9640
f 9637 9640 9636
f 9636 9640 9641
f 9636 9641 9635
f 9635 9641 9648
f 9635 9648 9634
f 9647 9642 9643
f 9647 9643 9633
f 9633 9643 9644
f 9633 9644 9632
f 9632 9644 9645
f 9632 9645 9631
f 9631 9645 9646
f 9631 9646 9630
f 9630 9646 9638
f 9657 9649 9658
f 9658 9649 9650
f 9658 9650 9664
f 9664 9650 9651
f 9664 9651 9663
f 9663 9651 9652
f 9663 9652 9662
f 9662 9652 9653
f 9662 9653 9654
f 9662 9654 9661
f 9661 9654 9655
f 9661 9655 9660
f 9660 9655 9656
f 9660 9656 9659
f 9659 9656 9657
f 9659 9657 9658
f 9666 9674 9665
f 9665 9674 9675
f 9665 9675 9673
f 9673 9675 9676
f 9673 9676 9672
f 9672 9676 9677
f 9672 9677 9671
f 9671 9677 9684
f 9671 9684 9670
f 9683 9678 9679
f 9683 9679 9669
f 9669 9679 9680
f 9669 9680 9668
f 9668 9680 9681
f 9668 9681 9667
f 9667 9681 9682
f 9667 9682 9666
f 9666 9682 9674
f 9693 9685 9694
f 9694 9685 9686
f 9694 9686 9700
f 9700 9686 9687
f 9700 9687 9699
f 9699 9687 9688
f 9699 9688 9698
f 9698 9688 9689
f 9698 9689 9690
f 9698 9690 9697
f 9697 9690 9691
f 9697 9691 9696
f 9696 9691 9692
f 9696 9692 9695
f 9695 9692 9693
f 9695 9693 9694
f 9702 9710 9701
f 9701 9710 9711
f 9701 9711 9709
f 9709 9711 9712
f 9709 9712 9708
f 9708 9712 9713
f 9708 9713 9707
f 9707 9713 9720
f 9707 9720 9706
f 9719 9714 9715
f 9719 9715 9705
f 9705 9715 9716
f 9705 9716 9704
f 9704 9716 9717
f 9704 9717 9703
f 9703 9717 9718
f 9703 9718 9702
f 9702 9718 9710
f 9729 9721 9730
f 9730 9721 9722
f 9730 9722 9736
f 9736 9722 9723
f 9736 9723 9735
f 9735 9723 9724
f 9735 9724 9734
f 9734 9724 9725
f 9734 9725 9726
f 9734 9726 9733
f 9733 9726 9727
f 9733 9727 9732
f 9732 9727 9728
f 9732 9728 9731
f 9731 9728 9729
f 9731 9729 9730
f 9738 9746 9737
f 9737 9746 9747
f 9737 9747 9745
f 9745 9747 9748
f 9745 9748 9744
f 9744 9748 9749
f 9744 9749 9743
f 9743 9749 9756
f 9743 9756 9742
f 9755 9750 9751
f 9755 9751 9741
f 9741 9751 9752
f 9741 9752 9740
f 9740 9752 9753
f 9740 9753 9739
f 9739 9753 9754
f 9739 9754 9738
f 9738 9754 9746
f 9765 9757 9766
f 9766 9757 9758
f 9766 9758 9772
f 9772 9758 9759
f 9772 9759 9771
f 9771 9759 9760
f 9771 9760 9770
f 9770 9760 9761
f 9770 9761 9762
f 9770 9762 9769
f 9769 9762 9763
f 9769 9763 9768
f 9768 9763 9764
f 9768 9764 9767
f 9767 9764 9765
f 9767 9765 9766
f 9774 9783 9773
f 9773 9783 9784
f 9773 9784 9779
f 9779 9784 9785
f 9779 9785 9778
f 9778 9785 9786
f 9778 9786 9777
f 9777 9786 9788
f 9777 9788 9776
f 9787 9780 9781
f 9787 9781 9775
f 9775 9781 9782
f 9775 9782 9774
f 9774 9782 9783
f 9790 9799 9789
f 9789 9799 9800
f 9789 9800 9795
f 9795 9800 9801
f 9795 9801 9794
f 9794 9801 9802
f 9794 9802 9793
f 9793 9802 9804
f 9793 9804 9792
f 9803 9796 9797
f 9803 9797 9791
f 9791 9797 9798
f 9791 9798 9790
f 9790 9798 9799
f 9806 9815 9805
f 9805 9815 9816
f 9805 9816 9811
f 9811 9816 9817
f 9811 9817 9810
f 9810 9817 9818
f 9810 9818 9809
f 9809 9818 9820
f 9809 9820 9808
f 9819 9812 9813
f 9819 9813 9807
f 9807 9813 9814
f 9807 9814 9806
f 9806 9814 9815
f 9822 9831 9821
f 9821 9831 9832
f 9821 9832 9827
f 9827 9832 9833
f 9827 9833 9826
f 9826 9833 9834
f 9826 9834 9825
f 9825 9834 9836
f 9825 9836 9824
f 9835 9828 9829
f 9835 9829 9823
f 9823 9829 9830
f 9823 9830 9822
f 9822 9830 9831
f 9838 9846 9837
f 9837 9846 9847
f 9837 9847 9845
f 9845 9847 9848
f 9845 9848 9844
f 9844 9848 9849
f 9844 9849 9843
f 9843 9849 9856
f 9843 9856 9842
f 9855 9850 9851
f 9855 9851 9841
f 9841 9851 9852
f 9841 9852 9840
f 9840 9852 9853
f 9840 9853 9839
f 9839 9853 9854
f 9839 9854 9838
f 9838 9854 9846
f 9865 9857 9866
f 9866 9857 9858
f 9866 9858 9872
f 9872 9858 9859
f 9872 9859 9871
f 9871 9859 9860
f 9871 9860 9870
f 9870 9860 9861
f 9870 9861 9862
f 9870 9862 9869
f 9869 9862 9863
f 9869 9863 9868
f 9868 9863 9864
f 9868 9864 9867
f 9867 9864 9865
f 9867 9865 9866
f 9874 9882 9873
f 9873 9882 9883
f 9873 9883 9881
f 9881 9883 9884
f 9881 9884 9880
f 9880 9884 9885
f 9880 9885 9879
f 9879 9885 9892
f 9879 9892 9878
f 9891 9886 9887
f 9891 9887 9877
f 9877 9887 9888
f 9877 9888 9876
f 9876 9888 9889
f 9876 9889 9875
f 9875 9889 9890
f 9875 9890 9874
f 9874 9890 9882
f 9901 9893 9902
f 9902 9893 9894
f 9902 9894 9908
f 9908 9894 9895
f 9908 9895 9907
f 9907 9895 9896
f 9907 9896 9906
f 9906 9896 9897
f 9906 9897 9898
f 9906 9898 9905
f 9905 9898 9899
f 9905 9899 9904
f 9904 9899 9900
f 9904 9900 9903
f 9903 9900 9901
f 9903 9901 9902
f 9910 9918 9909
f 9909 9918 9919
f 9909 9919 9917
f 9917 9919 9920
f 9917 9920 9916
f 9916 9920 9921
f 9916 9921 9915
f 9915 9921 9928
f 9915 9928 9914
f 9927 9922 9923
f 9927 9923 9913
f 9913 9923 9924
f 9913 9924 9912
f 9912 9924 9925
f 9912 9925 9911
f 9911 9925 9926
f 9911 9926 9910
f 9910 9926 9918
f 9937 9929 9938
f 9938 9929 9930
f 9938 9930 9944
f 9944 9930 9931
f 9944 9931 9943
f 9943 9931 9932
f 9943 9932 9942
f 9942 9932 9933
f 9942 9933 9934
f 9942 9934 9941
f 9941 9934 9935
f 9941 9935 9940
f 9940 9935 9936
f 9940 9936 9939
f 9939 9936 9937
f 9939 9937 9938
f 9946 9954 9945
f 9945 9954 9955
f 9945 9955 9953
f 9953 9955 9956
f 9953 9956 9952
f 9952 9956 9957
f 9952 9957 9951
f 9951 9957 9964
f 9951 9964 9950
f 9963 9958 9959
f 9963 9959 9949
f 9949 9959 9960
f 9949 9960 9948
f 9948 9960 9961
f 9948 9961 9947
f 9947 9961 9962
f 9947 9962 9946
f 9946 9962 9954
f 9973 9965 9974
f 9974 9965 9966
f 9974 9966 9980
f 9980 9966 9967
f 9980 9967 9979
f 9979 9967 9968
f 9979 9968 9978
f 9978 9968 9969
f 9978 9969 9970
f 9978 9970 9977
f 9977 9970 9971
f 9977 9971 9976
f 9976 9971 9972
f 9976 9972 9975
f 9975 9972 9973
f 9975 9973 9974
f 9982 9994 9981
f 9981 9994 9996
f 9995 9988 9987
f 9987 9988 9989
f 9987 9989 9986
f 9986 9989 9990
f 9986 9990 9985
f 9985 9990 9991
f 9985 9991 9984
f 9984 9991 9992
f 9984 9992 9983
f 9983 9992 9993
f 9983 9993 9982
f 9982 9993 9994
f 9998 10010 9997
f 9997 10010 10012
f 10011 10004 10003
f 10003 10004 10005
f 10003 10005 10002
f 10002 10005 10006
f 10002 10006 10001
f 10001 10006 10007
f 10001 10007 10000
f 10000 10007 10008
f 10000 10008 9999
f 9999 10008 10009
f 9999 10009 9998
f 9998 10009 10010
f 10014 10026 10013
f 10013 10026 10028
f 10027 10020 10019
f 10019 10020 10021
f 10019 10021 10018
f 10018 10021 10022
f 10018 10022 10017
f 10017 10022 10023
f 10017 10023 10016
f 10016 10023 10024
f 10016 10024 10015
f 10015 10024 10025
f 10015 10025 10014
f 10014 10025 10026
f 10030 10042 10029
f 10029 10042 10044
f 10043 10036 10035
f 10035 10036 10037
f 10035 10037 10034
f 10034 10037 10038
f 10034 10038 10033
f 10033 10038 10039
f 10033 10039 10032
f 10032 10039 10040
f 10032 10040 10031
f 10031 10040 10041
f 10031 10041 10030
f 10030 10041 10042
